{
"type": "FeatureCollection",
"name": "iso_200m_coimbra",
"crs": { "type": "name", "properties": { "name": "urn:ogc:def:crs:OGC:1.3:CRS84" } },
"features": [
{ "type": "Feature", "properties": { }, "geometry": { "type": "MultiPolygon", "coordinates": [ [ [ [ -8.489837170578467, 40.131349510468063 ], [ -8.490034212171091, 40.131258030192377 ], [ -8.490241986142363, 40.131181814707162 ], [ -8.490458491624429, 40.131121597957154 ], [ -8.490681643684768, 40.131077959819471 ], [ -8.490909293400115, 40.131051320520854 ], [ -8.491139248545876, 40.131041936591849 ], [ -8.491369294702045, 40.131049898396995 ], [ -8.491597216572615, 40.131075129264978 ], [ -8.491820819313379, 40.131117386226748 ], [ -8.492037949663038, 40.131176262354778 ], [ -8.492246516674308, 40.131251190680821 ], [ -8.492444511845637, 40.13134144965457 ], [ -8.492630028459836, 40.131446170090619 ], [ -8.49280127994356, 40.131564343537022 ], [ -8.492956617070952, 40.131694831984717 ], [ -8.493094543845825, 40.131836378824751 ], [ -8.493213731909501, 40.131987620947498 ], [ -8.493313033335486, 40.132147101867737 ], [ -8.493391491687717, 40.132313285749092 ], [ -8.493448351235747, 40.132484572193071 ], [ -8.493483064237989, 40.132659311649938 ], [ -8.49349529622263, 40.132835821303715 ], [ -8.493484929215198, 40.133012401277753 ], [ -8.493452062881394, 40.133187351005155 ], [ -8.493397013573942, 40.133358985606435 ], [ -8.49332598370901, 40.133513326542889 ], [ -8.493341458581845, 40.133522061358214 ], [ -8.493512716527242, 40.133640233681845 ], [ -8.493668059764074, 40.133770721101676 ], [ -8.493805992237327, 40.133912267018623 ], [ -8.493925185533442, 40.134063508331984 ], [ -8.49402449167553, 40.134222988564325 ], [ -8.494102954182098, 40.134389171885907 ], [ -8.494159817282686, 40.134560457903596 ], [ -8.494194533201471, 40.134735197071826 ], [ -8.494206767438547, 40.134911706577363 ], [ -8.494196401997728, 40.135088286544999 ], [ -8.494163536529603, 40.13526323640793 ], [ -8.494108487378547, 40.13543487128532 ], [ -8.494031784542605, 40.135601538209364 ], [ -8.49393416657529, 40.135761632045423 ], [ -8.493816573478169, 40.135913610951924 ], [ -8.493680137652472, 40.136056011230998 ], [ -8.493526172996695, 40.136187461427056 ], [ -8.493356162255086, 40.136306695536973 ], [ -8.493171742738753, 40.136412565204964 ], [ -8.492974690556903, 40.136504050784396 ], [ -8.492766903510079, 40.136580271160035 ], [ -8.49255038281021, 40.136640492235877 ], [ -8.492327213803661, 40.13668413400697 ], [ -8.492099545883063, 40.136710776146792 ], [ -8.492062898089587, 40.136712271880221 ], [ -8.492055571287693, 40.136721740575325 ], [ -8.491919130166981, 40.13686413878294 ], [ -8.49176516028823, 40.136995586642165 ], [ -8.491595144445997, 40.137114818172378 ], [ -8.49141072000053, 40.137220685042614 ], [ -8.491213663108516, 40.137312167633233 ], [ -8.491005871615874, 40.137388384857744 ], [ -8.49078934677736, 40.137448602650508 ], [ -8.490566173979213, 40.13749224103821 ], [ -8.490338502650589, 40.137518879726898 ], [ -8.490108525557519, 40.137528262150937 ], [ -8.48987845767895, 40.137520297944675 ], [ -8.489650514868615, 40.137495063812985 ], [ -8.489426892508448, 40.137452802792353 ], [ -8.489209744359401, 40.137393921909663 ], [ -8.489192306127379, 40.137387657214738 ], [ -8.489112601440294, 40.13744355035233 ], [ -8.48892817222802, 40.137549413283544 ], [ -8.488731111029296, 40.137640891663111 ], [ -8.488523315731527, 40.137717104445095 ], [ -8.488306787626133, 40.137777317606691 ], [ -8.488083612130824, 40.13782095121914 ], [ -8.487953631650447, 40.13783615672277 ], [ -8.487952056809904, 40.137838738929517 ], [ -8.48783444679443, 40.137990711780205 ], [ -8.487697994307194, 40.13813310503236 ], [ -8.487544013407184, 40.138264547298036 ], [ -8.487373986995125, 40.138383772650442 ], [ -8.487189552533085, 40.138489632818164 ], [ -8.486992486274248, 40.138581108246051 ], [ -8.486784686154769, 40.138657317916639 ], [ -8.486568153512518, 40.138717527837045 ], [ -8.48634497380891, 40.138761158109752 ], [ -8.486117296539634, 40.138787788518975 ], [ -8.485887314527945, 40.138797162578868 ], [ -8.485657242800178, 40.138789190004303 ], [ -8.485429297247142, 40.138763947580784 ], [ -8.485205673277189, 40.138721678424652 ], [ -8.48498852466677, 40.13866278964116 ], [ -8.484779942812416, 40.138587848402551 ], [ -8.484581936584194, 40.138497576484397 ], [ -8.484396412974853, 40.138392843312509 ], [ -8.484225158731199, 40.138274657587715 ], [ -8.484069823144701, 40.138144157568988 ], [ -8.483931902167171, 40.138002600109012 ], [ -8.483909410191746, 40.137974055122086 ], [ -8.483798228592597, 40.13809006661252 ], [ -8.483644240237062, 40.138221503725489 ], [ -8.483474207074146, 40.138340723381688 ], [ -8.483289766630957, 40.138446577364562 ], [ -8.483092695218307, 40.138538046178539 ], [ -8.48288489082201, 40.138614248869835 ], [ -8.48266835482114, 40.138674451512813 ], [ -8.482445172709479, 40.138718074280021 ], [ -8.482217494005916, 40.138744697028017 ], [ -8.481987511547525, 40.138754063344692 ], [ -8.481757440364948, 40.138746083019548 ], [ -8.48152949634374, 40.138720832912718 ], [ -8.481305874877496, 40.1386785562146 ], [ -8.481088729718536, 40.138619660103011 ], [ -8.48088015223014, 40.138544711820849 ], [ -8.480682151240307, 40.138454433211507 ], [ -8.480496633691313, 40.138349693765242 ], [ -8.480325386271575, 40.138231502243286 ], [ -8.48017005820682, 40.138100996960475 ], [ -8.480032145376393, 40.137959434820196 ], [ -8.479912975907697, 40.137808179207035 ], [ -8.47981369738746, 40.137648686854355 ], [ -8.479735265812943, 40.13748249381274 ], [ -8.47967843638936, 40.137311200655105 ], [ -8.479643756261972, 40.137136457060549 ], [ -8.479631559252674, 40.136959945925874 ], [ -8.47964196265151, 40.136783367157555 ], [ -8.479674866093784, 40.136608421300394 ], [ -8.479729952533328, 40.136436793160591 ], [ -8.479806691302285, 40.136270135580808 ], [ -8.479904343227695, 40.136110053523531 ], [ -8.480021967755397, 40.135958088615993 ], [ -8.480158432012399, 40.135815704305479 ], [ -8.480312421720315, 40.135684271767587 ], [ -8.480482453854627, 40.135565056703662 ], [ -8.480666890927751, 40.135459207153822 ], [ -8.480863956758386, 40.135367742443258 ], [ -8.481071753575236, 40.135291543368062 ], [ -8.481288280290496, 40.135231343714914 ], [ -8.481511451767227, 40.135187723196346 ], [ -8.481739118895238, 40.135161101869407 ], [ -8.481969089282288, 40.135151736091601 ], [ -8.482199148361635, 40.135159716052677 ], [ -8.482427080712844, 40.13518496490655 ], [ -8.482650691390795, 40.135227239510961 ], [ -8.482867827057747, 40.135286132768492 ], [ -8.483076396715203, 40.135361077545994 ], [ -8.483274391836098, 40.135451352134737 ], [ -8.483459905703693, 40.135556087198957 ], [ -8.48363115177105, 40.135674274145856 ], [ -8.48378648086441, 40.135804774836359 ], [ -8.483924397064902, 40.135946332543611 ], [ -8.48394688837187, 40.135974877540477 ], [ -8.48405806629602, 40.135858865880707 ], [ -8.484212048550223, 40.135727428190016 ], [ -8.484382073935485, 40.135608207429982 ], [ -8.484566505029202, 40.135502351695585 ], [ -8.484763565707626, 40.135410880371566 ], [ -8.484971358249059, 40.135334674317697 ], [ -8.48518788160685, 40.135274467387873 ], [ -8.48541105067638, 40.135230839364681 ], [ -8.48554102678464, 40.135215636726926 ], [ -8.485542601656855, 40.13521305455167 ], [ -8.485660212051506, 40.13506108395422 ], [ -8.48579666271203, 40.134918693035708 ], [ -8.485950639490948, 40.134787253035419 ], [ -8.486120659488215, 40.134668029726555 ], [ -8.4863050853331, 40.134562171228616 ], [ -8.486502140952396, 40.134470696952995 ], [ -8.486709928673109, 40.134394487787873 ], [ -8.486926447495001, 40.134334277617107 ], [ -8.487149612357124, 40.134290646254478 ], [ -8.487377274212953, 40.13426401386149 ], [ -8.487607240721013, 40.13425463690217 ], [ -8.487837297351907, 40.134262605673953 ], [ -8.488065228708772, 40.134287843438457 ], [ -8.488288839856065, 40.134330107160231 ], [ -8.488505977451538, 40.134388989846649 ], [ -8.488523414852782, 40.134395254651771 ], [ -8.488603116482594, 40.134339361903592 ], [ -8.488787537561842, 40.134233499466752 ], [ -8.488984588875546, 40.134142020980327 ], [ -8.489192372792159, 40.134065807373041 ], [ -8.489370422447767, 40.134016290300011 ], [ -8.489340722008778, 40.133991339827801 ], [ -8.489202798599168, 40.133849788554741 ], [ -8.489083616112559, 40.133698542328112 ], [ -8.488984322261125, 40.133539057790863 ], [ -8.488905873189843, 40.133372870918315 ], [ -8.488849024272493, 40.133201582224025 ], [ -8.488814322842142, 40.133026841344083 ], [ -8.488802102925892, 40.132850331149228 ], [ -8.488812482034437, 40.132673751536878 ], [ -8.488845360037038, 40.132498803060024 ], [ -8.488900420132545, 40.132327170550106 ], [ -8.488977131906809, 40.132160506891921 ], [ -8.489074756446836, 40.132000417106511 ], [ -8.489192353462178, 40.13184844289561 ], [ -8.489328790344761, 40.131706047796058 ], [ -8.489482753079786, 40.131574603087422 ], [ -8.489652758902437, 40.131455374588249 ], [ -8.489837170578467, 40.131349510468063 ] ] ], [ [ [ -8.487946661362541, 40.176983820021299 ], [ -8.488163934837266, 40.177042702328741 ], [ -8.488372638376523, 40.177117636448699 ], [ -8.488570762164166, 40.177207900775144 ], [ -8.488756398244526, 40.177312626071249 ], [ -8.488927758893833, 40.177430803838341 ], [ -8.48908319383492, 40.177561296025893 ], [ -8.489221206129542, 40.177702845989003 ], [ -8.489340466595287, 40.177854090588092 ], [ -8.489439826608175, 40.178013573314175 ], [ -8.489518329167648, 40.178179758313583 ], [ -8.489575218117198, 40.178351045177045 ], [ -8.489609945431713, 40.178525784350889 ], [ -8.489622176501165, 40.178702293021864 ], [ -8.489611793359488, 40.178878871322787 ], [ -8.489578895827364, 40.179053818702855 ], [ -8.489523800557601, 40.179225450305125 ], [ -8.489447037992061, 40.179392113193266 ], [ -8.48938237340162, 40.179498081318251 ], [ -8.489348642749613, 40.179571314998547 ], [ -8.489250951530982, 40.17973140399085 ], [ -8.489133272806011, 40.179883377360738 ], [ -8.48899673980041, 40.180025771463612 ], [ -8.488842667348488, 40.180157214903254 ], [ -8.488672539232615, 40.180276441741476 ], [ -8.488487993894342, 40.180382303692419 ], [ -8.488290808654753, 40.180473781183714 ], [ -8.488082882596009, 40.180549993177891 ], [ -8.487866218269071, 40.180610205659626 ], [ -8.487642902403818, 40.180653838706682 ], [ -8.487415085807575, 40.180680472076503 ], [ -8.487184962645735, 40.180689849254662 ], [ -8.486954749304351, 40.180681879926027 ], [ -8.486726663038414, 40.180656640844809 ], [ -8.486502900611775, 40.180614375095224 ], [ -8.486285617134628, 40.180555489749729 ], [ -8.486076905302632, 40.180480551947532 ], [ -8.485878775237856, 40.18039028343118 ], [ -8.485693135125846, 40.180285553593805 ], [ -8.485521772835511, 40.18016737110419 ], [ -8.485366338698919, 40.1800368741903 ], [ -8.485228329616948, 40.179895319674976 ], [ -8.485109074643887, 40.179744070869525 ], [ -8.48500972218978, 40.17958458444182 ], [ -8.484931228963704, 40.179418396385493 ], [ -8.484874350764359, 40.179247107225486 ], [ -8.484839635206434, 40.17907236660249 ], [ -8.484827416452701, 40.178895857384731 ], [ -8.484837812002255, 40.178719279460239 ], [ -8.48487072156562, 40.178544333365743 ], [ -8.484925828037321, 40.178372703909673 ], [ -8.485002600556232, 40.178206043947341 ], [ -8.485067270766145, 40.178100078220979 ], [ -8.485101005313226, 40.17802684575279 ], [ -8.485183371213523, 40.177891883848915 ], [ -8.485144907782296, 40.177893450523399 ], [ -8.484914704103382, 40.177885477092872 ], [ -8.48468662793527, 40.177860233937096 ], [ -8.484462875944539, 40.177817964179539 ], [ -8.484245603140845, 40.177759074931245 ], [ -8.484213739376758, 40.177747633142978 ], [ -8.484048778755582, 40.177754350778692 ], [ -8.483985326931441, 40.177752152473708 ], [ -8.483861881598171, 40.17776658077203 ], [ -8.483631767737155, 40.177775950852372 ], [ -8.483401564610736, 40.177767974410578 ], [ -8.48317348937551, 40.177742728269386 ], [ -8.482949738689058, 40.177700455581004 ], [ -8.482732467548479, 40.177641563484713 ], [ -8.482523768530587, 40.177566619184752 ], [ -8.482325651634014, 40.177476344486244 ], [ -8.482140024917452, 40.177371608841852 ], [ -8.481968676120776, 40.177253420976292 ], [ -8.481813255446072, 40.1771229191693 ], [ -8.481675259664557, 40.176981360290831 ], [ -8.48155601770241, 40.176830107694201 ], [ -8.481456677844362, 40.176670618083755 ], [ -8.481378196678188, 40.176504427483799 ], [ -8.481321329886436, 40.176333136443745 ], [ -8.481286624973956, 40.176158394622362 ], [ -8.481274416001014, 40.175981884899429 ], [ -8.48128229849652, 40.175848107251504 ], [ -8.481131951940656, 40.175807351774068 ], [ -8.480923260296574, 40.175732404534003 ], [ -8.48072515085307, 40.175642127036539 ], [ -8.480539531597046, 40.175537388761299 ], [ -8.480368190196508, 40.175419198458307 ], [ -8.480212776782304, 40.175288694430769 ], [ -8.48007478805572, 40.17514713357005 ], [ -8.479955552874985, 40.174995879248513 ], [ -8.479856219459519, 40.17483638818716 ], [ -8.479777744335051, 40.174670196424195 ], [ -8.479720883125957, 40.174498904520263 ], [ -8.479686183283324, 40.174324162142454 ], [ -8.479673978818605, 40.174147652175883 ], [ -8.479684387093318, 40.173971074515769 ], [ -8.479717307695488, 40.173796129696235 ], [ -8.479772423413374, 40.173624502513469 ], [ -8.479849203296864, 40.173457845800876 ], [ -8.479898271522478, 40.173377451385022 ], [ -8.479903710125814, 40.173285178826326 ], [ -8.479931030589519, 40.173139990054466 ], [ -8.479830154750728, 40.173112642529098 ], [ -8.479621472797612, 40.173037692866757 ], [ -8.479423372924611, 40.172947413059418 ], [ -8.479237763026434, 40.172842672608965 ], [ -8.479066430680954, 40.172724480286362 ], [ -8.478911025931801, 40.172593974414255 ], [ -8.478773045396801, 40.172452411901752 ], [ -8.478653817855298, 40.172301156137138 ], [ -8.478634196362, 40.172269649205987 ], [ -8.478630529828003, 40.172266570079486 ], [ -8.478492550541327, 40.172125007219449 ], [ -8.478373324198587, 40.171973751152407 ], [ -8.478273998934089, 40.171814258616116 ], [ -8.478195531195071, 40.171648065663028 ], [ -8.478138676534796, 40.171476772865219 ], [ -8.478103982341301, 40.171302029898385 ], [ -8.478091782571655, 40.171125519653302 ], [ -8.478094948502116, 40.171071828420914 ], [ -8.477993516505808, 40.171075954021276 ], [ -8.47776333660333, 40.171067966261752 ], [ -8.477535285824958, 40.171042708881444 ], [ -8.477311560592678, 40.171000425140775 ], [ -8.477094315658379, 40.170941522285524 ], [ -8.476885643346428, 40.170866567623534 ], [ -8.476687553398193, 40.170776283059723 ], [ -8.476501953612781, 40.170671538141747 ], [ -8.476330631470647, 40.170553341683643 ], [ -8.476273319471071, 40.170505207723316 ], [ -8.476257952370796, 40.170496535064885 ], [ -8.476086631091547, 40.170378338238542 ], [ -8.47593123740457, 40.170247828267712 ], [ -8.475793267821132, 40.170106262100958 ], [ -8.475758466441045, 40.17006210716908 ], [ -8.475555581571317, 40.170055062589313 ], [ -8.475327534973312, 40.170029800838471 ], [ -8.475103814411181, 40.169987512804788 ], [ -8.474886574591821, 40.169928605775347 ], [ -8.474677907790326, 40.169853647098222 ], [ -8.474479823694978, 40.16976335871697 ], [ -8.474294230048498, 40.169658610216068 ], [ -8.474122914272206, 40.169540410443993 ], [ -8.473967526250126, 40.169409897795134 ], [ -8.473829562438965, 40.169268329243884 ], [ -8.473750245359334, 40.169167687755071 ], [ -8.47355587659667, 40.169238912365046 ], [ -8.473339235137207, 40.169299097682753 ], [ -8.473115946792952, 40.169342702679529 ], [ -8.472888162106143, 40.16936930738305 ], [ -8.472658074934806, 40.169378655555015 ], [ -8.472427901318296, 40.169370657159682 ], [ -8.472418754034916, 40.169369643619888 ], [ -8.4723667672329, 40.169371755611529 ], [ -8.472136593669838, 40.169363756636827 ], [ -8.471908550607587, 40.169338488134073 ], [ -8.471684834393796, 40.169296193470863 ], [ -8.471467599693467, 40.169237279998129 ], [ -8.471258938732381, 40.169162315126009 ], [ -8.471060861142544, 40.169072020857726 ], [ -8.470875274604008, 40.168967266834457 ], [ -8.470703966469614, 40.168849061957879 ], [ -8.47054858654977, 40.168718544671535 ], [ -8.470410631223126, 40.168576971994455 ], [ -8.47029142902621, 40.168425707412787 ], [ -8.470192127860757, 40.168266207746299 ], [ -8.4701136839419, 40.168100009116046 ], [ -8.470056852593483, 40.167928712148779 ], [ -8.470022180979045, 40.167753966560298 ], [ -8.470010002838219, 40.167577455266603 ], [ -8.470020435279057, 40.167400878175641 ], [ -8.470053377656917, 40.167225935816049 ], [ -8.470108512550418, 40.167054312960289 ], [ -8.470185308824858, 40.166887662400065 ], [ -8.4702830267533, 40.166727589030167 ], [ -8.470400725145813, 40.166575634394128 ], [ -8.470537270417976, 40.166433261840183 ], [ -8.470691347511163, 40.166301842430684 ], [ -8.470861472559323, 40.166182641740434 ], [ -8.471046007180147, 40.166076807671047 ], [ -8.471243174253036, 40.165985359398583 ], [ -8.471451075031856, 40.165909177560799 ], [ -8.471667707427811, 40.165848995778276 ], [ -8.471890985286443, 40.165805393591491 ], [ -8.472118758473313, 40.165778790880907 ], [ -8.472348833575047, 40.165769443824743 ], [ -8.472578995016725, 40.165777442432521 ], [ -8.472588141819841, 40.165778455962261 ], [ -8.472640125873838, 40.165776343881269 ], [ -8.472870287368947, 40.165784341909756 ], [ -8.473098318871658, 40.165809608581547 ], [ -8.473322024482206, 40.165851900582879 ], [ -8.473539249948811, 40.165910810648818 ], [ -8.473747903408322, 40.165985771484443 ], [ -8.473945975526741, 40.166076061226441 ], [ -8.474131558845874, 40.166180810393193 ], [ -8.474302866149946, 40.166299010256168 ], [ -8.474458247675427, 40.166429522551979 ], [ -8.474466199223315, 40.166437682107116 ], [ -8.47447049195595, 40.166435690933739 ], [ -8.474678390456393, 40.166359503316222 ], [ -8.474895021388388, 40.166299315505988 ], [ -8.475118298611568, 40.166255707101506 ], [ -8.475346071997599, 40.166229098043139 ], [ -8.475576148131193, 40.166219744570235 ], [ -8.475806311427489, 40.166227736754074 ], [ -8.476034345462649, 40.166252997630863 ], [ -8.476258054312529, 40.166295283942596 ], [ -8.476475283694166, 40.166354188479197 ], [ -8.476683941706717, 40.166429143998933 ], [ -8.476882018972358, 40.166519428689682 ], [ -8.47706760798334, 40.166624173118493 ], [ -8.477238921469095, 40.166742368602421 ], [ -8.477394309606577, 40.166872876920294 ], [ -8.477532275908217, 40.16701444127186 ], [ -8.477651491634484, 40.167165698378923 ], [ -8.477678338787729, 40.167208812340604 ], [ -8.477723779917707, 40.167255438076431 ], [ -8.477758581120742, 40.167299592439676 ], [ -8.477961457984685, 40.167306633195942 ], [ -8.478189496401626, 40.167331889804984 ], [ -8.478413210105723, 40.167374171924344 ], [ -8.478630444767273, 40.167433072384249 ], [ -8.47883910843461, 40.167508023982251 ], [ -8.479037191675458, 40.167598304944001 ], [ -8.47922278692455, 40.16770304587245 ], [ -8.479394106851254, 40.167821238118371 ], [ -8.479451418773325, 40.167869370556467 ], [ -8.479466785682158, 40.167878042795778 ], [ -8.47963810647162, 40.167996234673438 ], [ -8.479793502057298, 40.168126739711752 ], [ -8.479931475879908, 40.168268301142042 ], [ -8.480050699127505, 40.168419555714273 ], [ -8.480150023534522, 40.168579046823346 ], [ -8.480228492443313, 40.168745238534832 ], [ -8.480285350021461, 40.168916530374801 ], [ -8.480320048546027, 40.169091272741582 ], [ -8.480332253684301, 40.16926778279116 ], [ -8.480329089590862, 40.169321474093664 ], [ -8.480430518820095, 40.169317346457575 ], [ -8.480660693081918, 40.169325328940658 ], [ -8.4808887392222, 40.169350580191868 ], [ -8.481112461200253, 40.169392857045899 ], [ -8.481329704606722, 40.169451752383736 ], [ -8.481538377405737, 40.169526699052206 ], [ -8.481736470077115, 40.169616975324459 ], [ -8.481922074964787, 40.169721711848602 ], [ -8.482093404645317, 40.169839900017806 ], [ -8.482248809139733, 40.169970401681375 ], [ -8.482386791802972, 40.170111960103121 ], [ -8.482506023737955, 40.170263212061975 ], [ -8.48252564643243, 40.170294718342753 ], [ -8.482529313034814, 40.17029779734667 ], [ -8.482667296946307, 40.170439355420797 ], [ -8.482786530080029, 40.170590607077145 ], [ -8.482885864075216, 40.170750095738718 ], [ -8.48296434218188, 40.170916285494648 ], [ -8.483021208479029, 40.171087575889835 ], [ -8.483055915159737, 40.171262317336556 ], [ -8.483068127812741, 40.171438826999669 ], [ -8.483057728649392, 40.171615405002377 ], [ -8.483030415441849, 40.171760594519398 ], [ -8.483131290539314, 40.171787939265919 ], [ -8.483339972469945, 40.171862882618207 ], [ -8.483538074320526, 40.171953155732488 ], [ -8.483723688346602, 40.172057889287295 ], [ -8.483895027036755, 40.172176074704403 ], [ -8.484050440325255, 40.172306573859593 ], [ -8.484188431482357, 40.172448130040863 ], [ -8.484307671529187, 40.172599380048752 ], [ -8.484407012038414, 40.172758867322138 ], [ -8.484485496197303, 40.172925055963525 ], [ -8.484511154663457, 40.17300233559267 ], [ -8.484587103222736, 40.173163153985854 ], [ -8.484643975510199, 40.17333444349201 ], [ -8.484678687535769, 40.17350918436172 ], [ -8.484690904836684, 40.173685693765378 ], [ -8.484680509579524, 40.17386227182871 ], [ -8.484647601701692, 40.174037218003221 ], [ -8.484593686768031, 40.174205144706498 ], [ -8.484712216726749, 40.174227537756877 ], [ -8.48492947864206, 40.174286426211914 ], [ -8.484961340901815, 40.174297867816463 ], [ -8.48512629305638, 40.174291148912708 ], [ -8.485356484608223, 40.174299121979402 ], [ -8.48558454908307, 40.174324363881155 ], [ -8.485808290263709, 40.174366631542711 ], [ -8.486025553555907, 40.174425517933564 ], [ -8.486234246732341, 40.174500455986703 ], [ -8.486432360076632, 40.174590724058248 ], [ -8.486617985733664, 40.17469545287527 ], [ -8.486789336080035, 40.174813633905195 ], [ -8.486944760937776, 40.174944129066056 ], [ -8.487082763465743, 40.175085681684344 ], [ -8.487202014575567, 40.175236928594892 ], [ -8.48730136573338, 40.175396413266412 ], [ -8.4873798600239, 40.175562599826513 ], [ -8.48743674137026, 40.175733887850889 ], [ -8.487471461820588, 40.175908627774675 ], [ -8.487483686830977, 40.176085136777388 ], [ -8.487473298493736, 40.176261714988613 ], [ -8.487440396679606, 40.176436661858446 ], [ -8.487385298082659, 40.176608292534844 ], [ -8.487308533176828, 40.176774954090376 ], [ -8.487226172832353, 40.176909917508269 ], [ -8.487264635655484, 40.176908350144679 ], [ -8.487494836272372, 40.176916318917115 ], [ -8.487722910277714, 40.176941556554056 ], [ -8.487946661362541, 40.176983820021299 ] ] ], [ [ [ -8.543706493160647, 40.177793742820441 ], [ -8.543903595465114, 40.177702171306812 ], [ -8.544111449567469, 40.177625859372768 ], [ -8.544328053828114, 40.177565541891688 ], [ -8.544551322363324, 40.177521799710576 ], [ -8.54477910512829, 40.177495054057935 ], [ -8.54500920861736, 40.177485562488329 ], [ -8.545239416982268, 40.177493416402754 ], [ -8.54546751336528, 40.177518540168741 ], [ -8.545691301242032, 40.177560691848555 ], [ -8.54590862556879, 40.177619465528437 ], [ -8.546117393530713, 40.177694295226708 ], [ -8.546315594691517, 40.177784460342863 ], [ -8.546501320350741, 40.1778890925954 ], [ -8.546672781922284, 40.17800718438162 ], [ -8.546828328157435, 40.178137598479069 ], [ -8.546966461046514, 40.17827907899489 ], [ -8.547085850246082, 40.178430263458388 ], [ -8.547185345892734, 40.178589695939792 ], [ -8.547263989679976, 40.178755841069474 ], [ -8.547321024091453, 40.178927098822285 ], [ -8.547355899701353, 40.17910181992508 ], [ -8.547362983830329, 40.179202812276081 ], [ -8.547436058674062, 40.179182461429463 ], [ -8.547659330453108, 40.179138713250239 ], [ -8.54788711734693, 40.179111961469104 ], [ -8.54811722581012, 40.179102463699614 ], [ -8.548347439946518, 40.179110311402454 ], [ -8.548575542842825, 40.179135429004987 ], [ -8.548799337911969, 40.179177574628802 ], [ -8.549016670040976, 40.17923634241847 ], [ -8.54922544633988, 40.179311166449033 ], [ -8.549423656292142, 40.179401326174549 ], [ -8.54960939111265, 40.179505953365442 ], [ -8.549780862127109, 40.179624040467772 ], [ -8.549936417995884, 40.179754450304166 ], [ -8.550074560616538, 40.179895927022834 ], [ -8.550078446724456, 40.179900847567879 ], [ -8.550106233567451, 40.17992930495501 ], [ -8.55027069174553, 40.179934908259042 ], [ -8.550498798082449, 40.179960022051127 ], [ -8.550722597023228, 40.180002163931441 ], [ -8.550939933417613, 40.180060928080593 ], [ -8.551148714334579, 40.180135748608684 ], [ -8.551346929213121, 40.180225905003518 ], [ -8.551532669220705, 40.180330529067554 ], [ -8.551704145633096, 40.180448613277001 ], [ -8.551859707058682, 40.18057902048232 ], [ -8.551997855341527, 40.180720494857084 ], [ -8.55211725998997, 40.180871673989749 ], [ -8.552216770991841, 40.181031102001867 ], [ -8.552295429892787, 40.181197243566871 ], [ -8.552352479030898, 40.181368498693978 ], [ -8.55238736883854, 40.181543218135346 ], [ -8.552399763140885, 40.181719719267981 ], [ -8.552389542399871, 40.18189630229751 ], [ -8.552356804872106, 40.182071266627837 ], [ -8.552313034382315, 40.182208030042311 ], [ -8.55231688189043, 40.182262820854852 ], [ -8.552306660865165, 40.182439403861999 ], [ -8.552305247363826, 40.182446958170203 ], [ -8.552364298432263, 40.18248021879625 ], [ -8.552535781720357, 40.182598301695137 ], [ -8.552691349674202, 40.182728707701408 ], [ -8.552829504074998, 40.18287018100019 ], [ -8.552948914372159, 40.183021359190285 ], [ -8.553048430499116, 40.183180786402382 ], [ -8.553127093952147, 40.183346927317572 ], [ -8.553184147025494, 40.183518181951385 ], [ -8.553219040113614, 40.183692901060688 ], [ -8.553231437010066, 40.183869402025714 ], [ -8.553221218151787, 40.184045985053707 ], [ -8.553188481777237, 40.184220949548582 ], [ -8.553133542987025, 40.184392610488793 ], [ -8.553056930715794, 40.184559314655651 ], [ -8.552959382644293, 40.184719456555946 ], [ -8.55284183810037, 40.184871493885261 ], [ -8.552705429017108, 40.18501396238311 ], [ -8.552551469034952, 40.185145489936858 ], [ -8.552381440852697, 40.185264809798284 ], [ -8.552196981949058, 40.185370772785639 ], [ -8.551999868812299, 40.185462358353419 ], [ -8.551791999829838, 40.185538684423214 ], [ -8.551575377002649, 40.185599015880953 ], [ -8.551352086660708, 40.185642771658365 ], [ -8.551222145434171, 40.185658034856125 ], [ -8.551168975866915, 40.185824148386068 ], [ -8.55109235719517, 40.185990851244256 ], [ -8.550994802468049, 40.186150991483494 ], [ -8.550877251077504, 40.186303026815352 ], [ -8.550740835022557, 40.186445492998565 ], [ -8.550586868010802, 40.186577017942803 ], [ -8.55048354646598, 40.186649520744005 ], [ -8.550409837105365, 40.186726498143557 ], [ -8.550255868819843, 40.186858022647662 ], [ -8.550085832336217, 40.18697733914437 ], [ -8.549901365213161, 40.187083298484346 ], [ -8.549704244018123, 40.187174880157187 ], [ -8.549552257699395, 40.187230681985362 ], [ -8.549562258929207, 40.187373175846602 ], [ -8.549552030106375, 40.187549758494697 ], [ -8.549519282688934, 40.187724721902406 ], [ -8.549464331883822, 40.187896381058636 ], [ -8.549387706741374, 40.188063082761872 ], [ -8.549290145066289, 40.188223221542636 ], [ -8.549172586317423, 40.188375255126488 ], [ -8.54903616256467, 40.188517719289024 ], [ -8.54888218758976, 40.188649241959368 ], [ -8.5487121442359, 40.188768556436308 ], [ -8.548564872597336, 40.188853145504446 ], [ -8.548503142838754, 40.188896459117942 ], [ -8.548318668057906, 40.189002415939576 ], [ -8.548121539177618, 40.189093994925926 ], [ -8.547913654736961, 40.189170314061997 ], [ -8.54769701688582, 40.189230638300465 ], [ -8.547473712098903, 40.189274386642609 ], [ -8.547388070824004, 40.189284442827059 ], [ -8.547380689098464, 40.189411802002596 ], [ -8.547347935241968, 40.189586764772415 ], [ -8.547292977491583, 40.189758422877887 ], [ -8.54721634496453, 40.18992512312763 ], [ -8.547118775536617, 40.190085260066091 ], [ -8.547001208741369, 40.190237291436652 ], [ -8.546864776726167, 40.190379753036169 ], [ -8.546710793352334, 40.190511272818448 ], [ -8.546540741543966, 40.190630584110075 ], [ -8.546356259007359, 40.190736537811823 ], [ -8.546198548403281, 40.190809799017039 ], [ -8.546118556140838, 40.190855740493369 ], [ -8.545921418924978, 40.190947315745824 ], [ -8.545713526343766, 40.191023630947441 ], [ -8.545496880625505, 40.191083951088764 ], [ -8.545482489778903, 40.191086770092497 ], [ -8.545408569493674, 40.191247556798999 ], [ -8.545310993932445, 40.19140769220806 ], [ -8.545193420826635, 40.191559721739651 ], [ -8.545056982384407, 40.191702181208328 ], [ -8.544902992528982, 40.191833698588411 ], [ -8.544732934246897, 40.191953007229628 ], [ -8.544548445306795, 40.192058958058276 ], [ -8.54435130248628, 40.192150530645954 ], [ -8.54414340445871, 40.192226843039222 ], [ -8.543926753504858, 40.192287160255738 ], [ -8.54370343622565, 40.192330901364414 ], [ -8.543475603441932, 40.192357645081835 ], [ -8.543245449474981, 40.192367133830636 ], [ -8.543015191007576, 40.192359276221026 ], [ -8.542787045729433, 40.192334147931071 ], [ -8.542563210972926, 40.192291990977836 ], [ -8.542510729920629, 40.192277799382971 ], [ -8.54240820735914, 40.192258490106823 ], [ -8.542190839169862, 40.192199710222241 ], [ -8.541982030855863, 40.192124873830721 ], [ -8.541783793468733, 40.192034701698027 ], [ -8.541598036227974, 40.191930062289018 ], [ -8.541426548130897, 40.191811963401562 ], [ -8.541270980721542, 40.19168154245849 ], [ -8.541132832184642, 40.191540055551066 ], [ -8.541013432917847, 40.19138886533954 ], [ -8.540913932721114, 40.191229427927638 ], [ -8.540835289726598, 40.191063278837085 ], [ -8.540778261175506, 40.190892018217752 ], [ -8.540743396130592, 40.190717295435633 ], [ -8.540731030194289, 40.19054079318736 ], [ -8.540741282283074, 40.190364211294032 ], [ -8.540774053488949, 40.190189250330782 ], [ -8.540829028038686, 40.190017595249479 ], [ -8.540905676341387, 40.189850899152333 ], [ -8.541003260094707, 40.189690767372909 ], [ -8.541120839400399, 40.189538742017326 ], [ -8.541257281820405, 40.189396287114988 ], [ -8.541411273286101, 40.189264774521341 ], [ -8.541581330755584, 40.189145470708567 ], [ -8.541765816496911, 40.189039524571328 ], [ -8.541962953859814, 40.188947956364835 ], [ -8.542170844383955, 40.188871647881683 ], [ -8.542387486079047, 40.188811333961972 ], [ -8.542589138989868, 40.188771836701278 ], [ -8.54263079679084, 40.188681231309182 ], [ -8.542728374821836, 40.188521098071746 ], [ -8.542845948263452, 40.188369070962544 ], [ -8.542982384734094, 40.188226614027855 ], [ -8.543136370222433, 40.188095099142707 ], [ -8.543306421744115, 40.187975792801325 ], [ -8.543490901624466, 40.187869843922776 ], [ -8.543648608390637, 40.18779658638843 ], [ -8.543728598757811, 40.187750646604101 ], [ -8.5439257297362, 40.187659075066641 ], [ -8.544133614108162, 40.18758276307247 ], [ -8.544350249942646, 40.187522445495482 ], [ -8.544573551051911, 40.187478703183636 ], [ -8.544659190491391, 40.187468649087428 ], [ -8.544666577128902, 40.187341290018217 ], [ -8.544699336850531, 40.187166327910049 ], [ -8.544754299113379, 40.186994670936663 ], [ -8.544830934444889, 40.186827972218602 ], [ -8.54492850466764, 40.186667837114598 ], [ -8.545046070013692, 40.186515807762845 ], [ -8.545182498179408, 40.186373348231257 ], [ -8.545336475233436, 40.186241830419824 ], [ -8.545506518272628, 40.186122520851001 ], [ -8.54565378786698, 40.186037935644102 ], [ -8.545715516875184, 40.185994623532459 ], [ -8.545899987633772, 40.185888670824397 ], [ -8.546097110291983, 40.185797095601721 ], [ -8.546249096291225, 40.185741298297607 ], [ -8.546239102260589, 40.185598804073905 ], [ -8.546249339426804, 40.185422221617287 ], [ -8.546282094196958, 40.185247259028237 ], [ -8.546337050956136, 40.185075601274313 ], [ -8.546413680284793, 40.184908901483524 ], [ -8.546511244063328, 40.184748765024985 ], [ -8.546628802585863, 40.184596734049919 ], [ -8.546765223614475, 40.184454272641879 ], [ -8.546919193286536, 40.184322752718934 ], [ -8.547022515144487, 40.184250253068335 ], [ -8.547096225696261, 40.184173277786726 ], [ -8.547250194094691, 40.1840417574236 ], [ -8.547420228296742, 40.183922445043081 ], [ -8.547604690794509, 40.183816489622352 ], [ -8.547801805161525, 40.183724911506047 ], [ -8.548009673158855, 40.183648592582202 ], [ -8.548226293013103, 40.183588267791443 ], [ -8.548338320916683, 40.183566317533966 ], [ -8.548315877613376, 40.183550861933441 ], [ -8.548160316095471, 40.183420450033317 ], [ -8.548022170219868, 40.183278971132715 ], [ -8.54790277035865, 40.18312778781479 ], [ -8.547803266317572, 40.182968356116859 ], [ -8.547724616265896, 40.182802211505603 ], [ -8.547721595076679, 40.182793140483881 ], [ -8.547591930498777, 40.182768721867475 ], [ -8.547374588278437, 40.182709951489734 ], [ -8.547165803533897, 40.182635124207678 ], [ -8.546967587089737, 40.182544960699317 ], [ -8.546781847963759, 40.18244032934642 ], [ -8.546610374978822, 40.182322237869229 ], [ -8.546454819533457, 40.182191823619213 ], [ -8.546316679697217, 40.182050342623143 ], [ -8.546312793736012, 40.182045421952914 ], [ -8.546181781639639, 40.181911240369423 ], [ -8.546062388271174, 40.181760055085149 ], [ -8.545962890550259, 40.18160062173606 ], [ -8.545884246585283, 40.181434475804814 ], [ -8.545827213626882, 40.181263217410809 ], [ -8.545792340780354, 40.181088495898635 ], [ -8.545785258759393, 40.180987503473737 ], [ -8.545712181481584, 40.181007853284235 ], [ -8.545488902303067, 40.181051597731233 ], [ -8.545261107946875, 40.181078344822133 ], [ -8.545030992364108, 40.181087836947114 ], [ -8.544800771867786, 40.181079982683841 ], [ -8.54457266378185, 40.18105485767817 ], [ -8.544348865080394, 40.181012703915492 ], [ -8.54413153122314, 40.180953927389609 ], [ -8.543922755391186, 40.18087909419156 ], [ -8.543724548323253, 40.180788925056355 ], [ -8.543538818946812, 40.180684288419933 ], [ -8.54336735599081, 40.180566192053462 ], [ -8.543211810757168, 40.180435773355448 ], [ -8.543073681217074, 40.180294288395494 ], [ -8.542954297585268, 40.180143099815126 ], [ -8.542854809511192, 40.179983663702281 ], [ -8.542776175010326, 40.179817515566178 ], [ -8.54271915124216, 40.179646255547489 ], [ -8.542684287223484, 40.179471533006421 ], [ -8.542671918546935, 40.179295030637256 ], [ -8.542682164155488, 40.179118448262315 ], [ -8.542714925203649, 40.178943486461336 ], [ -8.542769886016105, 40.178771830194265 ], [ -8.542846517134334, 40.178605132574781 ], [ -8.542944080421561, 40.178444998951093 ], [ -8.54306163617669, 40.178292971447171 ], [ -8.543198052188499, 40.178150514113085 ], [ -8.543352014642718, 40.17801899882771 ], [ -8.543522040776828, 40.177899692089213 ], [ -8.543706493160647, 40.177793742820441 ] ] ], [ [ [ -8.485952668728983, 40.181970807975816 ], [ -8.486160601525087, 40.181894599797289 ], [ -8.486377271460645, 40.181834390496839 ], [ -8.48660059201972, 40.181790759879831 ], [ -8.486828412656712, 40.181764128100518 ], [ -8.487058539501389, 40.181754751616978 ], [ -8.487288756480641, 40.181762720722105 ], [ -8.487516846653774, 40.181787958674263 ], [ -8.487740613556159, 40.181830222436226 ], [ -8.48795790234591, 40.181889105015067 ], [ -8.48816662055021, 40.181964039380489 ], [ -8.488364758211697, 40.182054303924126 ], [ -8.488550407241116, 40.18215902940706 ], [ -8.488721779789996, 40.182277207328823 ], [ -8.488877225466579, 40.182407699637395 ], [ -8.489015247229224, 40.182549249686772 ], [ -8.48913451580432, 40.182700494336508 ], [ -8.489233882489776, 40.182859977077158 ], [ -8.489312390220741, 40.183026162054894 ], [ -8.48936928279087, 40.183197448860703 ], [ -8.489404012140145, 40.183372187941458 ], [ -8.489416243638901, 40.183548696484813 ], [ -8.489405859316898, 40.183725274624784 ], [ -8.48937295900614, 40.183900221812145 ], [ -8.489317859386151, 40.184071853191796 ], [ -8.489300258862507, 40.184110063624971 ], [ -8.489298066143542, 40.184121723259423 ], [ -8.489242966159452, 40.184293354598459 ], [ -8.48916619728462, 40.184460017182026 ], [ -8.489068498708239, 40.18462010591724 ], [ -8.488950811207932, 40.184772079011502 ], [ -8.488814268093908, 40.184914472822854 ], [ -8.48866018429781, 40.185045915957843 ], [ -8.488490043711256, 40.185165142481267 ], [ -8.488305484895905, 40.185271004110263 ], [ -8.488108285302641, 40.185362481275504 ], [ -8.48790034415188, 40.185438692942725 ], [ -8.487683664139954, 40.185498905099685 ], [ -8.487460332147839, 40.185542537827295 ], [ -8.487232499138196, 40.185569170886055 ], [ -8.487002359434541, 40.185578547764543 ], [ -8.486772129582269, 40.185570578150511 ], [ -8.486544026995425, 40.185545338800914 ], [ -8.486320248595081, 40.185503072802561 ], [ -8.486102949645302, 40.185444187230303 ], [ -8.48589422299079, 40.185369249225566 ], [ -8.485696078896392, 40.185278980532821 ], [ -8.485510425682783, 40.185174250546936 ], [ -8.485339051345061, 40.185056067938113 ], [ -8.48518360633132, 40.184925570935505 ], [ -8.485045587647187, 40.184784016362805 ], [ -8.48492632443941, 40.184632767531873 ], [ -8.484826965197316, 40.184473281110847 ], [ -8.484748466695335, 40.184307093093295 ], [ -8.484691584782929, 40.184135804003802 ], [ -8.48465686711052, 40.183961063482393 ], [ -8.484644647861197, 40.183784554396297 ], [ -8.484655044538782, 40.183607976632295 ], [ -8.484687956842899, 40.18343303072556 ], [ -8.484743067641634, 40.183261401482696 ], [ -8.484760670511292, 40.183223191726711 ], [ -8.48476286397988, 40.183211532173168 ], [ -8.484817974414408, 40.183039902889668 ], [ -8.484894752375506, 40.182873243109746 ], [ -8.484992458312432, 40.182713157817062 ], [ -8.485110151150575, 40.182561188669908 ], [ -8.485246697358852, 40.182418799156316 ], [ -8.485400781869487, 40.18228736050191 ], [ -8.485570920744873, 40.182168138466814 ], [ -8.485755475469462, 40.182062281158188 ], [ -8.485952668728983, 40.181970807975816 ] ] ], [ [ [ -8.510331057019634, 40.184756646368207 ], [ -8.510538970680324, 40.184680394527021 ], [ -8.510755627555175, 40.18462013968886 ], [ -8.510978941253944, 40.184576462097539 ], [ -8.511206761297041, 40.184549782359653 ], [ -8.51143689381993, 40.184540357395029 ], [ -8.511667122694821, 40.18454827796338 ], [ -8.511895230866497, 40.184573467790436 ], [ -8.512119021697062, 40.184615684302358 ], [ -8.512336340114288, 40.18467452096116 ], [ -8.512545093360147, 40.184749411178743 ], [ -8.512743271139954, 40.184839633771851 ], [ -8.512928964978244, 40.184944319905505 ], [ -8.513100386595179, 40.18506246145823 ], [ -8.513255885126611, 40.185192920728213 ], [ -8.513393963022043, 40.185334441387646 ], [ -8.513513290467426, 40.185485660579175 ], [ -8.513612718193842, 40.185645122038558 ], [ -8.513691288548701, 40.185811290117009 ], [ -8.513699526790171, 40.185836063611774 ], [ -8.513700123375031, 40.185837020402509 ], [ -8.513778694167788, 40.186003188414112 ], [ -8.513835650725518, 40.186174462814968 ], [ -8.51387044437203, 40.186349194171484 ], [ -8.513882739858458, 40.186525699745808 ], [ -8.51387241859832, 40.18670227970064 ], [ -8.513848604237603, 40.186829154536497 ], [ -8.513942424554786, 40.186803059842759 ], [ -8.514165743308642, 40.18675937609715 ], [ -8.514393569349954, 40.186732690070137 ], [ -8.514623708756432, 40.18672325874212 ], [ -8.514853945334005, 40.186731172934053 ], [ -8.515082061953304, 40.186756356433087 ], [ -8.515305861895099, 40.18679856672631 ], [ -8.515523189999442, 40.186857397335615 ], [ -8.515731953415042, 40.186932281731167 ], [ -8.515754401416649, 40.186942500286065 ], [ -8.515959249417918, 40.187015979616547 ], [ -8.5161574382947, 40.187106196278179 ], [ -8.516343143546329, 40.187210876841391 ], [ -8.516514576783083, 40.187329013238291 ], [ -8.516670087028926, 40.187459467816787 ], [ -8.516808176620572, 40.187600984294228 ], [ -8.516927515631341, 40.187752199853549 ], [ -8.517026954680954, 40.187911658265492 ], [ -8.517105536007776, 40.188077823910639 ], [ -8.517161469739255, 40.18824599094571 ], [ -8.517331413098653, 40.188264748410504 ], [ -8.517555219365152, 40.188306954314726 ], [ -8.517772554203759, 40.188365780654514 ], [ -8.517852638758438, 40.188394504865933 ], [ -8.517919841183318, 40.188369854542849 ], [ -8.518136503130423, 40.188309585905955 ], [ -8.518359824062477, 40.188265894070838 ], [ -8.518587653430234, 40.188239199781222 ], [ -8.518595673049951, 40.188238870852601 ], [ -8.518811347643494, 40.188213600264881 ], [ -8.519041491371583, 40.18820416013655 ], [ -8.519271733401098, 40.188212065514719 ], [ -8.519499856550174, 40.188237240271398 ], [ -8.519723664036722, 40.188279441977862 ], [ -8.519941000628155, 40.188338264238695 ], [ -8.520149773391477, 40.188413140604418 ], [ -8.520347971844098, 40.188503350025186 ], [ -8.520533687311524, 40.188608023792867 ], [ -8.520705131305672, 40.188726153905058 ], [ -8.520860652746949, 40.188856602770173 ], [ -8.520998753864268, 40.188998114160569 ], [ -8.521052216576162, 40.189065848711785 ], [ -8.521112735961802, 40.189037752972318 ], [ -8.521320650428176, 40.188961481819817 ], [ -8.521537311192517, 40.188901206829755 ], [ -8.521760631827107, 40.188857508439987 ], [ -8.521988461785563, 40.188830807457357 ], [ -8.522218607107865, 40.188821361006269 ], [ -8.52244885154299, 40.188829260053296 ], [ -8.522676977885913, 40.188854428531407 ], [ -8.522900789323796, 40.188896624072356 ], [ -8.523118130586013, 40.188955440340045 ], [ -8.523326908694608, 40.189030310942755 ], [ -8.523525113115525, 40.189120514886092 ], [ -8.523710835116818, 40.189225183514715 ], [ -8.523882286147506, 40.189343308875664 ], [ -8.523951164937925, 40.189401078689677 ], [ -8.523987193050512, 40.189370321901251 ], [ -8.524157281519351, 40.189251043538569 ], [ -8.524341794882094, 40.189145125038898 ], [ -8.524538956222575, 40.18905358639126 ], [ -8.524746866849638, 40.188977309103635 ], [ -8.524963524579494, 40.188917027715739 ], [ -8.525186843013634, 40.188873322727034 ], [ -8.525414671626853, 40.188846615007897 ], [ -8.52559916525211, 40.188839036920093 ], [ -8.525660765210766, 40.188831815545264 ], [ -8.525890909967858, 40.188822361796106 ], [ -8.526121154773154, 40.188830253537468 ], [ -8.526349282418071, 40.188855414772668 ], [ -8.526573096077238, 40.188897603203145 ], [ -8.526790440458651, 40.188956412561339 ], [ -8.526999222554325, 40.189031276522009 ], [ -8.527197431791828, 40.189121474154753 ], [ -8.527383159392851, 40.189226136864981 ], [ -8.527554616752504, 40.18934425675674 ], [ -8.527710152662516, 40.18947469633688 ], [ -8.527848269212511, 40.189616199467203 ], [ -8.52796763621625, 40.189767403459207 ], [ -8.528067104023927, 40.189926852195057 ], [ -8.528145714596995, 40.190093010148551 ], [ -8.528160977041843, 40.190138872174714 ], [ -8.528218424332133, 40.190178447423889 ], [ -8.528373963425107, 40.190308886078128 ], [ -8.528512083054453, 40.190450388381329 ], [ -8.528631453004284, 40.190601591652971 ], [ -8.528730923596418, 40.190761039782146 ], [ -8.52880953676549, 40.190927197248492 ], [ -8.528866535289849, 40.191098463908041 ], [ -8.528901370089146, 40.191273190401823 ], [ -8.528913705518187, 40.191449694038852 ], [ -8.528913402198519, 40.191454902738791 ], [ -8.528922410141366, 40.191583793840302 ], [ -8.528915341453967, 40.191705179409155 ], [ -8.529006980553399, 40.191756816586498 ], [ -8.529178447119131, 40.191874933977417 ], [ -8.529333991942888, 40.192005371276046 ], [ -8.529472117028456, 40.192146872366187 ], [ -8.529591492107404, 40.192298074578972 ], [ -8.529690967452151, 40.192457521813722 ], [ -8.529769584951559, 40.192623678558675 ], [ -8.529826587342267, 40.192794944676848 ], [ -8.529830754850769, 40.1928158463054 ], [ -8.529836477601354, 40.192825019086683 ], [ -8.529915095886789, 40.192991175718504 ], [ -8.529972098958222, 40.193162441750886 ], [ -8.530006937691503, 40.193337167830897 ], [ -8.530019276403539, 40.193513671271518 ], [ -8.530008996091507, 40.193690252256111 ], [ -8.529976195585631, 40.193865210208159 ], [ -8.529921190604099, 40.194036860169042 ], [ -8.529844510719014, 40.194203549025744 ], [ -8.529793170109571, 40.194287764253048 ], [ -8.529808650126519, 40.194307370720615 ], [ -8.529908128952783, 40.194466817696764 ], [ -8.529986749341495, 40.194632974222806 ], [ -8.530043754001451, 40.194804240163791 ], [ -8.53007859379319, 40.194978966167703 ], [ -8.530090933023411, 40.195155469548283 ], [ -8.530080652684287, 40.195332050489412 ], [ -8.530047851606287, 40.195507008415035 ], [ -8.529992845513101, 40.195678658366781 ], [ -8.529916163987517, 40.195845347231703 ], [ -8.52981854537726, 40.196005469663859 ], [ -8.529700929689565, 40.196157483546259 ], [ -8.529564449542752, 40.196299924844162 ], [ -8.529410419261769, 40.196431421706833 ], [ -8.529240322222568, 40.196550707681581 ], [ -8.529055796567157, 40.19665663391298 ], [ -8.528858619426838, 40.196748180209518 ], [ -8.5286506898056, 40.196824464871 ], [ -8.528434010288581, 40.196884753182132 ], [ -8.528210667751893, 40.196928464490306 ], [ -8.527982813259705, 40.196955177799069 ], [ -8.527840540416147, 40.196961024005773 ], [ -8.527770694541543, 40.196980457193334 ], [ -8.52754735125499, 40.197024167224562 ], [ -8.527319496171829, 40.197050879230083 ], [ -8.52708932382817, 40.197060335937984 ], [ -8.526859051083816, 40.19705244626708 ], [ -8.52663089576602, 40.197027286204296 ], [ -8.526407055303842, 40.196985098072737 ], [ -8.526189685559256, 40.196926288197233 ], [ -8.525980880059008, 40.1968514229901 ], [ -8.525782649827534, 40.196761223494676 ], [ -8.525692708727465, 40.196710543074843 ], [ -8.525631153702266, 40.196844327636143 ], [ -8.525533523570008, 40.197004446482218 ], [ -8.525415896570205, 40.197156456038691 ], [ -8.525279405430146, 40.197298892312439 ], [ -8.525125364580667, 40.1974303835011 ], [ -8.524955257499533, 40.197549663206651 ], [ -8.524770722425494, 40.197655582634049 ], [ -8.524573536580583, 40.197747121657265 ], [ -8.524365599052649, 40.197823398646207 ], [ -8.524148912503005, 40.197883678959457 ], [ -8.523998390758942, 40.197913131896435 ], [ -8.52395040793688, 40.197926480154585 ], [ -8.523727059038638, 40.197970182834496 ], [ -8.52349919923199, 40.197996887338313 ], [ -8.523269023098543, 40.198006336466413 ], [ -8.523038747534617, 40.197998439210593 ], [ -8.522810590394617, 40.197973271630858 ], [ -8.522586749125159, 40.1979310761227 ], [ -8.522369379595984, 40.197872259082004 ], [ -8.522160575331753, 40.197797386990125 ], [ -8.521962347344989, 40.197707180956705 ], [ -8.521776604764565, 40.197602509773098 ], [ -8.521605136446494, 40.197484381543248 ], [ -8.52144959374421, 40.197353933972565 ], [ -8.521311474604365, 40.197212423408772 ], [ -8.521192109141356, 40.197061212739932 ], [ -8.521092646829452, 40.196901758266762 ], [ -8.521014045435816, 40.196735595675264 ], [ -8.520957061800898, 40.196564325245276 ], [ -8.520922244554773, 40.196389596437236 ], [ -8.52090992883946, 40.196213092005728 ], [ -8.520920233087713, 40.196036511792826 ], [ -8.520953057889175, 40.195861556357379 ], [ -8.521008086954451, 40.195689910597963 ], [ -8.521084790167643, 40.195523227526941 ], [ -8.521182428697637, 40.195363112352368 ], [ -8.521300062118726, 40.195211107020405 ], [ -8.521436557471779, 40.195068675367551 ], [ -8.521590600178518, 40.19493718902531 ], [ -8.521760706703681, 40.194817914213026 ], [ -8.521945238843033, 40.19471199954608 ], [ -8.522142419499607, 40.194620464976609 ], [ -8.522350349796264, 40.194544191973279 ], [ -8.522567027359827, 40.194483915034567 ], [ -8.522717542167829, 40.194454463974232 ], [ -8.522765522794014, 40.194441116229534 ], [ -8.522988860764325, 40.194397415430018 ], [ -8.523216708742739, 40.194370711970237 ], [ -8.523446872595738, 40.194361262998477 ], [ -8.523677135893884, 40.194369159505541 ], [ -8.523905281250542, 40.19439432544889 ], [ -8.524129111669811, 40.194436518484643 ], [ -8.524346471698308, 40.194495332300868 ], [ -8.524555268177391, 40.194570200529462 ], [ -8.524753490396128, 40.194660402198878 ], [ -8.524843428081924, 40.1947110833826 ], [ -8.52490498276363, 40.194577299192645 ], [ -8.525002610943957, 40.194417180818988 ], [ -8.525120234186465, 40.194265171628643 ], [ -8.525256719630031, 40.194122735495242 ], [ -8.525406888702799, 40.193994542706669 ], [ -8.525369076395938, 40.193880912587161 ], [ -8.525364910188063, 40.193860010795596 ], [ -8.52535918795002, 40.193850837792453 ], [ -8.525280579748715, 40.193684678042992 ], [ -8.525223588012663, 40.193513409661712 ], [ -8.525188761449998, 40.193338682089369 ], [ -8.525176435292494, 40.19316217806864 ], [ -8.52518351077801, 40.193040792726137 ], [ -8.52509187281778, 40.192989152528057 ], [ -8.524920410470905, 40.192871029086625 ], [ -8.524764872063654, 40.192740585846472 ], [ -8.524626755501348, 40.192599079113563 ], [ -8.524507390873593, 40.192447871739105 ], [ -8.524407927646649, 40.192288419992053 ], [ -8.524330176292304, 40.192124062043476 ], [ -8.524173274464824, 40.192035640990341 ], [ -8.524001816115396, 40.191917516149914 ], [ -8.523932934719285, 40.191859746403459 ], [ -8.523896905273849, 40.191890503168125 ], [ -8.523726809789403, 40.192009781127297 ], [ -8.523542287734834, 40.192115698635725 ], [ -8.523345116206782, 40.192207235585911 ], [ -8.523137194155206, 40.192283510367695 ], [ -8.522920524092346, 40.192343788360965 ], [ -8.522697192803259, 40.192387489012482 ], [ -8.522469351243778, 40.192414191428476 ], [ -8.522239193819736, 40.192423638429425 ], [ -8.522008937247229, 40.192415739027659 ], [ -8.521780799197707, 40.192390569303818 ], [ -8.521556976933887, 40.192348371674072 ], [ -8.521339626142431, 40.192289552554719 ], [ -8.521130840167505, 40.192214678447122 ], [ -8.520932629845452, 40.19212447048033 ], [ -8.520746904135002, 40.192019797464326 ], [ -8.520575451729675, 40.191901667520654 ], [ -8.520419923829646, 40.191771218371251 ], [ -8.52028181823901, 40.191629706378997 ], [ -8.520228354257092, 40.191561971507888 ], [ -8.520167832267509, 40.191590066785032 ], [ -8.519959908489989, 40.191666335876278 ], [ -8.519743237526288, 40.191726607933312 ], [ -8.519519906170144, 40.191770302460057 ], [ -8.519292065378041, 40.191796998621761 ], [ -8.519284045343118, 40.191797327600369 ], [ -8.51906835959079, 40.191822599105485 ], [ -8.518838203640099, 40.191832039338628 ], [ -8.518607949409533, 40.191824133160324 ], [ -8.518379814547991, 40.191798956716461 ], [ -8.518155996287474, 40.19175675248794 ], [ -8.517938650276072, 40.191697926954646 ], [ -8.517893144828738, 40.191681606219127 ], [ -8.517852680387742, 40.191700389318704 ], [ -8.517644753647795, 40.191776654264054 ], [ -8.51742808024988, 40.19183692199806 ], [ -8.517204747011187, 40.191880612066299 ], [ -8.516976904906338, 40.19190730367697 ], [ -8.51674674834643, 40.191916739754632 ], [ -8.516516494039228, 40.191908829416818 ], [ -8.516288359634366, 40.191883648849533 ], [ -8.516064542359448, 40.191841440573334 ], [ -8.515847197853061, 40.191782611107151 ], [ -8.515638419398819, 40.191707727051934 ], [ -8.515440217760608, 40.191617509632572 ], [ -8.515254501813489, 40.19151282775011 ], [ -8.515083060156927, 40.191394689611471 ], [ -8.514927543887536, 40.191264233017506 ], [ -8.514789450697366, 40.191122714402795 ], [ -8.514670110450878, 40.190971496732949 ], [ -8.514570672379479, 40.190812036376059 ], [ -8.514492094016884, 40.190645869074793 ], [ -8.514435131981745, 40.190474595154285 ], [ -8.514415586087361, 40.190376447539585 ], [ -8.514412820491076, 40.190376142228402 ], [ -8.514189009313117, 40.190333930286805 ], [ -8.513971671221961, 40.1902750972543 ], [ -8.513762899439421, 40.190200209766225 ], [ -8.513740450655801, 40.190189990834511 ], [ -8.513535595442207, 40.190116507651389 ], [ -8.51333740121054, 40.190026286572724 ], [ -8.513151692829318, 40.189921601253069 ], [ -8.512980258825115, 40.18980345993247 ], [ -8.512973912190127, 40.189798135618787 ], [ -8.512973124678126, 40.189800591270505 ], [ -8.512896407899959, 40.189967269193922 ], [ -8.5127987574662, 40.190127377583671 ], [ -8.512681113690688, 40.190279374457944 ], [ -8.512544609462363, 40.190421795945781 ], [ -8.512390559338222, 40.190553270387241 ], [ -8.512220446885433, 40.190672531545552 ], [ -8.512097186571687, 40.190743266545205 ], [ -8.511977658889107, 40.190845276273976 ], [ -8.511807544982782, 40.190964536826222 ], [ -8.511623007056681, 40.191070435428045 ], [ -8.511425822360383, 40.191161952154062 ], [ -8.511352020749314, 40.191189016909561 ], [ -8.511359534204358, 40.191211611511086 ], [ -8.511394324177823, 40.191386343477021 ], [ -8.511406614259542, 40.191562849185956 ], [ -8.511396285915033, 40.191739428799309 ], [ -8.511363438437128, 40.191914381753733 ], [ -8.511308387996435, 40.192086023138657 ], [ -8.511231664602919, 40.1922526999236 ], [ -8.511134007007621, 40.19241280687892 ], [ -8.511016355593341, 40.192564802036607 ], [ -8.51087984332259, 40.192707221542236 ], [ -8.510725784829811, 40.192838693754936 ], [ -8.510555663762789, 40.192957952459423 ], [ -8.510371118495049, 40.193063849062888 ], [ -8.510173926346887, 40.193155363659187 ], [ -8.509965986466916, 40.193231614853467 ], [ -8.509749301539154, 40.193291868252786 ], [ -8.50952595849188, 40.193335543540776 ], [ -8.50929810839421, 40.193362220068018 ], [ -8.509067945734245, 40.193371640904324 ], [ -8.508837687278513, 40.193363715314071 ], [ -8.508801008437775, 40.193359664489172 ], [ -8.508677975558232, 40.193393874738632 ], [ -8.508454631473521, 40.19343754796364 ], [ -8.508226780598648, 40.19346422238528 ], [ -8.5079966174292, 40.193473641093682 ], [ -8.507956510119984, 40.193472260247233 ], [ -8.507986788007761, 40.19353630005989 ], [ -8.508043736467375, 40.193707577124982 ], [ -8.508077162582037, 40.193875494711087 ], [ -8.508113900719746, 40.193953197575595 ], [ -8.508170849855526, 40.194124474562763 ], [ -8.50820563319926, 40.194299207429488 ], [ -8.508217915601232, 40.19447571342338 ], [ -8.508207578600894, 40.194652292703061 ], [ -8.508198494137599, 40.19470066433562 ], [ -8.508234341166368, 40.194684029399909 ], [ -8.50844228743356, 40.194607781306118 ], [ -8.508658977716358, 40.194547530342533 ], [ -8.508882325302855, 40.194503856715635 ], [ -8.509110179387193, 40.194477180993843 ], [ -8.509340345777082, 40.194467760058295 ], [ -8.509570608018661, 40.194475684629907 ], [ -8.509798748735465, 40.194500878395871 ], [ -8.510022570976247, 40.194543098744433 ], [ -8.510239919366354, 40.194601939100679 ], [ -8.510448700859159, 40.194676832840898 ], [ -8.51064690488799, 40.194767058747956 ], [ -8.510832622724617, 40.194871747954991 ], [ -8.511004065858105, 40.194989892310907 ], [ -8.511159583217077, 40.195120354086967 ], [ -8.511297677069701, 40.195261876931241 ], [ -8.511417017448206, 40.195413097965336 ], [ -8.511516454959079, 40.195572560907301 ], [ -8.511595031855428, 40.195738730094071 ], [ -8.51165199126482, 40.195910005268772 ], [ -8.511686784483517, 40.196084736990372 ], [ -8.511699076266686, 40.196261242517487 ], [ -8.511688748063424, 40.196437822013273 ], [ -8.511655899165159, 40.196612774915522 ], [ -8.511648721098974, 40.1966351542033 ], [ -8.511787379269942, 40.196584308608792 ], [ -8.512004072821046, 40.196524051389041 ], [ -8.512227424685907, 40.196480371303316 ], [ -8.512455284017461, 40.196453688982174 ], [ -8.512685456572902, 40.19644426137036 ], [ -8.512915725838999, 40.196452179253015 ], [ -8.513143874371661, 40.196477366381778 ], [ -8.513367705144391, 40.196519580208793 ], [ -8.513585062700393, 40.196578414221918 ], [ -8.513793853904799, 40.196653301858575 ], [ -8.513992068097435, 40.196743521960343 ], [ -8.514177796452218, 40.1968482057163 ], [ -8.51434925035694, 40.19696634502786 ], [ -8.514504778636519, 40.197096802214858 ], [ -8.51464288345397, 40.197238320969547 ], [ -8.514762234735944, 40.197389538452946 ], [ -8.514861682983931, 40.197548998417311 ], [ -8.514940270347646, 40.19771516522826 ], [ -8.514997239853844, 40.197886438651807 ], [ -8.515032042701547, 40.198061169263802 ], [ -8.515044343553186, 40.198237674333548 ], [ -8.515034081664091, 40.198413263425671 ], [ -8.515053758531225, 40.198370514748298 ], [ -8.515151415318202, 40.198210404654361 ], [ -8.515269067124901, 40.198058405440136 ], [ -8.515405580815155, 40.197915980883202 ], [ -8.515559641634118, 40.197784502546696 ], [ -8.515729765872132, 40.197665236572867 ], [ -8.515914315154424, 40.197559331491959 ], [ -8.516111512218979, 40.197467807163804 ], [ -8.516319458030683, 40.197391544958435 ], [ -8.516536150066988, 40.197331279270337 ], [ -8.51675950159909, 40.197287590447765 ], [ -8.516987361783121, 40.197260899205446 ], [ -8.51721753636806, 40.197251462573988 ], [ -8.517447808821142, 40.197259371425417 ], [ -8.517471054209086, 40.197261936728886 ], [ -8.517502128834472, 40.197260662637007 ], [ -8.517732401347251, 40.197268570922013 ], [ -8.517960554325363, 40.197293748533319 ], [ -8.518184390699515, 40.197335953014715 ], [ -8.518401754958985, 40.197394777944069 ], [ -8.518610553904375, 40.197469656846245 ], [ -8.518808776800991, 40.19755986864697 ], [ -8.518994514738957, 40.197664544615215 ], [ -8.519165979013806, 40.1977826767274 ], [ -8.519321518350623, 40.197913127372708 ], [ -8.51945963480596, 40.198054640306374 ], [ -8.519578998194424, 40.198205852745531 ], [ -8.519678458900938, 40.19836530849097 ], [ -8.519757058955252, 40.198531471948975 ], [ -8.519814041261924, 40.19870274291786 ], [ -8.519848856896706, 40.198877471997143 ], [ -8.519861170398883, 40.1990539764709 ], [ -8.519850863008367, 40.199230556512468 ], [ -8.519818033816119, 40.19940551155441 ], [ -8.519762998816564, 40.199577156666081 ], [ -8.519686287870883, 40.199743838781117 ], [ -8.519588639610145, 40.19990395261857 ], [ -8.519470994327165, 40.200055956144155 ], [ -8.519334484925331, 40.200198385422858 ], [ -8.519180426011381, 40.20032986871967 ], [ -8.519010301237088, 40.200449139712553 ], [ -8.518825749011635, 40.200555049690337 ], [ -8.518628546722281, 40.200646578618063 ], [ -8.518420593615291, 40.20072284496279 ], [ -8.518203892502063, 40.200783114185676 ], [ -8.517980530466758, 40.200826805817904 ], [ -8.517752658761394, 40.200853499052613 ], [ -8.517522472082206, 40.200862936798707 ], [ -8.517292187427104, 40.200855028157655 ], [ -8.51726894081745, 40.200852462825551 ], [ -8.517237864547939, 40.200853736861724 ], [ -8.517007579952555, 40.200845827654184 ], [ -8.516779415395227, 40.200820648233986 ], [ -8.516555568394025, 40.200778441110685 ], [ -8.516338194873887, 40.200719612792085 ], [ -8.516129388397905, 40.200644729868102 ], [ -8.515931159999885, 40.20055451355276 ], [ -8.515745418812644, 40.200449832736481 ], [ -8.515573953678743, 40.200331695615915 ], [ -8.515418415920907, 40.200201239982164 ], [ -8.515280303438137, 40.200059722260562 ], [ -8.515160946280668, 40.19990850540816 ], [ -8.515061493842731, 40.199749045785175 ], [ -8.51498290379636, 40.199582879127234 ], [ -8.514925932872671, 40.199411605753284 ], [ -8.514891129579288, 40.199236875152124 ], [ -8.514878828923813, 40.199060370095587 ], [ -8.514889091297899, 40.198884781034565 ], [ -8.514869414181014, 40.198927529681313 ], [ -8.514771755713285, 40.199087639525352 ], [ -8.514654101031226, 40.199239638220483 ], [ -8.514517583128768, 40.199382061878218 ], [ -8.514363516694555, 40.199513538817662 ], [ -8.514193385452813, 40.199632802778005 ], [ -8.514008827875045, 40.199738705115827 ], [ -8.513811621400084, 40.199830225869711 ], [ -8.513603665314527, 40.199906483585501 ], [ -8.51338696245848, 40.199966743807416 ], [ -8.513163599932904, 40.200010426153391 ], [ -8.512935728994547, 40.200037109905963 ], [ -8.512705544332263, 40.200046538065386 ], [ -8.512475262924532, 40.200038619825484 ], [ -8.512247102682052, 40.200013431448347 ], [ -8.512023261081314, 40.1999712155298 ], [ -8.511805893995234, 40.199912378662368 ], [ -8.511597094924911, 40.199837487518323 ], [ -8.511398874832803, 40.19974726339084 ], [ -8.511213142771707, 40.199642575245576 ], [ -8.511041687496267, 40.199524431349801 ], [ -8.510886160234232, 40.199393969559843 ], [ -8.510748058783488, 40.199252446360319 ], [ -8.510628713088003, 40.199101224761037 ], [ -8.510529272431603, 40.198941761167916 ], [ -8.510450694372832, 40.198775591354782 ], [ -8.510393735527346, 40.198604315671005 ], [ -8.510358944286445, 40.198429583627579 ], [ -8.510346655541651, 40.198253078010211 ], [ -8.510356987465967, 40.198076498672357 ], [ -8.510389840382475, 40.197901546164431 ], [ -8.510397018993435, 40.197879166957094 ], [ -8.510258357140936, 40.197930010891731 ], [ -8.510138617066582, 40.197963305038833 ], [ -8.51016984640799, 40.198013385981959 ], [ -8.510248422888266, 40.198179556014793 ], [ -8.510305381004914, 40.198350831785959 ], [ -8.51034017206662, 40.198525563848662 ], [ -8.510352460849301, 40.198702069458264 ], [ -8.510342128830933, 40.198878648777097 ], [ -8.51030927533966, 40.19905360124465 ], [ -8.510254216603943, 40.199225241955041 ], [ -8.510177482713589, 40.19939191788427 ], [ -8.510089771338892, 40.199535698849949 ], [ -8.510133871511259, 40.199628958147194 ], [ -8.510190830581362, 40.199800233927569 ], [ -8.510225622119096, 40.199974965978868 ], [ -8.510237910895784, 40.200151471556545 ], [ -8.510227578389443, 40.200328050823266 ], [ -8.510194723932907, 40.200503003219026 ], [ -8.510139663763921, 40.200674643838617 ], [ -8.510062927986079, 40.200841319658906 ], [ -8.509965255469634, 40.20100142545953 ], [ -8.50984758674104, 40.201153419283592 ], [ -8.509711054929527, 40.201295837289493 ], [ -8.509556974857714, 40.201427307850764 ], [ -8.509386830381198, 40.201546564768016 ], [ -8.509202260098968, 40.201652459465635 ], [ -8.509005041572248, 40.201743972055809 ], [ -8.508797074203738, 40.20182022116299 ], [ -8.508580360942238, 40.201880472414338 ], [ -8.508356988988954, 40.201924145514134 ], [ -8.508129109691456, 40.201950819834025 ], [ -8.507898917819132, 40.201960238465119 ], [ -8.507668630419914, 40.201952310692988 ], [ -8.507440465462215, 40.201927112871566 ], [ -8.507216620467947, 40.201884887687648 ], [ -8.506999251342705, 40.201826041822983 ], [ -8.50679045160722, 40.201751142036542 ], [ -8.506592232230343, 40.201660909704735 ], [ -8.506406502257962, 40.20155621387223 ], [ -8.506235050424575, 40.201438062880356 ], [ -8.506079527924758, 40.201307594653741 ], [ -8.506000953472697, 40.201227066678904 ], [ -8.505847399714888, 40.201140506823471 ], [ -8.505675949898425, 40.201022354985888 ], [ -8.505520429420582, 40.200891885989627 ], [ -8.50538233601387, 40.200750356388731 ], [ -8.505262999544749, 40.200599129254627 ], [ -8.50516356920815, 40.200439661046573 ], [ -8.505085002463199, 40.200273487582805 ], [ -8.505028055816561, 40.200102209247831 ], [ -8.50499327754202, 40.199927475578185 ], [ -8.504981002406209, 40.199750969375188 ], [ -8.504991348451043, 40.199574390497951 ], [ -8.505024215863616, 40.199399439492396 ], [ -8.505079287944165, 40.199227801214342 ], [ -8.505156034162555, 40.199061128604093 ], [ -8.505253715273549, 40.198901026768894 ], [ -8.505371390441423, 40.198749037526397 ], [ -8.505507926305086, 40.198606624558103 ], [ -8.505662007896207, 40.198475159315571 ], [ -8.505679728370545, 40.198462739276096 ], [ -8.505697947617554, 40.198365752706209 ], [ -8.505753017180517, 40.198194114088423 ], [ -8.50580104131714, 40.198089814295898 ], [ -8.505661404475433, 40.198154605892732 ], [ -8.50545344425074, 40.198230849007608 ], [ -8.505256386578283, 40.198285632005692 ], [ -8.505119573681853, 40.198381521447445 ], [ -8.504935005252827, 40.198487409390495 ], [ -8.504737790070751, 40.198578914745219 ], [ -8.504529827506124, 40.198655156205803 ], [ -8.504313120461488, 40.198715399473059 ], [ -8.504089756078177, 40.198759064328179 ], [ -8.503930518455606, 40.198777698709549 ], [ -8.503938000311999, 40.198815292958891 ], [ -8.503950272556683, 40.198991799313973 ], [ -8.503939923887346, 40.199168378127737 ], [ -8.503907053792496, 40.199343328844463 ], [ -8.503851978660506, 40.199514966575158 ], [ -8.503775228739102, 40.199681638324456 ], [ -8.503677543034776, 40.199841738911182 ], [ -8.503559862201032, 40.199993726428652 ], [ -8.503423319483721, 40.200136137095988 ], [ -8.503269229810533, 40.200267599357389 ], [ -8.503234917802299, 40.200291646221793 ], [ -8.503101230102118, 40.200405701746412 ], [ -8.502931076781548, 40.200524949235508 ], [ -8.502910667599123, 40.200536657158281 ], [ -8.503033006757988, 40.200559740066339 ], [ -8.50325036845857, 40.200618593425155 ], [ -8.503459160863319, 40.200693499644792 ], [ -8.503657373300465, 40.200783737387944 ], [ -8.503843096960795, 40.20088843767379 ], [ -8.50401454327725, 40.201006592244568 ], [ -8.504170061147768, 40.20113706327318 ], [ -8.504308152835531, 40.201278594318588 ], [ -8.504427488393562, 40.201429822423457 ], [ -8.504526918474703, 40.20158929123771 ], [ -8.504605485403546, 40.201755465041721 ], [ -8.504662432403579, 40.20192674353418 ], [ -8.504697210890503, 40.202101477242032 ], [ -8.504709485761298, 40.202277983404784 ], [ -8.504699138627879, 40.20245456217944 ], [ -8.504666268963931, 40.202629513010699 ], [ -8.504611193153648, 40.202801151008416 ], [ -8.504534441451259, 40.202967823174689 ], [ -8.504436752880389, 40.203127924324335 ], [ -8.504319068122118, 40.203279912545199 ], [ -8.504182520460079, 40.203422324049647 ], [ -8.504028424869563, 40.203553787273819 ], [ -8.503858265355662, 40.203673036088965 ], [ -8.50377414894688, 40.203721289042562 ], [ -8.503749964603424, 40.203738237478042 ], [ -8.503565379564096, 40.203844123214267 ], [ -8.50336814705585, 40.203935626228997 ], [ -8.503160166616084, 40.204011865238883 ], [ -8.502943441319518, 40.204072105968365 ], [ -8.502720058483307, 40.204115768223083 ], [ -8.502492169559863, 40.204142431479099 ], [ -8.502392423668594, 40.2041465077927 ], [ -8.502345560817119, 40.204248264045965 ], [ -8.502247865267865, 40.204408363344285 ], [ -8.502130173411823, 40.204560349338045 ], [ -8.501993618600988, 40.204702758261007 ], [ -8.50183951587951, 40.20483421857417 ], [ -8.501669349321165, 40.204953464176846 ], [ -8.501484757737661, 40.205059346602361 ], [ -8.501287518895415, 40.205150846081089 ], [ -8.501079532392842, 40.205227081363759 ], [ -8.500893270529325, 40.205278849834926 ], [ -8.500799326735875, 40.205313283562106 ], [ -8.500582595180141, 40.205373519885832 ], [ -8.50051077728877, 40.205387555589382 ], [ -8.500417077516898, 40.205541095963916 ], [ -8.500299379618166, 40.205693080093504 ], [ -8.500162818704798, 40.205835486856074 ], [ -8.500008709879726, 40.205966944733433 ], [ -8.499838537275519, 40.20608618764831 ], [ -8.499653939762116, 40.206192067159961 ], [ -8.499456695163065, 40.20628356352681 ], [ -8.49925151531164, 40.206358764829901 ], [ -8.499250705509862, 40.206359455589116 ], [ -8.499080530592643, 40.206478697391837 ], [ -8.498895930830578, 40.206584575697484 ], [ -8.498698684068875, 40.206676070776076 ], [ -8.498490689982232, 40.206752301420728 ], [ -8.498273951776843, 40.20681253343642 ], [ -8.498050556894214, 40.20685618671272 ], [ -8.497822656902811, 40.206882840812192 ], [ -8.497592446771371, 40.206892239020718 ], [ -8.497362143723729, 40.206884290820604 ], [ -8.497200073733973, 40.206866379005312 ], [ -8.497155280118365, 40.206904585775028 ], [ -8.496985100150122, 40.207023824508255 ], [ -8.4968004956302, 40.207129699483232 ], [ -8.496603244449643, 40.207221191002034 ], [ -8.49639524632572, 40.207297417892086 ], [ -8.496178504503519, 40.207357645994499 ], [ -8.495955106459393, 40.207401295236558 ], [ -8.495727203792264, 40.207427945219678 ], [ -8.495496991496646, 40.20743733926939 ], [ -8.495266686817224, 40.207429386908039 ], [ -8.495233826296831, 40.207425754638294 ], [ -8.495180283111115, 40.207427939335389 ], [ -8.49494997849582, 40.207419986343609 ], [ -8.494721799711741, 40.207394763536996 ], [ -8.494497944413963, 40.20735251384302 ], [ -8.494280568607318, 40.207293644179494 ], [ -8.494071765876862, 40.207218721534652 ], [ -8.493873547220261, 40.207128467505086 ], [ -8.493687821676408, 40.207023751344437 ], [ -8.493516377937087, 40.206905581589851 ], [ -8.493360867118845, 40.206775096346682 ], [ -8.493222786861081, 40.206633552325464 ], [ -8.493103466903531, 40.206482312736497 ], [ -8.493052365194657, 40.206400333394129 ], [ -8.492900392033397, 40.206529947549122 ], [ -8.49273020549502, 40.206649180063245 ], [ -8.49254559531659, 40.206755048284009 ], [ -8.492348339443666, 40.206846532578574 ], [ -8.492140337638737, 40.206922751843891 ], [ -8.49192359318236, 40.206982971994563 ], [ -8.491700193576269, 40.207026613034444 ], [ -8.491472290434444, 40.207053254643945 ], [ -8.491242078755976, 40.207062640229282 ], [ -8.491011775779603, 40.207054679394318 ], [ -8.490783599623791, 40.207029448811454 ], [ -8.490559747918301, 40.206987191483066 ], [ -8.490342376633352, 40.20692831440055 ], [ -8.490133579310442, 40.206853384623514 ], [ -8.489935366895127, 40.206763123817304 ], [ -8.489749648366175, 40.206658401300849 ], [ -8.489578212347785, 40.206540225672448 ], [ -8.489422709882119, 40.20640973509407 ], [ -8.489284638528114, 40.206268186327605 ], [ -8.489165327939723, 40.206116942629052 ], [ -8.489065927062525, 40.205957460617157 ], [ -8.48898739307181, 40.20579127624309 ], [ -8.488979924321891, 40.205768797404957 ], [ -8.488912997886654, 40.205627174794174 ], [ -8.4888560873008, 40.205455888504645 ], [ -8.488821347672578, 40.205281149969508 ], [ -8.488809113396362, 40.205104642036936 ], [ -8.488819502120506, 40.204928064582603 ], [ -8.488852413621041, 40.204753118138669 ], [ -8.488907530773602, 40.204581487516997 ], [ -8.488984322613989, 40.204414825584081 ], [ -8.489082049457636, 40.20425473734425 ], [ -8.489199770028442, 40.204102764484219 ], [ -8.489336350528127, 40.203960370527682 ], [ -8.489490475558588, 40.203828926743029 ], [ -8.489660660791944, 40.20370969893974 ], [ -8.489845267266183, 40.203603835280475 ], [ -8.490042517168682, 40.203512355226117 ], [ -8.490250510955653, 40.203436139720374 ], [ -8.490467245642684, 40.203375922708048 ], [ -8.490690634090379, 40.203332284068665 ], [ -8.490918525099483, 40.20330564403374 ], [ -8.491148724122215, 40.203296259140821 ], [ -8.491379014390533, 40.203304219763744 ], [ -8.491607178258123, 40.203329449242588 ], [ -8.491831018550828, 40.203371704621716 ], [ -8.492048379720151, 40.203430578988929 ], [ -8.492179872891503, 40.203477766961349 ], [ -8.492046835228154, 40.203386061113129 ], [ -8.491891335305395, 40.203255573769006 ], [ -8.491878977859052, 40.203242905257348 ], [ -8.491814465634345, 40.203206528073174 ], [ -8.491643034792851, 40.20308835540996 ], [ -8.491487536324714, 40.202957867510356 ], [ -8.491349467750384, 40.202816321110454 ], [ -8.491230158697075, 40.202665079443435 ], [ -8.491130758095597, 40.202505599108513 ], [ -8.491052223118626, 40.202339416040672 ], [ -8.490995309966808, 40.202168130716885 ], [ -8.490960566591294, 40.201993392740924 ], [ -8.490948327422574, 40.201816884955598 ], [ -8.490958710156152, 40.201640307235131 ], [ -8.490991614625777, 40.201465360114305 ], [ -8.49104672377482, 40.201293728411471 ], [ -8.491123506716178, 40.201127065003554 ], [ -8.491221223851003, 40.200966974909115 ], [ -8.491338933996699, 40.200814999832716 ], [ -8.491475503455392, 40.200672603319418 ], [ -8.491629616935299, 40.200541156662261 ], [ -8.491799790219773, 40.200421925698379 ], [ -8.491984384461851, 40.200316058620857 ], [ -8.492181621966695, 40.200224574923546 ], [ -8.492389603309887, 40.200148355585227 ], [ -8.492606325626829, 40.200088134587595 ], [ -8.492829701897218, 40.20004449184858 ], [ -8.493057581039043, 40.200017847639153 ], [ -8.493287768618783, 40.200008458537077 ], [ -8.493518047978565, 40.2000164149567 ], [ -8.493746201577105, 40.200041640278585 ], [ -8.493970032339115, 40.200083891587127 ], [ -8.494187384807868, 40.200142762009314 ], [ -8.494266307725471, 40.200171084140067 ], [ -8.494248841506735, 40.20008325885059 ], [ -8.494236594193515, 40.199906751390444 ], [ -8.494246968139665, 40.199730173355363 ], [ -8.494279863263575, 40.199555225283135 ], [ -8.494334962598632, 40.199383592001283 ], [ -8.494358939638451, 40.199331540454402 ], [ -8.494363769825526, 40.199305851466946 ], [ -8.494251514389401, 40.1991907699271 ], [ -8.494132205324915, 40.199039531156664 ], [ -8.494032803300074, 40.198880053220222 ], [ -8.493954265501293, 40.198713872029707 ], [ -8.493897348156432, 40.198542588043978 ], [ -8.493862599257062, 40.198367850853963 ], [ -8.493850353286906, 40.198191343294845 ], [ -8.493852222552416, 40.198159528402023 ], [ -8.49383430941336, 40.198069450247644 ], [ -8.493822063575985, 40.197892942675878 ], [ -8.493832438329774, 40.197716364613079 ], [ -8.493865333585356, 40.197541416597304 ], [ -8.493920432374869, 40.197369783455557 ], [ -8.493997203910999, 40.197203118078612 ], [ -8.494047842257542, 40.197120145557172 ], [ -8.493997263652775, 40.197056028782868 ], [ -8.493897864874285, 40.196896550661783 ], [ -8.493819329728794, 40.19673036931124 ], [ -8.493762414418626, 40.196559085191659 ], [ -8.493727666915767, 40.19638434789524 ], [ -8.493715421690508, 40.196207840258211 ], [ -8.493725796496733, 40.196031262153419 ], [ -8.493758691244585, 40.195856314119339 ], [ -8.493813788971098, 40.195684680983121 ], [ -8.493816760710722, 40.195678229436339 ], [ -8.493811992200376, 40.195654249509055 ], [ -8.493799746901974, 40.19547774185903 ], [ -8.493810121392258, 40.195301163725844 ], [ -8.493843015584417, 40.195126215648202 ], [ -8.493898112520853, 40.194954582453697 ], [ -8.493974881432111, 40.194787917033658 ], [ -8.494072582854493, 40.194627824426021 ], [ -8.494190275756747, 40.19447584635958 ], [ -8.494326826607068, 40.194333446408201 ], [ -8.494480920292887, 40.194201995898055 ], [ -8.494651072788164, 40.194082760703402 ], [ -8.49483564544613, 40.193976889058092 ], [ -8.495032860779776, 40.193885400499965 ], [ -8.495240819578163, 40.193809176054621 ], [ -8.495457519193762, 40.193748949752951 ], [ -8.495680872824842, 40.193705301563966 ], [ -8.495908729607365, 40.193678651811133 ], [ -8.496138895323078, 40.193669257125556 ], [ -8.496369153524617, 40.193677207975412 ], [ -8.496597286874408, 40.193702427794825 ], [ -8.496821098492124, 40.193744673721213 ], [ -8.497038433105363, 40.193803538933359 ], [ -8.497247197800124, 40.193878456568214 ], [ -8.497445382171435, 40.193968705178563 ], [ -8.497631077680296, 40.194073415678893 ], [ -8.497802496030713, 40.194191579713099 ], [ -8.497957986389899, 40.194322059362904 ], [ -8.498096051285948, 40.194463598104235 ], [ -8.498215361029882, 40.194614832905614 ], [ -8.498314766523135, 40.194774307352453 ], [ -8.498393310327101, 40.19494048567087 ], [ -8.498450235887988, 40.195111767515982 ], [ -8.498484994828004, 40.195286503382526 ], [ -8.49849725223242, 40.195463010489121 ], [ -8.498486889881415, 40.195639588983667 ], [ -8.498454007395292, 40.195814538313563 ], [ -8.498398921281797, 40.195986173603075 ], [ -8.49839594996409, 40.195992625265269 ], [ -8.49840072011234, 40.196016604995087 ], [ -8.498412977444058, 40.196193112088707 ], [ -8.49840261477755, 40.196369690554882 ], [ -8.498369731736153, 40.196544639841264 ], [ -8.498314644832956, 40.196716275072582 ], [ -8.498237884429084, 40.196882943277537 ], [ -8.498187251377793, 40.196965917611855 ], [ -8.498237833847689, 40.197030032539303 ], [ -8.498337242962933, 40.197189506884371 ], [ -8.498415789652809, 40.197355685105521 ], [ -8.498472717335721, 40.197526966858838 ], [ -8.498507477613417, 40.197701702639911 ], [ -8.498519735558267, 40.197878209668218 ], [ -8.498517868481581, 40.197910024628264 ], [ -8.498535787769457, 40.198000102033106 ], [ -8.49854804584727, 40.198176609048751 ], [ -8.498537683268101, 40.198353187466225 ], [ -8.4985298971368, 40.198394611764719 ], [ -8.498642158451911, 40.198509689145411 ], [ -8.498761476564342, 40.198660923241256 ], [ -8.498860889313592, 40.198820397075636 ], [ -8.49893943919116, 40.198986574880578 ], [ -8.498996369584734, 40.199157856316184 ], [ -8.499031132069952, 40.199332591881053 ], [ -8.499043391697912, 40.199509098796796 ], [ -8.499033030227341, 40.199685677213125 ], [ -8.499000147270031, 40.199860626578172 ], [ -8.498945059338231, 40.20003226201591 ], [ -8.498921085569879, 40.200084314491924 ], [ -8.498891159720289, 40.200243528671244 ], [ -8.498839335806696, 40.20040499280185 ], [ -8.498976933070827, 40.20052044401389 ], [ -8.49911501274611, 40.200661981322966 ], [ -8.499234335714597, 40.200813214853703 ], [ -8.499333752750346, 40.200972688203755 ], [ -8.49941230630356, 40.201138865609799 ], [ -8.499469239726523, 40.201310146735779 ], [ -8.499504004565678, 40.201484882083342 ], [ -8.499516265849435, 40.201661388876119 ], [ -8.499505905320561, 40.20183796726505 ], [ -8.49950560644678, 40.201839557398145 ], [ -8.499703811419382, 40.201800820997725 ], [ -8.499931693643186, 40.201774163250278 ], [ -8.500031436222153, 40.201770089070202 ], [ -8.5000783008624, 40.20166833370233 ], [ -8.500175997644943, 40.20150823615392 ], [ -8.500293688653944, 40.201356252070845 ], [ -8.500430240375771, 40.201213845084865 ], [ -8.500584337689398, 40.20108238658991 ], [ -8.500754496533807, 40.200963142537127 ], [ -8.500838611706227, 40.200914891760412 ], [ -8.500862795781419, 40.20089794392613 ], [ -8.500883205426714, 40.200886236363075 ], [ -8.500760866391962, 40.200863151183711 ], [ -8.500543506025895, 40.200804293146781 ], [ -8.50033471644919, 40.200729381656913 ], [ -8.500136508532828, 40.200639138203286 ], [ -8.499950791212282, 40.20053443193769 ], [ -8.499779353100161, 40.200416271301918 ], [ -8.499623845258855, 40.200285794313501 ], [ -8.49948576529914, 40.200144257603448 ], [ -8.499366442957935, 40.199993024311652 ], [ -8.499267027294083, 40.199833550956662 ], [ -8.499188475625372, 40.199667373406236 ], [ -8.499131544313254, 40.199496092084246 ], [ -8.499096781483821, 40.199321356555977 ], [ -8.499084521754952, 40.199144849640632 ], [ -8.499094883020186, 40.198968271204144 ], [ -8.499127765320045, 40.198793321788173 ], [ -8.49918285181141, 40.19862168623321 ], [ -8.499259611825385, 40.198455017453355 ], [ -8.499357305983903, 40.198294920518883 ], [ -8.49947499332562, 40.198142937200259 ], [ -8.499611540372237, 40.198000531121956 ], [ -8.499765632047771, 40.197869073669132 ], [ -8.49979994407475, 40.19784502782295 ], [ -8.499933632338921, 40.197730976058068 ], [ -8.50010378399713, 40.197611732924912 ], [ -8.500288357635998, 40.197505852645641 ], [ -8.500485575759043, 40.197414354841236 ], [ -8.500693539128447, 40.19733812062632 ], [ -8.500910245052646, 40.19727788412586 ], [ -8.501133606669159, 40.197234225407072 ], [ -8.501292841479261, 40.197215594880767 ], [ -8.501285361265008, 40.19717800044274 ], [ -8.501273096291103, 40.197001493717387 ], [ -8.501283451593551, 40.196824915046378 ], [ -8.501316327270317, 40.196649964973659 ], [ -8.501371406542081, 40.196478328346053 ], [ -8.501448158809483, 40.196311658087978 ], [ -8.501545844769065, 40.196151559283983 ], [ -8.501589154888503, 40.196095623094848 ], [ -8.501382319973708, 40.19615311818319 ], [ -8.50115896206238, 40.196196777373451 ], [ -8.500931098992595, 40.196223437477023 ], [ -8.500700925377421, 40.196232841721944 ], [ -8.500470658088926, 40.196224899532368 ], [ -8.500242514901785, 40.196199687401105 ], [ -8.500018693128188, 40.196157448152761 ], [ -8.499801348450037, 40.196098588604592 ], [ -8.499592574152551, 40.196023675647311 ], [ -8.499394380959535, 40.195933430784201 ], [ -8.49920867766464, 40.195828723180625 ], [ -8.499037252745387, 40.195710561291243 ], [ -8.4988817571371, 40.195580083145664 ], [ -8.498743688332743, 40.195438545386025 ], [ -8.498624375961812, 40.195287311162325 ], [ -8.498524968987143, 40.19512783700204 ], [ -8.498446424642864, 40.19496165878072 ], [ -8.49838949921992, 40.194790376928673 ], [ -8.498354740787716, 40.194615641016256 ], [ -8.498342483921826, 40.194439133866396 ], [ -8.498352846488254, 40.194262555347258 ], [ -8.49836704305612, 40.1941870223922 ], [ -8.498354898656059, 40.194012134053104 ], [ -8.498365261133641, 40.193835555520245 ], [ -8.498398142930535, 40.193660606158922 ], [ -8.498453227208513, 40.193488970809092 ], [ -8.498529983320033, 40.193322302382839 ], [ -8.498627671924652, 40.193162205947104 ], [ -8.498745352114547, 40.193010223267521 ], [ -8.498881890480318, 40.192867817962416 ], [ -8.499035972029601, 40.192736361409523 ], [ -8.499206112853214, 40.19261711954131 ], [ -8.499390674416755, 40.192511240655875 ], [ -8.499587879340034, 40.192419744360798 ], [ -8.499795828512331, 40.192343511756199 ], [ -8.500012519378792, 40.192283276951535 ], [ -8.500235865221914, 40.192239619997679 ], [ -8.500463715252637, 40.192212961302481 ], [ -8.500693875317708, 40.192203557583206 ], [ -8.500924129024167, 40.192211499394958 ], [ -8.501152259077719, 40.192236710258918 ], [ -8.501376068629778, 40.192278947398727 ], [ -8.501593402427842, 40.192337804077759 ], [ -8.501802167565765, 40.192412713515147 ], [ -8.502000353634321, 40.192502954342594 ], [ -8.502186052078191, 40.192607657549551 ], [ -8.502357474573135, 40.1927258148501 ], [ -8.502512970246483, 40.192856288390857 ], [ -8.502651041575184, 40.192997821706555 ], [ -8.502770358808343, 40.193149051817969 ], [ -8.5028697727753, 40.193308522355693 ], [ -8.502948325955874, 40.193474697583483 ], [ -8.503005261706004, 40.193645977186286 ], [ -8.503040031549792, 40.193820711680345 ], [ -8.503052300467523, 40.193997218297582 ], [ -8.503041950128514, 40.194173797190643 ], [ -8.50302775875441, 40.194249330695882 ], [ -8.503039915201773, 40.194424218483569 ], [ -8.503029564774176, 40.194600797362895 ], [ -8.502996694453417, 40.194775747959937 ], [ -8.502941620630089, 40.19494738538679 ], [ -8.50286487353935, 40.195114056651043 ], [ -8.502767192160471, 40.195274156576204 ], [ -8.50272388352983, 40.195330093207332 ], [ -8.502911068282613, 40.195278057328032 ], [ -8.503047878106203, 40.19518217045897 ], [ -8.503232440571637, 40.195076285491275 ], [ -8.503429647685651, 40.194984782682198 ], [ -8.503594832373343, 40.194924222800537 ], [ -8.503567525545231, 40.194842079762658 ], [ -8.503534110050765, 40.194674160854497 ], [ -8.503497376733741, 40.194596456524472 ], [ -8.503440438934174, 40.194425177201012 ], [ -8.503405667743035, 40.19425044285147 ], [ -8.503393397858778, 40.194073936283743 ], [ -8.503403747272795, 40.193897357360399 ], [ -8.50343661613978, 40.19372240662782 ], [ -8.503491687746019, 40.19355076893919 ], [ -8.50356843156599, 40.193384097229156 ], [ -8.503666108377599, 40.193223996596274 ], [ -8.503783777386573, 40.193072008846627 ], [ -8.50392030529116, 40.192929597647378 ], [ -8.504074377199711, 40.192798134433012 ], [ -8.504244509295855, 40.192678885200166 ], [ -8.504429063129207, 40.192572998317857 ], [ -8.504626261393989, 40.192481493470687 ], [ -8.504834205043579, 40.192405251841102 ], [ -8.505050891576278, 40.192345007625462 ], [ -8.505274234316305, 40.192301340965301 ], [ -8.505502082504464, 40.192274672361911 ], [ -8.505732242005241, 40.192265258627934 ], [ -8.505772348564058, 40.192266640248704 ], [ -8.505742073328607, 40.192202599830807 ], [ -8.505685131938634, 40.192031321556961 ], [ -8.50565035626143, 40.191856587829818 ], [ -8.505638081038684, 40.191680081451302 ], [ -8.505648424313218, 40.191503502282153 ], [ -8.505681286298874, 40.191328550871162 ], [ -8.505736350348226, 40.191156912078021 ], [ -8.505813086008537, 40.19099023884803 ], [ -8.505910754136307, 40.190830136294387 ], [ -8.506028414020893, 40.190678146241702 ], [ -8.50616493244841, 40.190535732379324 ], [ -8.506318994618475, 40.19040426616737 ], [ -8.506489116808487, 40.190285013631375 ], [ -8.506673660663449, 40.190179123172179 ], [ -8.506870848973657, 40.190087614508798 ], [ -8.506948554202287, 40.190059121440896 ], [ -8.506951856957517, 40.190057226313101 ], [ -8.50714904453843, 40.189965717177238 ], [ -8.507356977666527, 40.189889471030739 ], [ -8.507573653941414, 40.189829222113445 ], [ -8.50779698678606, 40.189785550612143 ], [ -8.507974341963157, 40.189764787327938 ], [ -8.507973634761774, 40.189761234425831 ], [ -8.507961353938001, 40.18958472825539 ], [ -8.507971690909525, 40.189408148843569 ], [ -8.508004545950909, 40.189233196741462 ], [ -8.508059602481614, 40.189061556815474 ], [ -8.508136330121324, 40.188894882021785 ], [ -8.508233989803788, 40.18873477748869 ], [ -8.508351640899688, 40.18858278505985 ], [ -8.508488150279783, 40.188440368447509 ], [ -8.508642203230808, 40.188308899138299 ], [ -8.508812316118931, 40.188189643187556 ], [ -8.508935575270351, 40.188118911659664 ], [ -8.509055102780776, 40.188016905024732 ], [ -8.509225214215572, 40.187897648467896 ], [ -8.509409747340376, 40.187791753652412 ], [ -8.5096069250488, 40.187700240339275 ], [ -8.509707211428465, 40.187663462970441 ], [ -8.509587175089816, 40.187540427410234 ], [ -8.50946785269514, 40.187389204202219 ], [ -8.509368432068486, 40.187229739198351 ], [ -8.509289870575559, 40.187063568186019 ], [ -8.509281633783866, 40.187038794376043 ], [ -8.509281037250249, 40.187037837562507 ], [ -8.509202476195155, 40.186871666483363 ], [ -8.509145530675854, 40.186700389773044 ], [ -8.509110748955386, 40.186525656952412 ], [ -8.509098465833697, 40.186349150814657 ], [ -8.509108799429727, 40.186172571218222 ], [ -8.509141650050573, 40.185997618716016 ], [ -8.509196701158293, 40.185825978178265 ], [ -8.509273422424821, 40.185659302567103 ], [ -8.509371074845294, 40.18549919701865 ], [ -8.509488717860354, 40.185347203386378 ], [ -8.509625218418581, 40.18520478539412 ], [ -8.509779261891673, 40.185073314541832 ], [ -8.509949364737073, 40.184954056899677 ], [ -8.51013388878606, 40.184848160917724 ], [ -8.510331057019634, 40.184756646368207 ] ], [ [ -8.506883947229332, 40.196738719069877 ], [ -8.506851085832624, 40.196913670656421 ], [ -8.5067960200534, 40.197085309817318 ], [ -8.506747998141289, 40.197189610030591 ], [ -8.506887631966205, 40.197124817125939 ], [ -8.507095587195248, 40.197048571442679 ], [ -8.507215327176738, 40.19701528043845 ], [ -8.507184100466423, 40.196965198677667 ], [ -8.507105532875102, 40.196799026489572 ], [ -8.507048584126121, 40.196627749055523 ], [ -8.507013802513551, 40.196453015903394 ], [ -8.507001522836202, 40.196276509829538 ], [ -8.507011863179759, 40.196099930691808 ], [ -8.507020948665978, 40.196051559159393 ], [ -8.50698510062028, 40.196068193720045 ], [ -8.506819916217848, 40.196128758426255 ], [ -8.506847227492589, 40.196210900658528 ], [ -8.506882008549473, 40.196385633870527 ], [ -8.506894287938906, 40.196562139955041 ], [ -8.506883947229332, 40.196738719069877 ] ], [ [ -8.495686590627038, 40.203066928740391 ], [ -8.495659537550141, 40.20310185966801 ], [ -8.495522972045563, 40.203244261040602 ], [ -8.49536886004177, 40.203375712813482 ], [ -8.495198685701975, 40.203494948968149 ], [ -8.495014087912866, 40.20360082112898 ], [ -8.494816844500667, 40.20369230962519 ], [ -8.494608855107831, 40.203768533313294 ], [ -8.494392122895354, 40.203828758065278 ], [ -8.494168735247021, 40.203872403840677 ], [ -8.493940843661617, 40.203899050274316 ], [ -8.49371064302691, 40.203908440725932 ], [ -8.493480350475252, 40.203900484752509 ], [ -8.493252184024684, 40.203875258979629 ], [ -8.493028341211479, 40.20383300636334 ], [ -8.492810977920206, 40.203774133849613 ], [ -8.49267948374245, 40.203726946600909 ], [ -8.492812522922669, 40.203818651710009 ], [ -8.492968025897039, 40.203949137790666 ], [ -8.493106100139029, 40.2040906822076 ], [ -8.49322541586959, 40.204241921874718 ], [ -8.493324823932442, 40.204401400330575 ], [ -8.493361492112395, 40.204478983113617 ], [ -8.493502888152348, 40.204358385050774 ], [ -8.493673067629571, 40.204239151384392 ], [ -8.493857669244829, 40.204133281357024 ], [ -8.494054915232274, 40.204041794490898 ], [ -8.494262906085797, 40.203965571795301 ], [ -8.494479638849224, 40.203905347284255 ], [ -8.494703026401666, 40.203861700909528 ], [ -8.494930917552482, 40.203835052977084 ], [ -8.495161117752524, 40.203825660100513 ], [ -8.49539141022241, 40.203833612730548 ], [ -8.495424269014936, 40.203837244965399 ], [ -8.495477809367749, 40.203835060166554 ], [ -8.495708101901744, 40.203843012166224 ], [ -8.495870164308363, 40.203860926113208 ], [ -8.49591495665865, 40.20382271982632 ], [ -8.496085130550926, 40.203703482627368 ], [ -8.496269726938332, 40.203597608766565 ], [ -8.496466968105352, 40.20350611780308 ], [ -8.496672142494079, 40.203430921422878 ], [ -8.496672952287541, 40.203430230681391 ], [ -8.496675257557524, 40.20342861539558 ], [ -8.496494633504238, 40.203394526232259 ], [ -8.496277268666475, 40.203335660229861 ], [ -8.496068475941104, 40.203260741091569 ], [ -8.495870266229424, 40.203170490380217 ], [ -8.495686590627038, 40.203066928740391 ] ] ], [ [ [ -8.486347779560093, 40.186331789385889 ], [ -8.486544984337501, 40.186240315212508 ], [ -8.486752929464057, 40.186164105973234 ], [ -8.486969612423902, 40.186103895552549 ], [ -8.487192946575696, 40.186060263766542 ], [ -8.487420781242966, 40.186033630780734 ], [ -8.487650922420391, 40.186024253064822 ], [ -8.487881153896868, 40.186032220923565 ], [ -8.488109258592125, 40.186057457627328 ], [ -8.488333039901715, 40.186099720150921 ], [ -8.488550342845034, 40.186158601513327 ], [ -8.488759074812991, 40.18623353469598 ], [ -8.488957225715703, 40.18632379810191 ], [ -8.489142887336412, 40.186428522503142 ], [ -8.489314271705407, 40.186546699409668 ], [ -8.489469728317097, 40.18667719077925 ], [ -8.489607760024537, 40.186818739974903 ], [ -8.48972703745833, 40.186969983864451 ], [ -8.489826411831059, 40.187129465945766 ], [ -8.48990492600382, 40.187295650371389 ], [ -8.489961823708207, 40.187466936737614 ], [ -8.489996556834724, 40.187641675495556 ], [ -8.490008790717289, 40.187818183835994 ], [ -8.489998407362673, 40.187994761894899 ], [ -8.489965506593526, 40.188169709123819 ], [ -8.489918014887527, 40.188317637542106 ], [ -8.48991432041665, 40.188380463525618 ], [ -8.489881419252235, 40.188555410720738 ], [ -8.489826317235272, 40.188727042214978 ], [ -8.489749544872531, 40.188893705073063 ], [ -8.489651841386765, 40.189053794199417 ], [ -8.48953414760285, 40.189205767797709 ], [ -8.489397596891482, 40.189348162221101 ], [ -8.489243504257463, 40.189479606070229 ], [ -8.48907335367751, 40.189598833403018 ], [ -8.488888783809527, 40.189704695928761 ], [ -8.488818577948482, 40.189737261532564 ], [ -8.488896957953239, 40.189791305716064 ], [ -8.489052421222599, 40.189921797544208 ], [ -8.489190458693116, 40.190063347133268 ], [ -8.489309740939886, 40.190214591347313 ], [ -8.489409119129121, 40.19037407368107 ], [ -8.489487636085142, 40.190540258284656 ], [ -8.489544535512714, 40.190711544752666 ], [ -8.489579269285723, 40.190886283535228 ], [ -8.489591502731834, 40.191062791822866 ], [ -8.489581117861988, 40.191239369752097 ], [ -8.489548214513402, 40.191414316775699 ], [ -8.489493109394791, 40.191585948040164 ], [ -8.489416333042778, 40.191752610612362 ], [ -8.489318624718512, 40.191912699399509 ], [ -8.489200925293456, 40.192064672608488 ], [ -8.489064368192626, 40.192207066596254 ], [ -8.488910268482341, 40.19233850996762 ], [ -8.488854301421396, 40.192377725145974 ], [ -8.488731568715528, 40.19248241250898 ], [ -8.488561409768002, 40.192601639063703 ], [ -8.488376830992131, 40.19270750075686 ], [ -8.488179610031054, 40.192798978018523 ], [ -8.487971646310996, 40.192875189813428 ], [ -8.487754942745685, 40.192935402128136 ], [ -8.487531586442978, 40.192979035041986 ], [ -8.48730372859972, 40.193005668313724 ], [ -8.487073563778647, 40.193015045429824 ], [ -8.486843308767115, 40.19300707607578 ], [ -8.486615181221532, 40.192981837006037 ], [ -8.486391378303399, 40.192939571304706 ], [ -8.486174055512954, 40.1928806860438 ], [ -8.485965305924557, 40.192805748361721 ], [ -8.485767140023956, 40.192715479999897 ], [ -8.48558146634187, 40.192610750349985 ], [ -8.485410073070533, 40.192492568078997 ], [ -8.485254610840393, 40.192362071412809 ], [ -8.485116576822872, 40.19222051717194 ], [ -8.48499730031237, 40.192069268665037 ], [ -8.484897929926298, 40.191909782557154 ], [ -8.484819422546366, 40.19174359483884 ], [ -8.484762534107489, 40.191572306031823 ], [ -8.484727812322882, 40.191397565773407 ], [ -8.484715591415176, 40.191221056928306 ], [ -8.484725988904101, 40.191044479380963 ], [ -8.484758904481401, 40.190869533664468 ], [ -8.484814020983574, 40.190697904583615 ], [ -8.484890807452805, 40.19053124499009 ], [ -8.484988524256366, 40.190371159865713 ], [ -8.485106230214949, 40.190219190867175 ], [ -8.48524279167108, 40.190076801481034 ], [ -8.485396893410119, 40.189945362931688 ], [ -8.485452860485426, 40.189906149408344 ], [ -8.485575593642855, 40.189801465472961 ], [ -8.485745750888698, 40.189682243256755 ], [ -8.48593032561922, 40.189576385720827 ], [ -8.486000532709101, 40.189543821862429 ], [ -8.485922155275272, 40.189489775704544 ], [ -8.485766698966653, 40.189359279633081 ], [ -8.485628670021823, 40.189217725907753 ], [ -8.485509397686336, 40.189066477832284 ], [ -8.485410030537411, 40.188906992067494 ], [ -8.485331525425602, 40.188740804600698 ], [ -8.485274638264004, 40.188569515951151 ], [ -8.485239916753555, 40.188394775754638 ], [ -8.48522769511427, 40.18821826687531 ], [ -8.485238090872956, 40.188041689197931 ], [ -8.485271003738042, 40.187866743256812 ], [ -8.485318505245777, 40.18771881669138 ], [ -8.485322203926517, 40.187655990829306 ], [ -8.48535511639612, 40.187481044854316 ], [ -8.485410228712873, 40.187309415407213 ], [ -8.485487009959291, 40.187142755343174 ], [ -8.485584720552966, 40.186982669648565 ], [ -8.485702419374411, 40.186830699985592 ], [ -8.485838972834896, 40.186688309847206 ], [ -8.485993065796791, 40.186556870465047 ], [ -8.486163214241092, 40.186437647606255 ], [ -8.486347779560093, 40.186331789385889 ] ] ], [ [ [ -8.53644446187718, 40.190151002929888 ], [ -8.536652362330507, 40.190074704324054 ], [ -8.536869012818993, 40.190014400701081 ], [ -8.537092327013823, 40.189970672774507 ], [ -8.537320154430583, 40.189943941635569 ], [ -8.53755030113372, 40.189934464699085 ], [ -8.537780550858905, 40.189942333225133 ], [ -8.538008686350187, 40.189967471440553 ], [ -8.538232510706658, 40.190009637268496 ], [ -8.538308871924258, 40.190030290260154 ], [ -8.538508704254449, 40.190067935715426 ], [ -8.538726062501778, 40.190126722584672 ], [ -8.538934861139987, 40.190201564922759 ], [ -8.539133089437401, 40.190291742007503 ], [ -8.539318838432226, 40.190396385442149 ], [ -8.53949031931362, 40.190514487516396 ], [ -8.539645880646864, 40.190644910908667 ], [ -8.539784024276821, 40.190786399636686 ], [ -8.539903419756534, 40.190937591150657 ], [ -8.540002917162022, 40.191097029452941 ], [ -8.540081558169753, 40.191263179117826 ], [ -8.540138585290016, 40.191434440076513 ], [ -8.540173449167105, 40.191609163024985 ], [ -8.54018581387581, 40.191785665306426 ], [ -8.540175560162973, 40.191962247115349 ], [ -8.540142786602662, 40.19213720786739 ], [ -8.540087808653556, 40.192308862576972 ], [ -8.540011155627408, 40.19247555808537 ], [ -8.539913565597452, 40.192635688982726 ], [ -8.539795978295645, 40.192787713070508 ], [ -8.539659526066895, 40.192930166215739 ], [ -8.539505522967223, 40.193061676453603 ], [ -8.539335452110748, 40.193180977202616 ], [ -8.539150951387258, 40.193286919465066 ], [ -8.538953797687865, 40.193378482895064 ], [ -8.538745889790739, 40.193454785627367 ], [ -8.538529230071735, 40.193515092772692 ], [ -8.538305905216227, 40.193558823496943 ], [ -8.538078066118048, 40.193585556616725 ], [ -8.537847907159312, 40.193595034656788 ], [ -8.537617645070881, 40.193587166330424 ], [ -8.537389497577358, 40.193562027418984 ], [ -8.537165662032447, 40.193519860041832 ], [ -8.537089297232638, 40.193499206326067 ], [ -8.536889455579782, 40.193461558488565 ], [ -8.536672088218856, 40.193402768249314 ], [ -8.536463282187119, 40.193327921907397 ], [ -8.536265048514165, 40.193237740324435 ], [ -8.536079296383699, 40.1931330920563 ], [ -8.535907814743782, 40.193014984986178 ], [ -8.535752255076234, 40.192884556615738 ], [ -8.535614115491194, 40.192743063107741 ], [ -8.53549472630006, 40.192591867186039 ], [ -8.535395237205718, 40.192432425009294 ], [ -8.535316606233364, 40.192266272145147 ], [ -8.535259590508392, 40.192095008779773 ], [ -8.535224738970014, 40.191920284305631 ], [ -8.535212387090555, 40.191743781435605 ], [ -8.535222653651111, 40.191567199996761 ], [ -8.535255439604301, 40.191392240559843 ], [ -8.535310429034874, 40.191220588061981 ], [ -8.535387092208627, 40.191053895580517 ], [ -8.535484690680018, 40.190893768414156 ], [ -8.535602284409077, 40.190741748624582 ], [ -8.535738740818863, 40.1905993001876 ], [ -8.535892745706064, 40.190467794896342 ], [ -8.53606281589955, 40.190348499152691 ], [ -8.536247313544878, 40.190242561773587 ], [ -8.53644446187718, 40.190151002929888 ] ] ], [ [ [ -8.485194436959477, 40.194964379145631 ], [ -8.485391668220505, 40.194872906959795 ], [ -8.485599640948648, 40.194796699787418 ], [ -8.485816352362285, 40.194736491493053 ], [ -8.486039715546111, 40.194692861872362 ], [ -8.486267579544126, 40.194666231069974 ], [ -8.486497750068621, 40.194656855534546 ], [ -8.486728010625933, 40.194664825549836 ], [ -8.486956143855803, 40.194690064365467 ], [ -8.487179952879051, 40.19473232893592 ], [ -8.48739728244824, 40.194791212260469 ], [ -8.487606039697912, 40.194866147301667 ], [ -8.487804214294744, 40.194956412444675 ], [ -8.487989897793828, 40.195061138444807 ], [ -8.488161302014761, 40.195179316796647 ], [ -8.488316776260772, 40.195309809444083 ], [ -8.488454823215072, 40.195451359737852 ], [ -8.488574113361402, 40.195602604535217 ], [ -8.488673497789872, 40.195762087325313 ], [ -8.488703085342241, 40.195824707307558 ], [ -8.488794020783132, 40.195940000626443 ], [ -8.488893406223777, 40.196099483214084 ], [ -8.488971928629562, 40.19626566797978 ], [ -8.489028831652716, 40.196436954516571 ], [ -8.489063567132455, 40.196611693273937 ], [ -8.489075800379961, 40.196788201442629 ], [ -8.489065413408035, 40.196964779160304 ], [ -8.489032506074089, 40.19713972588179 ], [ -8.488977395125172, 40.197311356756487 ], [ -8.488900611154014, 40.197478018855023 ], [ -8.488802893495102, 40.197638107089119 ], [ -8.488685183109768, 40.197790079671016 ], [ -8.488548613528557, 40.197932472963672 ], [ -8.488394499937977, 40.198063915578572 ], [ -8.488248715686527, 40.19816605421461 ], [ -8.488320504699416, 40.198239662132082 ], [ -8.488439799480092, 40.198390906975121 ], [ -8.48853918771364, 40.198550389787414 ], [ -8.488617712127597, 40.198716574714446 ], [ -8.488674616354851, 40.19888786134775 ], [ -8.488709352222994, 40.199062600135854 ], [ -8.488721585039443, 40.199239108269225 ], [ -8.488711196821134, 40.199415685885867 ], [ -8.488678287437455, 40.199590632441563 ], [ -8.488623173655187, 40.199762263087287 ], [ -8.488546386094315, 40.1999289248959 ], [ -8.488448664123888, 40.200089012781909 ], [ -8.488330948746748, 40.200240984960907 ], [ -8.488194373541509, 40.200383377799689 ], [ -8.488040253748828, 40.200514819914154 ], [ -8.487870073606985, 40.20063404537887 ], [ -8.487694596903964, 40.200734673254445 ], [ -8.487700739967909, 40.200823328750282 ], [ -8.487690348888924, 40.200999906239382 ], [ -8.487657436143083, 40.201174852471524 ], [ -8.487603440350737, 40.201342989382944 ], [ -8.487624537193939, 40.201449121745377 ], [ -8.48763676767229, 40.20162562993081 ], [ -8.487626376320048, 40.201802207390898 ], [ -8.487593463036765, 40.201977153582959 ], [ -8.487538344626749, 40.202148783661471 ], [ -8.487479904899105, 40.202275613557724 ], [ -8.487572133622628, 40.202370174889417 ], [ -8.487691434052897, 40.20252142037161 ], [ -8.487790826640168, 40.202680903694038 ], [ -8.48786935407003, 40.202847088997345 ], [ -8.487926259946285, 40.203018375869384 ], [ -8.487927654512468, 40.203025391202836 ], [ -8.487949037031729, 40.203059700733711 ], [ -8.488027565290968, 40.203225885915252 ], [ -8.488080803188385, 40.203386130069035 ], [ -8.488223294758631, 40.203505711590587 ], [ -8.488361358267625, 40.203647261724313 ], [ -8.488480662705301, 40.203798506342508 ], [ -8.488580059024105, 40.203957988936054 ], [ -8.488658589873685, 40.204124173652581 ], [ -8.488715498824902, 40.204295460085618 ], [ -8.488750237659819, 40.204470198685655 ], [ -8.488762471657235, 40.204646706644972 ], [ -8.488752082822668, 40.204823284103227 ], [ -8.488719171031393, 40.204998230517759 ], [ -8.488664053073325, 40.205169861040893 ], [ -8.488587259608629, 40.205336522746656 ], [ -8.488489530063175, 40.205496610550533 ], [ -8.48837180551272, 40.205648582668886 ], [ -8.488235219624201, 40.205790975469121 ], [ -8.488081087741149, 40.205922417567479 ], [ -8.487910894218274, 40.206041643038652 ], [ -8.487726278127056, 40.206147503609891 ], [ -8.487529017470033, 40.206238979722031 ], [ -8.487321012055791, 40.206315190350843 ], [ -8.487104265199667, 40.206375401494121 ], [ -8.486880864426526, 40.206419033242447 ], [ -8.486652961361594, 40.20644566536577 ], [ -8.48642275100323, 40.206455041361643 ], [ -8.486192450577459, 40.206447070926323 ], [ -8.485964278178164, 40.206421830824695 ], [ -8.485880195069546, 40.20640595433732 ], [ -8.48570067915688, 40.206489197438501 ], [ -8.485492670908325, 40.206565404790695 ], [ -8.485275921614196, 40.206625612518252 ], [ -8.485052518822849, 40.206669240744681 ], [ -8.484824614178955, 40.206695869273823 ], [ -8.484594402696079, 40.206705241637884 ], [ -8.484364101611082, 40.206697267568082 ], [ -8.484260409652119, 40.206685795743759 ], [ -8.484256134367691, 40.206688790419477 ], [ -8.484140121677102, 40.206755306896277 ], [ -8.484036135471262, 40.206843975864317 ], [ -8.483865932525221, 40.206963195409401 ], [ -8.483681307604963, 40.2070690495501 ], [ -8.483484038798077, 40.207160518789181 ], [ -8.483276025991668, 40.207236722168645 ], [ -8.483059272572287, 40.207296925756076 ], [ -8.482835866128037, 40.20734054971485 ], [ -8.482607958338772, 40.207367173889921 ], [ -8.482552351914537, 40.207369436691344 ], [ -8.482497772109415, 40.207439881884014 ], [ -8.48236117031105, 40.207582267776651 ], [ -8.482207022992947, 40.20771370207833 ], [ -8.482036814658498, 40.207832918938827 ], [ -8.481852184521866, 40.207938770168305 ], [ -8.481654910720902, 40.208030236297581 ], [ -8.481446893190812, 40.208106436398566 ], [ -8.48123013536366, 40.208166636570446 ], [ -8.481006724870003, 40.208210257009497 ], [ -8.480778813428715, 40.20823687759458 ], [ -8.480681812668386, 40.208240823262265 ], [ -8.480679576327409, 40.208241642446509 ], [ -8.480462817381262, 40.208301841184827 ], [ -8.480239405941811, 40.20834546014585 ], [ -8.48001149373704, 40.20837207922272 ], [ -8.479781275853354, 40.208381442038629 ], [ -8.479550969589278, 40.208373458416787 ], [ -8.479322793094937, 40.208348205249109 ], [ -8.479098944003351, 40.208305925755475 ], [ -8.478881578259532, 40.208247027140807 ], [ -8.478725682325429, 40.208191064098024 ], [ -8.4786619571955, 40.20832930880222 ], [ -8.478564199992444, 40.208489388260034 ], [ -8.478446448073687, 40.208641350320768 ], [ -8.478309835369773, 40.208783731448612 ], [ -8.478155677482546, 40.208915160372229 ], [ -8.477985459017203, 40.209034371293185 ], [ -8.477800819285514, 40.209140216078843 ], [ -8.47760353651775, 40.209231675322059 ], [ -8.47739551073551, 40.209307868161105 ], [ -8.477178745450356, 40.209368060765058 ], [ -8.476955328364697, 40.209411673403132 ], [ -8.476727411260912, 40.209438286029311 ], [ -8.476497189272607, 40.209447642328954 ], [ -8.476266879737841, 40.209439652188038 ], [ -8.47626304580575, 40.209439227771888 ], [ -8.476124879417032, 40.209444842400096 ], [ -8.475894569930222, 40.209436851518198 ], [ -8.475666391173052, 40.209411591156872 ], [ -8.475442540800332, 40.20936930460536 ], [ -8.475225174769413, 40.209310399136484 ], [ -8.475016386571149, 40.20923544208334 ], [ -8.474818187063155, 40.20914515537396 ], [ -8.474632485099814, 40.209040408576762 ], [ -8.474535975790983, 40.208973861688889 ], [ -8.474541527345119, 40.209054194601627 ], [ -8.474531101008161, 40.20923077080564 ], [ -8.474498150575789, 40.209405713204809 ], [ -8.47444299321004, 40.209577336990066 ], [ -8.474366159950611, 40.209743989300314 ], [ -8.474268945274217, 40.209903156997392 ], [ -8.474245370452069, 40.210028318121516 ], [ -8.474190211954229, 40.210199941772579 ], [ -8.474113377382166, 40.210366593902556 ], [ -8.474015606557661, 40.210526669519105 ], [ -8.473897840954061, 40.210678626955925 ], [ -8.473761214633727, 40.210821002721751 ], [ -8.473607043329658, 40.210952425596865 ], [ -8.473436811776292, 40.211071629841072 ], [ -8.473252159411471, 40.211177467386037 ], [ -8.473054864587173, 40.211268918894355 ], [ -8.472846827441137, 40.211345103578779 ], [ -8.4726300515944, 40.211405287686937 ], [ -8.472406624851121, 40.211448891569866 ], [ -8.472178699086715, 40.211475495265866 ], [ -8.472134603871842, 40.211477285559575 ], [ -8.472118928991819, 40.211490646975989 ], [ -8.4719486934759, 40.211609849036904 ], [ -8.471787166699608, 40.211702427708808 ], [ -8.47173422818654, 40.211747552465098 ], [ -8.471563991353008, 40.211866753960344 ], [ -8.471379333904686, 40.211972588524034 ], [ -8.471182034242521, 40.212064036847465 ], [ -8.470973992550858, 40.212140218174063 ], [ -8.470757212494529, 40.2122003987838 ], [ -8.470533781918242, 40.212243999061407 ], [ -8.470305852734342, 40.212270599079936 ], [ -8.470075620192807, 40.212279942646163 ], [ -8.4699930109948, 40.212277072276613 ], [ -8.469962899530238, 40.212342371528187 ], [ -8.469865116109435, 40.212502443635948 ], [ -8.469747337817399, 40.212654396850148 ], [ -8.469610698838698, 40.212796767720143 ], [ -8.469456515028257, 40.212928185073388 ], [ -8.469286271240991, 40.213047383222843 ], [ -8.469101607032586, 40.213153214158872 ], [ -8.468904300869111, 40.213244658607728 ], [ -8.468696252997542, 40.213320835850126 ], [ -8.468479467142243, 40.21338101220541 ], [ -8.468256031203786, 40.213424608099245 ], [ -8.468106292938318, 40.213442079745555 ], [ -8.46809713602449, 40.213596900132174 ], [ -8.468064166999318, 40.213771840643766 ], [ -8.468008989919269, 40.213943461314138 ], [ -8.467932136013882, 40.214110109312124 ], [ -8.467834345291131, 40.214270179685172 ], [ -8.467716559415999, 40.214422130817439 ], [ -8.4675799126461, 40.214564499278374 ], [ -8.467425720911397, 40.214695913918575 ], [ -8.467255469143128, 40.214815109077172 ], [ -8.467070796973861, 40.214920936773296 ], [ -8.466873482946346, 40.215012377764396 ], [ -8.466665427383315, 40.215088551364509 ], [ -8.466448634083225, 40.215148723928024 ], [ -8.466225191018369, 40.215192315917172 ], [ -8.465997250221399, 40.215218907484825 ], [ -8.46576700705417, 40.215228242519196 ], [ -8.465536679058761, 40.215220231111061 ], [ -8.465308484594644, 40.215194950419992 ], [ -8.465084621467922, 40.21515264393102 ], [ -8.464867245758786, 40.215093719109049 ], [ -8.464658451051292, 40.215018743473586 ], [ -8.464460248265723, 40.214928439131619 ], [ -8.46427454628799, 40.214823675821442 ], [ -8.464103133582757, 40.21470546253429 ], [ -8.4639476609675, 40.214574937794822 ], [ -8.463835010950969, 40.21445939571614 ], [ -8.463739791323661, 40.214526054934801 ], [ -8.463555114428653, 40.21463187704606 ], [ -8.463532881314819, 40.214642179660835 ], [ -8.463441489252228, 40.21470615875841 ], [ -8.463256811402955, 40.214811980394252 ], [ -8.463059492519584, 40.21490341490491 ], [ -8.462851432971631, 40.214979581666846 ], [ -8.462634636595949, 40.21503974710032 ], [ -8.46241119139447, 40.215083331736224 ], [ -8.462183249420431, 40.215109915798259 ], [ -8.461953006047029, 40.215119243246917 ], [ -8.461722678818338, 40.215111224246087 ], [ -8.4615117181143, 40.215087845690526 ], [ -8.461476205793842, 40.215164830559729 ], [ -8.46137839834434, 40.215324895516119 ], [ -8.461260596194419, 40.215476840116132 ], [ -8.461123933758456, 40.21561920099208 ], [ -8.46096972711733, 40.215750607067626 ], [ -8.460799461345879, 40.215869792764352 ], [ -8.460614776211568, 40.21597561019253 ], [ -8.460417450382055, 40.216067040208507 ], [ -8.460209384293774, 40.216143202232011 ], [ -8.459992581846587, 40.216203362728947 ], [ -8.459769131100911, 40.216246942277756 ], [ -8.459541184163401, 40.21627352115113 ], [ -8.459310936455067, 40.216282843359558 ], [ -8.45908060556174, 40.216274819117395 ], [ -8.458852409870799, 40.216249525707802 ], [ -8.458845491159773, 40.216248217802871 ], [ -8.45875079695654, 40.216244918528979 ], [ -8.458522601484239, 40.216219624468174 ], [ -8.458432596099961, 40.216202609641002 ], [ -8.458315431610805, 40.216269736364602 ], [ -8.458118101814044, 40.216361162471685 ], [ -8.457910032226286, 40.216437320371853 ], [ -8.457693226781105, 40.21649747657073 ], [ -8.457469773567803, 40.216541051688139 ], [ -8.45724182471681, 40.21656762603947 ], [ -8.45701157566757, 40.216576943678781 ], [ -8.456823432196813, 40.216570385478541 ], [ -8.456720003237431, 40.216599082436325 ], [ -8.45649654905484, 40.216642655677944 ], [ -8.456268599470659, 40.216669228115059 ], [ -8.456038349931401, 40.216678543820152 ], [ -8.45580801804053, 40.216670513070191 ], [ -8.455738730401897, 40.216662831264337 ], [ -8.455693952628222, 40.216700983151213 ], [ -8.455523675193909, 40.216820161113411 ], [ -8.45533897922642, 40.216925970148722 ], [ -8.455141643497777, 40.217017391194311 ], [ -8.454933568539786, 40.217093543756327 ], [ -8.454716758337756, 40.217153694391804 ], [ -8.454493301026822, 40.217197263774118 ], [ -8.454479788477551, 40.217198838714246 ], [ -8.454360356579649, 40.217242548251619 ], [ -8.454143545389595, 40.217302697815676 ], [ -8.453920087215348, 40.217346266093635 ], [ -8.453692134235128, 40.217372833466726 ], [ -8.453461881928162, 40.217382144056245 ], [ -8.45340587045607, 40.217380189976424 ], [ -8.453342138593539, 40.217462373967685 ], [ -8.453205455562793, 40.217604725525824 ], [ -8.453051229079804, 40.217736121084087 ], [ -8.452997925890998, 40.217773425503921 ], [ -8.452970556961112, 40.217801929178378 ], [ -8.452816329577718, 40.217933324422674 ], [ -8.452646044003254, 40.218052498157782 ], [ -8.452461340195962, 40.218158302609204 ], [ -8.452263997003387, 40.218249718758237 ], [ -8.452055915029238, 40.21832586615816 ], [ -8.451839098326415, 40.218386011415745 ], [ -8.451615635092681, 40.218429575256209 ], [ -8.451387677554999, 40.218456138103541 ], [ -8.451157421236497, 40.218465444122607 ], [ -8.450927083805954, 40.218457403683686 ], [ -8.450698883713724, 40.218432094225953 ], [ -8.450475018820107, 40.218389759511567 ], [ -8.450257645222297, 40.218330807277283 ], [ -8.450048856483974, 40.21825580530664 ], [ -8.449850663467881, 40.218165475960333 ], [ -8.449664974965764, 40.218060689217467 ], [ -8.449493579312428, 40.217942454294949 ], [ -8.449338127161038, 40.217811909925828 ], [ -8.449200115585695, 40.217670313390045 ], [ -8.449080873664371, 40.217519028403615 ], [ -8.448981549681049, 40.217359511982878 ], [ -8.448903100070224, 40.217193300410301 ], [ -8.448846280210137, 40.217021994437275 ], [ -8.448811637153243, 40.21684724386634 ], [ -8.448799504363691, 40.216670731661416 ], [ -8.448809998512342, 40.21649415773917 ], [ -8.448843018359849, 40.216319222597654 ], [ -8.448861637408132, 40.216261366506146 ], [ -8.448653243343312, 40.216301988198744 ], [ -8.448425291735141, 40.21632854519887 ], [ -8.448195042172763, 40.216337845302412 ], [ -8.447964712259873, 40.216329798936648 ], [ -8.447736520374404, 40.216304483597831 ], [ -8.447512664297603, 40.21626214310475 ], [ -8.447295300041722, 40.216203185249853 ], [ -8.447086521080447, 40.2161281778708 ], [ -8.446888338182335, 40.216037843380377 ], [ -8.446702660041668, 40.215933051807198 ], [ -8.446693333958397, 40.215926617717209 ], [ -8.446655914424754, 40.215913173862432 ], [ -8.446457732721898, 40.215822838626828 ], [ -8.446438672785327, 40.215812081613947 ], [ -8.446319581572197, 40.215779777927928 ], [ -8.446110804977854, 40.215704768774465 ], [ -8.445912624601752, 40.215614432597242 ], [ -8.445726949113881, 40.215509639441166 ], [ -8.445555566723671, 40.215391398584892 ], [ -8.445400127956532, 40.215260848818616 ], [ -8.445262129757639, 40.215119247474263 ], [ -8.445142901076128, 40.214967958314126 ], [ -8.445043590068456, 40.214808438394748 ], [ -8.444965153044155, 40.214642224032254 ], [ -8.444908345260249, 40.214470916004906 ], [ -8.444873713652893, 40.214296164134986 ], [ -8.444870160444696, 40.214244425040029 ], [ -8.444815397394969, 40.214275791217403 ], [ -8.444618055072493, 40.214367194388565 ], [ -8.444409976298655, 40.214443328082197 ], [ -8.444193165095561, 40.214503459037054 ], [ -8.443969709608011, 40.214547008116142 ], [ -8.443839680748118, 40.214562151899258 ], [ -8.443844488531695, 40.214576650868452 ], [ -8.44387911764464, 40.214751403047252 ], [ -8.443891237296153, 40.214927915876082 ], [ -8.443880730592841, 40.215104489447569 ], [ -8.44384769854506, 40.215279423256284 ], [ -8.443792459100859, 40.215451032575793 ], [ -8.443715544090439, 40.215617664684181 ], [ -8.443617694110337, 40.215777714781844 ], [ -8.443499851396343, 40.215929641448128 ], [ -8.443363150753587, 40.216071981488071 ], [ -8.443208908631014, 40.216203364025965 ], [ -8.443038610445285, 40.216322523710055 ], [ -8.442853896276157, 40.216428312901144 ], [ -8.442656545071021, 40.216519712727518 ], [ -8.442448457510801, 40.216595842899679 ], [ -8.442231637702239, 40.216655970190345 ], [ -8.442008173873036, 40.216699515497766 ], [ -8.441780218255905, 40.216726059424474 ], [ -8.441549966355488, 40.21673534631757 ], [ -8.441319635798004, 40.216727286731569 ], [ -8.441091444967592, 40.216701958290095 ], [ -8.44086759163533, 40.216659604938101 ], [ -8.440650231787021, 40.216600634591927 ], [ -8.440441458853877, 40.216525615209541 ], [ -8.440243283546373, 40.216435269319341 ], [ -8.440057614485646, 40.216330467059748 ], [ -8.439886239819202, 40.216212217797157 ], [ -8.439730809998025, 40.2160816604027 ], [ -8.439592821881101, 40.215940052281738 ], [ -8.43947360432043, 40.215788757261855 ], [ -8.439374305365332, 40.215629232456003 ], [ -8.439295881209231, 40.215463014227375 ], [ -8.439239086985195, 40.215291703391429 ], [ -8.439204469498767, 40.215116949797483 ], [ -8.439192361967841, 40.214940436438582 ], [ -8.439202880820023, 40.214763863242453 ], [ -8.439235924578085, 40.214588930700089 ], [ -8.439291174843959, 40.214417323489286 ], [ -8.439368099371571, 40.214250694250907 ], [ -8.439465957198641, 40.214090647674261 ], [ -8.439583805787832, 40.213938725044699 ], [ -8.439720510108227, 40.213796389402027 ], [ -8.439874753569553, 40.213665011453017 ], [ -8.440045050703702, 40.213545856373038 ], [ -8.440229761471333, 40.213440071624383 ], [ -8.440427107055763, 40.213348675908016 ], [ -8.440635186992077, 40.213272549355494 ], [ -8.44085199746651, 40.213212425055019 ], [ -8.441075450610072, 40.213168881993418 ], [ -8.441205477444116, 40.213153741319474 ], [ -8.441200670324749, 40.213139242234597 ], [ -8.441166048933692, 40.212964489176947 ], [ -8.441153936733182, 40.21278797597504 ], [ -8.441164450195815, 40.212611402555133 ], [ -8.441197487896286, 40.212436469410399 ], [ -8.441213455594283, 40.212386867597395 ], [ -8.441107180718822, 40.212447734158943 ], [ -8.440909838660975, 40.21253913103584 ], [ -8.440701761273015, 40.212615258082224 ], [ -8.440484952563702, 40.212675382100912 ], [ -8.440261500653829, 40.212718924021686 ], [ -8.440033557661296, 40.212745464479717 ], [ -8.439803318969131, 40.212754747855499 ], [ -8.439573002076317, 40.212746684737432 ], [ -8.439344825235359, 40.212721352783163 ], [ -8.439120986082573, 40.212678995971494 ], [ -8.438903640467167, 40.212620022252068 ], [ -8.438694881683251, 40.212544999615339 ], [ -8.438496720305002, 40.212454650621041 ], [ -8.438311064819384, 40.212349845437515 ], [ -8.438139703243143, 40.212231593459265 ], [ -8.437984285901187, 40.212101033583579 ], [ -8.437846309532308, 40.211959423239719 ], [ -8.437813287437509, 40.211917511712322 ], [ -8.437656627725374, 40.21194803501983 ], [ -8.437428686265253, 40.211974570346072 ], [ -8.437198449793177, 40.211983848533578 ], [ -8.436968135786744, 40.211975780220726 ], [ -8.436739962470654, 40.211950443115171 ], [ -8.436516127447263, 40.211908081245362 ], [ -8.436298786526001, 40.211849102609641 ], [ -8.43609003295575, 40.211774075245849 ], [ -8.435891877260458, 40.211683721759229 ], [ -8.435706227872343, 40.211578912361368 ], [ -8.435534872749415, 40.211460656487382 ], [ -8.435379462154405, 40.211330093072078 ], [ -8.435241492761115, 40.211188479578787 ], [ -8.435122293241212, 40.211037179886823 ], [ -8.435023011470269, 40.2108776511541 ], [ -8.434944603476215, 40.210711429781632 ], [ -8.434887824236483, 40.210540116615107 ], [ -8.434853220412336, 40.210365361526307 ], [ -8.43484112509012, 40.210188847522595 ], [ -8.434851654579905, 40.210012274537959 ], [ -8.434884707302057, 40.209837343061295 ], [ -8.434939964772234, 40.209665737760147 ], [ -8.435016894675025, 40.209499111256946 ], [ -8.435032883129006, 40.209472963692299 ], [ -8.434967199249119, 40.209443011886165 ], [ -8.434781557411355, 40.209338200937033 ], [ -8.434610209554206, 40.209219943621832 ], [ -8.434561352717752, 40.209178895895967 ], [ -8.434563141721609, 40.209205005918925 ], [ -8.434552611594841, 40.209381578904264 ], [ -8.434519558232408, 40.209556510302214 ], [ -8.43446429978769, 40.209728115409483 ], [ -8.434387368273958, 40.209894741544716 ], [ -8.434340562043587, 40.2099712866058 ], [ -8.434395537873396, 40.210041069913849 ], [ -8.434494816943596, 40.210200599217693 ], [ -8.434573223244289, 40.210366820915716 ], [ -8.434630001545543, 40.210538134245112 ], [ -8.434664604887422, 40.2107128893972 ], [ -8.434676699853435, 40.210889403404671 ], [ -8.434675590721231, 40.210908001880959 ], [ -8.43470536217322, 40.210997828211589 ], [ -8.434763393761177, 40.21103787817075 ], [ -8.434918802508175, 40.211168442426569 ], [ -8.435056771191332, 40.211310056307575 ], [ -8.435175971047801, 40.211461356058649 ], [ -8.435275254036847, 40.211620884639622 ], [ -8.435353663899226, 40.21178710575515 ], [ -8.435410445370689, 40.211958418648095 ], [ -8.43544505146077, 40.212133173513919 ], [ -8.435447522413048, 40.212169227802335 ], [ -8.435552350238556, 40.212228408849469 ], [ -8.435723707333675, 40.212346664674648 ], [ -8.435879120920671, 40.212477227593858 ], [ -8.436017094266568, 40.212618840281081 ], [ -8.436136298563614, 40.212770138992695 ], [ -8.436208831798664, 40.212886680429378 ], [ -8.436351126940364, 40.21300622029171 ], [ -8.43648910234489, 40.213147832395791 ], [ -8.436506081204081, 40.213169382240345 ], [ -8.436602112285058, 40.213235652288695 ], [ -8.436757529591819, 40.213366213994753 ], [ -8.436895506574016, 40.213507825599791 ], [ -8.437014714388885, 40.21365912337059 ], [ -8.437025359350018, 40.213676226329099 ], [ -8.437123025179613, 40.213711326150715 ], [ -8.437321188419189, 40.213801677470258 ], [ -8.437506846365848, 40.21390648420612 ], [ -8.437678211085, 40.214024737075441 ], [ -8.437833632259975, 40.214155297304544 ], [ -8.437971613084734, 40.214296907593329 ], [ -8.438090824679509, 40.214448204221284 ], [ -8.438190118890526, 40.214607730178315 ], [ -8.438268539350464, 40.214773949194374 ], [ -8.438275741717163, 40.21479567521574 ], [ -8.438342914338273, 40.214819814897936 ], [ -8.438541082422946, 40.214910164093787 ], [ -8.438726745272477, 40.215014968834744 ], [ -8.438898114905072, 40.215133219857186 ], [ -8.439053540956751, 40.215263778405195 ], [ -8.439191526574515, 40.21540538719487 ], [ -8.439310742832442, 40.215556682520138 ], [ -8.439410041531854, 40.215716207383473 ], [ -8.439488466262205, 40.215882425525358 ], [ -8.439535085443646, 40.216023042098115 ], [ -8.439584680839541, 40.216045652685899 ], [ -8.439770348396324, 40.216150455714853 ], [ -8.439941722706132, 40.21626870515162 ], [ -8.440097153359943, 40.21639926225555 ], [ -8.440235143460447, 40.216540869756663 ], [ -8.440354364038555, 40.216692163961284 ], [ -8.440453666853983, 40.216851687882688 ], [ -8.440532095456543, 40.217017905270438 ], [ -8.4405888944015, 40.217189215403266 ], [ -8.440623516530081, 40.217363968503314 ], [ -8.440635628244824, 40.21754048162304 ], [ -8.440630463138076, 40.2176272125756 ], [ -8.440639089118001, 40.217638158920224 ], [ -8.440738393994664, 40.217797682563607 ], [ -8.440816824397116, 40.217963899724545 ], [ -8.440873624863283, 40.218135209683993 ], [ -8.440908248219735, 40.218309962665735 ], [ -8.440920360857179, 40.218486475723388 ], [ -8.44090984594974, 40.218663048947356 ], [ -8.44087680458675, 40.218837981835549 ], [ -8.440821554805943, 40.219009589670407 ], [ -8.440744628537058, 40.21917621974427 ], [ -8.440718714553581, 40.219218600595646 ], [ -8.440740213045938, 40.21924066146272 ], [ -8.440859439514172, 40.219391955054597 ], [ -8.440958747492964, 40.21955147844902 ], [ -8.441037180482388, 40.219717695400639 ], [ -8.441093982995445, 40.219889005192435 ], [ -8.441128607838984, 40.220063758049761 ], [ -8.441140721389372, 40.220240271027478 ], [ -8.441130206811922, 40.220416844216743 ], [ -8.441097165192781, 40.220591777115821 ], [ -8.441041914572134, 40.220763385007018 ], [ -8.440964986887787, 40.220930015182162 ], [ -8.440909507294831, 40.221020747089675 ], [ -8.4409384454086, 40.221033938550939 ], [ -8.441124128702581, 40.221138739259295 ], [ -8.441295517976403, 40.221256986533895 ], [ -8.441450962676948, 40.221387541654906 ], [ -8.441588965771631, 40.221529147371463 ], [ -8.441708198166218, 40.221680440007091 ], [ -8.441807511506617, 40.221839962590181 ], [ -8.441885949241255, 40.222006178883198 ], [ -8.441942755837426, 40.222177488175447 ], [ -8.44194595133818, 40.222193614418089 ], [ -8.442019812624372, 40.222287334474139 ], [ -8.442119127589237, 40.22244685676705 ], [ -8.442197566793483, 40.222613072825965 ], [ -8.442254374690245, 40.222784381942446 ], [ -8.442289004034503, 40.222959134348393 ], [ -8.442301121159261, 40.223135647103014 ], [ -8.442290609195387, 40.223312220299604 ], [ -8.442257569203827, 40.223487153436366 ], [ -8.442202319209064, 40.223658761793324 ], [ -8.442125391142856, 40.223825392657808 ], [ -8.442027525727417, 40.223985441242178 ], [ -8.441909665347149, 40.224137366140361 ], [ -8.441779555197327, 40.224272822366324 ], [ -8.441758997097482, 40.224381663213265 ], [ -8.441703745130789, 40.224553271313091 ], [ -8.441626814842973, 40.224719901828777 ], [ -8.441528946977641, 40.224879949976014 ], [ -8.441411083942789, 40.225031874352943 ], [ -8.441274360739223, 40.225174211786602 ], [ -8.441120094033149, 40.22530559142637 ], [ -8.441064303158416, 40.225344621965029 ], [ -8.441095520927606, 40.225362240301735 ], [ -8.441266920842539, 40.225480487492682 ], [ -8.441422375193724, 40.225611042520796 ], [ -8.44156038685564, 40.225752648136101 ], [ -8.441679626651528, 40.225903940663109 ], [ -8.441778946156003, 40.226063463131283 ], [ -8.441857388758105, 40.226229679304204 ], [ -8.441914198878218, 40.226400988472321 ], [ -8.441948829249883, 40.226575740867041 ], [ -8.441960946196176, 40.226752253547694 ], [ -8.441950432849655, 40.22692882660828 ], [ -8.441917390284546, 40.227103759548292 ], [ -8.441862136550091, 40.227275367649675 ], [ -8.441785203614028, 40.22744199820221 ], [ -8.44168733224546, 40.227602046421232 ], [ -8.441569464886095, 40.227753970904196 ], [ -8.441432736578378, 40.227896308477114 ], [ -8.441405508567701, 40.227919496135002 ], [ -8.441374420876254, 40.228084070195607 ], [ -8.441319164989025, 40.228255678016765 ], [ -8.441242229626267, 40.228422308189238 ], [ -8.441144355580448, 40.228582355932012 ], [ -8.441026485319055, 40.228734279847139 ], [ -8.440889753912483, 40.22887661676608 ], [ -8.440735478105928, 40.229007995843148 ], [ -8.44063524014847, 40.229078116470063 ], [ -8.440597090433943, 40.229127287026188 ], [ -8.440460357340216, 40.22926962343449 ], [ -8.440306079813473, 40.229401001936679 ], [ -8.44013574361135, 40.229520157219874 ], [ -8.440132472919792, 40.229522029918463 ], [ -8.440168374686442, 40.229579693243942 ], [ -8.440246817469477, 40.229745910406784 ], [ -8.440303626531007, 40.229917220265342 ], [ -8.440338254614733, 40.23009197304436 ], [ -8.440348483338767, 40.230241022314324 ], [ -8.440357038074481, 40.230266819181324 ], [ -8.440391666479126, 40.230441571932623 ], [ -8.440403780136791, 40.230618084670681 ], [ -8.440393262211664, 40.230794657488993 ], [ -8.440360213822043, 40.230969589889362 ], [ -8.440304953073223, 40.231141197158905 ], [ -8.440228012000478, 40.231307826595419 ], [ -8.440225111847276, 40.231312568717364 ], [ -8.440290333485686, 40.231336000109941 ], [ -8.440488552406233, 40.231426345524561 ], [ -8.440674263492205, 40.231531146662931 ], [ -8.440845678297324, 40.231649394296177 ], [ -8.441001146022598, 40.231779949701057 ], [ -8.441139169413693, 40.231921555623984 ], [ -8.441258419180883, 40.232072848386501 ], [ -8.441357746802716, 40.232232371015826 ], [ -8.441436195590027, 40.232398587273998 ], [ -8.441493009903589, 40.232569896450642 ], [ -8.441527642436506, 40.232744648777128 ], [ -8.441539759490995, 40.232921161313385 ], [ -8.441529244198506, 40.233097734154853 ], [ -8.441525280073176, 40.233118718390237 ], [ -8.441586173928281, 40.233101836182406 ], [ -8.441809691869809, 40.233058291610554 ], [ -8.442037702186775, 40.233031747495822 ], [ -8.442268009182747, 40.233022459452144 ], [ -8.442498395050135, 40.233030516920834 ], [ -8.442726641222185, 40.233055842309447 ], [ -8.442950549732263, 40.233098191738918 ], [ -8.443167964374979, 40.233157157391446 ], [ -8.443376791465644, 40.23323217143691 ], [ -8.443575019998326, 40.233322511499779 ], [ -8.443760741008576, 40.233427307614022 ], [ -8.443932165954562, 40.233545550599139 ], [ -8.444087643939657, 40.233676101776631 ], [ -8.444196690662839, 40.233787967670004 ], [ -8.444252345351973, 40.23383469922495 ], [ -8.444390379688976, 40.233976301179148 ], [ -8.444493474842972, 40.234107083678118 ], [ -8.444657610843247, 40.234075103705784 ], [ -8.444885623419941, 40.234048553976571 ], [ -8.445115933434099, 40.234039260255997 ], [ -8.44534632304908, 40.234047312040026 ], [ -8.445574573662043, 40.234072631790966 ], [ -8.445798487263598, 40.234114975684015 ], [ -8.446015907599344, 40.234173935954701 ], [ -8.446224740929784, 40.234248944824714 ], [ -8.446422976188908, 40.234339279968388 ], [ -8.446608704347513, 40.234444071467031 ], [ -8.446780136794947, 40.234562310184586 ], [ -8.446935622562355, 40.234692857483701 ], [ -8.447073664221683, 40.234834456188842 ], [ -8.447192932307308, 40.234985742691109 ], [ -8.447292278121379, 40.235145260077992 ], [ -8.447370744799551, 40.235311472162053 ], [ -8.447427576530304, 40.235482778273131 ], [ -8.447462225838997, 40.235657528672135 ], [ -8.447474358866273, 40.235834040437602 ], [ -8.447463858589744, 40.236010613672399 ], [ -8.447430825957685, 40.236185547874335 ], [ -8.447375578923586, 40.23635715831324 ], [ -8.447298649390573, 40.236523792256364 ], [ -8.447264089959761, 40.236580308695636 ], [ -8.44726878707475, 40.236648644506246 ], [ -8.447258286152008, 40.236825217700002 ], [ -8.44722525260828, 40.237000151822137 ], [ -8.447170004405837, 40.237171762143205 ], [ -8.447093073459044, 40.237338395931609 ], [ -8.446995200517753, 40.237498448371561 ], [ -8.446877328038738, 40.237650378019815 ], [ -8.446756419941247, 40.23777624382479 ], [ -8.446804733987264, 40.237878583046559 ], [ -8.446814309315656, 40.237907445369082 ], [ -8.44689517460775, 40.237953068372782 ], [ -8.447066616439708, 40.238071306558673 ], [ -8.447222110824775, 40.238201853361005 ], [ -8.447360160251906, 40.238343451609069 ], [ -8.447479435180652, 40.238494737698353 ], [ -8.447578786847265, 40.238654254720338 ], [ -8.447657258331002, 40.238820466491106 ], [ -8.447714093774049, 40.238991772343539 ], [ -8.447748745665985, 40.239166522541019 ], [ -8.447760880122548, 40.23934303416403 ], [ -8.447756810476317, 40.239411471338123 ], [ -8.447876985641793, 40.239454630374091 ], [ -8.448075238304682, 40.239544962540158 ], [ -8.448260983269037, 40.239649751228967 ], [ -8.448432431762377, 40.239767987331533 ], [ -8.448587932661338, 40.239898532235685 ], [ -8.448725988392148, 40.240040128788991 ], [ -8.44884526935366, 40.240191413403252 ], [ -8.448944626724018, 40.240350929184181 ], [ -8.449023103527555, 40.240517139959813 ], [ -8.449079943855214, 40.240688445072621 ], [ -8.449114600149528, 40.240863194793093 ], [ -8.449126738483825, 40.241039706206344 ], [ -8.449116241784555, 40.241216279418616 ], [ -8.449083210965505, 40.241391213927997 ], [ -8.449027963962653, 40.241562825001282 ], [ -8.448951032678782, 40.241729459899652 ], [ -8.448853157866944, 40.241889513796615 ], [ -8.4487352820019, 40.242041445234904 ], [ -8.4485985402079, 40.242183790973549 ], [ -8.4484442493301, 40.242315180081889 ], [ -8.448273895254637, 40.242434347144858 ], [ -8.448089118599498, 40.2425401444521 ], [ -8.448078759279877, 40.24254494100407 ], [ -8.44806889077937, 40.242710900364166 ], [ -8.448035856561171, 40.242885834542435 ], [ -8.447980605720003, 40.243057445086087 ], [ -8.447903670195599, 40.243224079261395 ], [ -8.447805790781855, 40.243384132248828 ], [ -8.447687909997834, 40.243536062599865 ], [ -8.44755116301517, 40.243678407083998 ], [ -8.447396866728981, 40.243809794782671 ], [ -8.447226507077504, 40.243928960294348 ], [ -8.447041724732433, 40.244034755923657 ], [ -8.446844299297776, 40.244126162736819 ], [ -8.446636132169411, 40.244202300376955 ], [ -8.446419228220499, 40.244262435544847 ], [ -8.446195676489223, 40.244305989062788 ], [ -8.445967630055042, 40.24433254145422 ], [ -8.44573728529744, 40.244341836984688 ], [ -8.44550686073714, 40.244333786125488 ], [ -8.445278575663821, 40.244308466416193 ], [ -8.445054628756413, 40.244266121717679 ], [ -8.44483717690213, 40.244207159862945 ], [ -8.444628314418457, 40.244132148728241 ], [ -8.444451909618401, 40.244051769825134 ], [ -8.44440731808254, 40.244089737988524 ], [ -8.444236952462068, 40.244208899116202 ], [ -8.444052164673984, 40.244314689987576 ], [ -8.443854734374737, 40.244406091714694 ], [ -8.443646563007075, 40.244482223989699 ], [ -8.443429655484998, 40.24454235356496 ], [ -8.443206100881117, 40.244585901316718 ], [ -8.442978052302569, 40.24461244782394 ], [ -8.442747706149497, 40.244621737408806 ], [ -8.442517280956066, 40.24461368059994 ], [ -8.442288996018055, 40.244588354994178 ], [ -8.44206505001309, 40.244546004509239 ], [ -8.441847599819683, 40.244487037033828 ], [ -8.441638739739314, 40.244412020498324 ], [ -8.441440481321896, 40.244321677403747 ], [ -8.441254733989089, 40.244216877861668 ], [ -8.441083286642279, 40.24409863121236 ], [ -8.440927790432436, 40.243968076301826 ], [ -8.440789742857895, 40.243826470511621 ], [ -8.4406704733432, 40.243675177646928 ], [ -8.440571130437915, 40.243515654799985 ], [ -8.440492670758577, 40.2433494383152 ], [ -8.440435849780181, 40.243178128991261 ], [ -8.440432909018728, 40.243163291385422 ], [ -8.440264978705232, 40.243086764539257 ], [ -8.44007923656044, 40.24298196306885 ], [ -8.439907794376833, 40.242863714633678 ], [ -8.439752303255652, 40.242733158096996 ], [ -8.439614260646215, 40.242591550855984 ], [ -8.439494995925248, 40.242440256729786 ], [ -8.439395657596142, 40.242280732822813 ], [ -8.439317202231368, 40.242114515489654 ], [ -8.439260385264372, 40.241943205537162 ], [ -8.439225753719516, 40.241768452806213 ], [ -8.439213640949861, 40.241591940281523 ], [ -8.439223814411401, 40.241421224653315 ], [ -8.439162402317377, 40.241419075439666 ], [ -8.438934129325725, 40.241393743157936 ], [ -8.438710195909456, 40.241351386111077 ], [ -8.438492758825811, 40.241292412251006 ], [ -8.438283912249979, 40.241217389569613 ], [ -8.438085667601781, 40.241127040627092 ], [ -8.437899934170241, 40.241022235591323 ], [ -8.437728500722836, 40.240903983855489 ], [ -8.437573018276654, 40.240773424314597 ], [ -8.437434984197452, 40.240631814394746 ], [ -8.437315727779801, 40.24048051794091 ], [ -8.43721639744712, 40.240320992079873 ], [ -8.43713794969487, 40.240154773185033 ], [ -8.437081139883183, 40.239983462078321 ], [ -8.437048492682754, 40.239818690252093 ], [ -8.437016548375642, 40.239722360777336 ], [ -8.436981923763147, 40.239547607282375 ], [ -8.436969817251201, 40.239371094432066 ], [ -8.436970496247941, 40.239359706546772 ], [ -8.43695221293086, 40.239370172719511 ], [ -8.436754787328201, 40.239461562395277 ], [ -8.436546623036641, 40.239537681938195 ], [ -8.436329724902043, 40.239597798223258 ], [ -8.436106181906608, 40.239641332254742 ], [ -8.435878147045662, 40.239667864743737 ], [ -8.435647816587208, 40.239677140147506 ], [ -8.435417408914233, 40.239669069131224 ], [ -8.435189143153735, 40.239643729428629 ], [ -8.434965217798593, 40.239601365093165 ], [ -8.434747789528389, 40.239542384146972 ], [ -8.434538952433408, 40.239467354650174 ], [ -8.434340717842135, 40.239376999228625 ], [ -8.434154994946709, 40.239272188112594 ], [ -8.433983572413112, 40.239153930753844 ], [ -8.433828101153301, 40.239023366101485 ], [ -8.433690078425276, 40.238881751630878 ], [ -8.433570833414267, 40.238730451230786 ], [ -8.433471514433833, 40.23857092206601 ], [ -8.43339307787009, 40.238404700541743 ], [ -8.433336278975418, 40.238233387505218 ], [ -8.433301664600148, 40.238058632826963 ], [ -8.433289567932002, 40.237882119510424 ], [ -8.433300105293775, 40.237705547482925 ], [ -8.433333175029775, 40.237530617224195 ], [ -8.433381229458675, 40.237381452877578 ], [ -8.433357834135098, 40.237370788656769 ], [ -8.433172118246086, 40.237265975901664 ], [ -8.433079547905496, 40.237202112164191 ], [ -8.432884759212607, 40.237224771983868 ], [ -8.43265443658518, 40.237234041405735 ], [ -8.432500032576757, 40.237228628575629 ], [ -8.432482292815749, 40.237235114916707 ], [ -8.432265398374154, 40.237295223595268 ], [ -8.432041860290429, 40.237338749775866 ], [ -8.43181383151259, 40.237365274245278 ], [ -8.431583508250053, 40.237374541537967 ], [ -8.431567901000331, 40.237373994271799 ], [ -8.431537255813209, 40.237391535202541 ], [ -8.431339828603575, 40.237482915678207 ], [ -8.431131664233819, 40.237559025507814 ], [ -8.430914767550577, 40.237619131659933 ], [ -8.430691227522082, 40.237662655236413 ], [ -8.430463197115088, 40.237689177049091 ], [ -8.430266722239983, 40.237697080112213 ], [ -8.430268928144722, 40.237729289570538 ], [ -8.430258382904098, 40.237905861349731 ], [ -8.430225305073186, 40.238080790747709 ], [ -8.430170013040787, 40.238252393080479 ], [ -8.430093039143417, 40.23841901569331 ], [ -8.429995124544629, 40.238579053877984 ], [ -8.429877212102468, 40.238730966328532 ], [ -8.429740437293569, 40.238873289986785 ], [ -8.429586117281165, 40.239004654134739 ], [ -8.429415738232109, 40.239123793597706 ], [ -8.42923094100502, 40.239229560931157 ], [ -8.429033505347336, 40.239320937473863 ], [ -8.428825332753474, 40.23939704316053 ], [ -8.428608428149296, 40.239457144999662 ], [ -8.428384880579339, 40.239500664134631 ], [ -8.428156843083009, 40.239527181420051 ], [ -8.427926511953709, 40.239536441459613 ], [ -8.427903371058367, 40.23953562932244 ], [ -8.427692563149055, 40.239576666962272 ], [ -8.427464525119541, 40.239603182885119 ], [ -8.427234193630076, 40.239612441548005 ], [ -8.427003787073577, 40.239604353777352 ], [ -8.426775524566283, 40.239578997468257 ], [ -8.426551604569731, 40.239536616834179 ], [ -8.426334183711868, 40.239477620054195 ], [ -8.426125356011559, 40.239402575340996 ], [ -8.425927132706766, 40.239312205466938 ], [ -8.425741422880888, 40.239207380801531 ], [ -8.425570015073982, 40.239089110926997 ], [ -8.425414560056122, 40.238958534913039 ], [ -8.425325085938153, 40.238866714256517 ], [ -8.425135340084314, 40.238860050580477 ], [ -8.424907080753034, 40.238834690571728 ], [ -8.424683164354484, 40.238792306304433 ], [ -8.424465747481957, 40.238733305992682 ], [ -8.424256924115918, 40.238658257883138 ], [ -8.424058705452577, 40.23856788478092 ], [ -8.423873000530618, 40.238463057086612 ], [ -8.423701597842857, 40.238344784411616 ], [ -8.423546148110054, 40.238214205852557 ], [ -8.423408148382828, 40.238072579018727 ], [ -8.423288927624833, 40.237921267917947 ], [ -8.423189633915996, 40.237761729818033 ], [ -8.423111223399008, 40.23759550121023 ], [ -8.423054451075366, 40.237424183009928 ], [ -8.423019863539476, 40.237249425137364 ], [ -8.423007793720576, 40.237072910626701 ], [ -8.423018357682878, 40.236896339416752 ], [ -8.423051453514534, 40.236721411979325 ], [ -8.423106762315825, 40.236549812942926 ], [ -8.423183751276824, 40.23638319486966 ], [ -8.423281678814643, 40.23622316234124 ], [ -8.423399601720547, 40.236071256507607 ], [ -8.423421718358444, 40.236048245160767 ], [ -8.423484163353177, 40.235913100415047 ], [ -8.42358208951169, 40.23575306762428 ], [ -8.423700010935294, 40.235601161477433 ], [ -8.423836791891642, 40.235458844855543 ], [ -8.423991115052456, 40.235327488282103 ], [ -8.424161494182167, 40.235208356726559 ], [ -8.424346288451893, 40.235102597424607 ], [ -8.424543718240942, 40.23501122883215 ], [ -8.424751882273638, 40.234935130819466 ], [ -8.42496877592653, 40.234875036199924 ], [ -8.425192310529786, 40.234831523674501 ], [ -8.425420333477049, 40.234805012260303 ], [ -8.425650648950299, 40.234795757256421 ], [ -8.425881039060334, 40.234803847786004 ], [ -8.426030008348329, 40.234820398331188 ], [ -8.425947119114362, 40.234782606558234 ], [ -8.425761421674332, 40.234677781798936 ], [ -8.425590025301641, 40.234559511820947 ], [ -8.425434580656241, 40.234428935694929 ], [ -8.425296584739769, 40.23428731100671 ], [ -8.425177366479202, 40.234136001743437 ], [ -8.425078073930447, 40.233976465155237 ], [ -8.424999663225046, 40.233810237718785 ], [ -8.424942889366349, 40.233638920338187 ], [ -8.42490829896358, 40.233464162925813 ], [ -8.424896224973621, 40.233287648511372 ], [ -8.424906783500889, 40.233111077032767 ], [ -8.424939872685911, 40.232936148964392 ], [ -8.424995173693004, 40.232764548940857 ], [ -8.42507215378733, 40.23259792953376 ], [ -8.425170071471412, 40.232437895337675 ], [ -8.425227354170847, 40.232364097366656 ], [ -8.425324576694369, 40.232205198056846 ], [ -8.425442488107779, 40.232053290076927 ], [ -8.425579258310886, 40.231910971346565 ], [ -8.425733570078979, 40.231779612409554 ], [ -8.42590393728619, 40.231660478258156 ], [ -8.426088719218448, 40.231554716153028 ], [ -8.426286136373854, 40.23146334457708 ], [ -8.426494287598377, 40.231387243429346 ], [ -8.42671116839189, 40.231327145553387 ], [ -8.426844661683463, 40.231301156752977 ], [ -8.426810384599667, 40.23112800111651 ], [ -8.426798306124201, 40.230951486845207 ], [ -8.426808859384503, 40.230774915140529 ], [ -8.426841942571841, 40.230599986479078 ], [ -8.42689723690831, 40.23042838550117 ], [ -8.426933959107943, 40.23034889417967 ], [ -8.426939276801027, 40.230259917699044 ], [ -8.426972359410055, 40.230084988986803 ], [ -8.427027653006068, 40.229913387933976 ], [ -8.427104624925612, 40.229746767122052 ], [ -8.42720253374995, 40.229586731159159 ], [ -8.427320436450582, 40.229434821228345 ], [ -8.42745719747548, 40.229292500247119 ], [ -8.427611499688314, 40.229161138780945 ], [ -8.42778185705523, 40.229042001846459 ], [ -8.427966628956909, 40.228936236731137 ], [ -8.428164035988036, 40.228844861946861 ], [ -8.428323040519349, 40.228786723724291 ], [ -8.428322581495786, 40.228780017525246 ], [ -8.428333130494192, 40.228603445630583 ], [ -8.428366208734877, 40.228428516485486 ], [ -8.428421497487593, 40.22825691473497 ], [ -8.428498464135542, 40.228090292967266 ], [ -8.428560910409526, 40.227988215426485 ], [ -8.428556500677532, 40.227981130223213 ], [ -8.428478088485253, 40.227814904976448 ], [ -8.428421310970245, 40.227643589137742 ], [ -8.428386714777005, 40.227468832604607 ], [ -8.428374632918235, 40.22729231839832 ], [ -8.428385181574189, 40.227115746454764 ], [ -8.428418258980512, 40.22694081725281 ], [ -8.428473546414997, 40.22676921543804 ], [ -8.428550511273556, 40.22660259359931 ], [ -8.428648412205463, 40.226442556354613 ], [ -8.428766306258243, 40.226290644899365 ], [ -8.428903057963149, 40.22614832216577 ], [ -8.429057350273609, 40.22601695873616 ], [ -8.429227697251131, 40.225897819646093 ], [ -8.429412458376436, 40.225792052203815 ], [ -8.429609854347973, 40.225700674943639 ], [ -8.429817984215683, 40.225624567819345 ], [ -8.430019857970997, 40.225568617141803 ], [ -8.430008398612486, 40.225401251332187 ], [ -8.430018942762091, 40.225224679198242 ], [ -8.430052015072862, 40.22504974949058 ], [ -8.430107296871682, 40.224878146859602 ], [ -8.430184255608742, 40.224711523902073 ], [ -8.430282149992278, 40.224551485246771 ], [ -8.430400037132879, 40.224399572102676 ], [ -8.430536781628367, 40.224257247418265 ], [ -8.430691066501597, 40.224125881794699 ], [ -8.430861405885688, 40.224006740288651 ], [ -8.43104615933448, 40.223900970231618 ], [ -8.431243547620335, 40.223809590183109 ], [ -8.431451669867192, 40.223733480123784 ], [ -8.431668521853926, 40.223673372982965 ], [ -8.43189201531186, 40.223629847582281 ], [ -8.432119998030792, 40.22360332306279 ], [ -8.432350274580006, 40.223594054849784 ], [ -8.432580627445063, 40.223602132193598 ], [ -8.432808838376946, 40.223627477310451 ], [ -8.433032709748309, 40.22366984613128 ], [ -8.433250085711322, 40.223728830651581 ], [ -8.433376780590098, 40.223774361259366 ], [ -8.433341462618404, 40.223699499107688 ], [ -8.433284676366281, 40.223528185564653 ], [ -8.433250069843155, 40.223353430398461 ], [ -8.433237976161251, 40.223176916617255 ], [ -8.43324851161473, 40.223000344152865 ], [ -8.433281574566413, 40.222825413489169 ], [ -8.433336846433328, 40.222653809285845 ], [ -8.433413794761327, 40.222487184154765 ], [ -8.43351167835889, 40.222327142745705 ], [ -8.433629554440476, 40.222175226294141 ], [ -8.433766287710405, 40.222032897780416 ], [ -8.433824498646377, 40.221983328997162 ], [ -8.433824217666208, 40.221979228367502 ], [ -8.433834751431114, 40.221802655819353 ], [ -8.433867812310798, 40.221627724959568 ], [ -8.433923081742254, 40.221456120449673 ], [ -8.434000027294797, 40.221289494904518 ], [ -8.434017340217755, 40.221261187046039 ], [ -8.433789862175471, 40.221270346201656 ], [ -8.433559517080965, 40.221262271232909 ], [ -8.433331313820192, 40.221236927557868 ], [ -8.433107450283972, 40.221194559268291 ], [ -8.432890082556384, 40.221135574424359 ], [ -8.432866939704018, 40.221127257094089 ], [ -8.432723409300594, 40.221227656294872 ], [ -8.43253866571305, 40.221333429042225 ], [ -8.432341286346823, 40.22142481130615 ], [ -8.432133172154122, 40.221500922966271 ], [ -8.431916327498259, 40.221561030973625 ], [ -8.431692840846299, 40.22160455641216 ], [ -8.431578896095678, 40.221617813259513 ], [ -8.431530874861132, 40.221635375227372 ], [ -8.431458727503738, 40.221753331858217 ], [ -8.431340847285053, 40.221905246125019 ], [ -8.431204109176791, 40.222047571794135 ], [ -8.431049829988773, 40.222178938128216 ], [ -8.430879495494693, 40.222298079931534 ], [ -8.430694746124065, 40.222403849737091 ], [ -8.430497361163383, 40.222495228859877 ], [ -8.430289241618754, 40.222571337209779 ], [ -8.430072391905043, 40.222631441769686 ], [ -8.429848900538046, 40.2226749636568 ], [ -8.429620920015765, 40.222701483699225 ], [ -8.429390646082769, 40.222710746474114 ], [ -8.429160296577523, 40.222702662768299 ], [ -8.429061719123313, 40.222691711480984 ], [ -8.429056025384638, 40.222704038863569 ], [ -8.42895813074213, 40.222864076533845 ], [ -8.428840243012395, 40.223015988251731 ], [ -8.428703497434153, 40.223158310966191 ], [ -8.428549210889175, 40.223289673968317 ], [ -8.428378869222026, 40.223408812094462 ], [ -8.428194112931314, 40.223514577913058 ], [ -8.427996721370199, 40.223605952777476 ], [ -8.427788595608375, 40.22368205663863 ], [ -8.427694284505632, 40.223708194321567 ], [ -8.427650805275626, 40.22373308404206 ], [ -8.427453412346487, 40.223824457981351 ], [ -8.427245285303544, 40.223900560867236 ], [ -8.427028428633893, 40.223960659735226 ], [ -8.426804930920344, 40.224004175757365 ], [ -8.426576944722044, 40.224030689818235 ], [ -8.426385367167978, 40.224038390871463 ], [ -8.426323437369497, 40.224139623579013 ], [ -8.426205541544565, 40.224291532608746 ], [ -8.426068787885173, 40.224433852207817 ], [ -8.425914493350934, 40.224565211697303 ], [ -8.425744143863367, 40.224684345947438 ], [ -8.425559379996415, 40.224790107563926 ], [ -8.425361981176225, 40.22488147794062 ], [ -8.425153848542415, 40.22495757707167 ], [ -8.424936986635945, 40.22501767202872 ], [ -8.424713484090073, 40.225061184021484 ], [ -8.424485493510497, 40.225087693973364 ], [ -8.424299459798998, 40.22509516870111 ], [ -8.424241549551985, 40.225106442496433 ], [ -8.424210440292303, 40.225270913018704 ], [ -8.424155143283183, 40.225442512875361 ], [ -8.424078168933262, 40.225609131858263 ], [ -8.423980258410557, 40.225769165294153 ], [ -8.423862354533963, 40.22592107192277 ], [ -8.423725592697714, 40.226063388742048 ], [ -8.423571289940181, 40.226194745099882 ], [ -8.423400932262096, 40.226313875896629 ], [ -8.423216160316297, 40.226419633771258 ], [ -8.423018753606749, 40.226511000153636 ], [ -8.422810613349075, 40.226587095076376 ], [ -8.422593744157677, 40.226647185651686 ], [ -8.42237023473599, 40.226690693131467 ], [ -8.422142237755953, 40.226717198482575 ], [ -8.421911949120673, 40.226726446423697 ], [ -8.421681586810255, 40.226718347884528 ], [ -8.421453369514705, 40.226692980863909 ], [ -8.421229495260025, 40.226650589678428 ], [ -8.421187380411343, 40.226639157522875 ], [ -8.421176574249326, 40.226643107991812 ], [ -8.420959703417443, 40.226703195510517 ], [ -8.420736192747666, 40.226746699838728 ], [ -8.42050819492396, 40.226773201973671 ], [ -8.420277905857564, 40.226782446664984 ], [ -8.420047543532728, 40.226774344873689 ], [ -8.419988123496147, 40.226767739357001 ], [ -8.419850777647495, 40.226783703381692 ], [ -8.419620488448432, 40.226792946765407 ], [ -8.419390126158614, 40.226784843665548 ], [ -8.419161909467851, 40.226759472124868 ], [ -8.418938036396316, 40.226717076503512 ], [ -8.418720663119924, 40.226658065124909 ], [ -8.41851188319918, 40.226583006342352 ], [ -8.418313707411794, 40.226492623063699 ], [ -8.418128044383444, 40.226387785787516 ], [ -8.417956682203421, 40.226269504217477 ], [ -8.417801271202324, 40.22613891753587 ], [ -8.417663308057733, 40.225997283430132 ], [ -8.417544121380987, 40.22584596597811 ], [ -8.417444858923803, 40.225686422508737 ], [ -8.417366476527942, 40.225520189564968 ], [ -8.417309728924133, 40.225348868103879 ], [ -8.417275162468792, 40.225174108077098 ], [ -8.41726310988823, 40.224997592539502 ], [ -8.417273687080748, 40.224821021439773 ], [ -8.417306792007189, 40.224646095248609 ], [ -8.417362105680359, 40.224474498582559 ], [ -8.417439095243529, 40.224307883980849 ], [ -8.417537019108112, 40.224147855991774 ], [ -8.417654934100851, 40.223995955721563 ], [ -8.417791704551416, 40.223853645994687 ], [ -8.417946013232777, 40.223722297268239 ], [ -8.418116374048859, 40.223603174436178 ], [ -8.418301146347181, 40.223497424650155 ], [ -8.41849855071866, 40.22340606627445 ], [ -8.418706686132394, 40.223329979081043 ], [ -8.418923548240514, 40.223269895779104 ], [ -8.419147048676932, 40.223226394960655 ], [ -8.419375035164263, 40.223199895530108 ], [ -8.419605312235532, 40.223190652671143 ], [ -8.419835662371275, 40.223198755389994 ], [ -8.419895079273134, 40.223205360999941 ], [ -8.420032417889326, 40.223189396937954 ], [ -8.420262694827969, 40.223180152771555 ], [ -8.420493044998704, 40.223188254181999 ], [ -8.420721250178461, 40.223213623153789 ], [ -8.420945112795252, 40.223256015388117 ], [ -8.420987225505279, 40.223267447645974 ], [ -8.420998031143181, 40.223263497194246 ], [ -8.421214890989878, 40.223203409606363 ], [ -8.421376012073308, 40.22317204656386 ], [ -8.421407127262494, 40.223007576723028 ], [ -8.421462429270139, 40.222835978089542 ], [ -8.421539406940759, 40.222669360754757 ], [ -8.421637318800295, 40.222509329293274 ], [ -8.421755221791091, 40.222357424844766 ], [ -8.421891980358383, 40.222215110273986 ], [ -8.422046277389567, 40.222083756084665 ], [ -8.422216626900735, 40.22196462722335 ], [ -8.42240138834825, 40.221858870899808 ], [ -8.422598782427501, 40.221767505541266 ], [ -8.42280690820667, 40.221691410986949 ], [ -8.423023761430649, 40.22163132001689 ], [ -8.423247253818873, 40.221587811296963 ], [ -8.423475233171448, 40.221561303807661 ], [ -8.423661257317512, 40.221553830433827 ], [ -8.423781540365244, 40.221530413477772 ], [ -8.424009519311014, 40.221503904937279 ], [ -8.424201090020302, 40.221496207837298 ], [ -8.42426302060133, 40.221394976216345 ], [ -8.424380915794869, 40.22124306909145 ], [ -8.42451766662273, 40.221100751418192 ], [ -8.424671956046831, 40.220969393730194 ], [ -8.424842298156509, 40.220850261007726 ], [ -8.425027052479393, 40.220744500497723 ], [ -8.425224439779457, 40.220653130667728 ], [ -8.42543255919016, 40.220577031400019 ], [ -8.425526866838698, 40.220550895558084 ], [ -8.42557034482356, 40.22052600662618 ], [ -8.425767730755888, 40.220434635871079 ], [ -8.42597584888575, 40.220358535628165 ], [ -8.426192695031682, 40.220298438732279 ], [ -8.426416180981263, 40.220254923906325 ], [ -8.426477599615264, 40.220247780861605 ], [ -8.426541539193645, 40.220109354281419 ], [ -8.426639435609237, 40.219949318572553 ], [ -8.426757322994401, 40.219797409016955 ], [ -8.426894065944646, 40.219655088528512 ], [ -8.427048347497744, 40.219523727667998 ], [ -8.427218681818813, 40.219404591446221 ], [ -8.427403428510477, 40.21929882714381 ], [ -8.427600808410189, 40.219207453264858 ], [ -8.427808920722647, 40.21913134973061 ], [ -8.428025761322395, 40.219071249407605 ], [ -8.428249242050411, 40.219027731051781 ], [ -8.428477210819052, 40.219001213736412 ], [ -8.428630775923091, 40.218995037531798 ], [ -8.428635119031114, 40.218989440657239 ], [ -8.428771856424831, 40.218847117950432 ], [ -8.428926132513128, 40.218715754588217 ], [ -8.429096461513746, 40.218596615605513 ], [ -8.429281203080532, 40.218490848309564 ], [ -8.429478578100275, 40.218399471233255 ], [ -8.429686685824663, 40.218323364328668 ], [ -8.42990352217241, 40.218263260494759 ], [ -8.429926436621919, 40.218258797942845 ], [ -8.429825986470368, 40.218174405830368 ], [ -8.429688014627843, 40.218032785893804 ], [ -8.42956881533749, 40.2178814806609 ], [ -8.429469536472611, 40.217721947342937 ], [ -8.429391134033089, 40.217555722385086 ], [ -8.429334362942789, 40.21738440666757 ], [ -8.429299769784418, 40.217209650086723 ], [ -8.429287687541537, 40.217033135664266 ], [ -8.429298232398192, 40.216856563338183 ], [ -8.429331302626704, 40.216681633591044 ], [ -8.42938657957408, 40.216510031073668 ], [ -8.429447912646008, 40.216377226373488 ], [ -8.42941989157811, 40.216380486171609 ], [ -8.429189639008474, 40.216389748479948 ], [ -8.428959310934726, 40.216381664288356 ], [ -8.428731125717075, 40.216356311457481 ], [ -8.428507281072523, 40.216313934167211 ], [ -8.428289932903157, 40.216254940564447 ], [ -8.428081174527664, 40.216179898831179 ], [ -8.427883016516253, 40.216089531711056 ], [ -8.42769736732342, 40.21598470954703 ], [ -8.427659025683424, 40.215958246158038 ], [ -8.427582575957215, 40.215955561899158 ], [ -8.427354392666414, 40.215930206345462 ], [ -8.427130550267043, 40.215887826381625 ], [ -8.426913204639563, 40.215828830180278 ], [ -8.426704449078171, 40.215753785948465 ], [ -8.426506294125963, 40.215663416453893 ], [ -8.426320648207964, 40.215558592062379 ], [ -8.426273155417807, 40.215525811314777 ], [ -8.426081753016401, 40.215563081520116 ], [ -8.425853794799206, 40.21558959409581 ], [ -8.425623544377389, 40.215598849303944 ], [ -8.425393219362933, 40.21559075800424 ], [ -8.425165038086572, 40.215565398125783 ], [ -8.424941198227339, 40.215523013916361 ], [ -8.424723855641222, 40.215464013589518 ], [ -8.424515103593116, 40.215388965392016 ], [ -8.424316952592267, 40.21529859212977 ], [ -8.424131311025638, 40.215193764204848 ], [ -8.423959966775836, 40.215075491230841 ], [ -8.423804570000813, 40.214944912307189 ], [ -8.423764962109205, 40.214904249500115 ], [ -8.423677294451435, 40.214995492723766 ], [ -8.423523016578921, 40.215126849180763 ], [ -8.423352686418969, 40.215245980037388 ], [ -8.423167944359394, 40.215351737932089 ], [ -8.422970569616316, 40.215443104294565 ], [ -8.422762463097452, 40.215519199157676 ], [ -8.422545629092227, 40.21557928963415 ], [ -8.422322155965139, 40.215622796976909 ], [ -8.422094196038499, 40.215649302154141 ], [ -8.421863944858485, 40.215658549886179 ], [ -8.421633620044384, 40.215650451104764 ], [ -8.421405439924998, 40.215625083811069 ], [ -8.421181602168208, 40.215582692324297 ], [ -8.420964262609747, 40.21552368492808 ], [ -8.420813101081963, 40.215469335142807 ], [ -8.42068376099771, 40.215603939815075 ], [ -8.420529475948403, 40.215735292293353 ], [ -8.420359139002924, 40.215854418756017 ], [ -8.420174390614456, 40.215960171883822 ], [ -8.419977010060093, 40.216051533152367 ], [ -8.419768898303536, 40.216127622643569 ], [ -8.419552059684671, 40.216187707521918 ], [ -8.419328582612444, 40.216231209094232 ], [ -8.41910061944718, 40.21625770838429 ], [ -8.418870365766249, 40.21626695016915 ], [ -8.418640039213036, 40.216258845437821 ], [ -8.418411858133096, 40.216233472248767 ], [ -8.418188020203557, 40.216191074977999 ], [ -8.417970681261814, 40.216132061964885 ], [ -8.417955220179598, 40.216126502543922 ], [ -8.417919140545008, 40.216127950361773 ], [ -8.417688814564725, 40.216119843735441 ], [ -8.41746063429512, 40.216094468667805 ], [ -8.417236797405518, 40.216052069552944 ], [ -8.417104371344889, 40.21601611129288 ], [ -8.416933140004542, 40.21609536268155 ], [ -8.416725024677472, 40.216171446711719 ], [ -8.416508183197223, 40.216231525897236 ], [ -8.416284704000311, 40.216275021599699 ], [ -8.416056739467537, 40.216301514899463 ], [ -8.415826485189449, 40.216310750631258 ], [ -8.415596158815177, 40.216302639842439 ], [ -8.415451679179348, 40.216286570239284 ], [ -8.415375795362689, 40.216351166641267 ], [ -8.415205447812152, 40.216470285543473 ], [ -8.415020689696847, 40.216576030467508 ], [ -8.414898725060391, 40.2166324762199 ], [ -8.414979342426506, 40.216654368173828 ], [ -8.415188087946561, 40.216729433574983 ], [ -8.415386231090237, 40.216819822469631 ], [ -8.415571863715195, 40.216924664421462 ], [ -8.415743198130578, 40.217042949808516 ], [ -8.415898584311408, 40.217173539543971 ], [ -8.416036525788515, 40.21731517604352 ], [ -8.416155694060917, 40.217466495334243 ], [ -8.416254941391918, 40.217626040187767 ], [ -8.416333311865543, 40.217792274152004 ], [ -8.41639005059676, 40.21796359634601 ], [ -8.416424611006601, 40.218138356875649 ], [ -8.416436660091941, 40.218314872721791 ], [ -8.416426081638921, 40.218491443947876 ], [ -8.416392977348876, 40.218666370070991 ], [ -8.416337665865608, 40.218837966438599 ], [ -8.416260679713156, 40.219004580453451 ], [ -8.416162760173288, 40.219164607490079 ], [ -8.416044850151808, 40.219316506349891 ], [ -8.41590808510221, 40.219458814105636 ], [ -8.415753782093875, 40.21959016019246 ], [ -8.415583427130011, 40.219709279609681 ], [ -8.41539866083736, 40.219815025105852 ], [ -8.415201262665484, 40.219906378230121 ], [ -8.414993133747799, 40.219982459142784 ], [ -8.414776278589503, 40.22004253509099 ], [ -8.414552785758872, 40.220086027467538 ], [ -8.414472794843277, 40.22009532207057 ], [ -8.414421898397777, 40.22025320345157 ], [ -8.414344905963475, 40.220419816172885 ], [ -8.414246979888858, 40.220579841571983 ], [ -8.414129063142672, 40.220731738465993 ], [ -8.413992291243174, 40.220874043946608 ], [ -8.413894321407309, 40.220957432730003 ], [ -8.414063696627402, 40.22092447329279 ], [ -8.414291677442611, 40.220897983883908 ], [ -8.414521947471732, 40.220888751158789 ], [ -8.414591535203243, 40.220891202156544 ], [ -8.414637749587204, 40.220747844775723 ], [ -8.414714741669675, 40.220581231870256 ], [ -8.414812666643451, 40.220421206079209 ], [ -8.41493058132462, 40.220269308487673 ], [ -8.415067350045886, 40.220127001894333 ], [ -8.415221655596902, 40.219995656726056 ], [ -8.415392011911759, 40.219876537842566 ], [ -8.415576778381347, 40.219770792357515 ], [ -8.415774175652718, 40.219679438593786 ], [ -8.41598230276335, 40.21960335627891 ], [ -8.416199155445337, 40.219543278075108 ], [ -8.416422645423348, 40.21949978252534 ], [ -8.416650620520707, 40.21947328848325 ], [ -8.416880885380099, 40.219464051080656 ], [ -8.417111222599637, 40.219472159271263 ], [ -8.417339414080935, 40.219497534974252 ], [ -8.417563262383901, 40.219539933826063 ], [ -8.417780611882787, 40.219598947532994 ], [ -8.417989369520075, 40.219674007802205 ], [ -8.418187524958496, 40.21976439181303 ], [ -8.418373169937338, 40.219869229176197 ], [ -8.418544516646786, 40.219987510313963 ], [ -8.418699914943497, 40.220118096180393 ], [ -8.418837868241624, 40.220259729228509 ], [ -8.41895704792636, 40.220411045518588 ], [ -8.419056306151104, 40.220570587851199 ], [ -8.419134686894969, 40.220736819798532 ], [ -8.419191435174001, 40.220908140499056 ], [ -8.419226004317279, 40.221082900073064 ], [ -8.419238061237538, 40.221259415510616 ], [ -8.419227489645451, 40.221435986879129 ], [ -8.419194391176244, 40.221610913694285 ], [ -8.419139084417637, 40.221782511296944 ], [ -8.419062101848134, 40.221949127077892 ], [ -8.418964184714961, 40.22210915639473 ], [ -8.418846275900719, 40.222261058026874 ], [ -8.418709510847243, 40.222403369020377 ], [ -8.418555206623928, 40.222534718779215 ], [ -8.41838484924566, 40.222653842267292 ], [ -8.418200079362419, 40.222759592194016 ], [ -8.418002676458332, 40.222850950065784 ], [ -8.417794541712382, 40.222927035997216 ], [ -8.417577679685905, 40.222987117187095 ], [ -8.417354179013328, 40.223030614977731 ], [ -8.417126192282314, 40.223057110429338 ], [ -8.416895915297255, 40.223066348355928 ], [ -8.416826325264799, 40.223063898752436 ], [ -8.4167801139538, 40.223207256939162 ], [ -8.416703124003797, 40.22337387113555 ], [ -8.416605199276653, 40.223533898443492 ], [ -8.416487282728102, 40.223685797661759 ], [ -8.416350509874476, 40.223828105859631 ], [ -8.4161961978603, 40.223959452468009 ], [ -8.416025832775507, 40.224078572481147 ], [ -8.415841055344307, 40.224184318641889 ], [ -8.41564364512354, 40.224275672492936 ], [ -8.415435503362675, 40.224351754187595 ], [ -8.415218634690619, 40.224411830965479 ], [ -8.414995127805824, 40.22445532421137 ], [ -8.414767135355801, 40.224481815029272 ], [ -8.41453685320003, 40.224491048277812 ], [ -8.414306499256197, 40.224482935028277 ], [ -8.414078292133707, 40.224457553421146 ], [ -8.413854429760566, 40.224415147913518 ], [ -8.413637068209612, 40.224356126924107 ], [ -8.4134283009284, 40.224281058898697 ], [ -8.413230138572871, 40.224190666834211 ], [ -8.413044489639308, 40.224085821313828 ], [ -8.412873142081224, 40.223967532120611 ], [ -8.41271774608836, 40.223836938510239 ], [ -8.412579798193732, 40.223695298236919 ], [ -8.412460626861781, 40.223543975437849 ], [ -8.41236137969643, 40.223384427493471 ], [ -8.412283012392152, 40.223218190989776 ], [ -8.41222627953433, 40.223046866918153 ], [ -8.412191727337374, 40.222872105255313 ], [ -8.412179688390284, 40.222695589071904 ], [ -8.412190278460079, 40.222519018322792 ], [ -8.412223395383613, 40.222344093475286 ], [ -8.412278720058181, 40.222172499132959 ], [ -8.412355719521136, 40.222005887812678 ], [ -8.412453652088594, 40.221845864031089 ], [ -8.41257157450352, 40.221693968853934 ], [ -8.412708351024142, 40.221551665056602 ], [ -8.412806323171592, 40.221468277277772 ], [ -8.412636945978859, 40.221501234878609 ], [ -8.412408962479674, 40.221527721034562 ], [ -8.412178689976685, 40.221536949563365 ], [ -8.411948346294588, 40.22152883158175 ], [ -8.411818896166753, 40.22151443061783 ], [ -8.411773753156064, 40.221572578193218 ], [ -8.411741521947715, 40.221606111215351 ], [ -8.411815178397706, 40.221762361634291 ], [ -8.41187190913101, 40.221933685952642 ], [ -8.411906460016093, 40.222108447743729 ], [ -8.411918498141516, 40.222284963976243 ], [ -8.411907907398932, 40.222461534709915 ], [ -8.411874789608001, 40.222636459466521 ], [ -8.411819463542519, 40.222808053606713 ], [ -8.411742461866945, 40.222974664554648 ], [ -8.411719919136614, 40.223011498523285 ], [ -8.411691172276374, 40.223100656045887 ], [ -8.411614169958856, 40.223267266902205 ], [ -8.411516233384555, 40.223427289947715 ], [ -8.411398305623333, 40.223579184022242 ], [ -8.411261522299533, 40.223721486244585 ], [ -8.411107200658545, 40.223852826103197 ], [ -8.410936826883047, 40.223971938657336 ], [ -8.410752041780984, 40.224077676721656 ], [ -8.410554624983101, 40.224169021916858 ], [ -8.410346477802239, 40.224245094479613 ], [ -8.410129604919527, 40.224305161737497 ], [ -8.409906095073991, 40.224348645166984 ], [ -8.409678100941667, 40.224375125966638 ], [ -8.409447818398251, 40.224384349091594 ], [ -8.40921746536516, 40.2243762257106 ], [ -8.408989260443031, 40.224350834061795 ], [ -8.408765401538661, 40.224308418698975 ], [ -8.408548044691472, 40.22424938813576 ], [ -8.408339283303691, 40.224174310910165 ], [ -8.40814112797448, 40.22408391010773 ], [ -8.407955487132419, 40.223979056395805 ], [ -8.407784148653066, 40.22386075963631 ], [ -8.407628762638696, 40.223730159157846 ], [ -8.407490825526189, 40.223588512780722 ], [ -8.407371665676118, 40.223437184700934 ], [ -8.407272430581799, 40.223277632349749 ], [ -8.407271711585695, 40.223276106908351 ], [ -8.407161614598735, 40.223272222260192 ], [ -8.406933414128073, 40.223246826538357 ], [ -8.406709560121255, 40.223204407174997 ], [ -8.406492208570521, 40.223145372722264 ], [ -8.406283452827076, 40.22307029175564 ], [ -8.406085303435704, 40.222979887396683 ], [ -8.405899668767791, 40.222875030346991 ], [ -8.405774599536304, 40.222788673749989 ], [ -8.405795704113517, 40.222895471039934 ], [ -8.405807726533546, 40.223071987936102 ], [ -8.405797119811931, 40.223248558139623 ], [ -8.405763985922208, 40.223423481177363 ], [ -8.405708643793226, 40.223595072426527 ], [ -8.40563162624415, 40.223761679339034 ], [ -8.405615950088425, 40.223787288705211 ], [ -8.405808990959139, 40.223749740295368 ], [ -8.406036984545812, 40.223723267116078 ], [ -8.406267265352135, 40.223714050781972 ], [ -8.40649761582268, 40.223722180043858 ], [ -8.406725817731484, 40.223747576618052 ], [ -8.40694967353804, 40.22378999594001 ], [ -8.407167027544345, 40.223849029518952 ], [ -8.407375786649453, 40.223924108870683 ], [ -8.407573940501925, 40.224014510990813 ], [ -8.407759580856279, 40.22411936531568 ], [ -8.407930919947184, 40.224237662104215 ], [ -8.408086307704595, 40.224368262159757 ], [ -8.408224247644094, 40.224509907798705 ], [ -8.408343411279443, 40.224661234960074 ], [ -8.408442650918523, 40.224820786339713 ], [ -8.408521010719362, 40.224987025422678 ], [ -8.408577735899625, 40.225158351278729 ], [ -8.40861228001077, 40.225333113978422 ], [ -8.408624310206557, 40.225509630481717 ], [ -8.408613710454979, 40.225686200845715 ], [ -8.408580582662429, 40.225861124595731 ], [ -8.408525245699005, 40.2260327171021 ], [ -8.4084482323341, 40.226199325804686 ], [ -8.408350284111538, 40.226359346129186 ], [ -8.408232344213356, 40.226511236941597 ], [ -8.408095548380787, 40.226653535392124 ], [ -8.407941213979704, 40.226784871005549 ], [ -8.407770827315689, 40.226903978881985 ], [ -8.407586029320834, 40.227009711881152 ], [ -8.407388599750075, 40.227101051672513 ], [ -8.407180440039294, 40.227177118544788 ], [ -8.406963554990323, 40.227237179880341 ], [ -8.406740033459389, 40.22728065721271 ], [ -8.406512028235101, 40.227307131799172 ], [ -8.406281735300002, 40.227316348654689 ], [ -8.406051372675618, 40.227308219008442 ], [ -8.405823159054979, 40.227282821158866 ], [ -8.405789694779779, 40.227276479901931 ], [ -8.405720444468036, 40.227426276849627 ], [ -8.405622488062381, 40.227586294858853 ], [ -8.405504539942958, 40.227738182886633 ], [ -8.40536773593019, 40.227880478110031 ], [ -8.405213393468738, 40.228011810084865 ], [ -8.40504299894183, 40.228130913946309 ], [ -8.404858193357301, 40.228236642592734 ], [ -8.404660756543201, 40.228327977735525 ], [ -8.404452590005191, 40.228404039708181 ], [ -8.404235698610874, 40.22846409594024 ], [ -8.404012171277603, 40.2285075680144 ], [ -8.40378416084989, 40.228534037238589 ], [ -8.403553863360402, 40.228543248679436 ], [ -8.40332349687454, 40.228535113618236 ], [ -8.403095280122532, 40.228509710405625 ], [ -8.402871411125123, 40.228467283706806 ], [ -8.402654046018954, 40.228408242144582 ], [ -8.402445278285795, 40.228333154362929 ], [ -8.402247118585906, 40.22824274354906 ], [ -8.402061475389948, 40.228137880466761 ], [ -8.401890136596114, 40.228019575068217 ], [ -8.401829501626914, 40.227968608413967 ], [ -8.401611105523576, 40.228011078036076 ], [ -8.401383095798746, 40.228037542530139 ], [ -8.401152799638707, 40.228046749189922 ], [ -8.400922435096048, 40.228038609342747 ], [ -8.400694220882283, 40.228013201385338 ], [ -8.400470354993701, 40.22797077002862 ], [ -8.400252993536991, 40.227911723940259 ], [ -8.400044229958764, 40.227836631807833 ], [ -8.399846074879253, 40.227746216860439 ], [ -8.399660436724602, 40.227641349901681 ], [ -8.39948910334444, 40.227523040921085 ], [ -8.399333724791882, 40.227392429364954 ], [ -8.399195797431894, 40.227250773160279 ], [ -8.399076649531056, 40.227099436597697 ], [ -8.39897742846755, 40.22693987719019 ], [ -8.398899089684374, 40.22677363163411 ], [ -8.398842387492168, 40.226602301007993 ], [ -8.398807867809934, 40.226427535351647 ], [ -8.398795862913483, 40.226251017774146 ], [ -8.39880648824187, 40.226074448243686 ], [ -8.398839641292366, 40.225899527215837 ], [ -8.398895002614337, 40.225727939257339 ], [ -8.398972038892216, 40.225561336823489 ], [ -8.399070008087607, 40.225401324345363 ], [ -8.399187966590771, 40.225249442779756 ], [ -8.399324778312454, 40.225107154770981 ], [ -8.399479125628284, 40.224975830566926 ], [ -8.399649522070231, 40.224856734825373 ], [ -8.399782196102336, 40.224780836603237 ], [ -8.399768629432295, 40.22471215461087 ], [ -8.399756622369871, 40.224535637087648 ], [ -8.399767244959719, 40.224359067425503 ], [ -8.399800394725498, 40.224184146081207 ], [ -8.399855752248223, 40.224012557624548 ], [ -8.399932784248925, 40.223845954515689 ], [ -8.400030748730405, 40.223685941192159 ], [ -8.400148702128329, 40.223534058618917 ], [ -8.400285508402609, 40.223391769449961 ], [ -8.400439849981332, 40.223260443944405 ], [ -8.400610240451718, 40.223141346772529 ], [ -8.400795038875817, 40.223035624838928 ], [ -8.400992465593053, 40.222944296239646 ], [ -8.401120579843189, 40.222897485576368 ], [ -8.401152037294718, 40.22273147278414 ], [ -8.401207390241522, 40.222559883652814 ], [ -8.401284417300483, 40.222393279618615 ], [ -8.401382376521996, 40.222233265127983 ], [ -8.401500324392384, 40.222081381157153 ], [ -8.401637124924791, 40.221939090373596 ], [ -8.401791460602597, 40.221807763051949 ], [ -8.401961845069842, 40.221688663880009 ], [ -8.402146637446384, 40.221582939781598 ], [ -8.402344058129868, 40.221491608873649 ], [ -8.402552205932389, 40.221415550663622 ], [ -8.402769076386846, 40.221355497581584 ], [ -8.402992581046824, 40.221312027928612 ], [ -8.403220567594301, 40.221285560308992 ], [ -8.403450840561742, 40.221276349600132 ], [ -8.403681182469194, 40.221284484498689 ], [ -8.403909375173138, 40.221309886666695 ], [ -8.404133221221688, 40.221352311485759 ], [ -8.404350565010787, 40.221411350412147 ], [ -8.40455931353786, 40.221486434910183 ], [ -8.404757456553313, 40.221576841925909 ], [ -8.404943085915999, 40.221681700848514 ], [ -8.405068152053227, 40.221768058370749 ], [ -8.405047048977497, 40.221661260922374 ], [ -8.405035028801185, 40.221484743896767 ], [ -8.405045637252334, 40.221308173703548 ], [ -8.405078771990791, 40.221133250804691 ], [ -8.405134113742303, 40.220961659784926 ], [ -8.405199861056657, 40.220819429760482 ], [ -8.405119571752918, 40.22073697318006 ], [ -8.40500042219667, 40.220585642550496 ], [ -8.404901196851698, 40.220426088055511 ], [ -8.404822851202308, 40.220259846344149 ], [ -8.40476613962533, 40.220088518457942 ], [ -8.404731608130216, 40.2199137544103 ], [ -8.404725027148524, 40.219817103092062 ], [ -8.404559838970034, 40.219785795725066 ], [ -8.40434250020372, 40.219726757158533 ], [ -8.404133757325216, 40.219651672228046 ], [ -8.40393562075538, 40.219561264093372 ], [ -8.40382993079405, 40.219501558358843 ], [ -8.403743560546337, 40.219491943443479 ], [ -8.403742726860768, 40.219492040235671 ], [ -8.403512459975502, 40.219501251508113 ], [ -8.403282124126465, 40.219493116251428 ], [ -8.403053937748753, 40.219467712818123 ], [ -8.402830098570522, 40.219425285875495 ], [ -8.40261276244116, 40.219366244048707 ], [ -8.402404022563317, 40.21929115598428 ], [ -8.402205889328938, 40.219200744872104 ], [ -8.402020270953766, 40.219095881478843 ], [ -8.40184895509694, 40.218977575759652 ], [ -8.401793489229249, 40.218930947623761 ], [ -8.401739533864149, 40.218955909145585 ], [ -8.401531392656448, 40.219031965905039 ], [ -8.401314528493391, 40.219092016671709 ], [ -8.401091030030022, 40.219135483080919 ], [ -8.400863049832756, 40.219161946495177 ], [ -8.400632783643058, 40.219171152037084 ], [ -8.40040244922481, 40.21916301104477 ], [ -8.400174264999331, 40.219137601925993 ], [ -8.39995042867403, 40.219095169402813 ], [ -8.399733096070817, 40.219036122154151 ], [ -8.399524360358363, 40.218961028878752 ], [ -8.399385258913922, 40.218897549900788 ], [ -8.39935582246186, 40.218896509195211 ], [ -8.39912763951058, 40.218871098007817 ], [ -8.398903804704982, 40.218828663453792 ], [ -8.398686473852328, 40.218769614231597 ], [ -8.398477740104429, 40.218694519058957 ], [ -8.398279613794172, 40.218604101194259 ], [ -8.398094003070593, 40.218499231469181 ], [ -8.39792269551911, 40.218380919899865 ], [ -8.397889319066257, 40.218352858796962 ], [ -8.397850040573481, 40.218360496634133 ], [ -8.397622061676197, 40.218386953664215 ], [ -8.397391797635592, 40.218396152752902 ], [ -8.39716146619485, 40.21838800530049 ], [ -8.396933285746602, 40.218362589776937 ], [ -8.39670945396187, 40.218320150966051 ], [ -8.396492126618821, 40.218261097607275 ], [ -8.396283396835443, 40.218185998458196 ], [ -8.396085274906438, 40.218095576815493 ], [ -8.395899668938631, 40.217990703547237 ], [ -8.395728366471621, 40.217872388703697 ], [ -8.39557301726078, 40.217741771787594 ], [ -8.395435117388475, 40.217600110777539 ], [ -8.395315994856574, 40.217448770010421 ], [ -8.395216796798948, 40.217289207039684 ], [ -8.395138478437081, 40.217122958595958 ], [ -8.395081793884982, 40.21695162578559 ], [ -8.39505101575015, 40.21679573517855 ], [ -8.39502309027589, 40.216736456354027 ], [ -8.394966406341437, 40.216565123473728 ], [ -8.394931901845966, 40.216390356309866 ], [ -8.39493094147012, 40.216376221018905 ], [ -8.394822429111331, 40.216380553753645 ], [ -8.394592104776772, 40.216372401162971 ], [ -8.394363932026264, 40.216346980541047 ], [ -8.394140108456678, 40.216304536720777 ], [ -8.393922789767037, 40.216245478489881 ], [ -8.393714068991972, 40.216170374652826 ], [ -8.393515956339401, 40.216079948551481 ], [ -8.393330359826789, 40.215975071096828 ], [ -8.393159066902658, 40.21585675237948 ], [ -8.39308964619215, 40.21579837868849 ], [ -8.392950129326262, 40.215814564455457 ], [ -8.392719873309442, 40.215823754228843 ], [ -8.392489551089973, 40.215815597446955 ], [ -8.392261380971657, 40.215790172669628 ], [ -8.392037560526004, 40.21574772476977 ], [ -8.391820245421941, 40.215688662574415 ], [ -8.391611528659556, 40.215613554926229 ], [ -8.39141342040811, 40.215523125203745 ], [ -8.391379067820168, 40.215503712058414 ], [ -8.39135863657326, 40.215498159096818 ], [ -8.391149920901684, 40.215423050610369 ], [ -8.390951813815759, 40.215332620091218 ], [ -8.390766223279321, 40.215227738492914 ], [ -8.390594936683323, 40.215109415945939 ], [ -8.390439603630247, 40.21497879202721 ], [ -8.390301720046823, 40.214837124782754 ], [ -8.390182613778018, 40.214685778609521 ], [ -8.390083431801067, 40.214526211112947 ], [ -8.390005129182573, 40.214359959067295 ], [ -8.389948459884923, 40.214188623613531 ], [ -8.389913969510403, 40.214013854837923 ], [ -8.389911322160138, 40.213974845849982 ], [ -8.389773194852898, 40.213980355222525 ], [ -8.389542879197727, 40.213972192554245 ], [ -8.389314716336154, 40.21394676193767 ], [ -8.389090903769782, 40.213904308301984 ], [ -8.389039989351909, 40.213890468914698 ], [ -8.388932803088215, 40.214028467537325 ], [ -8.38879599172104, 40.214170743534353 ], [ -8.388641648109752, 40.214302053726357 ], [ -8.38847125864878, 40.214421133458309 ], [ -8.38828646429727, 40.214526835861008 ], [ -8.388089044775162, 40.214618142898644 ], [ -8.388017948024155, 40.214644113752371 ], [ -8.388094266359827, 40.214741095577295 ], [ -8.388193443996059, 40.214900664785802 ], [ -8.388271742822962, 40.215066918053218 ], [ -8.388328408645398, 40.215238254312631 ], [ -8.388362895586486, 40.215413023534317 ], [ -8.388374871350605, 40.215589542615362 ], [ -8.388364220430027, 40.215766111587953 ], [ -8.38833104522403, 40.215941029990766 ], [ -8.388275665059451, 40.216112613245528 ], [ -8.388198613121876, 40.216279208881161 ], [ -8.388100631326756, 40.216439212449167 ], [ -8.387982663179613, 40.216591082976869 ], [ -8.387845844693894, 40.216733357809858 ], [ -8.387691493453787, 40.21686466670031 ], [ -8.387521095927193, 40.216983745005749 ], [ -8.387336293150939, 40.217089445870691 ], [ -8.387138864926122, 40.217180751274128 ], [ -8.386930712675737, 40.217256781835985 ], [ -8.386713841129822, 40.217316805288398 ], [ -8.386643466386884, 40.217330482862799 ], [ -8.386585742790151, 40.217424739430101 ], [ -8.386467769555248, 40.217576608403654 ], [ -8.386330945920308, 40.217718881437577 ], [ -8.386176589519119, 40.217850188301412 ], [ -8.386006186869288, 40.217969264372144 ], [ -8.385821379056999, 40.218074962815855 ], [ -8.385623945931854, 40.218166265634814 ], [ -8.385415788964059, 40.218242293473892 ], [ -8.385198912929097, 40.218302314091389 ], [ -8.384975406596414, 40.218345749413082 ], [ -8.384747422608255, 40.218372181100897 ], [ -8.384517156742618, 40.218381354583045 ], [ -8.38428682676027, 40.218373181506458 ], [ -8.384058651039794, 40.218347740587937 ], [ -8.383834827206652, 40.218305276855872 ], [ -8.383617510962392, 40.21824619928978 ], [ -8.383408795318067, 40.218171076880409 ], [ -8.383210690432136, 40.21808063314846 ], [ -8.383025104247217, 40.217975739174769 ], [ -8.38285382411231, 40.217857405209038 ], [ -8.382698499567628, 40.217726770938135 ], [ -8.382560626457902, 40.217585094507804 ], [ -8.38244153252718, 40.217433740403415 ], [ -8.382342364633809, 40.217274166306836 ], [ -8.382264077708708, 40.217107909055848 ], [ -8.382207425563079, 40.21693656984155 ], [ -8.382172953633976, 40.216761798786393 ], [ -8.382160993737365, 40.216585279051358 ], [ -8.382171660879003, 40.216408710625387 ], [ -8.382204852153569, 40.216233793953343 ], [ -8.382260247742426, 40.216062213559951 ], [ -8.382337314000125, 40.215895621827642 ], [ -8.38243530859968, 40.215735623084363 ], [ -8.382553287686841, 40.215583758154644 ], [ -8.38269011497426, 40.21544148952254 ], [ -8.382844472687783, 40.215310187249393 ], [ -8.383014874259374, 40.215191115781742 ], [ -8.38319967864428, 40.215085421776656 ], [ -8.383397106124615, 40.214994123061267 ], [ -8.383605255447097, 40.214918098833024 ], [ -8.383818142910348, 40.214859182444535 ], [ -8.38373346534663, 40.214849740343993 ], [ -8.38350965323356, 40.214807275921828 ], [ -8.383292348458639, 40.214748197674687 ], [ -8.383083643922442, 40.214673074599858 ], [ -8.382885549676431, 40.214582630224463 ], [ -8.382699973560737, 40.214477735635533 ], [ -8.382528702827374, 40.214359401088657 ], [ -8.382373386926011, 40.214228766276321 ], [ -8.38223552161814, 40.214087089349455 ], [ -8.382141037800608, 40.213967004516476 ], [ -8.382101518359717, 40.213989606483565 ], [ -8.3819040920375, 40.21408090300153 ], [ -8.381695943354943, 40.214156924179726 ], [ -8.381479077007734, 40.214216937840639 ], [ -8.38125558167201, 40.214260365977054 ], [ -8.381027609884089, 40.214286790320095 ], [ -8.380797357304449, 40.214295956368744 ], [ -8.380567041565872, 40.21428777584152 ], [ -8.380338880909724, 40.214262327527003 ], [ -8.380115072816352, 40.214219856524799 ], [ -8.379897772835676, 40.214160771884472 ], [ -8.37968907382208, 40.214085642664898 ], [ -8.379490985773815, 40.213995192452352 ], [ -8.379305416471308, 40.213890292390104 ], [ -8.379134153100933, 40.213771952786459 ], [ -8.379001455769282, 40.213660332736268 ], [ -8.378944349165009, 40.213733836937635 ], [ -8.378807517438112, 40.213876101197201 ], [ -8.378653155145491, 40.214007398133184 ], [ -8.378482748861542, 40.214126463218221 ], [ -8.378297939707499, 40.214232149724161 ], [ -8.378100507545925, 40.214323439768293 ], [ -8.377892353837773, 40.214399454118507 ], [ -8.377675483327151, 40.214459460663058 ], [ -8.37745198473031, 40.214502881463268 ], [ -8.377224010614995, 40.214529298320947 ], [ -8.376993756664097, 40.214538456807148 ], [ -8.376881699959808, 40.21453447307605 ], [ -8.376877152879782, 40.214609643925527 ], [ -8.376843948670151, 40.214784559157351 ], [ -8.376788540431457, 40.214956137034044 ], [ -8.376711461619704, 40.215122725136283 ], [ -8.37661345440921, 40.215282719088073 ], [ -8.376495462550324, 40.215434578009365 ], [ -8.376358622284924, 40.215576839357453 ], [ -8.37620425140703, 40.215708133014395 ], [ -8.37603383657374, 40.215827194484426 ], [ -8.375849018988632, 40.215932877074195 ], [ -8.375792216882825, 40.21595913938571 ], [ -8.375940860441098, 40.216043170183454 ], [ -8.37611212401808, 40.216161514464766 ], [ -8.37626743236979, 40.216292157657243 ], [ -8.376405289776326, 40.216433841661789 ], [ -8.376524368546098, 40.216585202047924 ], [ -8.376623521804138, 40.216744781191416 ], [ -8.376701794540242, 40.216911042309896 ], [ -8.376705947007377, 40.216923604373562 ], [ -8.376721527284056, 40.216948679363981 ], [ -8.376799800496483, 40.217114940408898 ], [ -8.376856439185689, 40.217286282304521 ], [ -8.376890897736041, 40.217461054966847 ], [ -8.376902844125301, 40.217637575259765 ], [ -8.376892163128613, 40.217814143203746 ], [ -8.376858957434887, 40.217989058347335 ], [ -8.376803546664584, 40.218160636143629 ], [ -8.376726464298059, 40.21832722417404 ], [ -8.376628452543843, 40.218487218063309 ], [ -8.376510455196026, 40.218639076931936 ], [ -8.376373608549338, 40.218781338237733 ], [ -8.376243996057754, 40.218891569562224 ], [ -8.376275765444738, 40.218959050557743 ], [ -8.376332404374073, 40.219130392654428 ], [ -8.376366862536775, 40.219305165418184 ], [ -8.376378807914318, 40.219481685711877 ], [ -8.376368125291568, 40.219658253555991 ], [ -8.376334917373088, 40.219833168500031 ], [ -8.376279503800744, 40.220004745999006 ], [ -8.376213848942715, 40.220146630800954 ], [ -8.37621372742319, 40.220147270865944 ], [ -8.376158313292924, 40.2203188482992 ], [ -8.376081226924697, 40.220485435849568 ], [ -8.375983210565566, 40.220645429146309 ], [ -8.375865208053964, 40.22079728731569 ], [ -8.375728355734338, 40.220939547822226 ], [ -8.37557397151679, 40.221070840556109 ], [ -8.375403542186879, 40.221189901030378 ], [ -8.375218709087806, 40.221295582561325 ], [ -8.375021252312777, 40.221386867314095 ], [ -8.374813073559835, 40.221462876107537 ], [ -8.374596177814338, 40.221522876883441 ], [ -8.374372654035627, 40.221566291758641 ], [ -8.374144655034016, 40.221592702592034 ], [ -8.37391437673214, 40.221601855012707 ], [ -8.373684037010571, 40.22159366087044 ], [ -8.373455854341705, 40.22156819908497 ], [ -8.373232026417933, 40.221525714885686 ], [ -8.373014708980184, 40.221466617449224 ], [ -8.372805995050985, 40.221391475957766 ], [ -8.372607894772242, 40.221301014115788 ], [ -8.372422316042153, 40.221196103178578 ], [ -8.372251046137862, 40.2210777535592 ], [ -8.372095734500988, 40.220947105095306 ], [ -8.371957876851882, 40.220805416069332 ], [ -8.371838800785618, 40.220654051087955 ], [ -8.371739652988424, 40.220494467937769 ], [ -8.371661388197609, 40.22032820354373 ], [ -8.37160476001114, 40.220156859165705 ], [ -8.371570313635274, 40.21998208497584 ], [ -8.371558380639838, 40.219805564165256 ], [ -8.371569075771477, 40.219628996733256 ], [ -8.37160229585529, 40.219454083115068 ], [ -8.371657720795186, 40.219282507805971 ], [ -8.371723384344708, 40.219140625541932 ], [ -8.371723505904759, 40.219139985481434 ], [ -8.37177893028659, 40.218968410106584 ], [ -8.371856025505, 40.218801825352088 ], [ -8.371954048954121, 40.218641835478685 ], [ -8.372072056501905, 40.218489981225424 ], [ -8.372208911586956, 40.218347724973533 ], [ -8.372338529607996, 40.218237498140972 ], [ -8.372306764462161, 40.218170016044049 ], [ -8.37230261272942, 40.218157453823132 ], [ -8.372287033799632, 40.218132378239247 ], [ -8.372208770418951, 40.217966114143323 ], [ -8.372152142850737, 40.217794769961294 ], [ -8.372117696295309, 40.217619995863451 ], [ -8.372105762324248, 40.217443475040028 ], [ -8.372116455693615, 40.217266907490419 ], [ -8.372149673245499, 40.217091993651024 ], [ -8.372205094908214, 40.216920418019214 ], [ -8.372282186785231, 40.216753832931566 ], [ -8.372380206302868, 40.216593842652003 ], [ -8.372417658589177, 40.216545646475105 ], [ -8.37224441560466, 40.216447701750695 ], [ -8.372073158004937, 40.216329351735247 ], [ -8.371917857595077, 40.216198702892846 ], [ -8.371780009987315, 40.216057013509584 ], [ -8.371660942680021, 40.21590564819558 ], [ -8.371561802275101, 40.215746064740607 ], [ -8.371483543438689, 40.215579800072554 ], [ -8.371426919711444, 40.215408455453911 ], [ -8.371392476256712, 40.215233681059146 ], [ -8.371380544616226, 40.215057160081365 ], [ -8.371391239523625, 40.214880592521439 ], [ -8.37142445780621, 40.214705678815861 ], [ -8.371479879385278, 40.214534103460714 ], [ -8.371556970365122, 40.214367518789921 ], [ -8.371654988180726, 40.214207529063373 ], [ -8.371772988754321, 40.214055675018749 ], [ -8.371909835591701, 40.213913419035265 ], [ -8.372064210730514, 40.21378213105239 ], [ -8.372149641328672, 40.213722448034964 ], [ -8.372193805419508, 40.213585717177814 ], [ -8.372204190380712, 40.213563275645342 ], [ -8.372217807378005, 40.213521117632872 ], [ -8.372294895412921, 40.213354532449969 ], [ -8.372392910042423, 40.213194542079776 ], [ -8.372510907219427, 40.213042687266146 ], [ -8.372647750482439, 40.21290043039572 ], [ -8.372802121903526, 40.212769141416523 ], [ -8.372972534782708, 40.212650084647109 ], [ -8.373157347966398, 40.212544406603001 ], [ -8.373354781652035, 40.212453124957619 ], [ -8.373562934526625, 40.212377118744044 ], [ -8.373779802074321, 40.212317119891743 ], [ -8.374003295876769, 40.212273706179559 ], [ -8.374231263720535, 40.21224729567318 ], [ -8.374461510318188, 40.212238142700059 ], [ -8.374691818443678, 40.212246335400962 ], [ -8.374727182742001, 40.212250281736374 ], [ -8.374737231543236, 40.212219166419658 ], [ -8.374806341699463, 40.212069804945727 ], [ -8.374803549796201, 40.212028529251391 ], [ -8.374814235381381, 40.211851961309996 ], [ -8.374847443418725, 40.211677046560474 ], [ -8.374902853928214, 40.211505469508971 ], [ -8.374979933120764, 40.211338882505743 ], [ -8.37507793854488, 40.211178889833178 ], [ -8.375195926242135, 40.211027032257334 ], [ -8.375332759842317, 40.210884772191434 ], [ -8.37548712151054, 40.210753479614318 ], [ -8.375657524640731, 40.210634418879188 ], [ -8.375842328173178, 40.210528736539722 ], [ -8.376039752398238, 40.210437450310749 ], [ -8.376247896094007, 40.210361439269484 ], [ -8.376464754833007, 40.210301435391877 ], [ -8.376688240281695, 40.210258016505158 ], [ -8.376916200307061, 40.21023160072486 ], [ -8.376977028611574, 40.210229181185376 ], [ -8.376985991018685, 40.21008100496941 ], [ -8.37701919262839, 40.209906089562274 ], [ -8.377074596236424, 40.209734511439024 ], [ -8.377151668120174, 40.209567922960268 ], [ -8.377249665898535, 40.209407928422586 ], [ -8.377367645686711, 40.20925606861001 ], [ -8.377504471190655, 40.209113805957337 ], [ -8.377658824653441, 40.208982510468289 ], [ -8.377829219548008, 40.208863446524127 ], [ -8.378014014893942, 40.20875776070946 ], [ -8.378211431060418, 40.208666470772563 ], [ -8.378419566903125, 40.208590455826382 ], [ -8.378636418070194, 40.208530447884435 ], [ -8.378859896300973, 40.208487024813131 ], [ -8.379087849531958, 40.208460604768277 ], [ -8.379318082616395, 40.208451442169178 ], [ -8.379548378458345, 40.208459625249269 ], [ -8.37977651935779, 40.208485075206632 ], [ -8.3800003083616, 40.208527546962721 ], [ -8.380217590414913, 40.208586631521861 ], [ -8.380426273109514, 40.208661759908942 ], [ -8.380624346829611, 40.208752208647347 ], [ -8.380809904101222, 40.208857106724487 ], [ -8.380981157958928, 40.208975443977913 ], [ -8.381136459153337, 40.209106080821293 ], [ -8.381274312033508, 40.20924775921663 ], [ -8.381393388951498, 40.209399114787452 ], [ -8.381445358045811, 40.209482752150848 ], [ -8.381447016232825, 40.209484456336241 ], [ -8.381566093950992, 40.209635811720794 ], [ -8.38166524880176, 40.209795386732523 ], [ -8.381743525759651, 40.209961644628812 ], [ -8.381800170840148, 40.210132984298134 ], [ -8.381801724918136, 40.210140864441328 ], [ -8.38196087042672, 40.210250830201481 ], [ -8.382116176418901, 40.210381465687135 ], [ -8.38225403393063, 40.210523142870478 ], [ -8.382305880070493, 40.210589040342349 ], [ -8.382425302262261, 40.210533812198371 ], [ -8.382555463765392, 40.210486270437855 ], [ -8.382555484893214, 40.210486224762391 ], [ -8.382653471253057, 40.210326225709707 ], [ -8.382771440534272, 40.210174360445279 ], [ -8.382908256543963, 40.210032091456426 ], [ -8.383012784072013, 40.209943169089115 ], [ -8.38302094387252, 40.209932664611841 ], [ -8.383157758875623, 40.209790395325193 ], [ -8.383312102919234, 40.209659092341603 ], [ -8.383482489566966, 40.209540020114524 ], [ -8.383667277917782, 40.209434325308315 ], [ -8.383864688408199, 40.20934302575786 ], [ -8.38407281994853, 40.209267000668646 ], [ -8.384289668228321, 40.20920698215189 ], [ -8.384513145014704, 40.209163548175816 ], [ -8.38474109825807, 40.20913711700122 ], [ -8.384971332811546, 40.209127943154577 ], [ -8.385201631565037, 40.209136114977611 ], [ -8.385429776790504, 40.209161553776838 ], [ -8.385653571493167, 40.209204014581104 ], [ -8.385870860563307, 40.209263088500215 ], [ -8.386079551525158, 40.209338206661499 ], [ -8.386277634683347, 40.209428645686806 ], [ -8.386463202473029, 40.209533534657112 ], [ -8.386634467827534, 40.209651863497648 ], [ -8.386789781386783, 40.209782492703084 ], [ -8.386927647380796, 40.209924164309001 ], [ -8.387046738035369, 40.21007551400433 ], [ -8.387145906361162, 40.210235084267794 ], [ -8.387224197202952, 40.210401338402555 ], [ -8.38728085644253, 40.210572675333289 ], [ -8.38731533826644, 40.210747445023863 ], [ -8.387327310428381, 40.210923964366792 ], [ -8.387316657455358, 40.211100533391743 ], [ -8.387288485934143, 40.211249067307158 ], [ -8.387289802160604, 40.211249214042276 ], [ -8.387319687053749, 40.21120040974624 ], [ -8.387437647400603, 40.211048539776748 ], [ -8.38757445537289, 40.210906265318876 ], [ -8.387728793382456, 40.210774956490084 ], [ -8.387824418830908, 40.210708124540346 ], [ -8.38780143388203, 40.2106593163141 ], [ -8.387744773259605, 40.210487979645009 ], [ -8.387710290468316, 40.210313210077508 ], [ -8.387698317428804, 40.210136690758269 ], [ -8.387708969273456, 40.209960121672239 ], [ -8.387742143244322, 40.209785203270677 ], [ -8.38779751968946, 40.209613620094956 ], [ -8.387874565147811, 40.209447024554365 ], [ -8.387972537492722, 40.209287021013516 ], [ -8.388090493084277, 40.209135150343187 ], [ -8.388227295861391, 40.208992875082757 ], [ -8.388379764055538, 40.208863151493532 ], [ -8.388345531226509, 40.208834360070277 ], [ -8.388207664509276, 40.208692690128622 ], [ -8.388088573715127, 40.208541341591939 ], [ -8.387989405672277, 40.208381772088465 ], [ -8.387911115313162, 40.20821551841172 ], [ -8.387854456482142, 40.208044181718392 ], [ -8.387819974680738, 40.207869412106668 ], [ -8.387808001820082, 40.207692892723628 ], [ -8.387818653030859, 40.207516323554877 ], [ -8.387851825561246, 40.207341405052425 ], [ -8.387907199773188, 40.207169821758654 ], [ -8.38798424222716, 40.207003226083962 ], [ -8.388082210825456, 40.206843222394276 ], [ -8.388200161964249, 40.206691351561808 ], [ -8.388336959625356, 40.206549076127494 ], [ -8.388491286319931, 40.206417766218173 ], [ -8.38866165577863, 40.206298686353996 ], [ -8.388846427265927, 40.206192983272899 ], [ -8.389043821380694, 40.206101674889425 ], [ -8.389251937190915, 40.206025640494147 ], [ -8.389468770537571, 40.205965612287891 ], [ -8.389692233331573, 40.205922168332201 ], [ -8.389694817324695, 40.205921868588554 ], [ -8.389634803916934, 40.205825302901161 ], [ -8.38955651251797, 40.205659050267023 ], [ -8.389499851710946, 40.205487714309484 ], [ -8.38946536701644, 40.205312945119637 ], [ -8.389453390373472, 40.205136425840543 ], [ -8.389464036949173, 40.20495985645676 ], [ -8.389497204036385, 40.204784937422396 ], [ -8.389552572049487, 40.204613353284977 ], [ -8.389629607608668, 40.204446756463014 ], [ -8.389727568682634, 40.204286751333512 ], [ -8.389845511740029, 40.20413487878254 ], [ -8.389982300840497, 40.203992601367602 ], [ -8.39013661857763, 40.203861289234617 ], [ -8.390306978768344, 40.203742206925149 ], [ -8.390491740766356, 40.20363650120067 ], [ -8.390689125261906, 40.203545190001243 ], [ -8.390848979656717, 40.203486782811737 ], [ -8.390819338620794, 40.203336572292649 ], [ -8.390807358841784, 40.203160053103119 ], [ -8.390818001622105, 40.202983483546348 ], [ -8.39085116429116, 40.202808564078111 ], [ -8.390906527305898, 40.20263697925008 ], [ -8.390983557334652, 40.202470381487451 ], [ -8.391081512399397, 40.202310375176303 ], [ -8.391199449026656, 40.202158501214079 ], [ -8.391336231337995, 40.202016222171885 ], [ -8.39149054199239, 40.201884908211305 ], [ -8.391660894874956, 40.201765823891542 ], [ -8.391845649409783, 40.201660115993413 ], [ -8.392043026358971, 40.201568802477873 ], [ -8.392251124955783, 40.201492762684957 ], [ -8.392467941206933, 40.201432728867438 ], [ -8.392691387187927, 40.201389279140898 ], [ -8.392919311145738, 40.201362831917791 ], [ -8.393149518215449, 40.201353641879159 ], [ -8.393379791551576, 40.201361797522615 ], [ -8.393607913670797, 40.201387220310437 ], [ -8.393831687800812, 40.201429665425692 ], [ -8.394048959029988, 40.201488724129177 ], [ -8.394257635054361, 40.201563827694777 ], [ -8.394455706322413, 40.20165425288485 ], [ -8.394641265383823, 40.201759128913586 ], [ -8.394812525256015, 40.20187744583081 ], [ -8.394967836631746, 40.202008064246009 ], [ -8.395105703762134, 40.202149726298686 ], [ -8.395224798862099, 40.202301067769724 ], [ -8.395323974899572, 40.202460631217086 ], [ -8.395365028765244, 40.202547796121145 ], [ -8.395508101568742, 40.202447774056033 ], [ -8.395692851940595, 40.202342060043364 ], [ -8.395890225665413, 40.202250739989132 ], [ -8.396098322007488, 40.202174693296314 ], [ -8.396315136995238, 40.202114652284138 ], [ -8.396538582716319, 40.202071195137442 ], [ -8.396656317811274, 40.202057529902106 ], [ -8.396722117970658, 40.201915189263502 ], [ -8.396820058726183, 40.201755178126689 ], [ -8.396937981561258, 40.20160329834745 ], [ -8.39700585046246, 40.201532692028366 ], [ -8.396968229184585, 40.20141896254971 ], [ -8.396933727442043, 40.201244195516175 ], [ -8.396921732206264, 40.20106767694493 ], [ -8.396925499034554, 40.201005088043836 ], [ -8.39692294319217, 40.200997361629753 ], [ -8.396901017333192, 40.200886296180705 ], [ -8.396817160473134, 40.200863504373793 ], [ -8.396608483800881, 40.200788405415153 ], [ -8.396410412218712, 40.200697983896063 ], [ -8.396224853348516, 40.200593110683371 ], [ -8.396053594276275, 40.200474795826786 ], [ -8.395898284339433, 40.200344178829106 ], [ -8.395760419242141, 40.200202517669688 ], [ -8.395641326651406, 40.200051176686799 ], [ -8.395542153412828, 40.199891613435952 ], [ -8.395463854508963, 40.199725364650448 ], [ -8.395407183866553, 40.199554031439874 ], [ -8.395372687100958, 40.19937926386887 ], [ -8.395360696267508, 40.19920274506493 ], [ -8.395371326670057, 40.199026175008072 ], [ -8.395404475757251, 40.198851254158896 ], [ -8.395459824116859, 40.198679667082416 ], [ -8.395536838558366, 40.198513066225473 ], [ -8.395634777253873, 40.198353056003988 ], [ -8.395752696887545, 40.198201177353063 ], [ -8.395753566095276, 40.198200273067918 ], [ -8.395811782648508, 40.198105159122989 ], [ -8.395929701459835, 40.197953280287877 ], [ -8.396066465450518, 40.197810995611349 ], [ -8.396220757455954, 40.197679675309274 ], [ -8.396391091540828, 40.197560584001913 ], [ -8.396575827310226, 40.19745486853742 ], [ -8.39677318570693, 40.197363546949596 ], [ -8.396930670458232, 40.197305990187481 ], [ -8.396864063622912, 40.197293357465611 ], [ -8.396646803390869, 40.197234303967811 ], [ -8.396438138052369, 40.1971592046187 ], [ -8.396240077281353, 40.197068782716869 ], [ -8.396054528595572, 40.196963909132833 ], [ -8.39588327898292, 40.196845593919839 ], [ -8.395727977689733, 40.196714976584161 ], [ -8.395590120336919, 40.196573315108353 ], [ -8.395584781341126, 40.19656653001519 ], [ -8.395536518048043, 40.196645383648793 ], [ -8.395418600607075, 40.196797262113364 ], [ -8.395281837283269, 40.196939546047304 ], [ -8.395127545129588, 40.197070865115229 ], [ -8.394957210044856, 40.19718995457665 ], [ -8.394772472464496, 40.19729566746873 ], [ -8.394575111561625, 40.197386985654639 ], [ -8.394367028110773, 40.197463029631265 ], [ -8.394150226179253, 40.197523067001555 ], [ -8.393926793822676, 40.197566519529914 ], [ -8.393698882970664, 40.197592968712563 ], [ -8.393468688696686, 40.197602159809215 ], [ -8.393238428071852, 40.197594004297144 ], [ -8.393010318806617, 40.197568580723939 ], [ -8.392786557886287, 40.197526133950909 ], [ -8.392569300406393, 40.197467072794211 ], [ -8.392360638811946, 40.197391966086492 ], [ -8.392162582740808, 40.197301537197184 ], [ -8.391977039665449, 40.197196657064104 ], [ -8.391805796519701, 40.19707833580361 ], [ -8.391650502487595, 40.196947712980176 ], [ -8.391512653120087, 40.196806046629234 ], [ -8.391393575932678, 40.196654701139067 ], [ -8.391294417622611, 40.196495134108559 ], [ -8.391216133028673, 40.196328882307405 ], [ -8.391201134788107, 40.196283526551966 ], [ -8.39101387828215, 40.196198024605479 ], [ -8.390828339983534, 40.196093142596311 ], [ -8.390657101611424, 40.19597481959908 ], [ -8.390501812303873, 40.195844195194994 ], [ -8.390363967566323, 40.195702527434719 ], [ -8.390244894869689, 40.195551180720074 ], [ -8.390145740867959, 40.195391612661744 ], [ -8.390067460358431, 40.195225360039323 ], [ -8.3900108070907, 40.195054023999319 ], [ -8.389976326512821, 40.194879254633641 ], [ -8.389964350524252, 40.194702735086963 ], [ -8.38997499428592, 40.194526165346495 ], [ -8.390008155117854, 40.194351245869747 ], [ -8.390063513494765, 40.194179661208523 ], [ -8.390140536129719, 40.194013063786393 ], [ -8.390238481115961, 40.193853057986139 ], [ -8.390356405077126, 40.193701184700338 ], [ -8.390493172256804, 40.193558906493585 ], [ -8.390647465459722, 40.193427593519431 ], [ -8.390817798739077, 40.19330851032759 ], [ -8.391002531707747, 40.193202803688052 ], [ -8.391199885335514, 40.193111491549693 ], [ -8.391407959080201, 40.193035453239254 ], [ -8.391624749187828, 40.192975420995303 ], [ -8.391848167985621, 40.192931972918238 ], [ -8.392076063982278, 40.192905527404655 ], [ -8.392253398574619, 40.192898448590626 ], [ -8.392298787177378, 40.192824294739495 ], [ -8.392416704761738, 40.192672419348014 ], [ -8.392553465567715, 40.192530138701947 ], [ -8.392707752461414, 40.19239882297834 ], [ -8.392878079556777, 40.192279736753378 ], [ -8.393062806526224, 40.192174026826279 ], [ -8.393260154397293, 40.192082711177555 ], [ -8.393468222683238, 40.192006669167768 ], [ -8.393685007682626, 40.191946633071097 ], [ -8.393908421771865, 40.191903181025076 ], [ -8.394136313504985, 40.19187673146449 ], [ -8.39436648832733, 40.191867539092897 ], [ -8.394596729703894, 40.191875692430358 ], [ -8.394824820459057, 40.191901112961403 ], [ -8.395048564122495, 40.191943555890759 ], [ -8.395265806075917, 40.192002612500318 ], [ -8.39547445429724, 40.192077714084085 ], [ -8.395618638146429, 40.192143545501239 ], [ -8.395697250314164, 40.192098556811487 ], [ -8.395894594409386, 40.19200723668262 ], [ -8.396010435325362, 40.19196489748181 ], [ -8.396070123886313, 40.191902793997173 ], [ -8.396224402556967, 40.191771473598735 ], [ -8.396254345322516, 40.191750536945428 ], [ -8.396239986370773, 40.19173228777484 ], [ -8.396140823955879, 40.19157272477284 ], [ -8.396062533269969, 40.191406476126971 ], [ -8.396005868160699, 40.191235142945452 ], [ -8.395971374190211, 40.191060375292651 ], [ -8.395959383386987, 40.190883856296807 ], [ -8.395970011054665, 40.190707285939808 ], [ -8.396003154668293, 40.190532364685154 ], [ -8.396058494868429, 40.190360777101766 ], [ -8.396135498543202, 40.190194175641388 ], [ -8.396233423968454, 40.190034164725759 ], [ -8.396351327956193, 40.189882285296669 ], [ -8.396488074942344, 40.189739999977945 ], [ -8.396525266959296, 40.189708341276784 ], [ -8.396557185535581, 40.189539875556648 ], [ -8.396612523545096, 40.189368287685987 ], [ -8.396689524753119, 40.189201685836423 ], [ -8.396787447459248, 40.189041674433398 ], [ -8.396905348501683, 40.188889794423453 ], [ -8.397042092344714, 40.188747508435966 ], [ -8.397196362017784, 40.188616186699456 ], [ -8.397366671800656, 40.188497093848028 ], [ -8.397551381532445, 40.188391376744711 ], [ -8.397605822116409, 40.188366182093134 ], [ -8.397697555478501, 40.188248007679896 ], [ -8.39783429637958, 40.188105720750343 ], [ -8.397988563071875, 40.187974397953191 ], [ -8.398158869863853, 40.187855303932743 ], [ -8.39834357662342, 40.187749585563317 ], [ -8.398540904572705, 40.187658260906716 ], [ -8.398748953416773, 40.187582209410273 ], [ -8.398787899956044, 40.187571420946391 ], [ -8.398603103125806, 40.187536370066184 ], [ -8.398385872582272, 40.187477319636884 ], [ -8.39817723530253, 40.187402223205495 ], [ -8.397979200690248, 40.187311804042444 ], [ -8.397793676011229, 40.187206932991863 ], [ -8.397622448022149, 40.187088620082612 ], [ -8.397467165761102, 40.186958004798683 ], [ -8.397434497169614, 40.186924431260607 ], [ -8.39725763799294, 40.186944964546321 ], [ -8.397027480228063, 40.186954162619443 ], [ -8.39679725523072, 40.18694601405695 ], [ -8.396569180368155, 40.186920597339494 ], [ -8.396345452294279, 40.186878157262342 ], [ -8.396128225788216, 40.186819102577125 ], [ -8.395919592996631, 40.186744002054134 ], [ -8.395721563279956, 40.186653579003227 ], [ -8.395536043856826, 40.186548704305984 ], [ -8.395364821433288, 40.186430388026373 ], [ -8.39520954499382, 40.186299769680836 ], [ -8.395071709919979, 40.186158107261718 ], [ -8.394952643589663, 40.18600676511938 ], [ -8.394853492595622, 40.185847200820433 ], [ -8.394775211706259, 40.185680951108289 ], [ -8.394718554674917, 40.18550961710141 ], [ -8.394708638740013, 40.185459367659647 ], [ -8.394638041083509, 40.185499772770363 ], [ -8.394440714103066, 40.185591090805566 ], [ -8.39423266647672, 40.185667134581976 ], [ -8.394015901926707, 40.185727171704521 ], [ -8.393792508148559, 40.185770623940009 ], [ -8.393564636700278, 40.18579707278748 ], [ -8.393334482275749, 40.185806263509924 ], [ -8.393104261562211, 40.185798107588163 ], [ -8.392876191885648, 40.185772683573795 ], [ -8.392652469850006, 40.185730236332333 ], [ -8.39243525017624, 40.185671174684416 ], [ -8.392226624945188, 40.185596067467415 ], [ -8.392028603444448, 40.18550563805568 ], [ -8.391843092813506, 40.185400757392003 ], [ -8.391671879673705, 40.185282435597834 ], [ -8.391516612920089, 40.185151812242751 ], [ -8.391378787840916, 40.185010145367308 ], [ -8.391259731717808, 40.184858799364768 ], [ -8.391160591045193, 40.184699231838948 ], [ -8.39108232049206, 40.184532979564288 ], [ -8.391025673712205, 40.184361643683943 ], [ -8.390991196091278, 40.184186874288251 ], [ -8.390979219500359, 40.184010354522208 ], [ -8.390989859106265, 40.183833784375089 ], [ -8.391023012269139, 40.18365886430837 ], [ -8.391078359537641, 40.183487278879532 ], [ -8.391155367731898, 40.183320680519529 ], [ -8.39125329508429, 40.183160673620257 ], [ -8.391371198388336, 40.183008799084831 ], [ -8.3915079420866, 40.182866519489927 ], [ -8.39166220920997, 40.18273520500253 ], [ -8.391832514062813, 40.1826161201869 ], [ -8.392017216531746, 40.182510411828716 ], [ -8.392038491393523, 40.182500566539048 ], [ -8.39184218640264, 40.182478680565723 ], [ -8.391618475832216, 40.182436231265875 ], [ -8.391401267566003, 40.182377167608429 ], [ -8.391192653574956, 40.182302058450112 ], [ -8.390994643038399, 40.182211627183918 ], [ -8.390809142990204, 40.182106744770543 ], [ -8.390637939949785, 40.181988421348265 ], [ -8.390482682714913, 40.181857796502356 ], [ -8.39034486648217, 40.181716128287675 ], [ -8.390225818447982, 40.181564781110424 ], [ -8.390126685028887, 40.181405212585695 ], [ -8.390048420824032, 40.181238959497527 ], [ -8.389991779426087, 40.18106762299692 ], [ -8.389957306168901, 40.180892853180183 ], [ -8.389945332881547, 40.180716333196358 ], [ -8.38995597469906, 40.180539763036812 ], [ -8.389989128960313, 40.180364843163133 ], [ -8.390044476203416, 40.180193258130942 ], [ -8.39012148324877, 40.180026660367396 ], [ -8.390219408339847, 40.179866654258603 ], [ -8.390337308291967, 40.179714780700102 ], [ -8.390474047579993, 40.179572502259177 ], [ -8.390628309277306, 40.179441189091662 ], [ -8.390798607740532, 40.179322105749137 ], [ -8.390983302917833, 40.179216399003117 ], [ -8.391180616142908, 40.179125086803495 ], [ -8.39138864726263, 40.179049048477673 ], [ -8.391605392933437, 40.178989016264339 ], [ -8.391828765910414, 40.178945568263671 ], [ -8.39205661514343, 40.17891912287152 ], [ -8.392286746487025, 40.178909934751303 ], [ -8.392516943824806, 40.178918092382197 ], [ -8.392744990405154, 40.178943517207323 ], [ -8.392968690183062, 40.178985964390087 ], [ -8.393185888962774, 40.179045025171412 ], [ -8.393394495137894, 40.179120130805082 ], [ -8.39359249982946, 40.179210558033539 ], [ -8.39377799622822, 40.179315436051276 ], [ -8.393949197955006, 40.17943375488894 ], [ -8.39410445626253, 40.179564375137453 ], [ -8.394242275912987, 40.179706038918596 ], [ -8.394361329578611, 40.179857381996563 ], [ -8.39446047062645, 40.18001694691381 ], [ -8.394538744164191, 40.180183197024888 ], [ -8.394595396240506, 40.180354531293254 ], [ -8.394629881111179, 40.180529299708361 ], [ -8.394641866500839, 40.180705819175031 ], [ -8.394631236809367, 40.180882389721774 ], [ -8.394598094231894, 40.18105731087212 ], [ -8.394542757781306, 40.181228898021395 ], [ -8.394465760222454, 40.181395498661075 ], [ -8.394367842947304, 40.181555508294508 ], [ -8.394249948840175, 40.181707385890725 ], [ -8.394113213201582, 40.181849668727295 ], [ -8.393958952817902, 40.181980986479424 ], [ -8.393788653282027, 40.182100074419353 ], [ -8.393603954687009, 40.182205785598917 ], [ -8.39358268014492, 40.182215631175751 ], [ -8.393778984920591, 40.182237514199556 ], [ -8.394002696161715, 40.182279959323907 ], [ -8.394219906347116, 40.182339018095561 ], [ -8.394428523760585, 40.182414121787644 ], [ -8.394626539414949, 40.182504547161322 ], [ -8.394812046395398, 40.182609423428922 ], [ -8.394983258220874, 40.182727740637972 ], [ -8.395138526046839, 40.182858359395077 ], [ -8.39527635454383, 40.183000021836399 ], [ -8.395395416298877, 40.183151363739036 ], [ -8.395494564601121, 40.183310927656784 ], [ -8.39557284448837, 40.183477176953829 ], [ -8.395629501948125, 40.183648510601451 ], [ -8.395639418291145, 40.183698759978753 ], [ -8.395710013489078, 40.183658354252664 ], [ -8.395907333169927, 40.183567034046803 ], [ -8.396115372507296, 40.183490987259773 ], [ -8.396332128078484, 40.183430946211757 ], [ -8.396555512543239, 40.18338748908797 ], [ -8.396783374740817, 40.183361034372126 ], [ -8.397013520400931, 40.183351836817423 ], [ -8.39724373326934, 40.183359984993842 ], [ -8.397471796444908, 40.183385400435554 ], [ -8.397620349785699, 40.183413580257152 ], [ -8.39772643481921, 40.183374799943564 ], [ -8.397943188584412, 40.183314755883806 ], [ -8.398166571623486, 40.183271295655167 ], [ -8.398394432789413, 40.183244837771227 ], [ -8.398624577821838, 40.183235637015677 ], [ -8.398854790472564, 40.183243781989376 ], [ -8.39908285384255, 40.183269194257285 ], [ -8.399306571725138, 40.183311629103756 ], [ -8.399523789750265, 40.18337067788849 ], [ -8.399732416126255, 40.183445771980786 ], [ -8.399930441779654, 40.18353618823425 ], [ -8.400115959699392, 40.183641055949046 ], [ -8.400287183299092, 40.183759365255042 ], [ -8.400442463620868, 40.183889976834976 ], [ -8.400580305214941, 40.184031632894133 ], [ -8.40069938054225, 40.184182969271085 ], [ -8.400798542761246, 40.184342528572842 ], [ -8.400866853275764, 40.184487575787003 ], [ -8.400933689866935, 40.18453375615934 ], [ -8.401013915269999, 40.184601234804305 ], [ -8.401022432144256, 40.184556263676285 ], [ -8.401077754910451, 40.184384673572964 ], [ -8.401154739610284, 40.184218068663597 ], [ -8.40125264470235, 40.184058053403149 ], [ -8.401370527194491, 40.183906168775323 ], [ -8.401507251729635, 40.183763877453956 ], [ -8.40166150152316, 40.183632549719 ], [ -8.401831791046252, 40.183513450262289 ], [ -8.402016480333108, 40.183407726010508 ], [ -8.402213790774088, 40.183316395082137 ], [ -8.402421822242827, 40.183240336984888 ], [ -8.402638571392373, 40.18318028414788 ], [ -8.402846311901744, 40.183139858216521 ], [ -8.402855113080538, 40.183136640373384 ], [ -8.402962273326645, 40.183106949963971 ], [ -8.402974173659656, 40.183044102302368 ], [ -8.403029490296195, 40.182872511241634 ], [ -8.403106468525674, 40.182705905012106 ], [ -8.403204366869016, 40.182545888081457 ], [ -8.403322242399046, 40.18239400144946 ], [ -8.403458959825743, 40.182251707809307 ], [ -8.403613202432927, 40.182120377463249 ], [ -8.403783484760989, 40.1820012751283 ], [ -8.403968166913396, 40.181895547758849 ], [ -8.404165470349204, 40.181804213503405 ], [ -8.404373495009496, 40.181728151901723 ], [ -8.404590237612865, 40.181668095416661 ], [ -8.404813610943899, 40.181624622382067 ], [ -8.405041463949038, 40.181598151434869 ], [ -8.40527160244649, 40.18158893748452 ], [ -8.405501810250977, 40.181597069258913 ], [ -8.405568299113828, 40.181604474206999 ], [ -8.405616157019942, 40.181570998788146 ], [ -8.405800835148101, 40.181465268500659 ], [ -8.405998134865575, 40.181373931127446 ], [ -8.40620615614924, 40.18129786623831 ], [ -8.4064228957502, 40.181237806327751 ], [ -8.406646266481943, 40.181194329762612 ], [ -8.406874117315933, 40.181167855213801 ], [ -8.40710425409128, 40.181158637625465 ], [ -8.407334460639287, 40.181166765760516 ], [ -8.407562520119669, 40.181192161346097 ], [ -8.407786236363229, 40.181234579827169 ], [ -8.408003455015697, 40.181293612720992 ], [ -8.408212084279379, 40.181368691549906 ], [ -8.408410115053041, 40.181459093314473 ], [ -8.408595640276342, 40.181563947454364 ], [ -8.408766873292622, 40.181682244230188 ], [ -8.408922165053356, 40.181812844445346 ], [ -8.409060019998668, 40.181954490414547 ], [ -8.409161377583446, 40.182083285044989 ], [ -8.409189508822058, 40.182037295446257 ], [ -8.40930737009651, 40.181885402754737 ], [ -8.409444073964043, 40.181743102079558 ], [ -8.409598303839024, 40.181611763790691 ], [ -8.409768574384419, 40.181492652681676 ], [ -8.40995324581713, 40.181386915791379 ], [ -8.41015053969941, 40.181295571360018 ], [ -8.41035855606431, 40.181219499025318 ], [ -8.410575291710277, 40.181159431353493 ], [ -8.410798659488874, 40.181115946786129 ], [ -8.41102650839999, 40.181089464071157 ], [ -8.411256644301245, 40.181080238231402 ], [ -8.411486851032354, 40.1810883581092 ], [ -8.411714911751274, 40.181113745511205 ], [ -8.411938630276884, 40.181156155961148 ], [ -8.412155852232953, 40.181215181053659 ], [ -8.412364485789983, 40.181290252386177 ], [ -8.412562521805418, 40.18138064703146 ], [ -8.412748053168459, 40.181485494497721 ], [ -8.412919293163341, 40.181603785109843 ], [ -8.413074592674363, 40.181734379730571 ], [ -8.413212456067034, 40.181876020728524 ], [ -8.413331555592441, 40.182027344087324 ], [ -8.413430744176084, 40.182186892539356 ], [ -8.41350906646794, 40.182353129597807 ], [ -8.413565768047221, 40.182524454351878 ], [ -8.413600302693014, 40.182699216882725 ], [ -8.413612337650607, 40.182875734151899 ], [ -8.413601756842507, 40.183052306209149 ], [ -8.413568661993043, 40.183227232563503 ], [ -8.4135133716554, 40.183398828560264 ], [ -8.41343641815026, 40.183565441605751 ], [ -8.413338542445231, 40.183725467083896 ], [ -8.413220687024182, 40.183877363811156 ], [ -8.413092730595151, 40.184010566618632 ], [ -8.413245047808569, 40.184115780821607 ], [ -8.413400353697588, 40.184246374926957 ], [ -8.41353822288068, 40.184388015455767 ], [ -8.413539199313792, 40.184389256021028 ], [ -8.413619417100795, 40.184404460914003 ], [ -8.413629791141656, 40.184231341781427 ], [ -8.413662886306994, 40.18405641543886 ], [ -8.413718176791759, 40.183884819389675 ], [ -8.413795129962862, 40.183718206167249 ], [ -8.413893004582487, 40.183558180306598 ], [ -8.41401085795188, 40.183406282893543 ], [ -8.414147554994365, 40.183263976725108 ], [ -8.41430177919001, 40.183132632224201 ], [ -8.41447204525644, 40.18301351424418 ], [ -8.414656713453661, 40.182907769890058 ], [ -8.414854005375062, 40.182816417473951 ], [ -8.415062021072552, 40.182740336710459 ], [ -8.415278757350995, 40.182680260246954 ], [ -8.415502127055847, 40.182636766609662 ], [ -8.415729979168447, 40.182610274633909 ], [ -8.415960119515582, 40.182601039431603 ], [ -8.416190331894168, 40.182609149935274 ], [ -8.416418399407782, 40.182634528041824 ], [ -8.41664212580989, 40.182676929364504 ], [ -8.416859356648434, 40.182735945585826 ], [ -8.417068000008403, 40.182811008388661 ], [ -8.417266046652866, 40.182901394927867 ], [ -8.417451589368696, 40.183006234789758 ], [ -8.417622841330825, 40.183124518372431 ], [ -8.417778153308339, 40.183255106606339 ], [ -8.41791602954671, 40.183396741921598 ], [ -8.418035142173352, 40.183548060356593 ], [ -8.418134343987605, 40.183707604691115 ], [ -8.418212679512049, 40.18387383847805 ], [ -8.418269394198466, 40.184045160838075 ], [ -8.418303941699721, 40.184219921875453 ], [ -8.418315989137293, 40.184396438566125 ], [ -8.418305420313487, 40.184573010965408 ], [ -8.418272336837203, 40.184747938579093 ], [ -8.418217057152075, 40.18491953674036 ], [ -8.418140113476166, 40.185086152834664 ], [ -8.418042246682399, 40.185246182216602 ], [ -8.417924399168783, 40.185398083665071 ], [ -8.417787705786955, 40.185540394227935 ], [ -8.417740781842218, 40.185580358656253 ], [ -8.417791686206971, 40.185603589596738 ], [ -8.417977237113513, 40.185708428538902 ], [ -8.418148496806667, 40.185826711262031 ], [ -8.418303815981059, 40.185957298704842 ], [ -8.418441698812861, 40.186098933305097 ], [ -8.418560817365977, 40.186250251108042 ], [ -8.418660024382675, 40.186409794899596 ], [ -8.418738364335411, 40.186576028237852 ], [ -8.418795082633308, 40.186747350247828 ], [ -8.418829632894431, 40.18692211103717 ], [ -8.418841682213655, 40.187098627584199 ], [ -8.41883111437515, 40.187275199945631 ], [ -8.418798030978293, 40.187450127627613 ], [ -8.418742750465935, 40.18762172596265 ], [ -8.418665805064082, 40.187788342334557 ], [ -8.418613021777277, 40.18787465027912 ], [ -8.418638147283767, 40.187873641495656 ], [ -8.418868377777894, 40.187881746603757 ], [ -8.419096463928177, 40.187907119346718 ], [ -8.419320209308646, 40.187949515389484 ], [ -8.419537459284518, 40.188008526465346 ], [ -8.419746121756527, 40.188083584306767 ], [ -8.419944187303727, 40.188173966116373 ], [ -8.420129748530984, 40.188278801526053 ], [ -8.420301018434991, 40.188397080976777 ], [ -8.420456347612058, 40.188527665438812 ], [ -8.420594240142039, 40.188669297378617 ], [ -8.420713367995447, 40.188820612867062 ], [ -8.420812583824981, 40.188980154712368 ], [ -8.420890932018228, 40.189146386491394 ], [ -8.420927997351612, 40.18925832956878 ], [ -8.421078470997724, 40.189362243699257 ], [ -8.421101284424831, 40.189372653458726 ], [ -8.421286850700081, 40.189477486974354 ], [ -8.421458125631235, 40.189595764671132 ], [ -8.421613459766201, 40.189726347536215 ], [ -8.42175135713709, 40.189867978051453 ], [ -8.421870489667796, 40.19001929230145 ], [ -8.421969709965982, 40.190178833106366 ], [ -8.422048062376192, 40.190345064053062 ], [ -8.422104792187566, 40.190516384289587 ], [ -8.422139352907269, 40.190691143940697 ], [ -8.42215141152943, 40.190867659995689 ], [ -8.422140851748594, 40.19104423251602 ], [ -8.422107775086506, 40.191219161006337 ], [ -8.422052499921117, 40.191390760791357 ], [ -8.421975558426901, 40.191557379240933 ], [ -8.421877691455705, 40.191717411686973 ], [ -8.421759841407196, 40.191869316878858 ], [ -8.421623143157376, 40.192011631828386 ], [ -8.42146891313234, 40.19214298590154 ], [ -8.421298636632418, 40.192262114020764 ], [ -8.421166615387236, 40.192337713227225 ], [ -8.421169186932769, 40.192341848082471 ], [ -8.421247539912386, 40.192508079506851 ], [ -8.42130426954648, 40.192679400072279 ], [ -8.421334568359713, 40.192832613271264 ], [ -8.421466734280548, 40.192847311729714 ], [ -8.421690497362288, 40.192889703093186 ], [ -8.421907765154534, 40.192948709608103 ], [ -8.422116445386482, 40.193023763050824 ], [ -8.42231452846619, 40.193114140666367 ], [ -8.422500106829709, 40.193218972126978 ], [ -8.422671393308727, 40.1933372479117 ], [ -8.422826738339953, 40.193467829026098 ], [ -8.422964645850566, 40.193609457968869 ], [ -8.42308378766681, 40.193760770839802 ], [ -8.423183016306909, 40.193920310472308 ], [ -8.423261376035061, 40.194086540464582 ], [ -8.423318112069909, 40.194257859973895 ], [ -8.423352677858658, 40.194432619131952 ], [ -8.423364740346589, 40.194609134932847 ], [ -8.423354183190986, 40.194785707440488 ], [ -8.423321107888279, 40.194960636159628 ], [ -8.423265832803294, 40.195132236412789 ], [ -8.423188890109698, 40.195298855565333 ], [ -8.423091020670855, 40.195458888942369 ], [ -8.422973166910172, 40.195610795284331 ], [ -8.422935946929959, 40.195649543620412 ], [ -8.4228959011865, 40.195736260974357 ], [ -8.422798030434743, 40.195896294096229 ], [ -8.422680175267091, 40.196048200133362 ], [ -8.422618948698441, 40.196111939954392 ], [ -8.42261412976416, 40.196192522183928 ], [ -8.422581051896666, 40.19636745065813 ], [ -8.422525773823022, 40.196539050526731 ], [ -8.422448827745667, 40.196705669158789 ], [ -8.422350954560551, 40.196865701884427 ], [ -8.422233096727151, 40.197017607450334 ], [ -8.422096389196417, 40.197159922864721 ], [ -8.421942148483812, 40.197291277489043 ], [ -8.421771859992578, 40.197410406240422 ], [ -8.421587163709237, 40.197516161777621 ], [ -8.421389838409022, 40.197607525553067 ], [ -8.42118178452343, 40.197683617624577 ], [ -8.420965005834903, 40.19774370513182 ], [ -8.420741590175096, 40.197787209356321 ], [ -8.420513689312752, 40.197813711296334 ], [ -8.420283498225075, 40.197822955703387 ], [ -8.420053233952478, 40.197814853541267 ], [ -8.419825114240558, 40.197789482843667 ], [ -8.419601336175287, 40.19774708796259 ], [ -8.419384055017389, 40.197688077214345 ], [ -8.419175363440029, 40.197613018946036 ], [ -8.418977271369961, 40.197522636060569 ], [ -8.418791686626498, 40.197417799052658 ], [ -8.418620396544934, 40.1972995176233 ], [ -8.418517990370921, 40.197213433093168 ], [ -8.418424237959709, 40.197187970023059 ], [ -8.418215548966915, 40.197112910008997 ], [ -8.418017459620794, 40.197022525463829 ], [ -8.417831877714422, 40.19691768689831 ], [ -8.417660590555764, 40.196799404028411 ], [ -8.417548589496995, 40.196705251093547 ], [ -8.417535001532608, 40.196719394986069 ], [ -8.417380752975673, 40.196850743569961 ], [ -8.417358608790225, 40.196866233521526 ], [ -8.417357740851235, 40.196880728296946 ], [ -8.417324649143662, 40.197055655296296 ], [ -8.417269357256274, 40.197227252682296 ], [ -8.417192397524556, 40.197393867847872 ], [ -8.41709451097597, 40.197553896156556 ], [ -8.416976640198717, 40.197705796397521 ], [ -8.416839920268432, 40.197848105630271 ], [ -8.416685667820021, 40.197979453275778 ], [ -8.416515368369787, 40.198098574318394 ], [ -8.416330662009825, 40.198204321491083 ], [ -8.416133327612451, 40.198295676326858 ], [ -8.415925265696803, 40.198371758969614 ], [ -8.41570848012269, 40.19843183664986 ], [ -8.415485058788109, 40.198475330743761 ], [ -8.415257153516469, 40.198501822347154 ], [ -8.415026959327463, 40.198511056311141 ], [ -8.414796693291374, 40.198502943700078 ], [ -8.41456857317079, 40.198477562648314 ], [ -8.414344796055611, 40.198435157607598 ], [ -8.414127517197405, 40.198376136992096 ], [ -8.413918829247168, 40.198301069243954 ], [ -8.413878273163908, 40.19828256258419 ], [ -8.413868482788457, 40.19829275239772 ], [ -8.413714223580801, 40.198424096096765 ], [ -8.413543917797348, 40.198543212780457 ], [ -8.413516419785257, 40.198558954643659 ], [ -8.413548452409598, 40.198721016573572 ], [ -8.413560490305768, 40.198897533349488 ], [ -8.413549907113877, 40.199074104921309 ], [ -8.413516804581072, 40.199249030802797 ], [ -8.4134615013344, 40.199420626343745 ], [ -8.413384529818735, 40.199587238954855 ], [ -8.413286631175033, 40.199747264024225 ], [ -8.413168748107982, 40.199899160372226 ], [ -8.413032015811583, 40.200041465095829 ], [ -8.412941028043749, 40.200118933074158 ], [ -8.412953171804901, 40.20011936111203 ], [ -8.41318129684745, 40.200144745323179 ], [ -8.413405078877441, 40.200187152583794 ], [ -8.413622362907208, 40.200246174519194 ], [ -8.413638318348745, 40.200251913798581 ], [ -8.413848913675164, 40.200193557440734 ], [ -8.414072341707058, 40.200150066494693 ], [ -8.41430025296839, 40.200123577211002 ], [ -8.41453045271647, 40.200114344675669 ], [ -8.414615505606672, 40.200117341384995 ], [ -8.414617964539765, 40.200115621540547 ], [ -8.414802678745589, 40.200009877108691 ], [ -8.415000019898301, 40.199918524545147 ], [ -8.415208087575756, 40.19984244356597 ], [ -8.415424878082316, 40.199782366820536 ], [ -8.415648303741307, 40.19973887283777 ], [ -8.415876212995327, 40.19971238045629 ], [ -8.415907404079137, 40.199711129081315 ], [ -8.415927560139536, 40.199699589834339 ], [ -8.416124898874173, 40.199608235356571 ], [ -8.416332964336018, 40.199532152359062 ], [ -8.416549752850759, 40.199472073510641 ], [ -8.416773176760902, 40.199428577360479 ], [ -8.417001084525879, 40.199402082768053 ], [ -8.417231281436658, 40.199392844870488 ], [ -8.417318847616212, 40.199395928119763 ], [ -8.417436551591726, 40.1992442452784 ], [ -8.417573273057606, 40.199101935370017 ], [ -8.417727526317289, 40.198970586564435 ], [ -8.417897825808462, 40.198851463756384 ], [ -8.418082531469221, 40.198745714097406 ], [ -8.418279864532176, 40.198654355950595 ], [ -8.418487924653068, 40.198578269085743 ], [ -8.418704708209004, 40.198518186208929 ], [ -8.418928127590229, 40.198474685908124 ], [ -8.419156031299776, 40.198448187082775 ], [ -8.41938622466766, 40.198438944910748 ], [ -8.419568535737961, 40.198445360799361 ], [ -8.419736602957405, 40.198349132830963 ], [ -8.419933932637168, 40.198257771870026 ], [ -8.420141989682014, 40.198181682037777 ], [ -8.420358770498671, 40.198121596068852 ], [ -8.420582187503749, 40.198078092581014 ], [ -8.42081008922316, 40.19805159050437 ], [ -8.421040281006073, 40.198042345048123 ], [ -8.421270546154176, 40.198050445243496 ], [ -8.421498667262989, 40.198075813086689 ], [ -8.421722447569968, 40.19811820428977 ], [ -8.42193973210405, 40.1981772106327 ], [ -8.422148428433239, 40.198252263893494 ], [ -8.422346526810596, 40.198342641318916 ], [ -8.422532119524867, 40.198447472583112 ], [ -8.422703419269551, 40.19856574816697 ], [ -8.422858776353605, 40.198696329078032 ], [ -8.422996694588129, 40.198837957816956 ], [ -8.423115845696078, 40.198989270485498 ], [ -8.423150428888279, 40.199044868953564 ], [ -8.423322514615577, 40.19910675301491 ], [ -8.423520617033359, 40.199197128403576 ], [ -8.423706213882239, 40.19930195775536 ], [ -8.423877517815903, 40.199420231569583 ], [ -8.424032879102972, 40.199550810870797 ], [ -8.42417080151408, 40.199692438175241 ], [ -8.424289956731963, 40.199843749598422 ], [ -8.424310835657293, 40.199877314523533 ], [ -8.424342393129837, 40.199876046146322 ], [ -8.424572664835948, 40.199884139747567 ], [ -8.42480079328581, 40.199909501049504 ], [ -8.425024581646202, 40.199951885827204 ], [ -8.425241874868533, 40.200010885922502 ], [ -8.425450580437156, 40.200085933173554 ], [ -8.425648688516176, 40.200176304885062 ], [ -8.425834291300941, 40.200281130786088 ], [ -8.426005601387988, 40.200399401409278 ], [ -8.426160968986695, 40.200529977809879 ], [ -8.42629889780692, 40.20067160253204 ], [ -8.42641805946969, 40.20082291171618 ], [ -8.426517306302086, 40.200982448231258 ], [ -8.426595682393085, 40.201148675705511 ], [ -8.42665243280371, 40.20131999332046 ], [ -8.426687010842679, 40.201494751226107 ], [ -8.426699083337246, 40.201671266428598 ], [ -8.42668853384826, 40.201847838997615 ], [ -8.426655463798259, 40.202022768437345 ], [ -8.426600191501413, 40.202194370063388 ], [ -8.426551599223684, 40.202299598259692 ], [ -8.426569189801821, 40.202305923116292 ], [ -8.426767305834101, 40.202396292850416 ], [ -8.426952916405419, 40.202501116889948 ], [ -8.42712423403734, 40.202619385785404 ], [ -8.427279608866588, 40.202749960608735 ], [ -8.427417544533395, 40.202891583919239 ], [ -8.42753671259285, 40.203042891870986 ], [ -8.427635965310433, 40.20320242734477 ], [ -8.427714346718432, 40.203368653978849 ], [ -8.427741364582726, 40.203450208319367 ], [ -8.427823742335839, 40.203507075947599 ], [ -8.427979120538373, 40.203637649799923 ], [ -8.428117059466107, 40.203779272243501 ], [ -8.428236230642725, 40.203930579440744 ], [ -8.428335486303686, 40.204090114279737 ], [ -8.428413870452932, 40.204256340404839 ], [ -8.428470628073871, 40.204427657010619 ], [ -8.42850521240576, 40.20460241425679 ], [ -8.428517290215227, 40.204778929155843 ], [ -8.428516490286169, 40.20479232348243 ], [ -8.428587833131944, 40.204778427742617 ], [ -8.428815754059006, 40.204751909866729 ], [ -8.429045967314002, 40.204742648424698 ], [ -8.429276255991878, 40.204750732601681 ], [ -8.429504402461617, 40.204776084548072 ], [ -8.429728209716508, 40.204818460129047 ], [ -8.429945522526042, 40.204877451274974 ], [ -8.430154248185993, 40.204952489910241 ], [ -8.430352376667026, 40.205042853422448 ], [ -8.430537999968054, 40.205147671619699 ], [ -8.430709330488074, 40.205265935108791 ], [ -8.430864718239723, 40.205396505013688 ], [ -8.43092156878788, 40.205454868289912 ], [ -8.430970268769812, 40.205460279172371 ], [ -8.43119407917278, 40.20550265190279 ], [ -8.431411395424519, 40.205561640277381 ], [ -8.43162012478766, 40.20563667624716 ], [ -8.431818257197222, 40.205727037225458 ], [ -8.432003884614291, 40.205831853044756 ], [ -8.432119615903247, 40.205911734921457 ], [ -8.432260082789776, 40.20599104980483 ], [ -8.432316998222754, 40.206030334589443 ], [ -8.432391581846503, 40.206072448141825 ], [ -8.432405792882511, 40.206082257002237 ], [ -8.432491249775142, 40.206121229804801 ], [ -8.432676879301127, 40.206226044530077 ], [ -8.432738415708631, 40.206268518299446 ], [ -8.432801146250839, 40.206297126386723 ], [ -8.432986776732555, 40.206401940608373 ], [ -8.433158114657076, 40.206520200420449 ], [ -8.433313509965737, 40.206650766982371 ], [ -8.433451466101584, 40.206792382933024 ], [ -8.433507494782171, 40.206863507678044 ], [ -8.433600512810061, 40.206941662539691 ], [ -8.433738470134553, 40.207083278136857 ], [ -8.433857659605394, 40.207234579393877 ], [ -8.433956933281882, 40.207394109256057 ], [ -8.433997561988415, 40.207480247679527 ], [ -8.434015345896968, 40.207425019285687 ], [ -8.434092275568611, 40.207258393333355 ], [ -8.434190135879877, 40.207098351014565 ], [ -8.434307984269564, 40.20694643357362 ], [ -8.434444685708742, 40.206804104000419 ], [ -8.434598923634939, 40.206672732943225 ], [ -8.434769212633391, 40.206553585511102 ], [ -8.434812532031886, 40.206528776860559 ], [ -8.434690084889587, 40.206484763200798 ], [ -8.434491946484858, 40.206394407171786 ], [ -8.434306313720443, 40.206289595372105 ], [ -8.434134974394222, 40.206171337259967 ], [ -8.433979578616791, 40.206040771791727 ], [ -8.433841622919243, 40.205899156450492 ], [ -8.433722435841348, 40.205747855133325 ], [ -8.43362316513887, 40.205588325013821 ], [ -8.433587036749952, 40.205511724695036 ], [ -8.433516959652099, 40.205519880858446 ], [ -8.43328674443196, 40.205529151198199 ], [ -8.433056452692291, 40.20552107501203 ], [ -8.432828302443287, 40.205495730083449 ], [ -8.432604491065097, 40.205453360516231 ], [ -8.432387174139366, 40.205394374382877 ], [ -8.432178444683833, 40.205319339793412 ], [ -8.431980312990145, 40.205228979422671 ], [ -8.43179468725933, 40.20512416354854 ], [ -8.431623355221511, 40.205005901668507 ], [ -8.431467966917072, 40.204875332775174 ], [ -8.431330018805125, 40.204733714384638 ], [ -8.431210839352371, 40.204582410423328 ], [ -8.431111576241131, 40.204422878090298 ], [ -8.431033185319647, 40.204256653821176 ], [ -8.430976421400961, 40.204085338489556 ], [ -8.430941830998819, 40.203910581988019 ], [ -8.430929747070355, 40.203734067337543 ], [ -8.430940285815963, 40.203557494478297 ], [ -8.430973345566933, 40.20338256389801 ], [ -8.431028607771287, 40.203210960255518 ], [ -8.431105540068087, 40.203044336157333 ], [ -8.431203401420349, 40.202884296243269 ], [ -8.431313841010233, 40.202741931531541 ], [ -8.431382407001401, 40.202629799395211 ], [ -8.431500254000088, 40.202477884700521 ], [ -8.431636952413816, 40.202335558344217 ], [ -8.431791185709278, 40.202204190943569 ], [ -8.431961468516329, 40.202085047572425 ], [ -8.432146160933653, 40.201979275580335 ], [ -8.432163515402642, 40.201971238610653 ], [ -8.432176996596528, 40.201949190834753 ], [ -8.43215780190056, 40.201891261828173 ], [ -8.432123209617012, 40.201716505620269 ], [ -8.432111123050024, 40.201539991035794 ], [ -8.432121658425423, 40.201363418014303 ], [ -8.432123922028472, 40.201351439034944 ], [ -8.432035816786822, 40.201334758337424 ], [ -8.431818513520223, 40.201275771044941 ], [ -8.431609797344445, 40.201200735328577 ], [ -8.431411678423222, 40.201110373873959 ], [ -8.431226064834553, 40.201005556969456 ], [ -8.431054744191611, 40.200887294122438 ], [ -8.430899366425034, 40.200756724334816 ], [ -8.430761427892449, 40.200615105131305 ], [ -8.430642256968307, 40.200463800446144 ], [ -8.43063172647561, 40.200446874904806 ], [ -8.430609146823667, 40.200431287841496 ], [ -8.430453770954561, 40.20030071743863 ], [ -8.430315834275799, 40.200159097686296 ], [ -8.430196665143981, 40.20000779252404 ], [ -8.430097411142047, 40.199848259162415 ], [ -8.430019028030527, 40.199682034046994 ], [ -8.429962270547277, 40.199510718059479 ], [ -8.429927685144099, 40.199335961098782 ], [ -8.429915604730017, 40.199159446190301 ], [ -8.429926145471626, 40.19898287327667 ], [ -8.429959205681026, 40.198807942846138 ], [ -8.43001446680187, 40.19863633955611 ], [ -8.430091396483691, 40.198469716009683 ], [ -8.430102687916898, 40.198451249644037 ], [ -8.430022280999808, 40.198368692886305 ], [ -8.429903115677558, 40.198217387361325 ], [ -8.429837045020138, 40.198111186723089 ], [ -8.429834918113713, 40.198108486150375 ], [ -8.429735667754427, 40.197948952413142 ], [ -8.429657287740277, 40.197782726987079 ], [ -8.429600532779304, 40.19761141075692 ], [ -8.429565949299027, 40.197436653623889 ], [ -8.429553870189972, 40.19726013861505 ], [ -8.429564411606178, 40.197083565673992 ], [ -8.429597471853267, 40.19690863528924 ], [ -8.429652732374546, 40.196737032117753 ], [ -8.429655950760264, 40.1967300612651 ], [ -8.42951962427246, 40.196590084577309 ], [ -8.429400463202054, 40.196438778473109 ], [ -8.429301216317025, 40.196279244304847 ], [ -8.429222839309386, 40.196113018525892 ], [ -8.429166086858229, 40.195941702024285 ], [ -8.429131505366918, 40.195766944703912 ], [ -8.429119427706835, 40.195590429593629 ], [ -8.429129970018076, 40.195413856637991 ], [ -8.429163030597662, 40.195238926325658 ], [ -8.429218290885709, 40.195067323312905 ], [ -8.429295218539806, 40.194900700200165 ], [ -8.429393072567738, 40.194740661617764 ], [ -8.429510910468917, 40.194588748774045 ], [ -8.429647597315496, 40.19444642461464 ], [ -8.429801816685606, 40.194315059735729 ], [ -8.429972083343229, 40.194195919186868 ], [ -8.430156757542585, 40.194090150290421 ], [ -8.430354060819184, 40.193998771594785 ], [ -8.430562093115535, 40.193922663067653 ], [ -8.430778851076623, 40.193862557623646 ], [ -8.430974863035365, 40.193824369287654 ], [ -8.430993184026978, 40.193817666444737 ], [ -8.431209941268783, 40.193757560195074 ], [ -8.431433336906423, 40.193714035809087 ], [ -8.431661219671518, 40.193687512418144 ], [ -8.43189139509572, 40.193678245436665 ], [ -8.432121646638215, 40.19368632410314 ], [ -8.43234975702552, 40.193711670621063 ], [ -8.432573529598328, 40.193754040907834 ], [ -8.432790809460062, 40.193813026944795 ], [ -8.432999504223739, 40.19388806070549 ], [ -8.433197604157524, 40.193978419624479 ], [ -8.433383201535225, 40.194083233554053 ], [ -8.433554509005486, 40.19420149314206 ], [ -8.433709876802929, 40.19433205955005 ], [ -8.433847808635559, 40.194473675418386 ], [ -8.433966976095448, 40.19462497697274 ], [ -8.434066231453926, 40.194784507155561 ], [ -8.434144618717925, 40.194950729656036 ], [ -8.434201382840945, 40.195122043703648 ], [ -8.434235976999716, 40.195296799482747 ], [ -8.434248067866315, 40.195473314019985 ], [ -8.434237538824725, 40.19564988739149 ], [ -8.434204491100608, 40.195824819093716 ], [ -8.434149242793163, 40.195996424420528 ], [ -8.434072325818136, 40.196163050688426 ], [ -8.433974480791157, 40.196323093154056 ], [ -8.433942542496231, 40.196364270720622 ], [ -8.433970429818118, 40.196399676977769 ], [ -8.434036505231736, 40.196505875270915 ], [ -8.434038632253902, 40.19650857576675 ], [ -8.434065114535613, 40.196551138737689 ], [ -8.434071206128202, 40.196532218074282 ], [ -8.434148123517474, 40.196365591816225 ], [ -8.434245968195771, 40.196205549206276 ], [ -8.434363797752516, 40.196053631491559 ], [ -8.434500477340187, 40.195911301664637 ], [ -8.434654690606784, 40.195779930376247 ], [ -8.43482495237504, 40.195660782737669 ], [ -8.435009622946229, 40.195555006139578 ], [ -8.435098657489393, 40.195513766702938 ], [ -8.43512134995499, 40.195497886538533 ], [ -8.435306019622381, 40.195392109467953 ], [ -8.435503319695146, 40.19530072202835 ], [ -8.435711350146615, 40.195224604271587 ], [ -8.435833327785003, 40.195190775311097 ], [ -8.435678389849759, 40.195135074959126 ], [ -8.435480283274511, 40.195044720327815 ], [ -8.435319964636427, 40.194954188090456 ], [ -8.435319084331205, 40.19495387161475 ], [ -8.435120978757798, 40.194863516362041 ], [ -8.434935376587307, 40.194758705250244 ], [ -8.434764065322947, 40.194640447730933 ], [ -8.434608694805057, 40.194509882754708 ], [ -8.434470761321482, 40.194368267799902 ], [ -8.434351593198089, 40.194216966759868 ], [ -8.434252338008156, 40.194057436805465 ], [ -8.434173951523706, 40.193891214349421 ], [ -8.434117188515138, 40.193719900247864 ], [ -8.434082595487519, 40.193545144381545 ], [ -8.434070505423364, 40.193368629765303 ], [ -8.434081034582251, 40.193192056339001 ], [ -8.434114081387881, 40.193017124595826 ], [ -8.434169327413029, 40.192845519205839 ], [ -8.434246240452644, 40.192678892792415 ], [ -8.434344079655254, 40.19251885001767 ], [ -8.434461902663031, 40.192366932130341 ], [ -8.434598574691544, 40.192224602124639 ], [ -8.434752779461597, 40.192093230653057 ], [ -8.434923031877755, 40.191974082828644 ], [ -8.435107692331352, 40.191868306043858 ], [ -8.435304982490239, 40.191776918923061 ], [ -8.435513002423219, 40.191700801515026 ], [ -8.435729748894303, 40.191640686819994 ], [ -8.435953134650763, 40.191597153732296 ], [ -8.436181008519352, 40.191570621467086 ], [ -8.436411176117371, 40.191561345524249 ], [ -8.436641420979353, 40.191569415228557 ], [ -8.436869525896141, 40.191594752869797 ], [ -8.437093294261098, 40.191637114450842 ], [ -8.437310571218173, 40.191696092036857 ], [ -8.437519264408358, 40.191771117682762 ], [ -8.437522854818146, 40.191772755236549 ], [ -8.437502507912349, 40.191746922975149 ], [ -8.437403248993485, 40.191587395668037 ], [ -8.437324857711255, 40.191421175292355 ], [ -8.437268088882288, 40.191249862684188 ], [ -8.437233489067738, 40.191075107709921 ], [ -8.437221391315505, 40.19089859337582 ], [ -8.437231911959232, 40.190722019619024 ], [ -8.437264949504646, 40.190547086935936 ], [ -8.437320185613721, 40.190375480005677 ], [ -8.437397088176908, 40.190208851466437 ], [ -8.437494916443633, 40.190048806000853 ], [ -8.437612728161385, 40.189896884883581 ], [ -8.437749388654453, 40.189754551139949 ], [ -8.437903581754725, 40.189623175458451 ], [ -8.438073822479126, 40.189504022992693 ], [ -8.438125242957749, 40.189474565241895 ], [ -8.438172021859566, 40.189441824249229 ], [ -8.438356670390409, 40.189336042279805 ], [ -8.438553948837907, 40.189244649625451 ], [ -8.438580993669659, 40.189234752273691 ], [ -8.438524769424641, 40.189065087506449 ], [ -8.438490167532679, 40.188890332849532 ], [ -8.438478066947397, 40.188713818590671 ], [ -8.438488584029741, 40.188537244666257 ], [ -8.438504551694869, 40.188452685443529 ], [ -8.438500383292505, 40.188431633011319 ], [ -8.438488282769763, 40.188255118739313 ], [ -8.438498799762268, 40.188078544800327 ], [ -8.438531832810936, 40.187903611692498 ], [ -8.43858706362106, 40.18773200409909 ], [ -8.438663960134145, 40.187565374664672 ], [ -8.438675788814994, 40.187546021708862 ], [ -8.438635828490385, 40.187550675633403 ], [ -8.438448711739259, 40.187558220641087 ], [ -8.438444573218188, 40.187627703630291 ], [ -8.438411540074572, 40.187802636721898 ], [ -8.438356308765412, 40.187974244231327 ], [ -8.438279411042803, 40.188140873454124 ], [ -8.438181587337002, 40.188300919618449 ], [ -8.438063779630939, 40.188452841341643 ], [ -8.437927122392752, 40.188595175476344 ], [ -8.437838626905375, 40.188670576713307 ], [ -8.437745284757117, 40.188790946649171 ], [ -8.437608626176717, 40.188933280404569 ], [ -8.437454434058774, 40.189064655705231 ], [ -8.437284193338444, 40.189183807269167 ], [ -8.437099543542072, 40.189289587535434 ], [ -8.436902262997084, 40.189380977718372 ], [ -8.436694251703827, 40.189457097621407 ], [ -8.436477513034433, 40.189517214116186 ], [ -8.436254134435027, 40.189560748205025 ], [ -8.436026267317326, 40.189587280598538 ], [ -8.435796106333456, 40.189596555754918 ], [ -8.43556586823383, 40.189588484341755 ], [ -8.435337770511921, 40.189563144096574 ], [ -8.435114010041888, 40.189520779078023 ], [ -8.434896741914987, 40.189461797314777 ], [ -8.434688058678896, 40.189386766874748 ], [ -8.434551538290975, 40.189324494255651 ], [ -8.434421587363049, 40.189459830561361 ], [ -8.43426738788359, 40.189591201632176 ], [ -8.43409714024641, 40.189710348523889 ], [ -8.433912484044491, 40.189816123720583 ], [ -8.433715197666968, 40.189907508485398 ], [ -8.433507181170384, 40.18998362267395 ], [ -8.43350571563532, 40.189984029120275 ], [ -8.433549786282228, 40.190029280106785 ], [ -8.433668945241683, 40.190180582115104 ], [ -8.433768193359747, 40.190340112702351 ], [ -8.433846574713106, 40.190506335553842 ], [ -8.433903334312209, 40.190677649895619 ], [ -8.433937925377391, 40.190852405909233 ], [ -8.433950014610556, 40.191028920619061 ], [ -8.433939485411454, 40.191205494099556 ], [ -8.433906439007307, 40.191380425846162 ], [ -8.433851193484641, 40.191552031152256 ], [ -8.433774280732415, 40.191718657334597 ], [ -8.433676441325622, 40.191878699650644 ], [ -8.433558617398409, 40.192030616754721 ], [ -8.433421943575144, 40.192172945543959 ], [ -8.433267736046609, 40.192304315251072 ], [ -8.433097479896396, 40.192423460647895 ], [ -8.432912814799485, 40.1925292342329 ], [ -8.432715519230676, 40.192620617284746 ], [ -8.432507493335056, 40.192696729675539 ], [ -8.432290740625415, 40.192756838349297 ], [ -8.432067348683139, 40.192800364383629 ], [ -8.431839469048482, 40.192826888566735 ], [ -8.431609296494148, 40.192836155435934 ], [ -8.431379047882013, 40.192828075738582 ], [ -8.43115094080682, 40.192802727292054 ], [ -8.430927172232817, 40.192760354233968 ], [ -8.430709897329324, 40.192701364670441 ], [ -8.430501208709284, 40.192626326744524 ], [ -8.430303116271, 40.192535963163152 ], [ -8.43011752783738, 40.19243114423513 ], [ -8.429946230779313, 40.192312879487297 ], [ -8.429790874800288, 40.192182307939873 ], [ -8.429652956048098, 40.19204068713448 ], [ -8.429533802706722, 40.191889381020786 ], [ -8.429434562207051, 40.191729846818504 ], [ -8.429356190179625, 40.191563620981263 ], [ -8.429299441255608, 40.191392304397738 ], [ -8.429270007345472, 40.191243551536019 ], [ -8.429199395382595, 40.191241072232778 ], [ -8.42897129441314, 40.191215719462456 ], [ -8.428747532391714, 40.191173342156048 ], [ -8.428530264424513, 40.191114348460523 ], [ -8.428321583057659, 40.1910393065588 ], [ -8.428123498119584, 40.190948939196048 ], [ -8.427937917360945, 40.190844116717514 ], [ -8.4277666280787, 40.190725848684245 ], [ -8.427611279901431, 40.190595274148073 ], [ -8.427473368901792, 40.190453650679409 ], [ -8.427354223189083, 40.190302342253553 ], [ -8.427254990120721, 40.190142806112497 ], [ -8.427176625255679, 40.189976578728526 ], [ -8.427119883156141, 40.189805261005212 ], [ -8.427085310125822, 40.189630502858101 ], [ -8.427073238954662, 40.189453987324029 ], [ -8.427083785720324, 40.189277414351665 ], [ -8.427116848676983, 40.189102484429768 ], [ -8.427172109241917, 40.188930882210876 ], [ -8.427249035070103, 40.18876426028779 ], [ -8.427346885186964, 40.188604223279356 ], [ -8.427464717129617, 40.188452312378772 ], [ -8.427571213172346, 40.188341419572197 ], [ -8.427439339618397, 40.188230571712893 ], [ -8.427301433794348, 40.188088947963053 ], [ -8.427182292632176, 40.187937639282183 ], [ -8.427083063445489, 40.18777810291472 ], [ -8.427004701755882, 40.187611875335151 ], [ -8.426947962094976, 40.187440557448852 ], [ -8.426913390743016, 40.187265799173034 ], [ -8.426901320473803, 40.187089283545731 ], [ -8.426911867356331, 40.186912710516474 ], [ -8.426944929643669, 40.186737780574632 ], [ -8.427000188759564, 40.186566178372885 ], [ -8.427077112372965, 40.186399556503879 ], [ -8.427174959530641, 40.186239519585968 ], [ -8.427292787798223, 40.186087608811469 ], [ -8.427429462340694, 40.185945287106101 ], [ -8.427583666854714, 40.185813925042424 ], [ -8.427753916247363, 40.185694787642916 ], [ -8.427938570939139, 40.185589022199622 ], [ -8.428135852653414, 40.185497647227692 ], [ -8.428343861540331, 40.185421542658993 ], [ -8.428560594470287, 40.185361441370056 ], [ -8.428783964320949, 40.185317922126188 ], [ -8.429011820072226, 40.185291404009241 ], [ -8.429059420589407, 40.185289488500132 ], [ -8.429069123554054, 40.185126953825971 ], [ -8.429102179457297, 40.184952023237024 ], [ -8.429130171010335, 40.184865086769676 ], [ -8.429127498994863, 40.184826028424013 ], [ -8.429138039789361, 40.1846494551448 ], [ -8.429171095291197, 40.184474524523196 ], [ -8.429226346989479, 40.184302921218446 ], [ -8.429303262624595, 40.18413629783381 ], [ -8.429401101320163, 40.183976259002264 ], [ -8.429518920723311, 40.183824345934561 ], [ -8.429655586084381, 40.18368202157852 ], [ -8.429809781188453, 40.183550656532198 ], [ -8.429980021033213, 40.183431515846841 ], [ -8.430164666131093, 40.18332574684613 ], [ -8.430361938297844, 40.183234368079503 ], [ -8.43056993777553, 40.183158259515317 ], [ -8.430786661525143, 40.183098154068652 ], [ -8.431010022512735, 40.183054630544788 ], [ -8.431237869803548, 40.183028108066829 ], [ -8.43146800927078, 40.183018842040404 ], [ -8.431698224719812, 40.183026921694825 ], [ -8.431926299224662, 40.183052269224035 ], [ -8.432150036471505, 40.183094640535721 ], [ -8.43236728190389, 40.183153627601342 ], [ -8.432575943466327, 40.183228662384515 ], [ -8.43277401174667, 40.183319022309931 ], [ -8.432959579323517, 40.183423837220175 ], [ -8.433130859132479, 40.183542097753609 ], [ -8.433286201674562, 40.183672665062673 ], [ -8.433424110900994, 40.183814281779014 ], [ -8.433543258621587, 40.183965584120124 ], [ -8.433642497297805, 40.184125115020834 ], [ -8.433720871097302, 40.18429133816344 ], [ -8.433777625103314, 40.184462652771174 ], [ -8.433812212590087, 40.184637409022997 ], [ -8.433824300294042, 40.184813923941 ], [ -8.433813771629708, 40.184990497597646 ], [ -8.43378072781921, 40.185165429486638 ], [ -8.433752742088798, 40.185252367052705 ], [ -8.433755416774556, 40.185291425278997 ], [ -8.433744887865453, 40.185467998915705 ], [ -8.433711843653818, 40.185642930772062 ], [ -8.433663852366397, 40.185792013852733 ], [ -8.433667736011362, 40.185848726988404 ], [ -8.433657206797678, 40.186025300601237 ], [ -8.433624162099125, 40.186200232417541 ], [ -8.433568919985856, 40.186371837730015 ], [ -8.433492012314032, 40.186538463855335 ], [ -8.433430711437994, 40.186638744599463 ], [ -8.433492499624618, 40.186655519880865 ], [ -8.433701173168053, 40.186730552546834 ], [ -8.433837687569412, 40.186792826218522 ], [ -8.433967634605281, 40.18665749052014 ], [ -8.434056131795142, 40.186582092209825 ], [ -8.434149477479679, 40.186461725189609 ], [ -8.43428613838806, 40.186319395448301 ], [ -8.434440330461754, 40.186188024305402 ], [ -8.434610568727601, 40.186068876870834 ], [ -8.43479521371321, 40.1859631005333 ], [ -8.434992487235387, 40.18587171391286 ], [ -8.43520048952313, 40.185795597053513 ], [ -8.435417217510354, 40.185735482950172 ], [ -8.4356405841223, 40.185691950491545 ], [ -8.435859310616447, 40.185666481741613 ], [ -8.435852574855126, 40.185568164931638 ], [ -8.435863098312057, 40.185391591126347 ], [ -8.435896136875995, 40.185216658669106 ], [ -8.435951372199147, 40.185045052236873 ], [ -8.436028272179584, 40.184878424463051 ], [ -8.43612609609165, 40.1847183800229 ], [ -8.436243901724801, 40.184566460181188 ], [ -8.436380554461962, 40.184424127950997 ], [ -8.43653473820973, 40.18429275400625 ], [ -8.436704968075121, 40.184173603483842 ], [ -8.436735400551532, 40.184156168533832 ], [ -8.436638482006741, 40.184000381399805 ], [ -8.436560101437854, 40.183834160248956 ], [ -8.436503340974797, 40.18366284701046 ], [ -8.43646874709821, 40.183488091556768 ], [ -8.436456652798871, 40.183311576898738 ], [ -8.436467174377235, 40.183135002976655 ], [ -8.436500210330095, 40.182960070288473 ], [ -8.436555442334823, 40.182788463513397 ], [ -8.436632338321466, 40.182621835288117 ], [ -8.436730157602838, 40.182461790292258 ], [ -8.436847958013006, 40.182309869795944 ], [ -8.436984604985197, 40.182167536818575 ], [ -8.437138782481533, 40.182036162041243 ], [ -8.437309005669231, 40.181917010608906 ], [ -8.437493635221086, 40.181811229948742 ], [ -8.437690893102516, 40.181719838722465 ], [ -8.437898879693112, 40.181643717018439 ], [ -8.438115592077924, 40.181583597878259 ], [ -8.438338943332417, 40.18154006023908 ], [ -8.438566782615528, 40.181513523359904 ], [ -8.438796915877552, 40.181504242785024 ], [ -8.439027126983603, 40.181512307883857 ], [ -8.439255199049526, 40.181537640990477 ], [ -8.439478935784978, 40.181579998151456 ], [ -8.439696182638443, 40.181638971474491 ], [ -8.439863555562361, 40.181699147336545 ], [ -8.439808490592107, 40.181610640602855 ], [ -8.439730105087239, 40.181444421547972 ], [ -8.43967333869003, 40.181273109815066 ], [ -8.439655049877864, 40.181180740457798 ], [ -8.43962891479009, 40.181125319578662 ], [ -8.439572148918112, 40.180954007784749 ], [ -8.439537548593101, 40.180779253190281 ], [ -8.439525446867966, 40.180602738797916 ], [ -8.439535960114702, 40.18042616454531 ], [ -8.439568986910359, 40.180251230933699 ], [ -8.43962420902052, 40.180079622651107 ], [ -8.439701094470529, 40.179912992348832 ], [ -8.439798902674678, 40.179752944726459 ], [ -8.439916691573721, 40.179601021079456 ], [ -8.440053326711729, 40.179458684457551 ], [ -8.440207492164783, 40.179327305576948 ], [ -8.440377703216067, 40.179208149622134 ], [ -8.440562320655234, 40.179102364063851 ], [ -8.440759566564324, 40.179010967610999 ], [ -8.440967541438203, 40.178934840402256 ], [ -8.441184242474726, 40.178874715532217 ], [ -8.441407582858616, 40.178831171993252 ], [ -8.441635411853474, 40.17880462910113 ], [ -8.44186553550864, 40.178795342458095 ], [ -8.442095737781729, 40.17880340149194 ], [ -8.442323801873624, 40.178828728595185 ], [ -8.442547531570762, 40.178871079872167 ], [ -8.442764772389401, 40.178930047487256 ], [ -8.442973432318498, 40.179005063591376 ], [ -8.443171501961666, 40.179095405789042 ], [ -8.443357073884425, 40.179200204093561 ], [ -8.443528360980588, 40.179318449303189 ], [ -8.443683713681043, 40.179449002717931 ], [ -8.443821635839264, 40.179590607103236 ], [ -8.443940799140597, 40.179741898795349 ], [ -8.444040055896538, 40.179901420831683 ], [ -8.444118450100698, 40.180067636979899 ], [ -8.44417522663988, 40.180238946530615 ], [ -8.444193521316356, 40.180331315166697 ], [ -8.444219659802789, 40.180386735010167 ], [ -8.44427643686735, 40.180558044499833 ], [ -8.44429265161609, 40.180639910699469 ], [ -8.444350923368479, 40.18071389152491 ], [ -8.444450182513741, 40.180873413173821 ], [ -8.444528578850926, 40.181039629008339 ], [ -8.444585357246288, 40.181210938322145 ], [ -8.44461997073925, 40.181385691345206 ], [ -8.444624318810598, 40.181449041822006 ], [ -8.444674428044593, 40.181435137512111 ], [ -8.444897774539047, 40.181391587236234 ], [ -8.445125610687487, 40.181365037460409 ], [ -8.445355742470383, 40.181355743853118 ], [ -8.44558595376709, 40.181363795909256 ], [ -8.445814027691609, 40.181389116088475 ], [ -8.445857482083634, 40.181397340187189 ], [ -8.445916245177221, 40.18139939531968 ], [ -8.446144319339615, 40.181424714847161 ], [ -8.446168799903194, 40.181429347919476 ], [ -8.446176616282729, 40.181405050439217 ], [ -8.446253487150145, 40.181238415878902 ], [ -8.446351281805375, 40.181078362808925 ], [ -8.446469058319613, 40.180926432577223 ], [ -8.446605682356159, 40.180784088296939 ], [ -8.446759838097963, 40.180652700758053 ], [ -8.446930040921687, 40.180533535228413 ], [ -8.447114651696179, 40.180427739271003 ], [ -8.447311892567622, 40.180336331694811 ], [ -8.447519864079364, 40.180260192745678 ], [ -8.447573090862464, 40.180245421615069 ], [ -8.447592245004801, 40.180234444657358 ], [ -8.447789484671979, 40.180143036269051 ], [ -8.447997455055493, 40.18006689646375 ], [ -8.448214153396417, 40.180006758457338 ], [ -8.448437492905406, 40.179963201368643 ], [ -8.448665322854472, 40.179936644643938 ], [ -8.448895449283768, 40.179927344018637 ], [ -8.449125656124188, 40.179935389055167 ], [ -8.449353726532651, 40.179960702280823 ], [ -8.44957746423478, 40.180003039933588 ], [ -8.449794714669773, 40.180061994309007 ], [ -8.450003385734014, 40.180136997685466 ], [ -8.450067545515902, 40.180166256108045 ], [ -8.450108441934004, 40.180123643404663 ], [ -8.450182607281665, 40.180060426450389 ], [ -8.450156482016219, 40.180059513714959 ], [ -8.449928410988687, 40.180034202073543 ], [ -8.44970467297037, 40.179991865100448 ], [ -8.449487422836279, 40.179932910554207 ], [ -8.449278752960808, 40.179857906240535 ], [ -8.449080673061761, 40.17976757454263 ], [ -8.448895090841345, 40.179662785462156 ], [ -8.448723793610704, 40.179544548238489 ], [ -8.448568431075097, 40.179414001626697 ], [ -8.448430499445601, 40.179272402928255 ], [ -8.448311327030355, 40.179121115879923 ], [ -8.448212061444115, 40.178961597517784 ], [ -8.448133658559183, 40.178795384142973 ], [ -8.448076873304062, 40.178624076524152 ], [ -8.448042252398231, 40.178449324479658 ], [ -8.448030129092841, 40.178272810987586 ], [ -8.44804061996774, 40.178096235976994 ], [ -8.448073623815452, 40.177921299956417 ], [ -8.448128822622559, 40.177749687637139 ], [ -8.44820568463882, 40.177583051709313 ], [ -8.448303469504189, 40.177422996926779 ], [ -8.448421235384151, 40.177271064653951 ], [ -8.448557848044425, 40.177128718023667 ], [ -8.448711991777516, 40.176997327848539 ], [ -8.448882182075728, 40.176878159421811 ], [ -8.449066779928518, 40.176772360334382 ], [ -8.449264007606496, 40.176680949425382 ], [ -8.449289841390602, 40.176671490592859 ], [ -8.449173716476064, 40.17657391132186 ], [ -8.449035789382277, 40.176432313257692 ], [ -8.448916620636492, 40.176281026744142 ], [ -8.448817357818136, 40.176121508812173 ], [ -8.44873895677288, 40.175955295758719 ], [ -8.44868217241153, 40.175783988349352 ], [ -8.448647551444978, 40.175609236400433 ], [ -8.448635427124987, 40.175432722889084 ], [ -8.448645916041203, 40.175256147744584 ], [ -8.448678917005035, 40.175081211476744 ], [ -8.448734112030861, 40.174909598799239 ], [ -8.448810969404878, 40.174742962405702 ], [ -8.448908748811764, 40.174582907054415 ], [ -8.449026508469583, 40.17443097411531 ], [ -8.449163114203987, 40.174288626727638 ], [ -8.449317250374184, 40.174157235711313 ], [ -8.449487432545311, 40.1740380663677 ], [ -8.449672021785089, 40.173932266296504 ], [ -8.449869240447059, 40.173840854346345 ], [ -8.450018598098929, 40.17378616489006 ], [ -8.450060427130564, 40.173756873725566 ], [ -8.450245014715529, 40.173651072742047 ], [ -8.450442231790777, 40.173559659817528 ], [ -8.450650179128777, 40.173483515249337 ], [ -8.450866854192492, 40.173423372299233 ], [ -8.4510901704167, 40.173379810133675 ], [ -8.451317977297593, 40.173353248247793 ], [ -8.451548081097426, 40.173343942426733 ], [ -8.451778265964967, 40.173351982282952 ], [ -8.451780745185653, 40.173352257420689 ], [ -8.451787377807381, 40.17324051087266 ], [ -8.451820369756545, 40.173065573683402 ], [ -8.451875555259811, 40.172893959485407 ], [ -8.451934770271894, 40.172765555787976 ], [ -8.451938179945815, 40.172747475969715 ], [ -8.45199336489959, 40.172575861708268 ], [ -8.452070211692552, 40.172409223124951 ], [ -8.452167980111284, 40.172249164999172 ], [ -8.452285728479664, 40.17209722872758 ], [ -8.452422322732062, 40.171954877481518 ], [ -8.452576447338249, 40.1718234821181 ], [ -8.452746617974707, 40.171704307980505 ], [ -8.452931195820222, 40.171598502714659 ], [ -8.453128403338042, 40.171507085219226 ], [ -8.453336341392658, 40.171430935835559 ], [ -8.453357584781079, 40.17142503855213 ], [ -8.45332944397944, 40.171365384440762 ], [ -8.453272651992172, 40.171194079176779 ], [ -8.453238021670309, 40.171019328498453 ], [ -8.453225886355755, 40.170842815370705 ], [ -8.453236362744082, 40.170666239719118 ], [ -8.453269349767391, 40.170491302058387 ], [ -8.453324529574342, 40.170319687115651 ], [ -8.453401370597721, 40.17015304760637 ], [ -8.453495012578667, 40.169999733900227 ], [ -8.453409540202506, 40.169911986988801 ], [ -8.453290373274328, 40.169760704799799 ], [ -8.453191109840375, 40.169601190440552 ], [ -8.453112705752309, 40.169434980173627 ], [ -8.4530559159503, 40.169263674737756 ], [ -8.4530212871977, 40.169088923930254 ], [ -8.453009152821322, 40.168912410717333 ], [ -8.453019629507718, 40.168735835025366 ], [ -8.453052616186131, 40.168560897369431 ], [ -8.453107795008567, 40.168389282476646 ], [ -8.453184634417301, 40.168222643061966 ], [ -8.453282394270056, 40.168062583912814 ], [ -8.453400132973226, 40.167910646435701 ], [ -8.45353671655427, 40.167768293813587 ], [ -8.453690829585733, 40.167636896916854 ], [ -8.453860987855569, 40.167517721103486 ], [ -8.454045552661647, 40.167411914035519 ], [ -8.454242746592778, 40.167320494628989 ], [ -8.45445067064427, 40.167244343243652 ], [ -8.454667322503296, 40.167184193206943 ], [ -8.454890615828047, 40.167140623753539 ], [ -8.455118400335195, 40.167114054448795 ], [ -8.455139291766306, 40.167113208821362 ], [ -8.455167908883555, 40.167107624887727 ], [ -8.455395693168734, 40.167081055038146 ], [ -8.455625775182979, 40.167071741188103 ], [ -8.455855939284811, 40.167079773027368 ], [ -8.456083969042632, 40.167105073210294 ], [ -8.456307668573464, 40.167147398100433 ], [ -8.456308501217531, 40.167147624042038 ], [ -8.456485598764058, 40.167065516332705 ], [ -8.456693519506191, 40.166989360929243 ], [ -8.456910168548299, 40.166929206704083 ], [ -8.457133459575694, 40.166885632932299 ], [ -8.457361242327158, 40.166859059220791 ], [ -8.457591323297253, 40.166849741468525 ], [ -8.457711773732237, 40.166853942747771 ], [ -8.457700900195384, 40.166836470704943 ], [ -8.457683153194052, 40.166838541185754 ], [ -8.457453072275543, 40.166847859120317 ], [ -8.457222908790211, 40.166839830453277 ], [ -8.45699487951277, 40.166814532510436 ], [ -8.45677118065807, 40.166772208942966 ], [ -8.456553966723868, 40.16671326738021 ], [ -8.456345329735871, 40.166638275502855 ], [ -8.456147279095127, 40.166547955574259 ], [ -8.455961722222051, 40.166443177482712 ], [ -8.455790446183688, 40.166324950361712 ], [ -8.45563510048124, 40.166194412869018 ], [ -8.455497181163731, 40.166052822218241 ], [ -8.455378016420806, 40.16590154206861 ], [ -8.455278753793422, 40.16574202938979 ], [ -8.455200349125505, 40.165575820428131 ], [ -8.455143557362844, 40.165404515909799 ], [ -8.455108925287714, 40.165229765623302 ], [ -8.455096786258952, 40.165053252529802 ], [ -8.455107257007962, 40.164876676554556 ], [ -8.455140236521192, 40.164701738215392 ], [ -8.455187706491843, 40.164554075926333 ], [ -8.455017224642319, 40.164601410302843 ], [ -8.45481997206879, 40.164639900306291 ], [ -8.454809161009905, 40.164673529103709 ], [ -8.454732329524861, 40.16484016966762 ], [ -8.454634577658092, 40.165000230098819 ], [ -8.454516846700729, 40.165152168877292 ], [ -8.454380270381774, 40.165294522691518 ], [ -8.454226163952931, 40.165425920533274 ], [ -8.454056011524031, 40.165545096903543 ], [ -8.453871451770995, 40.165650904002547 ], [ -8.453674262153912, 40.165742322786215 ], [ -8.453466341797251, 40.165818472782576 ], [ -8.453249693197154, 40.165878620573466 ], [ -8.453026402932103, 40.165922186859788 ], [ -8.452798621562868, 40.165948752042056 ], [ -8.452568542915539, 40.165958060262639 ], [ -8.452338382947362, 40.16595002187065 ], [ -8.452110358399173, 40.165924714285545 ], [ -8.451886665440252, 40.16588238125135 ], [ -8.451669458511558, 40.165823430488636 ], [ -8.451460829571309, 40.16574842976668 ], [ -8.45126278794301, 40.165658101434033 ], [ -8.451077240960252, 40.165553315459917 ], [ -8.4509059755948, 40.165435081053765 ], [ -8.450750641245035, 40.165304536943488 ], [ -8.450727710266749, 40.165280992594234 ], [ -8.450592490492379, 40.165286460818294 ], [ -8.4503623330002, 40.165278418487645 ], [ -8.450134311409087, 40.165253106996481 ], [ -8.449910621859834, 40.165210770126478 ], [ -8.449693418760551, 40.165151815635099 ], [ -8.449484794032564, 40.16507681132758 ], [ -8.449475367456385, 40.165072511544658 ], [ -8.449350846937739, 40.165027743925123 ], [ -8.449312100603251, 40.165035302483005 ], [ -8.449084320700351, 40.165061860356438 ], [ -8.448854244490851, 40.165071161188109 ], [ -8.448624087908515, 40.165063115398311 ], [ -8.448396067661561, 40.165037800477755 ], [ -8.448172379877832, 40.164995460241144 ], [ -8.447955178948428, 40.164936502478383 ], [ -8.447746556773764, 40.164861495026202 ], [ -8.447548522612172, 40.16477116029796 ], [ -8.447362983725307, 40.164666368324504 ], [ -8.44719172700694, 40.164548128372999 ], [ -8.447036401772147, 40.164417579224782 ], [ -8.446898503872783, 40.164275978205715 ], [ -8.446779361292172, 40.164124689074875 ], [ -8.446766659674195, 40.164104272295845 ], [ -8.446746407093059, 40.164083475668626 ], [ -8.446649168521306, 40.163959999819951 ], [ -8.446563483627145, 40.163963461930088 ], [ -8.446333331027379, 40.163955411569916 ], [ -8.446105315310859, 40.163930092115862 ], [ -8.445881632561786, 40.16388774742633 ], [ -8.445664437122756, 40.163828785334097 ], [ -8.445455820841293, 40.163753773717595 ], [ -8.445257792918953, 40.163663435030294 ], [ -8.445072260557289, 40.163558639341161 ], [ -8.444901010587209, 40.16344039595316 ], [ -8.444745692258786, 40.163309843680722 ], [ -8.444650247485676, 40.163211829008553 ], [ -8.444618911313338, 40.163190191975296 ], [ -8.444463594096124, 40.163059639314589 ], [ -8.444325704288186, 40.162918035167422 ], [ -8.444206569794913, 40.162766743322997 ], [ -8.444107337865891, 40.162607220863585 ], [ -8.444028964049357, 40.162441004129683 ], [ -8.443972202993956, 40.162269693922291 ], [ -8.443937601186228, 40.162094940084636 ], [ -8.443925491693522, 40.161918425612058 ], [ -8.443935990962807, 40.161741850443065 ], [ -8.443968997705905, 40.161566915087647 ], [ -8.444024193881665, 40.161395304250739 ], [ -8.444101047765322, 40.161228670608203 ], [ -8.444198819075284, 40.161068618891882 ], [ -8.444316566107691, 40.160916690436672 ], [ -8.444453154809871, 40.160774348338663 ], [ -8.444607269705127, 40.16064296336689 ], [ -8.444777426563528, 40.160523800764494 ], [ -8.444961986696594, 40.160418008066323 ], [ -8.445159172738176, 40.16032660405002 ], [ -8.445367085759598, 40.160250468927181 ], [ -8.445583723554261, 40.160190335868627 ], [ -8.445806999915797, 40.160146783945599 ], [ -8.446034764724217, 40.160120232554618 ], [ -8.446264824646851, 40.160110937379784 ], [ -8.446494964254924, 40.160118987931035 ], [ -8.446722967352658, 40.160144306682561 ], [ -8.446946638313749, 40.160186649819117 ], [ -8.447163823219983, 40.16024560958342 ], [ -8.447372430598675, 40.160320618201972 ], [ -8.447570451559445, 40.160410953351324 ], [ -8.447755979136595, 40.160515745112626 ], [ -8.447927226650995, 40.160633984347101 ], [ -8.448082544914735, 40.160764532412237 ], [ -8.448177991155378, 40.160862544290858 ], [ -8.448209327376354, 40.160884180369379 ], [ -8.448364646751184, 40.161014728046204 ], [ -8.448502541042847, 40.161156327412662 ], [ -8.448599778929109, 40.161279801767229 ], [ -8.448685460337112, 40.161276338161919 ], [ -8.448915604135513, 40.161284383884116 ], [ -8.449143612002489, 40.161309697845532 ], [ -8.449367288265815, 40.161352036277052 ], [ -8.449584478956231, 40.161410991466688 ], [ -8.449793092545368, 40.161485995684998 ], [ -8.449991120083054, 40.161576326650916 ], [ -8.450090965041589, 40.161632718070379 ], [ -8.450157650867752, 40.161624941945625 ], [ -8.450387715252006, 40.161615638564022 ], [ -8.45061786037509, 40.16162368089708 ], [ -8.450845869988125, 40.161648991498126 ], [ -8.451069548402089, 40.161691326630368 ], [ -8.451286741627008, 40.161750278613631 ], [ -8.451495358110121, 40.161825279749308 ], [ -8.451504784362184, 40.161829579371435 ], [ -8.451683354802684, 40.161893777996063 ], [ -8.4518813860126, 40.161984105708463 ], [ -8.451968035493374, 40.162033041985907 ], [ -8.451998195554676, 40.161983659231431 ], [ -8.452115926717301, 40.161831722930096 ], [ -8.452252500892172, 40.161689371710096 ], [ -8.452406602742446, 40.161557976428334 ], [ -8.452576748163768, 40.161438802427249 ], [ -8.452761298577752, 40.161332997351458 ], [ -8.452958476711803, 40.161241580097801 ], [ -8.453166383713352, 40.16116543100533 ], [ -8.453383017433742, 40.161105283379392 ], [ -8.453606291705817, 40.161061716431483 ], [ -8.453834056429688, 40.161035149702833 ], [ -8.454064118273495, 40.161025839025179 ], [ -8.454294261789959, 40.161033874057765 ], [ -8.454494812111378, 40.161056130218292 ], [ -8.454560954280748, 40.160912667158485 ], [ -8.454658700522263, 40.160752606698544 ], [ -8.454776423628166, 40.160600667691192 ], [ -8.454912989776149, 40.160458313334189 ], [ -8.455067083706664, 40.160326914514584 ], [ -8.455237221391609, 40.160207736608918 ], [ -8.455421764327083, 40.160101927299415 ], [ -8.455618935312494, 40.160010505523687 ], [ -8.455826835564094, 40.159934351664333 ], [ -8.456043462998219, 40.159874199072611 ], [ -8.456266731508222, 40.159830627007828 ], [ -8.4564944910497, 40.159804055060484 ], [ -8.456724548340679, 40.159794739112563 ], [ -8.456954687977717, 40.159802768874059 ], [ -8.457182693764761, 40.159828067019326 ], [ -8.457275514622051, 40.159845630178417 ], [ -8.457342067781855, 40.15977625147184 ], [ -8.457496155474987, 40.159644849428624 ], [ -8.457666287194465, 40.159525667963152 ], [ -8.457850824493825, 40.159419854791935 ], [ -8.458047990226735, 40.159328428889765 ], [ -8.458255885660016, 40.159252270678991 ], [ -8.458472508756387, 40.159192113552763 ], [ -8.458695773450966, 40.159148536814065 ], [ -8.458923529736078, 40.159121960098389 ], [ -8.459153584361095, 40.159112639333642 ], [ -8.459383721948248, 40.159120664276195 ], [ -8.459611726321222, 40.159145957646786 ], [ -8.459835401841445, 40.159188275874591 ], [ -8.460052594546827, 40.15924721144215 ], [ -8.460261212889623, 40.159322196808944 ], [ -8.460388746902417, 40.159380358254559 ], [ -8.460408052723535, 40.159387297441469 ], [ -8.460402589151563, 40.159370819866744 ], [ -8.46036794677339, 40.159196071012261 ], [ -8.460355795308681, 40.159019558335743 ], [ -8.460366251608654, 40.158842981758468 ], [ -8.460399214798965, 40.15866804180407 ], [ -8.460454367257894, 40.158496423221798 ], [ -8.460531177681663, 40.158329778762202 ], [ -8.460628906207173, 40.158169713261316 ], [ -8.460746611542534, 40.158017768186852 ], [ -8.460883160036557, 40.157875406794993 ], [ -8.460939861904773, 40.15782704774827 ], [ -8.460958087500494, 40.157770332859627 ], [ -8.461034895884469, 40.157603688053136 ], [ -8.461132622194917, 40.157443622115871 ], [ -8.461250325161281, 40.157291676519783 ], [ -8.461386871155186, 40.157149314526052 ], [ -8.461540945111139, 40.157017907095316 ], [ -8.46171106319337, 40.156898719687049 ], [ -8.461895587086714, 40.156792900074983 ], [ -8.462092739773917, 40.156701467295967 ], [ -8.462300622647401, 40.156625301838581 ], [ -8.462517233790807, 40.156565137165721 ], [ -8.462740487254335, 40.156521552653075 ], [ -8.462968233138431, 40.156494968010968 ], [ -8.463198278292614, 40.156485639243662 ], [ -8.463428407430289, 40.156493656184558 ], [ -8.463656404456499, 40.156518941631461 ], [ -8.463880073803407, 40.156561252089801 ], [ -8.464097261568375, 40.156620180116967 ], [ -8.464305876251228, 40.156695158245029 ], [ -8.464503908891313, 40.156785464444162 ], [ -8.464689452410539, 40.156890229074243 ], [ -8.464860719976341, 40.157008443257801 ], [ -8.465016062207814, 40.15713896859355 ], [ -8.465153983059418, 40.157280548117292 ], [ -8.465273154229271, 40.157431818404731 ], [ -8.46537242795331, 40.157591322699353 ], [ -8.46545084806197, 40.157757524939704 ], [ -8.465507659192816, 40.157928824550375 ], [ -8.465542314070264, 40.158103571854831 ], [ -8.465554478782003, 40.158280083961429 ], [ -8.465544036001198, 40.15845666096979 ], [ -8.465511086123078, 40.158631602341494 ], [ -8.465455946304784, 40.158803223277374 ], [ -8.465379147417448, 40.1589698709438 ], [ -8.465281428939567, 40.159129940391431 ], [ -8.465163731840699, 40.15928189001346 ], [ -8.46502718952374, 40.159424256393997 ], [ -8.464970489248078, 40.159472617422573 ], [ -8.464952266549618, 40.159529332914445 ], [ -8.464875465622683, 40.159695980234147 ], [ -8.464777744929842, 40.159856049245583 ], [ -8.464660045461985, 40.160007998346138 ], [ -8.464523500644814, 40.160150364124938 ], [ -8.464369425426602, 40.160281775458557 ], [ -8.464306174551451, 40.160326090556794 ], [ -8.464349027397555, 40.160394941776431 ], [ -8.464427448288015, 40.160561144626364 ], [ -8.46448425923548, 40.160732444657057 ], [ -8.46451891296609, 40.160907192187906 ], [ -8.464531075578567, 40.161083704325108 ], [ -8.464520629766261, 40.161260281167984 ], [ -8.464487675953571, 40.161435222179698 ], [ -8.464458518175499, 40.161525966759243 ], [ -8.46446029171419, 40.161551705696134 ], [ -8.464449845655045, 40.161728282519348 ], [ -8.464416891442495, 40.161903223498413 ], [ -8.464361746275401, 40.162074843837914 ], [ -8.464284941076379, 40.162241490709938 ], [ -8.464187215384696, 40.162401559172835 ], [ -8.464069510239373, 40.162553507629248 ], [ -8.463932959120784, 40.162695872674483 ], [ -8.463778877037882, 40.162827283192179 ], [ -8.463608747865971, 40.162946473561227 ], [ -8.463424210056932, 40.163052295847066 ], [ -8.463227040859449, 40.163143730859353 ], [ -8.463019139201277, 40.163219897969817 ], [ -8.462802507398415, 40.163280063595451 ], [ -8.462579231867515, 40.163323648265383 ], [ -8.462556115752067, 40.163326346273749 ], [ -8.462556253357237, 40.163328344057874 ], [ -8.462545802123087, 40.163504920675955 ], [ -8.462512842191632, 40.1636798610824 ], [ -8.462478825648684, 40.163785713468677 ], [ -8.462650790512972, 40.163778741420096 ], [ -8.46288094422385, 40.16378675934039 ], [ -8.463108965468997, 40.163812045736179 ], [ -8.463332658447403, 40.163854357103773 ], [ -8.463549869028888, 40.163913285991818 ], [ -8.463758505493599, 40.163988264924065 ], [ -8.463956558671146, 40.164078571863016 ], [ -8.464142121285681, 40.164183337161411 ], [ -8.464313406320754, 40.164301551935338 ], [ -8.464468764227226, 40.164432077777889 ], [ -8.464606698808586, 40.164573657719991 ], [ -8.464725881630711, 40.1647249283333 ], [ -8.464825164817283, 40.164884432858223 ], [ -8.464903592107564, 40.165050635231047 ], [ -8.464934040040374, 40.165142435602334 ], [ -8.464983397934036, 40.165247033678781 ], [ -8.465040214263837, 40.165418333276435 ], [ -8.46507487188388, 40.165593080483887 ], [ -8.465087036855385, 40.165769592410449 ], [ -8.465076908714812, 40.165940812434009 ], [ -8.465105405288359, 40.165951052679127 ], [ -8.465232470971252, 40.166008987582074 ], [ -8.465290223844656, 40.165987828730614 ], [ -8.465506862010255, 40.16592765845278 ], [ -8.46573014414999, 40.165884068130055 ], [ -8.465957920088211, 40.165857477528711 ], [ -8.466187996385067, 40.165848142710345 ], [ -8.466283604182175, 40.165851470437175 ], [ -8.466440239700214, 40.165807964069856 ], [ -8.466663520838877, 40.165764371950296 ], [ -8.466891296000494, 40.165737779515318 ], [ -8.467121371752695, 40.165728442844205 ], [ -8.467351532514289, 40.16573645184647 ], [ -8.467579561885842, 40.16576172939638 ], [ -8.467803263988102, 40.165804032075371 ], [ -8.468020484603061, 40.165862952515781 ], [ -8.468229131914264, 40.16593792332273 ], [ -8.468427196646896, 40.166028222536902 ], [ -8.468612771413861, 40.166132980585481 ], [ -8.468784069081712, 40.166251188654364 ], [ -8.468939439979682, 40.16638170840119 ], [ -8.46907738778617, 40.166523282915627 ], [ -8.469196583939713, 40.166674548821589 ], [ -8.469295880435622, 40.166834049404848 ], [ -8.469374320884997, 40.167000248639688 ], [ -8.469431149729473, 40.16717154597967 ], [ -8.469465819522805, 40.167346291770158 ], [ -8.469477996208971, 40.167522803134091 ], [ -8.469467562345736, 40.16769938017827 ], [ -8.469434618242365, 40.167874322363957 ], [ -8.469379481000304, 40.168045944884149 ], [ -8.469302681465782, 40.168212594889916 ], [ -8.469204959123459, 40.168372667409443 ], [ -8.469087254980032, 40.16852462080633 ], [ -8.468950702506175, 40.168666991628271 ], [ -8.468796616723843, 40.16879840870326 ], [ -8.468626481543932, 40.168917606347073 ], [ -8.468441935476152, 40.169023436555015 ], [ -8.468244755848707, 40.169114880060448 ], [ -8.46803684168979, 40.169191056153309 ], [ -8.467820195435795, 40.169251231164047 ], [ -8.467596903642571, 40.169294825531381 ], [ -8.467369116885582, 40.169321419385327 ], [ -8.467139029042807, 40.169330756592117 ], [ -8.467043416325977, 40.16932742959365 ], [ -8.466886773124132, 40.16937093678176 ], [ -8.46666348032956, 40.169414529352061 ], [ -8.466435692795768, 40.169441121372181 ], [ -8.466205604408216, 40.169450456725976 ], [ -8.465975431217977, 40.169442445501211 ], [ -8.465747390093258, 40.169417164855645 ], [ -8.465523677363034, 40.169374858273834 ], [ -8.465306447658749, 40.169315933221554 ], [ -8.465097793158032, 40.169240957220424 ], [ -8.464970721543086, 40.169183022225944 ], [ -8.464912965868161, 40.169204180917681 ], [ -8.464696316773665, 40.169264350094345 ], [ -8.464473022897586, 40.169307938445279 ], [ -8.46424523483546, 40.169334526158423 ], [ -8.464015146477836, 40.16934385715917 ], [ -8.463784973875503, 40.169335841577166 ], [ -8.463556933891001, 40.169310556612182 ], [ -8.463333222842323, 40.169268245790342 ], [ -8.463115995344705, 40.169209316618272 ], [ -8.462907343554521, 40.169134336657301 ], [ -8.462709277015415, 40.169044028056007 ], [ -8.46268610447567, 40.16903094580524 ], [ -8.462680086982543, 40.169029313351302 ], [ -8.462471436219202, 40.168954332598311 ], [ -8.462273370777588, 40.16886402324409 ], [ -8.462087798220704, 40.168759255075116 ], [ -8.461916505766682, 40.168641037129291 ], [ -8.46176114307486, 40.168510507976023 ], [ -8.461623206357915, 40.168368924748634 ], [ -8.461504023973099, 40.168217651034858 ], [ -8.461404743631292, 40.168058143742407 ], [ -8.461326321347039, 40.167891939065761 ], [ -8.461269512235795, 40.167720637689868 ], [ -8.461234863246915, 40.167545889372946 ], [ -8.461227370730052, 40.167437087842821 ], [ -8.461100345742716, 40.167509920879048 ], [ -8.460903160543918, 40.167601351927509 ], [ -8.460695242694733, 40.167677514871166 ], [ -8.460478594667128, 40.167737676167157 ], [ -8.460255303034049, 40.167781256386277 ], [ -8.460027518369436, 40.167807835794832 ], [ -8.459797434531112, 40.167817158398186 ], [ -8.45967698227922, 40.167812959296626 ], [ -8.459765714478898, 40.167955527270131 ], [ -8.459844133038114, 40.168121733016825 ], [ -8.459900938912094, 40.16829303509315 ], [ -8.459935584875771, 40.168467783798746 ], [ -8.459947737102588, 40.168644296228528 ], [ -8.459937278385851, 40.16882087247896 ], [ -8.459904309274172, 40.168995812018892 ], [ -8.459849147109848, 40.169167430066793 ], [ -8.459772322979147, 40.169334073816792 ], [ -8.459674576603634, 40.169494138357258 ], [ -8.459556849221501, 40.169646082128601 ], [ -8.459420274527279, 40.169788441771239 ], [ -8.459266167756972, 40.1699198462208 ], [ -8.459096013023663, 40.170039029914605 ], [ -8.45891144902544, 40.170144844982353 ], [ -8.458714253263247, 40.170236272303192 ], [ -8.458610820684369, 40.170274157171853 ], [ -8.458600544854907, 40.170280048485878 ], [ -8.458403348281912, 40.170371475278273 ], [ -8.458195419176562, 40.170447633740913 ], [ -8.458093017963529, 40.170476066090309 ], [ -8.458122863955065, 40.170626620125077 ], [ -8.458135011909992, 40.170803132696257 ], [ -8.458124548200862, 40.170979708736908 ], [ -8.458091573424356, 40.171154647717891 ], [ -8.458036404977312, 40.17132626486304 ], [ -8.457959574006487, 40.171492907375168 ], [ -8.457861820299319, 40.171652970354579 ], [ -8.457744085164604, 40.17180491225669 ], [ -8.457607502371534, 40.17194726973991 ], [ -8.457453387234116, 40.172078671760652 ], [ -8.457283223946025, 40.172197852779647 ], [ -8.457098651287746, 40.172303664952331 ], [ -8.456901446843645, 40.172395089185763 ], [ -8.456693509880997, 40.172471244955446 ], [ -8.456476843055885, 40.172531398787626 ], [ -8.456472416216164, 40.172532262563315 ], [ -8.456487105613927, 40.172563397818621 ], [ -8.456543906837021, 40.172734701429043 ], [ -8.456578546532576, 40.172909451029973 ], [ -8.456590690934357, 40.173085963707642 ], [ -8.456580222910985, 40.173262539556134 ], [ -8.456547243100664, 40.173437478048164 ], [ -8.456492068948696, 40.173609094412285 ], [ -8.456432861818639, 40.173737500390942 ], [ -8.456429453290562, 40.173755580334003 ], [ -8.456374278589252, 40.173927196634722 ], [ -8.456297440655126, 40.174093837996431 ], [ -8.456199679342671, 40.17425389953052 ], [ -8.456081936033922, 40.174405839706303 ], [ -8.455945344576788, 40.174548195198817 ], [ -8.455842112342255, 40.174636206717039 ], [ -8.455889968875129, 40.174713099588352 ], [ -8.455968385885644, 40.174879307772414 ], [ -8.455976824940585, 40.174904758428497 ], [ -8.456009275377744, 40.17495689736009 ], [ -8.45608769296339, 40.175123105454091 ], [ -8.456144495360643, 40.175294409180168 ], [ -8.456179135377861, 40.175469158822139 ], [ -8.456191279245685, 40.175645671465816 ], [ -8.456180809837857, 40.175822247205623 ], [ -8.456147827805893, 40.175997185515328 ], [ -8.456092650616471, 40.176168801625209 ], [ -8.45601580950051, 40.176335442748041 ], [ -8.455918044343123, 40.176495503997486 ], [ -8.455800296563364, 40.176647443845624 ], [ -8.455663700052192, 40.176789798970603 ], [ -8.45550957025573, 40.176921198351565 ], [ -8.455339391508833, 40.177040376474643 ], [ -8.455154802740882, 40.177146185523149 ], [ -8.454957581691412, 40.177237606434204 ], [ -8.454749627787644, 40.177313758715336 ], [ -8.454532943848855, 40.177373908926363 ], [ -8.454472154354896, 40.177385768381477 ], [ -8.454480643871882, 40.177509205910937 ], [ -8.454470169774684, 40.177685781457598 ], [ -8.454437182476051, 40.177860719244286 ], [ -8.45438199949337, 40.178032334506355 ], [ -8.454305152113346, 40.178198974464671 ], [ -8.454207380281408, 40.178359034244153 ], [ -8.454089625480893, 40.178510972331011 ], [ -8.453953021670374, 40.17865332542037 ], [ -8.453798884366273, 40.17878472251094 ], [ -8.453628697975766, 40.178903898110917 ], [ -8.45344410150185, 40.179009704427912 ], [ -8.453246872758294, 40.179101122425358 ], [ -8.453038911246432, 40.179177271638821 ], [ -8.452822219858833, 40.179237418657657 ], [ -8.452598885586131, 40.179280984190171 ], [ -8.45247588015561, 40.179295326639597 ], [ -8.452417415047, 40.179356249455168 ], [ -8.452270516263058, 40.179481470307067 ], [ -8.452378844933822, 40.179493490697617 ], [ -8.452602582941143, 40.179535822506374 ], [ -8.452819834464131, 40.179594771205615 ], [ -8.453028507388703, 40.179669769128331 ], [ -8.453226592193374, 40.179760094054188 ], [ -8.453412181297709, 40.179864876162789 ], [ -8.453583487430123, 40.179983106408365 ], [ -8.453738860838239, 40.180113646235007 ], [ -8.453876805176176, 40.180255238539054 ], [ -8.453995991915738, 40.180406519773115 ], [ -8.454095273142755, 40.180566033075308 ], [ -8.454173692615219, 40.180732242297438 ], [ -8.454230494976624, 40.18090354679687 ], [ -8.454265133035618, 40.181078296849989 ], [ -8.454277273041654, 40.181254809538636 ], [ -8.454266797905614, 40.181431384956795 ], [ -8.454233808334132, 40.18160632258131 ], [ -8.454178621866449, 40.181777937649066 ], [ -8.454101769822808, 40.181944577382872 ], [ -8.454003992193524, 40.182104636909735 ], [ -8.453886230517744, 40.182256574718295 ], [ -8.453749618820241, 40.182398927506377 ], [ -8.453595472693388, 40.182530324275575 ], [ -8.45351162277573, 40.182589038030947 ], [ -8.453552961500025, 40.182676654243572 ], [ -8.453609763956258, 40.182847958989704 ], [ -8.453644401445786, 40.183022709172107 ], [ -8.453656540223523, 40.183199221871384 ], [ -8.453646063212167, 40.183375797181434 ], [ -8.453613071136395, 40.183550734580109 ], [ -8.453557881559549, 40.183722349306493 ], [ -8.453481025831801, 40.183888988586645 ], [ -8.453383243978939, 40.184049047551966 ], [ -8.453265477580775, 40.184200984696488 ], [ -8.453128860707556, 40.184343336724439 ], [ -8.4529747090015, 40.184474732644688 ], [ -8.452804507008473, 40.18459390697673 ], [ -8.452619893881749, 40.184699711940354 ], [ -8.452422647595492, 40.184791128512003 ], [ -8.452214667820007, 40.184867276240986 ], [ -8.451997957623789, 40.184927421730947 ], [ -8.451774604178649, 40.184970985704901 ], [ -8.451546758653974, 40.184997548585621 ], [ -8.451316615493861, 40.18500685453764 ], [ -8.451086391277023, 40.184998813931934 ], [ -8.450858303363209, 40.184973504209246 ], [ -8.450634548532101, 40.184931169134245 ], [ -8.450417281820666, 40.184872216447147 ], [ -8.450208595762986, 40.184797213935816 ], [ -8.450010500232741, 40.184706883966072 ], [ -8.449824903082703, 40.184602096522951 ], [ -8.44965359176781, 40.184483860830056 ], [ -8.449498216128976, 40.184353315627732 ], [ -8.449360272503469, 40.184211718203898 ], [ -8.449241089314953, 40.18406043228304 ], [ -8.449149138079004, 40.183912682963765 ], [ -8.449039279464836, 40.183799912847569 ], [ -8.448942696284872, 40.18367731268993 ], [ -8.448892520542982, 40.183687098028336 ], [ -8.448664678149179, 40.183713655230697 ], [ -8.448434538895356, 40.183722955440373 ], [ -8.448204319322588, 40.183714909083633 ], [ -8.447976236745891, 40.183689593656645 ], [ -8.447951755248413, 40.18368496097191 ], [ -8.447943939246567, 40.183709258561016 ], [ -8.447867069772851, 40.18387589416735 ], [ -8.447769274713758, 40.184035948442002 ], [ -8.44765149577632, 40.184187879924146 ], [ -8.447514867151574, 40.184330225372506 ], [ -8.447360704594944, 40.184461613859369 ], [ -8.447190492756837, 40.184580779975754 ], [ -8.447005870885373, 40.184686576020596 ], [ -8.44680861703897, 40.184777983056257 ], [ -8.446600630960781, 40.184854120723863 ], [ -8.446383915780016, 40.184914255723967 ], [ -8.446160558716526, 40.184957808880647 ], [ -8.445932710974557, 40.184984360720868 ], [ -8.445702567019573, 40.184993655515491 ], [ -8.445472343437947, 40.184985603742952 ], [ -8.445244257583301, 40.184960282951586 ], [ -8.44520080098772, 40.184952058636121 ], [ -8.445142034847326, 40.184950003153311 ], [ -8.444913949230614, 40.184924681710129 ], [ -8.444690198181179, 40.184882335131348 ], [ -8.444472936699551, 40.184823371268003 ], [ -8.444264257269415, 40.184748358015611 ], [ -8.444187716026684, 40.184713450547974 ], [ -8.44420200770506, 40.184736417810761 ], [ -8.44428040794501, 40.184902633687713 ], [ -8.444337188999985, 40.185073942998898 ], [ -8.444371803883756, 40.185248695974337 ], [ -8.444383919068915, 40.185425209667699 ], [ -8.444373417705341, 40.185601784163254 ], [ -8.444340400752216, 40.185776718946713 ], [ -8.444285186012472, 40.185948329282262 ], [ -8.444208305078618, 40.186114962438225 ], [ -8.444110498219221, 40.18627501360497 ], [ -8.444098902506317, 40.186289969885486 ], [ -8.444053000301755, 40.186432633697336 ], [ -8.443976118259622, 40.18659926668937 ], [ -8.443878310164981, 40.18675931765123 ], [ -8.4437605178504, 40.186911245154029 ], [ -8.443640140409693, 40.18703664294258 ], [ -8.443630529481911, 40.187057473079449 ], [ -8.443532719921937, 40.187217523742206 ], [ -8.443414926048037, 40.187369450887218 ], [ -8.443278282195108, 40.187511791314975 ], [ -8.44312410426525, 40.187643174146082 ], [ -8.443065045987884, 40.187684515305257 ], [ -8.443081810142601, 40.187720056804643 ], [ -8.443138590580803, 40.187891366622694 ], [ -8.443173203869534, 40.188066119877526 ], [ -8.443185316496724, 40.188242633620085 ], [ -8.443174811636853, 40.18841920793421 ], [ -8.443158849782989, 40.188503767779743 ], [ -8.443163019629093, 40.188524820038531 ], [ -8.4431751323191, 40.188701333767945 ], [ -8.44316462736967, 40.188877908067496 ], [ -8.443131605774497, 40.189052842424744 ], [ -8.443076385381186, 40.189224452108 ], [ -8.442999497836679, 40.189391084391865 ], [ -8.442901683473181, 40.189551134475074 ], [ -8.442783884183624, 40.189703060937177 ], [ -8.442647234355059, 40.189845400585213 ], [ -8.442493049947128, 40.189976782547326 ], [ -8.442322815820702, 40.190095941477331 ], [ -8.442138171438593, 40.190201729743386 ], [ -8.44194089507605, 40.190293128482736 ], [ -8.441913850318281, 40.190303026617329 ], [ -8.441970084039429, 40.190472689666827 ], [ -8.44200469568599, 40.19064744319931 ], [ -8.442016805786746, 40.190823956994954 ], [ -8.442010494462105, 40.190930008738277 ], [ -8.442023770345639, 40.190939172215359 ], [ -8.44217914682836, 40.191069727297787 ], [ -8.442317089560955, 40.191211333114062 ], [ -8.442436270030594, 40.191362625986685 ], [ -8.442535540383375, 40.191522148941715 ], [ -8.442613944481888, 40.191688365737967 ], [ -8.442670727117571, 40.191859675659849 ], [ -8.442705341288917, 40.192034428931493 ], [ -8.442717453475312, 40.192210942603737 ], [ -8.442706946855459, 40.192387516761023 ], [ -8.442673922439102, 40.192562450892332 ], [ -8.442618698100993, 40.192734060268108 ], [ -8.442541805526034, 40.192900692165928 ], [ -8.442509626441426, 40.192953342305465 ], [ -8.44252246616424, 40.192992078532008 ], [ -8.442557080549626, 40.193166831813016 ], [ -8.442569192571968, 40.193343345466857 ], [ -8.442558685411532, 40.193519919578208 ], [ -8.442525660083264, 40.193694853636423 ], [ -8.442470434470685, 40.193866462912723 ], [ -8.442393540270965, 40.194033094685587 ], [ -8.442295717880375, 40.194193144158668 ], [ -8.442177909269127, 40.194345069917404 ], [ -8.442041248914025, 40.194487408775565 ], [ -8.442007804829471, 40.194515904512492 ], [ -8.442076043698007, 40.194625557528994 ], [ -8.442154450299059, 40.19479177453799 ], [ -8.442211234418265, 40.19496308458789 ], [ -8.442245849039811, 40.195137837901591 ], [ -8.442257960638722, 40.195314351529518 ], [ -8.442247452399322, 40.195490925556577 ], [ -8.442214425346936, 40.195665859472953 ], [ -8.44215919738167, 40.195837468551197 ], [ -8.442096480202473, 40.19597337297423 ], [ -8.44208273758592, 40.196046162026988 ], [ -8.442027508985873, 40.196217771033503 ], [ -8.441950611080996, 40.196384402458399 ], [ -8.441852784303221, 40.196544451508679 ], [ -8.441734970665008, 40.196696376773815 ], [ -8.441706797924112, 40.196725718887052 ], [ -8.441718807079026, 40.196786348375731 ], [ -8.441730917632263, 40.196962862012469 ], [ -8.441720407798295, 40.197139435947392 ], [ -8.44168737861779, 40.197314369671588 ], [ -8.44163214801133, 40.197485978459433 ], [ -8.441617530314552, 40.197517652834293 ], [ -8.441761278687496, 40.197544857190117 ], [ -8.441819713725486, 40.197418236364797 ], [ -8.441917541823793, 40.197258187361676 ], [ -8.442035356017687, 40.197106261923388 ], [ -8.442172021607551, 40.196963923116897 ], [ -8.442326222376138, 40.196832541679413 ], [ -8.442496473266493, 40.196713382820001 ], [ -8.4426811346846, 40.196607594037353 ], [ -8.442878428288983, 40.196516194071314 ], [ -8.443086454115234, 40.196440063094443 ], [ -8.443303208870597, 40.196379934237534 ], [ -8.443431413506067, 40.196354942761801 ], [ -8.443561016088735, 40.196294900628381 ], [ -8.443769040469098, 40.196218768427421 ], [ -8.443985793909984, 40.196158638295088 ], [ -8.444160188288977, 40.196124641612343 ], [ -8.444166813700626, 40.196013260591123 ], [ -8.444199835895233, 40.19583832614655 ], [ -8.444255058710807, 40.195666716114218 ], [ -8.444331950165763, 40.195500083162251 ], [ -8.444429769616441, 40.195340032015721 ], [ -8.444547574895163, 40.195188104004025 ], [ -8.444684231388171, 40.195045762218911 ], [ -8.444838422965811, 40.194914377426265 ], [ -8.445008664659627, 40.194795214867497 ], [ -8.445193316964149, 40.194689422076898 ], [ -8.445390601625654, 40.194598017832966 ], [ -8.445459545970417, 40.194572783861922 ], [ -8.445595611941798, 40.194494826604533 ], [ -8.44579289549652, 40.194403421676135 ], [ -8.446000911588945, 40.194327285471083 ], [ -8.44621765702003, 40.194267151170592 ], [ -8.446441044547038, 40.194223597857778 ], [ -8.446668922979654, 40.194197044942534 ], [ -8.446817613495298, 40.194191039350144 ], [ -8.446818752861132, 40.194171872189372 ], [ -8.446746803893378, 40.194122218261228 ], [ -8.446591411687342, 40.193991669437999 ], [ -8.44645345442698, 40.193850068838131 ], [ -8.446334260667221, 40.1936987802167 ], [ -8.446234978228306, 40.193539260625023 ], [ -8.446156563144751, 40.193373046376038 ], [ -8.446099770462432, 40.19320173824687 ], [ -8.446065146972238, 40.193026986060772 ], [ -8.446053025950075, 40.192850472797218 ], [ -8.446063523953685, 40.192673898383063 ], [ -8.446096539706803, 40.192498963321043 ], [ -8.446151755081242, 40.192327352313264 ], [ -8.446228638167099, 40.192160718037194 ], [ -8.446326448401328, 40.192000665230722 ], [ -8.446444243705022, 40.19184873523924 ], [ -8.446580889560485, 40.191706391173526 ], [ -8.446735069940509, 40.191575003821512 ], [ -8.446905299984468, 40.191455838449194 ], [ -8.447089940299071, 40.191350042618012 ], [ -8.447287212746042, 40.191258635135718 ], [ -8.447495217564686, 40.191182496247237 ], [ -8.447711951664502, 40.191122359159557 ], [ -8.447935327911857, 40.191078802982695 ], [ -8.44816319522503, 40.191052247154097 ], [ -8.448393359284434, 40.191042947400554 ], [ -8.448623603658664, 40.1910509932761 ], [ -8.448851711143261, 40.191076307299937 ], [ -8.449075485106881, 40.191118645702375 ], [ -8.449292770639588, 40.191177600771773 ], [ -8.449501475299828, 40.191252604779834 ], [ -8.449699589260531, 40.191342935447601 ], [ -8.449885204660506, 40.191447722899419 ], [ -8.45005653397493, 40.191565958038133 ], [ -8.450211927228162, 40.19169650226069 ], [ -8.450349887883165, 40.191838098421137 ], [ -8.45046908725455, 40.191989382934949 ], [ -8.450568377306432, 40.192148898908727 ], [ -8.450646801711727, 40.192315110168508 ], [ -8.450703605066332, 40.19248641605207 ], [ -8.45073824016923, 40.192661166822454 ], [ -8.450750373298238, 40.192837679554593 ], [ -8.450749101495004, 40.192859095890903 ], [ -8.450821052024567, 40.192908747336361 ], [ -8.450976449818604, 40.193039290484904 ], [ -8.451114414796921, 40.193180885684711 ], [ -8.451233618232491, 40.193332169360545 ], [ -8.451332912050287, 40.193491684627041 ], [ -8.451411339886956, 40.193657895317095 ], [ -8.451439970670389, 40.193744234431506 ], [ -8.451453130236798, 40.193740582698418 ], [ -8.451676512622601, 40.193697019298611 ], [ -8.451904387184358, 40.19367045608994 ], [ -8.452134559532688, 40.19366114887022 ], [ -8.452364813156377, 40.193669187265407 ], [ -8.452592930761917, 40.193694493866715 ], [ -8.45281671562052, 40.193736824975936 ], [ -8.453034012717357, 40.193795772951638 ], [ -8.453242729499539, 40.193870770133827 ], [ -8.453440856023294, 40.193961094309323 ], [ -8.453626484306469, 40.194065875664968 ], [ -8.453797826700201, 40.194184105162307 ], [ -8.453953233102917, 40.194314644252636 ], [ -8.45400696995139, 40.194369790236706 ], [ -8.45402623070941, 40.194309906022539 ], [ -8.454103096694389, 40.194143266640204 ], [ -8.454200891190334, 40.193983207296462 ], [ -8.454318672269849, 40.193831269399638 ], [ -8.454455305552171, 40.193688916136708 ], [ -8.454609475131127, 40.193557518384139 ], [ -8.45477969625005, 40.193438341508099 ], [ -8.454964329601555, 40.193332533180822 ], [ -8.455161597114378, 40.193241112330377 ], [ -8.455369599075297, 40.19316495933041 ], [ -8.455586332421314, 40.193104807523817 ], [ -8.455809710026024, 40.193061236162301 ], [ -8.456037580794632, 40.193034664829568 ], [ -8.456267750374266, 40.193025349401637 ], [ -8.456498002280378, 40.193033379583504 ], [ -8.45672611923599, 40.193058678045475 ], [ -8.456949904518577, 40.19310100116769 ], [ -8.457167203109238, 40.193159941385652 ], [ -8.457375922440709, 40.19323493111407 ], [ -8.457574052544684, 40.193325248211501 ], [ -8.457759685404554, 40.193430022932972 ], [ -8.457931033327402, 40.193548246303884 ], [ -8.458086446158438, 40.193678779834578 ], [ -8.458219106715889, 40.193814907009035 ], [ -8.458234738005954, 40.193732005500756 ], [ -8.458289923725113, 40.193560388856504 ], [ -8.458366778421041, 40.193393746666054 ], [ -8.458434925358395, 40.193282196124443 ], [ -8.458236001003348, 40.193290250728516 ], [ -8.458005748046494, 40.193282224008016 ], [ -8.45777762988272, 40.193256928073346 ], [ -8.457553843583121, 40.193214606556374 ], [ -8.457336544487806, 40.193155667066719 ], [ -8.457127825442814, 40.193080677265151 ], [ -8.456969714551233, 40.19300860177966 ], [ -8.456872428469136, 40.19299020271805 ], [ -8.456655130672702, 40.192931261941936 ], [ -8.456446413059652, 40.192856270903256 ], [ -8.456248285807638, 40.192765951857346 ], [ -8.456062657075, 40.192661174684055 ], [ -8.455891314620894, 40.192542948508077 ], [ -8.455735908586172, 40.192412411978161 ], [ -8.455597935600871, 40.192270822298688 ], [ -8.455478724371419, 40.192119543119588 ], [ -8.455379422886363, 40.191960031401265 ], [ -8.455300987363701, 40.191793823380813 ], [ -8.455244173046198, 40.191622519775443 ], [ -8.455209526933141, 40.191447770364853 ], [ -8.455197382518344, 40.191271258101786 ], [ -8.455207856584845, 40.19109468290354 ], [ -8.455240848086925, 40.190919745280411 ], [ -8.455296039129937, 40.190748129959189 ], [ -8.455372898038288, 40.19058148965896 ], [ -8.455470684481746, 40.190421429175615 ], [ -8.455588456610485, 40.190269489928504 ], [ -8.455725080129948, 40.190127135117599 ], [ -8.455879239227984, 40.189995735634284 ], [ -8.456049449248862, 40.189876556861421 ], [ -8.45623407099206, 40.189770746489486 ], [ -8.456431326498095, 40.189679323466287 ], [ -8.456639316169356, 40.189603168186366 ], [ -8.456856037061174, 40.189543014014589 ], [ -8.45707940216705, 40.189499440225447 ], [ -8.457307260512536, 40.189472866426016 ], [ -8.457537417864367, 40.189463548516088 ], [ -8.457767657855721, 40.18947157622452 ], [ -8.457995763324334, 40.189496872245471 ], [ -8.458219537658286, 40.189539192982579 ], [ -8.458436825944085, 40.189598130894275 ], [ -8.458645535713698, 40.189673118417517 ], [ -8.45880364059467, 40.189745191679428 ], [ -8.458900922545279, 40.189763589144732 ], [ -8.459118212129656, 40.189822525770069 ], [ -8.459326923330876, 40.189897512056277 ], [ -8.45952504625892, 40.189987825895038 ], [ -8.459710672966281, 40.19009259757275 ], [ -8.459882015819309, 40.190210818144138 ], [ -8.459941497513149, 40.190260778079491 ], [ -8.460086733124049, 40.190193459175525 ], [ -8.460294720229228, 40.190117297345061 ], [ -8.460511439478815, 40.190057136341977 ], [ -8.460734803882117, 40.190013555506553 ], [ -8.46096266247144, 40.189986974513666 ], [ -8.461192821011171, 40.189977649332405 ], [ -8.461423063123046, 40.189985669761647 ], [ -8.461607273746969, 40.190006091949506 ], [ -8.46170683302225, 40.18992121994733 ], [ -8.461877032599611, 40.18980203264622 ], [ -8.462061645022656, 40.189696213016305 ], [ -8.46225889242162, 40.189604780094541 ], [ -8.462466875276933, 40.189528614370765 ], [ -8.462683590709535, 40.189468449310461 ], [ -8.462906951765483, 40.189424864292931 ], [ -8.463134807509304, 40.189398279033341 ], [ -8.463364963732779, 40.189388949541879 ], [ -8.463595204079947, 40.189396965658922 ], [ -8.463714486014947, 40.18941018751147 ], [ -8.463720354325254, 40.189409949613015 ], [ -8.463950594780458, 40.189417965022763 ], [ -8.464178702283219, 40.189443248852889 ], [ -8.464402480202033, 40.189485557624401 ], [ -8.464448779420815, 40.189498113231295 ], [ -8.464435695362521, 40.189477100494614 ], [ -8.46435724067628, 40.18931089861578 ], [ -8.464300405718907, 40.189139599464283 ], [ -8.464265737688514, 40.188964852776984 ], [ -8.464253570290026, 40.188788341480446 ], [ -8.464264020527859, 40.188611765482648 ], [ -8.464296987585785, 40.188436825301672 ], [ -8.46435215380458, 40.188265205688921 ], [ -8.464428987747709, 40.188098559404871 ], [ -8.464526749325353, 40.187938491303065 ], [ -8.464644496927116, 40.18778654287626 ], [ -8.464781096494614, 40.187644177412821 ], [ -8.46493523244631, 40.187512765906774 ], [ -8.464978537498531, 40.187482437034525 ], [ -8.46510389899055, 40.187351782423008 ], [ -8.465258033658388, 40.187220370485718 ], [ -8.465428220265888, 40.187101177960365 ], [ -8.465612819837949, 40.186995352669896 ], [ -8.465810054628539, 40.186903913705763 ], [ -8.46601802523948, 40.186827741616028 ], [ -8.466234728909599, 40.186767569927433 ], [ -8.466458078798198, 40.186723978083144 ], [ -8.46668592407732, 40.186697385864065 ], [ -8.466916070639497, 40.186688049347374 ], [ -8.467146302221789, 40.186696058441115 ], [ -8.467374401742894, 40.186721336018614 ], [ -8.467598172648167, 40.186763638661148 ], [ -8.46775528403689, 40.1868062415328 ], [ -8.467661018309164, 40.186654860688634 ], [ -8.467582559064907, 40.186488660933165 ], [ -8.467525718409391, 40.186317363304831 ], [ -8.467491043595636, 40.186142617525803 ], [ -8.467478868393925, 40.185966106513959 ], [ -8.467489309883851, 40.18578953017451 ], [ -8.467522267333456, 40.185614589028859 ], [ -8.467577423176063, 40.185442967837723 ], [ -8.467654246075085, 40.18527631937674 ], [ -8.46775199604706, 40.185116248520494 ], [ -8.467869731593369, 40.184964296788252 ], [ -8.468006318771716, 40.184821927500238 ], [ -8.468160442119867, 40.1846905116873 ], [ -8.468330617326304, 40.184571314889574 ], [ -8.468515205525705, 40.184465484971142 ], [ -8.46868914543666, 40.184384836702087 ], [ -8.468777020182619, 40.18429323951348 ], [ -8.468931140847078, 40.184161822673467 ], [ -8.469101313382101, 40.184042624742865 ], [ -8.469262475623077, 40.183950223269242 ], [ -8.469215412227257, 40.183808396667239 ], [ -8.469180734403475, 40.183633651330958 ], [ -8.469168555317244, 40.183457140436225 ], [ -8.469178992085585, 40.18328056388723 ], [ -8.469211944022037, 40.183105622207307 ], [ -8.469267093613034, 40.182934000162376 ], [ -8.469343909582209, 40.182767350536309 ], [ -8.469441652012847, 40.18260727821491 ], [ -8.469559379478964, 40.182455324731542 ], [ -8.469695958116082, 40.182312953423327 ], [ -8.469834266719504, 40.182195013483138 ], [ -8.469820861980958, 40.182192479504451 ], [ -8.469603587663025, 40.182133562827623 ], [ -8.46939488912675, 40.182058594916612 ], [ -8.469196776366077, 40.181968297803976 ], [ -8.469011157399814, 40.181863541158279 ], [ -8.46883981989312, 40.18174533390652 ], [ -8.468684413939274, 40.181614814515115 ], [ -8.468546436167625, 40.181473240023394 ], [ -8.468427215330816, 40.181321973935034 ], [ -8.468327899510033, 40.181162473084314 ], [ -8.468270414007828, 40.181040694726896 ], [ -8.468135404459842, 40.181090151308396 ], [ -8.467918720523343, 40.181150326533484 ], [ -8.467695389842646, 40.181193921159583 ], [ -8.467467563367821, 40.181220515314244 ], [ -8.467237435359447, 40.181229852860746 ], [ -8.467007222250265, 40.181221843865721 ], [ -8.466779141293031, 40.181196565465441 ], [ -8.46655538920043, 40.181154261122884 ], [ -8.466338120983076, 40.181095338282212 ], [ -8.466129429189593, 40.181020364443818 ], [ -8.465931323748963, 40.18093006169731 ], [ -8.465745712609477, 40.180825299765552 ], [ -8.465574383360893, 40.180707087626409 ], [ -8.465418986016935, 40.180576563793409 ], [ -8.46528101712402, 40.180434985348626 ], [ -8.465161805349256, 40.180283715833809 ], [ -8.465062498686548, 40.180124212116226 ], [ -8.464984053403871, 40.179958010355975 ], [ -8.464927224838105, 40.179786711209942 ], [ -8.464892560125882, 40.179611964414924 ], [ -8.464880392940254, 40.179435452898495 ], [ -8.464890840283662, 40.179258876570778 ], [ -8.464923801367844, 40.179083935953024 ], [ -8.464978958591173, 40.178912315800865 ], [ -8.465055780603825, 40.178745668879962 ], [ -8.465065844685896, 40.178729188119156 ], [ -8.465096366915965, 40.178634218023724 ], [ -8.465173188331878, 40.178467571019311 ], [ -8.465270934487835, 40.178307502085282 ], [ -8.465388663922012, 40.17815555272238 ], [ -8.465525242751021, 40.178013186228057 ], [ -8.465679355593073, 40.177881773606238 ], [ -8.465849518237853, 40.177762580366362 ], [ -8.466034091941021, 40.177656754338244 ], [ -8.466231299205655, 40.177565314620487 ], [ -8.466439240898623, 40.177489141768433 ], [ -8.466655914537201, 40.177428969316168 ], [ -8.46687923356984, 40.177385376714234 ], [ -8.467107047465671, 40.177358783750833 ], [ -8.467337162419389, 40.177349446510334 ], [ -8.467567362472371, 40.177357454907714 ], [ -8.467795430846889, 40.177382731823052 ], [ -8.468019171288169, 40.177425033843953 ], [ -8.468236429209066, 40.177483953609062 ], [ -8.468445112433928, 40.177558923730018 ], [ -8.468643211342144, 40.177649222254168 ], [ -8.468828818217538, 40.177753979615332 ], [ -8.469000145617466, 40.177872187006074 ], [ -8.469155543584844, 40.178002706090567 ], [ -8.469293515537368, 40.178144279964897 ], [ -8.469412732681009, 40.178295545259196 ], [ -8.469512046808886, 40.17845504526511 ], [ -8.469543486496761, 40.178521647434117 ], [ -8.469584650631891, 40.178506567065412 ], [ -8.469801324681102, 40.178446388735289 ], [ -8.470024644989625, 40.178402790068496 ], [ -8.470252461014301, 40.178376190911635 ], [ -8.470482578929321, 40.178366847408697 ], [ -8.470712782747555, 40.17837484953499 ], [ -8.470940855655016, 40.178400120230947 ], [ -8.471164601353296, 40.178442416144065 ], [ -8.471381865204636, 40.178501329971802 ], [ -8.471590554976299, 40.178576294382985 ], [ -8.471788660984638, 40.178666587479917 ], [ -8.471974275445124, 40.178771339748707 ], [ -8.472145610842089, 40.17888954243093 ], [ -8.472301017141454, 40.179020057236144 ], [ -8.472438997680696, 40.179161627301632 ], [ -8.472558223583102, 40.179312889294195 ], [ -8.472657546557464, 40.179472386537306 ], [ -8.472736009959823, 40.179638583037452 ], [ -8.472755459548191, 40.179697188875053 ], [ -8.472876987183284, 40.179682997039485 ], [ -8.473107109115261, 40.179673648305361 ], [ -8.473337317622711, 40.179681645191792 ], [ -8.473565395846499, 40.17970691068971 ], [ -8.473789147437031, 40.179749201496634 ], [ -8.474006417699828, 40.17980811035919 ], [ -8.474215114340415, 40.179883069994027 ], [ -8.474413227609025, 40.179973358549425 ], [ -8.474598849651224, 40.180078106555243 ], [ -8.474770192878353, 40.180196305294125 ], [ -8.474925607180937, 40.180326816513585 ], [ -8.475063595819396, 40.180468383385453 ], [ -8.475182829839037, 40.180619642607283 ], [ -8.47528216087048, 40.180779137529235 ], [ -8.475360632192181, 40.180945332180166 ], [ -8.475417487948395, 40.181116626057872 ], [ -8.475452180433605, 40.181291369541022 ], [ -8.475464375373161, 40.181467879774843 ], [ -8.475453955148913, 40.181644456877052 ], [ -8.475421019938651, 40.181819400308314 ], [ -8.475365886758047, 40.181991025249708 ], [ -8.475289086414092, 40.182157678828986 ], [ -8.475191358399114, 40.182317756039879 ], [ -8.475073643774341, 40.182469715200796 ], [ -8.474937076111283, 40.182612092803936 ], [ -8.474797441644453, 40.182731176377942 ], [ -8.474755567789041, 40.182799763742814 ], [ -8.474637851363321, 40.182951722455464 ], [ -8.474501281826207, 40.183094099540462 ], [ -8.474347174363913, 40.183225523765444 ], [ -8.474177013096075, 40.183344729377268 ], [ -8.474169369180876, 40.183349112529044 ], [ -8.474163314183382, 40.183451682643842 ], [ -8.474130374814131, 40.183626625670648 ], [ -8.474075236945984, 40.183798249963324 ], [ -8.473998431431069, 40.183964902655859 ], [ -8.473900697811505, 40.18412497875056 ], [ -8.473782977202488, 40.184276936576559 ], [ -8.47364640323317, 40.184419312638873 ], [ -8.473492291132445, 40.184550735715028 ], [ -8.473322125064623, 40.184669940062918 ], [ -8.473137543836865, 40.184775777613297 ], [ -8.473034751142686, 40.184823443228666 ], [ -8.473013622528244, 40.184838244021549 ], [ -8.472852463320363, 40.184930650690511 ], [ -8.472899535072006, 40.185072475752008 ], [ -8.472934223188556, 40.185247219888538 ], [ -8.472946412384593, 40.185423730290871 ], [ -8.472935985097243, 40.185600307075127 ], [ -8.472903041572291, 40.185775249705038 ], [ -8.472847898905453, 40.185946873369367 ], [ -8.472771087995053, 40.18611352520815 ], [ -8.472673348435166, 40.186273600231893 ], [ -8.472555621398188, 40.18642555678003 ], [ -8.472447569376451, 40.186538192437666 ], [ -8.472441419727039, 40.186642316890591 ], [ -8.47240847444527, 40.186817259355564 ], [ -8.472353329704998, 40.186988882762016 ], [ -8.472276516424506, 40.187155534252454 ], [ -8.472178774220692, 40.187315608840755 ], [ -8.472061044291411, 40.187467564870545 ], [ -8.47192446035557, 40.187609938864163 ], [ -8.471770337738052, 40.187741359618997 ], [ -8.471647264789107, 40.187827567068133 ], [ -8.471676123337998, 40.187873904774847 ], [ -8.471754594173543, 40.188040101668619 ], [ -8.471811446920649, 40.188211397120014 ], [ -8.471846133902723, 40.188386141492586 ], [ -8.471858320898038, 40.188562651922958 ], [ -8.47184789036489, 40.188739228526941 ], [ -8.471814942580291, 40.188914170770005 ], [ -8.471759794680954, 40.18908579384464 ], [ -8.471682977615579, 40.189252444896546 ], [ -8.471644942882703, 40.189314732328398 ], [ -8.471619659742601, 40.189448974556512 ], [ -8.471564510926692, 40.189620597526051 ], [ -8.471487692788266, 40.189787248437412 ], [ -8.471389944990994, 40.189947322310005 ], [ -8.471300870600221, 40.190062285453173 ], [ -8.471336766538574, 40.190138309666558 ], [ -8.471393620024813, 40.190309605258079 ], [ -8.471428307042009, 40.190484349692433 ], [ -8.47144049336808, 40.190660860105652 ], [ -8.471430061467748, 40.19083743661367 ], [ -8.471397111631175, 40.191012378682935 ], [ -8.47134196101482, 40.191184001507544 ], [ -8.471265140593529, 40.191350652235656 ], [ -8.471167390052944, 40.191510725888428 ], [ -8.471049650671189, 40.191662680818503 ], [ -8.470913056258192, 40.191805053558816 ], [ -8.470758922239735, 40.191936472918805 ], [ -8.470588732991214, 40.192055673192158 ], [ -8.470404127543054, 40.192161506348846 ], [ -8.47020688379537, 40.192252953093778 ], [ -8.46999890139395, 40.192329132685586 ], [ -8.469782183432521, 40.192389311421067 ], [ -8.469558817157653, 40.192432909702937 ], [ -8.469330953862288, 40.192459507623532 ], [ -8.469100788161695, 40.192468849009892 ], [ -8.468870536851712, 40.19246084389161 ], [ -8.468642417553085, 40.192435569367639 ], [ -8.468418627347848, 40.19239326886364 ], [ -8.468201321613757, 40.192334349786776 ], [ -8.467992593260819, 40.192259379601253 ], [ -8.467794452570185, 40.192169080361495 ], [ -8.467608807829677, 40.192064321756597 ], [ -8.467437446952692, 40.191946112732424 ], [ -8.467282020257576, 40.191815591772524 ], [ -8.467144024573413, 40.191674015931348 ], [ -8.467024788825318, 40.191522748725568 ], [ -8.466925461238031, 40.191363247000261 ], [ -8.466846998280992, 40.191197046896363 ], [ -8.466790155461233, 40.19102574905483 ], [ -8.466755480052571, 40.190851003199896 ], [ -8.466743305830981, 40.190674492250125 ], [ -8.46674906360043, 40.190577146394453 ], [ -8.466610921708732, 40.190582750056862 ], [ -8.466380677037145, 40.190574739956787 ], [ -8.466152564953028, 40.190549460488974 ], [ -8.465928782468918, 40.190507155126646 ], [ -8.465882482293887, 40.190494600117717 ], [ -8.465895566995222, 40.190515612684599 ], [ -8.465974026837557, 40.190681813465503 ], [ -8.466030867313728, 40.190853111727414 ], [ -8.466065540865282, 40.191027857806851 ], [ -8.466077713399798, 40.191204368823968 ], [ -8.466067267514813, 40.191380944888884 ], [ -8.466034303635162, 40.191555885472276 ], [ -8.465979139052555, 40.191727505782524 ], [ -8.465902304876353, 40.191894152992013 ], [ -8.465804540924687, 40.192054222155761 ], [ -8.465686788604858, 40.192206171669618 ], [ -8.465550181851425, 40.192348538118686 ], [ -8.465396036209047, 40.192479950372942 ], [ -8.4652258361651, 40.192599142794577 ], [ -8.465041220854015, 40.192704967429115 ], [ -8.464843968270927, 40.192796405063554 ], [ -8.464635978146744, 40.192872575044319 ], [ -8.464419253649602, 40.192932743760693 ], [ -8.464195882089042, 40.192976331711982 ], [ -8.463968014808927, 40.193002919089977 ], [ -8.463737846462919, 40.193012249823262 ], [ -8.463507593872343, 40.193004234044082 ], [ -8.463388305674702, 40.192991012011703 ], [ -8.463382437054548, 40.192991249894405 ], [ -8.463262848636143, 40.192987086353071 ], [ -8.463205477293032, 40.193061113529602 ], [ -8.463068863627811, 40.193203477057303 ], [ -8.462923131802796, 40.19332770783631 ], [ -8.462976172760239, 40.193487572207061 ], [ -8.463010839865644, 40.193662319147855 ], [ -8.463023005000505, 40.193838830435617 ], [ -8.463012550833596, 40.19401540617784 ], [ -8.46297957786949, 40.194190345848305 ], [ -8.462958177863403, 40.194256910246004 ], [ -8.462970197933192, 40.19427216037127 ], [ -8.463069520567908, 40.194431665430102 ], [ -8.463147978102835, 40.194597868023322 ], [ -8.463180728814855, 40.19469657514891 ], [ -8.463220886892628, 40.194730299992813 ], [ -8.463358880688977, 40.1948718804435 ], [ -8.463478114234343, 40.195023151346575 ], [ -8.463577439163785, 40.195182655939732 ], [ -8.463655898814384, 40.195348858158674 ], [ -8.463712737442643, 40.195520157428277 ], [ -8.463747407507856, 40.195694904075296 ], [ -8.463759574951139, 40.195871415214462 ], [ -8.463749122419015, 40.19604799095471 ], [ -8.463749042895518, 40.196048412884025 ], [ -8.463768108701567, 40.196067973652625 ], [ -8.46388734526648, 40.196219244090855 ], [ -8.463986672916667, 40.196378748289021 ], [ -8.464065134962999, 40.196544950186656 ], [ -8.464121975638902, 40.196716249211732 ], [ -8.464146384562017, 40.196839270905166 ], [ -8.464168578957935, 40.196845289059567 ], [ -8.464377317242441, 40.196920266040749 ], [ -8.464575467312565, 40.197010571017493 ], [ -8.464761120959475, 40.19711533436152 ], [ -8.464932490290119, 40.197233547207844 ], [ -8.46508792494358, 40.197364071168153 ], [ -8.465225927984214, 40.1975056492916 ], [ -8.465345170318516, 40.197656918167432 ], [ -8.465444503496908, 40.197816421052849 ], [ -8.465522970777025, 40.197982621900017 ], [ -8.465579816341881, 40.198153920147028 ], [ -8.465588630107401, 40.198198335951183 ], [ -8.465710465706314, 40.198253858622728 ], [ -8.465896124491559, 40.198358620103242 ], [ -8.46606749892657, 40.198476831223338 ], [ -8.46622293860128, 40.19860735361133 ], [ -8.466360946531694, 40.198748930331497 ], [ -8.466480193577219, 40.198900197986639 ], [ -8.466576842307841, 40.199055382359106 ], [ -8.466618847533125, 40.199066770970354 ], [ -8.466827595315227, 40.199141743466008 ], [ -8.46702575509415, 40.199232044174565 ], [ -8.467211418567587, 40.199336803508878 ], [ -8.467382797747872, 40.199455012642538 ], [ -8.467538242179256, 40.199585533223008 ], [ -8.467665181867785, 40.199715749574658 ], [ -8.46784904548875, 40.199694292603688 ], [ -8.468079235802406, 40.199684953617606 ], [ -8.468309511471631, 40.199692960200629 ], [ -8.468537654990657, 40.19971823525028 ], [ -8.468761469381223, 40.199760535372121 ], [ -8.468978799344185, 40.199819453223142 ], [ -8.469187552010247, 40.199894421433434 ], [ -8.469385717090168, 40.199984718068777 ], [ -8.469571386230598, 40.200089473581251 ], [ -8.469742771389317, 40.200207679181247 ], [ -8.469898222053013, 40.200338196550248 ], [ -8.470036241131879, 40.200479768800918 ], [ -8.470155499377979, 40.200631032579061 ], [ -8.470254848188514, 40.200790531190968 ], [ -8.470333330670577, 40.200956728630011 ], [ -8.470390190860783, 40.201128024367094 ], [ -8.470420623354295, 40.201281321756582 ], [ -8.470625541641818, 40.201354908219088 ], [ -8.470823712877971, 40.201445202344757 ], [ -8.47100938821524, 40.20154995549894 ], [ -8.471180779551741, 40.201668158914778 ], [ -8.471336236314674, 40.20179867429475 ], [ -8.4714742613555, 40.201940244770697 ], [ -8.471593525368878, 40.202091507005512 ], [ -8.471692879696464, 40.202251004320374 ], [ -8.471771367392224, 40.202417200721115 ], [ -8.471828232442551, 40.202588495688708 ], [ -8.471862927052262, 40.202763239591341 ], [ -8.471875116926045, 40.202939749570206 ], [ -8.471864684494353, 40.203116325745448 ], [ -8.471831730052353, 40.203291267586685 ], [ -8.471776570800754, 40.203462890290233 ], [ -8.47169973779747, 40.203629541005377 ], [ -8.471601970849228, 40.203789614753411 ], [ -8.471484211392097, 40.203941569886027 ], [ -8.471347593429281, 40.204083942934162 ], [ -8.471193432613326, 40.204215362704289 ], [ -8.471023213577691, 40.204334563486121 ], [ -8.470874573311608, 40.204419763566023 ], [ -8.470883288184261, 40.204463659172347 ], [ -8.470895475853341, 40.204640169211622 ], [ -8.47088504064941, 40.204816745258142 ], [ -8.470852082894321, 40.204991686782741 ], [ -8.470796919820678, 40.20516330898478 ], [ -8.470720082523192, 40.205329959018385 ], [ -8.470622310849935, 40.205490031911395 ], [ -8.470504546282475, 40.205641986023743 ], [ -8.470367922873239, 40.205784357896178 ], [ -8.470213756327221, 40.205915776346487 ], [ -8.470043531333067, 40.206034975677106 ], [ -8.46990137401767, 40.206116455848104 ], [ -8.469912932828398, 40.206283888921213 ], [ -8.469902494852048, 40.206460464840418 ], [ -8.469869533802491, 40.206635406049109 ], [ -8.46981436694405, 40.206807027749711 ], [ -8.46973752540787, 40.206973677101153 ], [ -8.469639749082845, 40.207133749137846 ], [ -8.46952197949533, 40.207285702227971 ], [ -8.469385350746101, 40.207428072922113 ], [ -8.469231178591579, 40.207559490049398 ], [ -8.469060947774432, 40.207678687924997 ], [ -8.468876297725433, 40.207784518541906 ], [ -8.468679006774279, 40.20787596262948 ], [ -8.468567258288932, 40.207916882636717 ], [ -8.468509480120023, 40.20794999727346 ], [ -8.468518895388526, 40.208086416961002 ], [ -8.468508453549866, 40.208262992715291 ], [ -8.468475488072647, 40.20843793349065 ], [ -8.468420316263815, 40.20860955449362 ], [ -8.468343469302186, 40.208776202889887 ], [ -8.46824568712889, 40.208936273723033 ], [ -8.468127911326613, 40.209088225372824 ], [ -8.467991276055972, 40.209230594403714 ], [ -8.467837097136202, 40.209362009660836 ], [ -8.467666859375131, 40.209481205477374 ], [ -8.467594349402692, 40.20952276156752 ], [ -8.467538499194465, 40.209614186258896 ], [ -8.467420720644991, 40.209766137182491 ], [ -8.467292253116584, 40.209899992172467 ], [ -8.46732199333294, 40.209894189379042 ], [ -8.467549915769622, 40.209867595252646 ], [ -8.467780140532183, 40.20985825673786 ], [ -8.467862746710304, 40.209861128700183 ], [ -8.467892859112624, 40.209795829963149 ], [ -8.467990643339263, 40.209635759443465 ], [ -8.468108420388321, 40.20948380794264 ], [ -8.468245055917706, 40.20934143877863 ], [ -8.468399233999467, 40.209210022981061 ], [ -8.46856946979495, 40.209090826089849 ], [ -8.468730994805405, 40.208998251873581 ], [ -8.468783933193377, 40.208953128469901 ], [ -8.468954167671439, 40.208833931012997 ], [ -8.469138820434875, 40.208728100279963 ], [ -8.469336113225411, 40.208636655414622 ], [ -8.469544146086376, 40.208560477021834 ], [ -8.469760915657188, 40.208500298688975 ], [ -8.469982068977604, 40.20845714202067 ], [ -8.470018483446367, 40.208378169615685 ], [ -8.470116260645995, 40.208218097289873 ], [ -8.470234030501464, 40.208066143618467 ], [ -8.470370658739949, 40.207923771940372 ], [ -8.470524829503711, 40.207792353309351 ], [ -8.470695058024551, 40.207673153292646 ], [ -8.470879704923709, 40.207567319785305 ], [ -8.471076991999375, 40.207475871957861 ], [ -8.471285019349898, 40.207399690443673 ], [ -8.471501783667749, 40.207339508860194 ], [ -8.471725197528281, 40.207295906745856 ], [ -8.471953109487592, 40.207269303980418 ], [ -8.472030017665425, 40.207266181393798 ], [ -8.471966653666446, 40.2072011959159 ], [ -8.471847379792033, 40.207049934239457 ], [ -8.471748018018317, 40.206890437219904 ], [ -8.471669525143913, 40.206724240952894 ], [ -8.471612656963879, 40.206552946042457 ], [ -8.471577960996177, 40.206378202184673 ], [ -8.471565771214646, 40.206201692278881 ], [ -8.471576204839117, 40.206025116219685 ], [ -8.471609161213209, 40.205850174525786 ], [ -8.471664322780418, 40.205678551963196 ], [ -8.471741158148856, 40.205511901320762 ], [ -8.471838927214819, 40.205351827494042 ], [ -8.471956688295668, 40.205199872030867 ], [ -8.472093307203085, 40.205057498287388 ], [ -8.47224746816919, 40.204926077337305 ], [ -8.472417686520133, 40.204806874770185 ], [ -8.47260232297508, 40.204701038505611 ], [ -8.47279959943279, 40.204609587740713 ], [ -8.47300761609384, 40.204533403137127 ], [ -8.47322436975363, 40.204473218342081 ], [ -8.473447773090122, 40.204429612924883 ], [ -8.473675674760745, 40.204403006797165 ], [ -8.473905880115078, 40.20439365616997 ], [ -8.47413617232413, 40.204401651087203 ], [ -8.474175421727823, 40.204405997062544 ], [ -8.474197353864772, 40.204401716020989 ], [ -8.474425255138602, 40.204375108418986 ], [ -8.474655460285092, 40.204365756301897 ], [ -8.474885752477251, 40.204373749727964 ], [ -8.47511391405023, 40.204399011721428 ], [ -8.475337747851951, 40.204441299013574 ], [ -8.475555098396386, 40.204500204384907 ], [ -8.475763872616092, 40.204575160585719 ], [ -8.475962060014307, 40.204665445797417 ], [ -8.476147752022809, 40.204770190582096 ], [ -8.4763191603792, 40.204888386253479 ], [ -8.476474634346806, 40.205018894588683 ], [ -8.476612676611435, 40.205160458787368 ], [ -8.47673195770189, 40.205311715572904 ], [ -8.476831328795386, 40.205471208318947 ], [ -8.476909832784431, 40.205637401075393 ], [ -8.476966713498511, 40.205808693358264 ], [ -8.476982281449702, 40.205887069094786 ], [ -8.477161315907374, 40.205920888980991 ], [ -8.477378672740667, 40.20597979088695 ], [ -8.477534562501098, 40.206035755791042 ], [ -8.477598287811169, 40.205897511652068 ], [ -8.477696043612292, 40.205737432944261 ], [ -8.477813792233537, 40.205585471584541 ], [ -8.477950399606543, 40.205443090985867 ], [ -8.478104550074473, 40.205311662287961 ], [ -8.478274759064549, 40.205192451155014 ], [ -8.478459387386035, 40.205086605589081 ], [ -8.478656657015993, 40.204995144876875 ], [ -8.478864668220719, 40.204918949775809 ], [ -8.47908141784813, 40.204858754034191 ], [ -8.479304818615001, 40.204815137326761 ], [ -8.479532719203487, 40.204788519673833 ], [ -8.479629715117845, 40.204784574987123 ], [ -8.479631951358297, 40.204783755823101 ], [ -8.479848699867006, 40.204723558648062 ], [ -8.480072099688327, 40.204679940462775 ], [ -8.480299999513516, 40.204653321301791 ], [ -8.480355603801684, 40.204651059590333 ], [ -8.480410183615598, 40.2045806153738 ], [ -8.480546783532489, 40.204438231717745 ], [ -8.480564189268826, 40.204423390529186 ], [ -8.480538093158824, 40.204405397446656 ], [ -8.48044593700461, 40.204328045989044 ], [ -8.480305001863329, 40.204323160974276 ], [ -8.480185150616601, 40.204309896603192 ], [ -8.480117201816922, 40.204367833426588 ], [ -8.479946998125776, 40.204487047263385 ], [ -8.479762373754888, 40.204592895196384 ], [ -8.479565106786575, 40.204684357788125 ], [ -8.479357097090245, 40.204760554144613 ], [ -8.479140348022515, 40.204820750401105 ], [ -8.478916947129564, 40.204864366791597 ], [ -8.478689046037791, 40.204890983233952 ], [ -8.478458839726553, 40.204900343376771 ], [ -8.478228545382891, 40.204892357069014 ], [ -8.478000381042101, 40.204867101228452 ], [ -8.477776544220124, 40.204824819100729 ], [ -8.477559190743781, 40.204765917916106 ], [ -8.477350413982993, 40.204690964966389 ], [ -8.47715222468522, 40.204600682140061 ], [ -8.476966531606505, 40.204495938968137 ], [ -8.476795123125866, 40.2043777442479 ], [ -8.476639650020168, 40.204247236325116 ], [ -8.476501609565508, 40.204105672128748 ], [ -8.476382331118195, 40.203954415063357 ], [ -8.476282963314196, 40.203794921876394 ], [ -8.476204463010234, 40.203628728626647 ], [ -8.476147586072972, 40.203457435889042 ], [ -8.476112880104733, 40.203282693338771 ], [ -8.476100679175712, 40.203106183862559 ], [ -8.476111100613123, 40.202929607350939 ], [ -8.476134629362058, 40.202804659581133 ], [ -8.476001243109753, 40.202667863817268 ], [ -8.475881968313365, 40.202516606183572 ], [ -8.475782603802017, 40.202357112513823 ], [ -8.475704106400732, 40.202190918871437 ], [ -8.475647231948219, 40.202019625835156 ], [ -8.475612528022886, 40.201844883083012 ], [ -8.475600328675261, 40.201668373503708 ], [ -8.475610751217344, 40.201491796988734 ], [ -8.475643695099517, 40.201316854061183 ], [ -8.475662969400867, 40.201256870910342 ], [ -8.475655077177073, 40.201251428416377 ], [ -8.475499613430639, 40.201120918853064 ], [ -8.475361581724421, 40.200979353184458 ], [ -8.475242311330476, 40.200828094829284 ], [ -8.475142950807214, 40.200668600547424 ], [ -8.475064456941263, 40.200502406408177 ], [ -8.475007585537288, 40.200331112995052 ], [ -8.474972884144352, 40.20015636998972 ], [ -8.474960686788606, 40.1999798602833 ], [ -8.474971110762883, 40.199803283768532 ], [ -8.475004055503785, 40.199628340968481 ], [ -8.475045981837921, 40.199497863609025 ], [ -8.474933949281928, 40.19940381019898 ], [ -8.474795922254803, 40.199262243794507 ], [ -8.474676656149542, 40.199110984793897 ], [ -8.47457729948326, 40.198951489963264 ], [ -8.474498809005437, 40.198785295377149 ], [ -8.474441940488129, 40.198614001623412 ], [ -8.474407241452605, 40.198439258386962 ], [ -8.474395045902325, 40.19826274856117 ], [ -8.474405471112751, 40.198086172039886 ], [ -8.474438416508596, 40.197911229346268 ], [ -8.474493564639147, 40.197739605255983 ], [ -8.47457038424197, 40.197572952572571 ], [ -8.474668135365237, 40.19741287621131 ], [ -8.474785876499135, 40.197260917744437 ], [ -8.474922473647466, 40.197118540557057 ], [ -8.4750766112519, 40.196987115756059 ], [ -8.475246804863566, 40.196867908968102 ], [ -8.475431415439854, 40.196762068153461 ], [ -8.475628665128713, 40.196670612553085 ], [ -8.47583665438847, 40.196594422875179 ], [ -8.476053380278355, 40.196534232815871 ], [ -8.476276755743703, 40.196490621995189 ], [ -8.476504629710284, 40.196464010376737 ], [ -8.476702093998149, 40.19645598398494 ], [ -8.476757462554458, 40.196398269334885 ], [ -8.476911594977853, 40.196266842095838 ], [ -8.477081783565243, 40.196147632616203 ], [ -8.477266389322388, 40.196041788882191 ], [ -8.477463634443636, 40.19595033016283 ], [ -8.477671619431289, 40.195874137196412 ], [ -8.477888341385707, 40.195813943710682 ], [ -8.47811171329011, 40.195770329358666 ], [ -8.478339584104553, 40.195743714138018 ], [ -8.478569759475702, 40.195734354347358 ], [ -8.478673479002396, 40.19573795150432 ], [ -8.478677270021985, 40.195717813411655 ], [ -8.478732405713819, 40.195546187289139 ], [ -8.478809212482528, 40.195379531783537 ], [ -8.478906950499884, 40.195219451837261 ], [ -8.479024678382277, 40.195067489057124 ], [ -8.479161262261114, 40.194925106869754 ], [ -8.479315386705839, 40.194793676430223 ], [ -8.479485567394287, 40.194674463419517 ], [ -8.479670165408276, 40.194568615857818 ], [ -8.479867403016705, 40.194477153051032 ], [ -8.480075380794206, 40.194400955776807 ], [ -8.480292095910558, 40.194340757804405 ], [ -8.480515461414816, 40.194297138830017 ], [ -8.480743326328652, 40.19427051889582 ], [ -8.480973496355539, 40.194261154345831 ], [ -8.481203755006611, 40.194269135358006 ], [ -8.48143188493996, 40.194294385076084 ], [ -8.481655689308136, 40.194336660349592 ], [ -8.481873012908517, 40.19439555407471 ], [ -8.482081762933099, 40.194470499113862 ], [ -8.482279929118114, 40.194560773755924 ], [ -8.482465603099625, 40.194665508664748 ], [ -8.482636996788857, 40.194783695249136 ], [ -8.482792459590426, 40.194914195373691 ], [ -8.482930494297719, 40.195055752317117 ], [ -8.483049771512389, 40.19520700287265 ], [ -8.483149142449056, 40.195366490473951 ], [ -8.48322765000183, 40.195532679220413 ], [ -8.483284537965964, 40.19570396866672 ], [ -8.483297329714436, 40.195768347064885 ], [ -8.483441452607495, 40.195820086618987 ], [ -8.483639624520219, 40.195910358888078 ], [ -8.483825304273756, 40.196015091567062 ], [ -8.483996703723756, 40.196133276086265 ], [ -8.484152172219364, 40.196263774330113 ], [ -8.484169945966798, 40.196282000701615 ], [ -8.48420162944783, 40.19611362362928 ], [ -8.484256751506472, 40.195941994945301 ], [ -8.484333545164185, 40.195775335841496 ], [ -8.484431270718979, 40.195615251294953 ], [ -8.484548986907239, 40.19546328295683 ], [ -8.484685559972954, 40.195320894307258 ], [ -8.48483967458967, 40.195189456563533 ], [ -8.485009846529833, 40.195070235477019 ], [ -8.485194436959477, 40.194964379145631 ] ], [ [ -8.459776984848826, 40.21262428129409 ], [ -8.459739038990287, 40.212543910139011 ], [ -8.459682195841664, 40.212372609439555 ], [ -8.459647527419841, 40.21219786207147 ], [ -8.459635367433313, 40.212021350967895 ], [ -8.459640649605522, 40.211932228745589 ], [ -8.459464995883167, 40.21185218412365 ], [ -8.459447112592008, 40.211842093680183 ], [ -8.459357705363916, 40.211935230018028 ], [ -8.459203503597601, 40.212066633804795 ], [ -8.459086828451682, 40.212148307407951 ], [ -8.459085365780091, 40.212172982550179 ], [ -8.459052374230325, 40.212347920627373 ], [ -8.458997175518835, 40.212519537129928 ], [ -8.458936171133264, 40.21265177753704 ], [ -8.458963873063469, 40.212650656008208 ], [ -8.459194191671747, 40.212658680536279 ], [ -8.459422375431764, 40.212683973334968 ], [ -8.459429293790713, 40.212685281207605 ], [ -8.459523983067301, 40.212688579947958 ], [ -8.459734935667399, 40.212711962168115 ], [ -8.459770448700247, 40.212634977797713 ], [ -8.459776984848826, 40.21262428129409 ] ], [ [ -8.462237660530366, 40.20852998328666 ], [ -8.46246788156949, 40.208520655350405 ], [ -8.462698186560548, 40.208528672966409 ], [ -8.462926357715471, 40.208553958925975 ], [ -8.463125552457647, 40.208591611231903 ], [ -8.463156715480636, 40.208426306496406 ], [ -8.463211900436818, 40.20825468794402 ], [ -8.463288759409101, 40.208088042891305 ], [ -8.463386552066487, 40.207927976179974 ], [ -8.463504336499161, 40.207776029289306 ], [ -8.463640978293961, 40.207633665492864 ], [ -8.463795161462627, 40.207502255768546 ], [ -8.463965401117552, 40.207383065597789 ], [ -8.464037911050678, 40.207341511765705 ], [ -8.464093764129368, 40.207250088715952 ], [ -8.464211545814941, 40.207098141098925 ], [ -8.464348184772957, 40.206955776462387 ], [ -8.464502365042479, 40.206824365792365 ], [ -8.464672601763814, 40.206705174579369 ], [ -8.464795966933121, 40.206634474804005 ], [ -8.46478655934696, 40.206498054748486 ], [ -8.464797010606341, 40.206321479238177 ], [ -8.46482998455957, 40.206146539412316 ], [ -8.464885163480858, 40.205974920018953 ], [ -8.464962015811201, 40.205808273816388 ], [ -8.465059801283578, 40.205648205657383 ], [ -8.465177578057371, 40.205496257035172 ], [ -8.46531421179318, 40.205353891240001 ], [ -8.465468386580351, 40.205222479269047 ], [ -8.465638617611985, 40.205103286625352 ], [ -8.465823265485163, 40.204997461132983 ], [ -8.466020551988729, 40.204906021885307 ], [ -8.466021333736974, 40.204905735634121 ], [ -8.465998699630374, 40.204791689439212 ], [ -8.465986524628462, 40.204615178837685 ], [ -8.465996972517958, 40.204438603175248 ], [ -8.466029942505109, 40.204263662966753 ], [ -8.466085116902343, 40.204092042963886 ], [ -8.466161964194239, 40.203925395930845 ], [ -8.466251181386721, 40.203779344322648 ], [ -8.466064896355567, 40.203694459030643 ], [ -8.465879222700623, 40.203589697977364 ], [ -8.465707835655669, 40.203471486733797 ], [ -8.465552385791062, 40.203340963804855 ], [ -8.465414370158999, 40.203199386263982 ], [ -8.465331992589187, 40.203094892406028 ], [ -8.46512260783393, 40.203038123887907 ], [ -8.464913849928928, 40.202963148408855 ], [ -8.464715682030103, 40.202872844175907 ], [ -8.464530012687336, 40.202768080926276 ], [ -8.464370896450236, 40.202658328572163 ], [ -8.464317219542931, 40.202683206824531 ], [ -8.46410919868732, 40.202759375852452 ], [ -8.463892442297572, 40.202819543608101 ], [ -8.463669037990444, 40.202863130599987 ], [ -8.463441137425242, 40.202889717029123 ], [ -8.463210935576267, 40.202899046833252 ], [ -8.462980649587584, 40.202891030153538 ], [ -8.462752497413994, 40.202865744200309 ], [ -8.46252867645422, 40.202823432509284 ], [ -8.462311342382252, 40.202764502595464 ], [ -8.462102588381066, 40.202689522027349 ], [ -8.46193924834812, 40.202615083066327 ], [ -8.461847194511453, 40.202625820572159 ], [ -8.461616993314808, 40.202635147204269 ], [ -8.461528368157547, 40.202632060817351 ], [ -8.461524557575427, 40.202652273210752 ], [ -8.461511113467326, 40.202694082831322 ], [ -8.461514412565984, 40.202741959834405 ], [ -8.461503953274109, 40.202918535189504 ], [ -8.461470972272247, 40.203093474193516 ], [ -8.461415787016913, 40.203265092070012 ], [ -8.461338928816486, 40.20343173601475 ], [ -8.461241137720398, 40.2035918011142 ], [ -8.461123355397328, 40.203743745803308 ], [ -8.460986716070762, 40.20388610671359 ], [ -8.460832535599048, 40.204017512768388 ], [ -8.460662298805016, 40.204136698389505 ], [ -8.460634203000504, 40.204152798964365 ], [ -8.460821187137968, 40.204238014103396 ], [ -8.461006854837491, 40.204342783281852 ], [ -8.461178235968719, 40.204461001491474 ], [ -8.461333680057072, 40.204591530292333 ], [ -8.461471690076007, 40.204733112687002 ], [ -8.461590936864775, 40.204884385223586 ], [ -8.46169027193085, 40.205043891124049 ], [ -8.461768738513623, 40.205210094311518 ], [ -8.461825580802762, 40.205381394201545 ], [ -8.461860251222223, 40.205556141114933 ], [ -8.461872415709623, 40.205732652163846 ], [ -8.461861956939867, 40.205909227458072 ], [ -8.461841497111431, 40.20601774975534 ], [ -8.461889121903164, 40.206066605766011 ], [ -8.462008371973717, 40.206217877824656 ], [ -8.462107709983513, 40.206377383318426 ], [ -8.462186179143595, 40.206543586174369 ], [ -8.462243023618798, 40.206714885811259 ], [ -8.46227769581202, 40.206889632552311 ], [ -8.462289861643782, 40.207066143511348 ], [ -8.462283283075255, 40.207177219088067 ], [ -8.462312710675297, 40.207325531800144 ], [ -8.462324876683477, 40.207502042741503 ], [ -8.462314418847303, 40.207678618018946 ], [ -8.46228143770657, 40.207853557110688 ], [ -8.462226250719089, 40.208025175239477 ], [ -8.462149389209879, 40.208191819598639 ], [ -8.462051593260204, 40.208351885270631 ], [ -8.461933804585453, 40.208503830684904 ], [ -8.461886448631367, 40.208553167179666 ], [ -8.461898316044016, 40.208578302568107 ], [ -8.462009740423188, 40.208556566949746 ], [ -8.462237660530366, 40.20852998328666 ] ], [ [ -8.458124867977521, 40.200407718733295 ], [ -8.458135335695873, 40.200231143573674 ], [ -8.458168323940162, 40.200056205404984 ], [ -8.458223514847035, 40.199884588959243 ], [ -8.458300376742129, 40.199717946966373 ], [ -8.458398169266374, 40.199557884238587 ], [ -8.458515950511313, 40.199405942216799 ], [ -8.458652586094546, 40.199263584127706 ], [ -8.458806760087692, 40.199132180894246 ], [ -8.458976987691543, 40.199012997935384 ], [ -8.459071468631116, 40.198958852669143 ], [ -8.459083258753248, 40.198896323419355 ], [ -8.459138446429602, 40.198724706515833 ], [ -8.459215304790076, 40.198558063896087 ], [ -8.459239360495342, 40.198518688871516 ], [ -8.459225562976037, 40.1984770993542 ], [ -8.459190903044252, 40.198302351396592 ], [ -8.459178746967096, 40.198125839806188 ], [ -8.459189211639867, 40.197949264493758 ], [ -8.459222196107243, 40.197774325970798 ], [ -8.459277382542268, 40.197602708972717 ], [ -8.459354239313658, 40.197436066234744 ], [ -8.459452026111698, 40.197276002576288 ], [ -8.459481963831273, 40.197237379583434 ], [ -8.459471183093134, 40.19708084559705 ], [ -8.459481646864782, 40.196904270229915 ], [ -8.459481726415714, 40.196903848303478 ], [ -8.459462661600837, 40.19688428682781 ], [ -8.459343433662562, 40.196733011815162 ], [ -8.459244116342505, 40.196573503601648 ], [ -8.45916566601116, 40.196407298390675 ], [ -8.459132920273333, 40.196308590138578 ], [ -8.459092763274846, 40.196274863881449 ], [ -8.458954775452932, 40.196133278355923 ], [ -8.458835549966334, 40.195982002790878 ], [ -8.458736234940901, 40.195822494111873 ], [ -8.458680905775715, 40.19570527016959 ], [ -8.45867730076041, 40.195766093496545 ], [ -8.458644315830036, 40.195941031926736 ], [ -8.458589129115897, 40.196112648673342 ], [ -8.458512271940487, 40.196279290942996 ], [ -8.458414484343429, 40.196439353838294 ], [ -8.458296707959756, 40.196591295815459 ], [ -8.458160076955801, 40.196733653532071 ], [ -8.458005907109804, 40.196865055942283 ], [ -8.457835683142282, 40.196984237502996 ], [ -8.457651044418112, 40.197090050364373 ], [ -8.457453769157972, 40.197181475426767 ], [ -8.457245757311226, 40.19725763215768 ], [ -8.457029012255267, 40.197317787074034 ], [ -8.456805621497693, 40.197361360808017 ], [ -8.456577736567304, 40.197387933688383 ], [ -8.456347552287797, 40.197397249783364 ], [ -8.456117285633985, 40.19738921936618 ], [ -8.455889154374415, 40.197363919779477 ], [ -8.455766972247133, 40.197340812600181 ], [ -8.455677054549096, 40.197434492543195 ], [ -8.455522878309758, 40.197565891655678 ], [ -8.455352648226224, 40.197685069574682 ], [ -8.455168003722289, 40.197790878485435 ], [ -8.454970723074309, 40.197882299326345 ], [ -8.454762706283553, 40.197958451605558 ], [ -8.45463822270289, 40.197992997176208 ], [ -8.4546184033324, 40.198000252735319 ], [ -8.454550538684281, 40.198019085839633 ], [ -8.454607219612459, 40.198091009419507 ], [ -8.454706528331407, 40.198250521603164 ], [ -8.454784969949614, 40.198416729817289 ], [ -8.454841788897177, 40.198588033429026 ], [ -8.454876437822881, 40.198762782723286 ], [ -8.454888582871378, 40.198939294789284 ], [ -8.454878106904834, 40.199115869726953 ], [ -8.454845110637727, 40.19929080701781 ], [ -8.454789911673631, 40.19946242190192 ], [ -8.454713041452994, 40.199629061603822 ], [ -8.454615240141065, 40.199789121250845 ], [ -8.454497449504965, 40.199941059330435 ], [ -8.45436080384829, 40.200083412537751 ], [ -8.45420661909041, 40.200214809870332 ], [ -8.454036380095475, 40.200333985833964 ], [ -8.453851726373109, 40.200439792632721 ], [ -8.453654436288469, 40.200531211225346 ], [ -8.453446409933717, 40.200607361141621 ], [ -8.453229650826009, 40.200667508964116 ], [ -8.453006246608307, 40.20071107539335 ], [ -8.452778348939077, 40.200737640828422 ], [ -8.452548152764731, 40.200746949409265 ], [ -8.452317875174671, 40.20073891148148 ], [ -8.452089734042795, 40.200713604460105 ], [ -8.452022331785555, 40.200700855612169 ], [ -8.451983335746597, 40.200822076244293 ], [ -8.45190645712889, 40.200988714075905 ], [ -8.451808647268811, 40.20114877134727 ], [ -8.45169084801581, 40.201300706568723 ], [ -8.451554193756483, 40.201443056462914 ], [ -8.451400000493061, 40.201574450059276 ], [ -8.451229753171624, 40.201693621899608 ], [ -8.45104509138201, 40.20179942422768 ], [ -8.450847793567078, 40.201890838045273 ], [ -8.45063975989347, 40.201966982928177 ], [ -8.450422993948845, 40.202027125507428 ], [ -8.450199583442028, 40.202070686534029 ], [ -8.449971680092073, 40.202097246459161 ], [ -8.449741478900121, 40.202106549475801 ], [ -8.449511197003904, 40.202098505983152 ], [ -8.449283052318808, 40.202073193449834 ], [ -8.449059242171394, 40.202030855667573 ], [ -8.448841922131486, 40.201971900402675 ], [ -8.448633185246852, 40.201896895467868 ], [ -8.448435041880758, 40.201806563252347 ], [ -8.448249400346722, 40.2017017737628 ], [ -8.44807804852716, 40.201583536242588 ], [ -8.447922636653072, 40.201452989449713 ], [ -8.447784661410667, 40.201311390687422 ], [ -8.447665451528048, 40.201160103693155 ], [ -8.4475661549807, 40.201000585502534 ], [ -8.447528549989913, 40.20092088808039 ], [ -8.447448846293842, 40.20091810258905 ], [ -8.44722070630888, 40.200892785967973 ], [ -8.44699690130475, 40.200850444170051 ], [ -8.446779586801725, 40.200791485000266 ], [ -8.446570855794233, 40.200716476308962 ], [ -8.446372718588922, 40.200626140521457 ], [ -8.446187083439957, 40.200521347678908 ], [ -8.446015738168255, 40.200403107056943 ], [ -8.445860332941733, 40.200272557443427 ], [ -8.445722364382576, 40.200130956168778 ], [ -8.445603161154503, 40.199979666994608 ], [ -8.445503871168915, 40.199820146977544 ], [ -8.445450897202361, 40.199707867397031 ], [ -8.445260192372553, 40.199701198974083 ], [ -8.445112563377437, 40.199684813529075 ], [ -8.445107423797177, 40.199687194567979 ], [ -8.444899390354346, 40.199763329162749 ], [ -8.44468262627346, 40.199823461008549 ], [ -8.44445921924541, 40.1998670109598 ], [ -8.444231320955742, 40.199893559574313 ], [ -8.444001126356859, 40.199902851154043 ], [ -8.443770852522988, 40.199894796208383 ], [ -8.443542717291839, 40.199869472316209 ], [ -8.443320672564907, 40.199827455411175 ], [ -8.443262238284243, 40.199954076938631 ], [ -8.44316440952095, 40.200114127006159 ], [ -8.443046592691195, 40.20026605352453 ], [ -8.44303687193468, 40.200276177547913 ], [ -8.443089114529686, 40.200433766794461 ], [ -8.443123734275144, 40.200608519661294 ], [ -8.443125676591228, 40.200636819062503 ], [ -8.443305373459905, 40.200643105799486 ], [ -8.443533511200611, 40.200668430146557 ], [ -8.443757313494006, 40.200710778652088 ], [ -8.443974625157383, 40.200769743507166 ], [ -8.444183353497579, 40.200844756889296 ], [ -8.4443814884595, 40.200935096429269 ], [ -8.444385249943842, 40.200937219907154 ], [ -8.444481515226157, 40.200963339697317 ], [ -8.44469024471419, 40.201038352158605 ], [ -8.444888380908532, 40.201128690823289 ], [ -8.445074015733885, 40.201233485738726 ], [ -8.445245361478344, 40.201351727735883 ], [ -8.445400768008012, 40.20148227814574 ], [ -8.445538738657955, 40.201623879762707 ], [ -8.445657944646475, 40.201775168949794 ], [ -8.445757237873883, 40.201934688768546 ], [ -8.445835661982443, 40.202100903008031 ], [ -8.44589246157082, 40.202272210977313 ], [ -8.445927089474175, 40.202446962919318 ], [ -8.445939212039574, 40.202623475897731 ], [ -8.445928712345664, 40.202800050003688 ], [ -8.445895691335407, 40.202974984726644 ], [ -8.445840466850649, 40.203146595331404 ], [ -8.44576357057762, 40.203313229083676 ], [ -8.445665742932476, 40.20347328116803 ], [ -8.445547925935971, 40.203625210144736 ], [ -8.445411254145601, 40.203767552796599 ], [ -8.445257043732463, 40.203898938222778 ], [ -8.445086779807841, 40.204018101043737 ], [ -8.444902102121508, 40.204123893590101 ], [ -8.444769287771841, 40.20418541868262 ], [ -8.444970416910152, 40.204223472622282 ], [ -8.445187740845615, 40.204282435117754 ], [ -8.445396481306894, 40.204357446221032 ], [ -8.445594628122185, 40.204447783584833 ], [ -8.445780273113918, 40.204552577269062 ], [ -8.445951628472297, 40.204670818116533 ], [ -8.446107043970846, 40.204801367469308 ], [ -8.446245022858255, 40.204942968132016 ], [ -8.446364236273496, 40.205094256476826 ], [ -8.446463536045343, 40.205253775573432 ], [ -8.446541965753021, 40.205419989217852 ], [ -8.44659876994125, 40.205591296724883 ], [ -8.446633401400874, 40.205766048341921 ], [ -8.446645526444678, 40.205942561135764 ], [ -8.446635028127417, 40.206119135199359 ], [ -8.446602007378765, 40.206294070022551 ], [ -8.446546782038018, 40.206465680869179 ], [ -8.446469883799619, 40.206632315002629 ], [ -8.446372053098631, 40.206792367603782 ], [ -8.446254231985209, 40.206944297227963 ], [ -8.446221492106142, 40.206978394540137 ], [ -8.446160259250481, 40.207078571336638 ], [ -8.446042437171394, 40.207230500741396 ], [ -8.445905759227042, 40.20737284391187 ], [ -8.445751541647777, 40.207504229942231 ], [ -8.445581269613887, 40.207623393447115 ], [ -8.445396582953247, 40.207729186750541 ], [ -8.445199260348289, 40.207820590941225 ], [ -8.444991202204454, 40.207896725687647 ], [ -8.444853722908846, 40.207934859030892 ], [ -8.444960852391684, 40.207938604962081 ], [ -8.445189015202434, 40.207963925919657 ], [ -8.445412842527404, 40.208006271076279 ], [ -8.445630178942878, 40.208065232655279 ], [ -8.445838931517375, 40.208140242865746 ], [ -8.446037089962463, 40.208230579368994 ], [ -8.446222745988589, 40.208335372233236 ], [ -8.446394111679698, 40.208453612309185 ], [ -8.446549536709815, 40.208584160946337 ], [ -8.446687524235836, 40.208725760956241 ], [ -8.446806745313525, 40.208877048717333 ], [ -8.44690605169786, 40.209036567304963 ], [ -8.446984486904359, 40.209202780520037 ], [ -8.447041295424764, 40.20937408768151 ], [ -8.44707593000817, 40.209548839040103 ], [ -8.447088056937247, 40.209725351665107 ], [ -8.447077559248561, 40.209901925651117 ], [ -8.447044537865697, 40.210076860488705 ], [ -8.446989310634029, 40.210248471441574 ], [ -8.446912409266181, 40.210415105772071 ], [ -8.446814574227325, 40.210575158659204 ], [ -8.446696747609366, 40.21072708865551 ], [ -8.446566163457963, 40.210863080566725 ], [ -8.446729492340637, 40.210955266192784 ], [ -8.446900865535344, 40.211073505436481 ], [ -8.447056297550514, 40.211204053307526 ], [ -8.447194291475778, 40.211345652624878 ], [ -8.447313518305268, 40.21149693977366 ], [ -8.447412829738562, 40.21165645783509 ], [ -8.447491269242541, 40.211822670615184 ], [ -8.447548081267545, 40.211993977437061 ], [ -8.447582718528899, 40.212168728554758 ], [ -8.447594356873182, 40.212338104007841 ], [ -8.447661179164603, 40.212345517778942 ], [ -8.447885022428872, 40.212387858062364 ], [ -8.448102374977243, 40.212446814893397 ], [ -8.448311143722904, 40.212521820526852 ], [ -8.448509318221722, 40.212612152668157 ], [ -8.448528377583708, 40.212622909348219 ], [ -8.448647464295041, 40.212655210796505 ], [ -8.448856234276199, 40.2127302154394 ], [ -8.449054410101489, 40.212820546639129 ], [ -8.449240083314017, 40.212925334514956 ], [ -8.449249409223537, 40.21293176840377 ], [ -8.449286827620535, 40.212945211431389 ], [ -8.449450382248116, 40.21301976080219 ], [ -8.449568592004148, 40.212919051522114 ], [ -8.449738870208916, 40.212799882237157 ], [ -8.449923563785401, 40.212694082071557 ], [ -8.450120894082419, 40.212602669874755 ], [ -8.450328960782212, 40.212526525937008 ], [ -8.450545760198439, 40.212466383513927 ], [ -8.450769204568561, 40.212422821766836 ], [ -8.450997142154959, 40.212396260186807 ], [ -8.451227377961441, 40.212386954555988 ], [ -8.45145769486583, 40.21239499448501 ], [ -8.451685874965346, 40.212420302550335 ], [ -8.45190972092951, 40.212462635039664 ], [ -8.452127077155154, 40.212521584298294 ], [ -8.452335850520077, 40.212596582653923 ], [ -8.452534030535675, 40.212686907882095 ], [ -8.45271970870472, 40.212791690159548 ], [ -8.452891096897961, 40.212909920438982 ], [ -8.453012563107222, 40.213011923734328 ], [ -8.453067606981769, 40.213042985766748 ], [ -8.453238996412123, 40.213161215521133 ], [ -8.453394445328728, 40.213291754768697 ], [ -8.453532456658483, 40.213433346411406 ], [ -8.453651701227942, 40.213584626908343 ], [ -8.453693159564965, 40.213651204750811 ], [ -8.453699905342312, 40.213650418511271 ], [ -8.453716187766192, 40.213564119247238 ], [ -8.453771400645682, 40.213392505238765 ], [ -8.45384828850192, 40.213225866489459 ], [ -8.45394611072574, 40.213065807780275 ], [ -8.454063925122613, 40.212913870513397 ], [ -8.454200596990832, 40.212771517869697 ], [ -8.454205762932288, 40.212767116243818 ], [ -8.454199653556437, 40.212748700523868 ], [ -8.454164999007384, 40.21257395147088 ], [ -8.454153373710511, 40.212405004663424 ], [ -8.45399814371747, 40.212349243736142 ], [ -8.453799962761218, 40.212258921013124 ], [ -8.453614284399345, 40.212154140459639 ], [ -8.453442896869003, 40.212035911232995 ], [ -8.453287450745151, 40.211905372011344 ], [ -8.453149443043873, 40.211763780025059 ], [ -8.453030202805877, 40.21161249894633 ], [ -8.452930878298973, 40.211452985753851 ], [ -8.45285242596276, 40.211286776698998 ], [ -8.45279560120178, 40.211115472508915 ], [ -8.45276095111574, 40.210940722968978 ], [ -8.452759714104431, 40.210922740025758 ], [ -8.452608610581137, 40.210818499518261 ], [ -8.452453168847356, 40.210687959131775 ], [ -8.452315165361755, 40.210546366104687 ], [ -8.452195929124439, 40.210395084119234 ], [ -8.452096608364695, 40.210235570162844 ], [ -8.45201815948603, 40.210069360494231 ], [ -8.451961337859698, 40.209898055846438 ], [ -8.451926690555222, 40.209723306009273 ], [ -8.451914551077731, 40.20954679393958 ], [ -8.451925036162553, 40.209370219552731 ], [ -8.451958044657696, 40.209195283351271 ], [ -8.452013258504714, 40.209023670048218 ], [ -8.452090145808265, 40.208857032343211 ], [ -8.452187965964551, 40.208696975007122 ], [ -8.452305776798982, 40.208545039428927 ], [ -8.45235564982535, 40.208493092330848 ], [ -8.4523837712052, 40.208447078461752 ], [ -8.452501581172129, 40.208295142681088 ], [ -8.452553793467983, 40.208240758576473 ], [ -8.452447101701495, 40.208105388661416 ], [ -8.452347783731856, 40.207945874846665 ], [ -8.452269336917402, 40.207779665274579 ], [ -8.452212516609524, 40.20760836067727 ], [ -8.452177869865066, 40.207433610844035 ], [ -8.452165730183783, 40.207257098731688 ], [ -8.452176214302987, 40.207080524256035 ], [ -8.452209221080002, 40.206905587920424 ], [ -8.452264432472951, 40.206733974439238 ], [ -8.452341316610145, 40.206567336513771 ], [ -8.452439132918286, 40.206407278917069 ], [ -8.452556939259862, 40.206255343040603 ], [ -8.452693601010779, 40.206112992051857 ], [ -8.45284780199067, 40.205981596805366 ], [ -8.453018057140465, 40.205862422643143 ], [ -8.453202726825062, 40.205756617211243 ], [ -8.45340003262333, 40.205665199409857 ], [ -8.453608074453401, 40.205589049583203 ], [ -8.453824848868393, 40.205528901043607 ], [ -8.454048268346472, 40.205485333011332 ], [ -8.454276181389686, 40.20545876503796 ], [ -8.454506393238141, 40.205449452967187 ], [ -8.454736687000324, 40.205457486471666 ], [ -8.454964844996269, 40.205482788189734 ], [ -8.455188670108315, 40.205525114470177 ], [ -8.455406006934069, 40.205584057718085 ], [ -8.455614762538124, 40.205659050319028 ], [ -8.455812926602905, 40.205749370103916 ], [ -8.455998590784782, 40.205854147301935 ], [ -8.456169967089222, 40.205972372914673 ], [ -8.456325405088092, 40.206102908430879 ], [ -8.456463407813464, 40.206244496788464 ], [ -8.456582646174795, 40.206395774478111 ], [ -8.456681971760673, 40.206555284672142 ], [ -8.456760427901765, 40.206721491252338 ], [ -8.456817258888261, 40.206892793601561 ], [ -8.456851917252944, 40.207067542016915 ], [ -8.456864069049498, 40.207244053596071 ], [ -8.45685359707503, 40.2074206284437 ], [ -8.4568206020055, 40.207595566042166 ], [ -8.456765401432873, 40.207767181628562 ], [ -8.456688526813021, 40.207933822420706 ], [ -8.456590718353491, 40.208093883535362 ], [ -8.456472917890183, 40.208245823445864 ], [ -8.456420708734527, 40.208300209305925 ], [ -8.456527408689741, 40.20843557552179 ], [ -8.456626737155833, 40.208595085695741 ], [ -8.456683457634348, 40.208715242657426 ], [ -8.456733962791406, 40.208738260408715 ], [ -8.456919636567486, 40.208843036037678 ], [ -8.457057661800786, 40.208938247879864 ], [ -8.457150098580282, 40.208819021729063 ], [ -8.457286755799393, 40.208676665398315 ], [ -8.457440953645863, 40.208545264103549 ], [ -8.457497015843106, 40.208506019504178 ], [ -8.457507204039519, 40.208483934188038 ], [ -8.457605010892571, 40.208323872316072 ], [ -8.457722808954259, 40.20817193126495 ], [ -8.457770167675175, 40.208122596459418 ], [ -8.457730171580248, 40.208037871051438 ], [ -8.457673337322966, 40.207866569197165 ], [ -8.457638676429799, 40.207691821061815 ], [ -8.457626522536771, 40.207515309585872 ], [ -8.457633108737332, 40.207404234250163 ], [ -8.457603691293437, 40.207255920310352 ], [ -8.457591537576564, 40.207079408816767 ], [ -8.457600363888897, 40.206930554672674 ], [ -8.457464698609167, 40.206836969093636 ], [ -8.457309256748969, 40.206706435139026 ], [ -8.45717125132721, 40.206564847811769 ], [ -8.457052011362682, 40.206413570739159 ], [ -8.456952685120617, 40.206254060861326 ], [ -8.456874229057362, 40.20608785439773 ], [ -8.456817398613413, 40.205916552050532 ], [ -8.456782740943259, 40.205741803587394 ], [ -8.456770589651898, 40.205565291951935 ], [ -8.456781061588469, 40.205388717055413 ], [ -8.456814055727635, 40.205213779405227 ], [ -8.456869254149236, 40.205042163728429 ], [ -8.456946125106501, 40.204875522747486 ], [ -8.457043928153055, 40.204715461264861 ], [ -8.457161721279085, 40.204563520709506 ], [ -8.457298369987754, 40.20442116429394 ], [ -8.457452558224272, 40.204289762925001 ], [ -8.457622801052267, 40.204170582003648 ], [ -8.457675235404972, 40.204140536108419 ], [ -8.457510467455283, 40.204026870095788 ], [ -8.457355031962319, 40.203896336114255 ], [ -8.457217032183326, 40.203754748750683 ], [ -8.457097797082762, 40.203603471632725 ], [ -8.45699847487902, 40.203443961700913 ], [ -8.45692002198958, 40.203277755175243 ], [ -8.45686319382439, 40.203106452758483 ], [ -8.45682853751601, 40.202931704218933 ], [ -8.456816386656349, 40.202755192500959 ], [ -8.456826858090416, 40.2025786175166 ], [ -8.456859850797739, 40.202403679774129 ], [ -8.456873297710603, 40.202361870680626 ], [ -8.4568700018961, 40.202313993529167 ], [ -8.456880473130807, 40.2021374185273 ], [ -8.456913465493926, 40.201962480757587 ], [ -8.456968661082428, 40.201790864948194 ], [ -8.457045528176851, 40.201624223822897 ], [ -8.457143326368044, 40.201464162185559 ], [ -8.457261113692972, 40.201312221466601 ], [ -8.457397755710678, 40.201169864880157 ], [ -8.457551936430818, 40.201038463334676 ], [ -8.457722170989404, 40.200919282232874 ], [ -8.45790681994961, 40.200813469287624 ], [ -8.458104105089847, 40.200722043471472 ], [ -8.458160276062687, 40.200701478895205 ], [ -8.458137021769771, 40.20058423037387 ], [ -8.458124867977521, 40.200407718733295 ] ], [ [ -8.484672101541694, 40.197666199255025 ], [ -8.484666256446038, 40.197658787927253 ], [ -8.484664805987272, 40.197666496304613 ], [ -8.484672101541694, 40.197666199255025 ] ], [ [ -8.480859332234292, 40.200070602362636 ], [ -8.480721291571914, 40.199929043097143 ], [ -8.480602011163942, 40.199777790279079 ], [ -8.480502639665263, 40.199618300614993 ], [ -8.480424133968237, 40.199452110129748 ], [ -8.480367249991502, 40.199280819371666 ], [ -8.480332535405225, 40.199106077996873 ], [ -8.480320324362642, 40.198929568880793 ], [ -8.480330734288406, 40.198752991910496 ], [ -8.480335417443865, 40.198728112531661 ], [ -8.480246267167672, 40.198804133350365 ], [ -8.480076077546887, 40.198923347432107 ], [ -8.479891468407841, 40.199029195608425 ], [ -8.479694217686154, 40.19912065843959 ], [ -8.479486225094739, 40.199196855029292 ], [ -8.479435031374811, 40.199211073982653 ], [ -8.479476204663458, 40.199277159002719 ], [ -8.479554707845798, 40.199443350146453 ], [ -8.479611589919376, 40.199614641307022 ], [ -8.479646302925104, 40.199789382889342 ], [ -8.47965851239055, 40.199965892056987 ], [ -8.479648100557522, 40.200142468937912 ], [ -8.479615167522832, 40.20031741299497 ], [ -8.479595896969306, 40.200377396797847 ], [ -8.479603789404447, 40.200382839023085 ], [ -8.479759259285167, 40.200513343065268 ], [ -8.479897299148673, 40.200654903467097 ], [ -8.479993981017161, 40.200777500982134 ], [ -8.480058827642129, 40.200764839099001 ], [ -8.480286714374076, 40.200738220001362 ], [ -8.480516906334163, 40.200728856277166 ], [ -8.480747186822345, 40.200736838096432 ], [ -8.48097533828647, 40.200762088595141 ], [ -8.481134205593422, 40.200792095417953 ], [ -8.481131195655809, 40.200785723883747 ], [ -8.481074308763551, 40.200614433524862 ], [ -8.481039591658847, 40.200439692412921 ], [ -8.481027378519173, 40.200263183420908 ], [ -8.481030403689241, 40.200211861301682 ], [ -8.481014803792732, 40.200201104718516 ], [ -8.480859332234292, 40.200070602362636 ] ], [ [ -8.441569344779685, 40.183666174261269 ], [ -8.441737879123881, 40.183646540576376 ], [ -8.441572931421284, 40.183615317616983 ], [ -8.44135567665017, 40.183556347865483 ], [ -8.441147004508894, 40.183481328950357 ], [ -8.441142197668853, 40.183479136524234 ], [ -8.441109812762353, 40.183650683720302 ], [ -8.44106375207407, 40.183793824878094 ], [ -8.441129272417891, 40.183769843314465 ], [ -8.441345988666065, 40.183709718134907 ], [ -8.441569344779685, 40.183666174261269 ] ], [ [ -8.44311915806151, 40.183685787234936 ], [ -8.443081266691088, 40.183571459517786 ], [ -8.442936315355182, 40.18361167702588 ], [ -8.442712960310917, 40.183655223533208 ], [ -8.442544426235424, 40.18367485863655 ], [ -8.442709374518934, 40.183706080209262 ], [ -8.442926630924383, 40.183765047412734 ], [ -8.443135305876716, 40.18384006310589 ], [ -8.443211845600024, 40.183874971280318 ], [ -8.443197554437425, 40.183852003889925 ], [ -8.44311915806151, 40.183685787234936 ] ], [ [ -8.439010330080926, 40.203743704480203 ], [ -8.438812193990092, 40.203653355794792 ], [ -8.438626562118843, 40.203548550870366 ], [ -8.438455222256479, 40.203430299098962 ], [ -8.438431578702033, 40.203410434660761 ], [ -8.43832580530545, 40.203500538628624 ], [ -8.438155530172541, 40.203619691304432 ], [ -8.437970842719052, 40.203725472836247 ], [ -8.437873210531313, 40.203770692409527 ], [ -8.437969806240361, 40.203893305997241 ], [ -8.438069084611197, 40.20405283240752 ], [ -8.438147492449906, 40.204219051855311 ], [ -8.438165666165681, 40.204273882138509 ], [ -8.438262307234091, 40.204262630052511 ], [ -8.438492517430912, 40.204253349833934 ], [ -8.438722805456802, 40.204261415220778 ], [ -8.438804069781384, 40.204270438774032 ], [ -8.438858004836092, 40.204224493803622 ], [ -8.439028280239111, 40.204105340105954 ], [ -8.43913337252353, 40.20404514639722 ], [ -8.43912444261189, 40.20391493364891 ], [ -8.439132036226674, 40.203787448053511 ], [ -8.439010330080926, 40.203743704480203 ] ], [ [ -8.450007373357055, 40.198118245501504 ], [ -8.449908075818412, 40.19795872923978 ], [ -8.449860241979124, 40.197857357172346 ], [ -8.449717290865976, 40.197841496281264 ], [ -8.44949349438512, 40.197799159255126 ], [ -8.449276187508804, 40.19774020471187 ], [ -8.449067463158004, 40.197665200457251 ], [ -8.448869331575249, 40.197574868873886 ], [ -8.448683700960565, 40.197470079962407 ], [ -8.448512359091199, 40.197351842960579 ], [ -8.44847950078597, 40.197324240388511 ], [ -8.44840390030102, 40.197377160053293 ], [ -8.448358342586893, 40.19740326241579 ], [ -8.448561969781139, 40.197458507825111 ], [ -8.448770692945654, 40.197533512998397 ], [ -8.448968824277884, 40.197623844752201 ], [ -8.449154455749364, 40.197728633200398 ], [ -8.449325799680505, 40.197846869236223 ], [ -8.4494812059549, 40.197977414248079 ], [ -8.449619177910099, 40.198119011082348 ], [ -8.449738386751873, 40.198270296148102 ], [ -8.449837684353092, 40.198429812546564 ], [ -8.4498752906474, 40.198509509247828 ], [ -8.449954991610868, 40.198512293080157 ], [ -8.450183124593174, 40.198537604349781 ], [ -8.45025052436819, 40.198550354282936 ], [ -8.450288771815867, 40.198431466730753 ], [ -8.450264556946346, 40.198411126214694 ], [ -8.450126583057621, 40.198269530164204 ], [ -8.450007373357055, 40.198118245501504 ] ], [ [ -8.442653168761387, 40.211104394321289 ], [ -8.442601980854947, 40.211075500324938 ], [ -8.442430615085115, 40.210957254688772 ], [ -8.442275192472408, 40.210826700565406 ], [ -8.442137209806409, 40.210685095328721 ], [ -8.442108071867112, 40.210648116892727 ], [ -8.442132385881967, 40.210770838684091 ], [ -8.442144500227819, 40.210947351837056 ], [ -8.44213398953883, 40.211123925386325 ], [ -8.442100954863772, 40.211298858826673 ], [ -8.442084988063863, 40.211348460768065 ], [ -8.442191260348054, 40.211287593306906 ], [ -8.442388597051247, 40.211196194245673 ], [ -8.442596668202716, 40.211120064171737 ], [ -8.442653168761387, 40.211104394321289 ] ], [ [ -8.441780290253966, 40.209333980449301 ], [ -8.441835529911764, 40.209162371907979 ], [ -8.441912442338113, 40.208995740872766 ], [ -8.442010286687303, 40.208835692050314 ], [ -8.442128120551809, 40.208683766747569 ], [ -8.442264809042531, 40.208541428030188 ], [ -8.442419035721642, 40.208410046634484 ], [ -8.442589315282641, 40.208290887769074 ], [ -8.442774007855407, 40.208185098932681 ], [ -8.442971334798456, 40.208093698865689 ], [ -8.443179395826357, 40.20801756774155 ], [ -8.443396187307409, 40.207957438692482 ], [ -8.443397927390551, 40.207957099547421 ], [ -8.443193206815264, 40.207901556023074 ], [ -8.442984457860605, 40.207826541024545 ], [ -8.442786304614671, 40.207736199269632 ], [ -8.442600655486114, 40.207631400856926 ], [ -8.442429298430472, 40.207513155115755 ], [ -8.442273883729142, 40.207382600883278 ], [ -8.442135908095516, 40.207240995534441 ], [ -8.44201670026141, 40.207089702870086 ], [ -8.441922645428379, 40.206938594173117 ], [ -8.441836690653854, 40.206987827635437 ], [ -8.441639365371801, 40.207079225779417 ], [ -8.441431305465638, 40.20715535414358 ], [ -8.441214514775741, 40.207215479518062 ], [ -8.440991081249313, 40.207259022819599 ], [ -8.440763156827177, 40.207285564670045 ], [ -8.440532936713469, 40.207294849436501 ], [ -8.440302638228198, 40.207286787693981 ], [ -8.440221370106983, 40.207277765211622 ], [ -8.440170006875871, 40.207321518741878 ], [ -8.440229682412985, 40.207448011423786 ], [ -8.440286472455885, 40.207619322021337 ], [ -8.440321088782742, 40.207794075522287 ], [ -8.440333197852052, 40.20797058897525 ], [ -8.440322682872388, 40.208147162466837 ], [ -8.440289644933877, 40.208322095492363 ], [ -8.440234402041362, 40.208493703332934 ], [ -8.44015748605832, 40.208660333280889 ], [ -8.44005963759072, 40.208820380557398 ], [ -8.439941798859836, 40.208972303769016 ], [ -8.439805104632498, 40.209114639754041 ], [ -8.439759404768512, 40.209153567554992 ], [ -8.439787081762589, 40.209152451580934 ], [ -8.440017386509021, 40.209160514323266 ], [ -8.440245551642258, 40.209185845010943 ], [ -8.440469379975905, 40.209228199713813 ], [ -8.440686716076522, 40.209287170563314 ], [ -8.440895467015652, 40.20936218967924 ], [ -8.441093622520592, 40.209452534637173 ], [ -8.441279274330077, 40.209557335423909 ], [ -8.441450634568636, 40.209675582813887 ], [ -8.441606052962772, 40.209806138086151 ], [ -8.441744032733254, 40.209947743988337 ], [ -8.441773170172935, 40.209984722522314 ], [ -8.441748857095448, 40.209862000635333 ], [ -8.441736743986899, 40.209685487403227 ], [ -8.441747255508602, 40.209508913843045 ], [ -8.441780290253966, 40.209333980449301 ] ], [ [ -8.433776577381717, 40.231907541835234 ], [ -8.433764480674277, 40.231731028380899 ], [ -8.433775015947942, 40.231554456130148 ], [ -8.433808081567189, 40.231379525564819 ], [ -8.433863358923286, 40.231207921343639 ], [ -8.433940315509151, 40.231041296078637 ], [ -8.434038210053673, 40.230881254420851 ], [ -8.43415609966584, 40.23072933760816 ], [ -8.434292848919622, 40.230587008624383 ], [ -8.434384907112145, 40.230508626539333 ], [ -8.434396510306447, 40.230447237129702 ], [ -8.434451785432332, 40.230275632607992 ], [ -8.434528739532725, 40.230109006933986 ], [ -8.434626631360462, 40.229948964762649 ], [ -8.434744518050691, 40.229797047336817 ], [ -8.434828340197901, 40.229709802704619 ], [ -8.43478097904824, 40.229609427180236 ], [ -8.434724184145983, 40.229438114549971 ], [ -8.434689570824053, 40.229263360017441 ], [ -8.434677472260116, 40.229086846584678 ], [ -8.434688004795293, 40.228910274180173 ], [ -8.434721066820455, 40.228735343287241 ], [ -8.434776339761504, 40.228563738567772 ], [ -8.434853291153898, 40.228397112638596 ], [ -8.434951179776553, 40.228237070157135 ], [ -8.434957435683167, 40.228229008087339 ], [ -8.434951105157079, 40.228136652020254 ], [ -8.434961636849724, 40.22796007956493 ], [ -8.434994697723669, 40.227785148569353 ], [ -8.435029362996989, 40.227677521222198 ], [ -8.435013946855006, 40.227631020196831 ], [ -8.434979333737717, 40.227456265695643 ], [ -8.434967234772515, 40.227279752239546 ], [ -8.434977766304407, 40.227103179757229 ], [ -8.435010826733945, 40.226928248732762 ], [ -8.435023982563985, 40.226887402539525 ], [ -8.435023302849512, 40.226888110040782 ], [ -8.434869020147094, 40.227019481368615 ], [ -8.434698680307072, 40.227138628712382 ], [ -8.434513923810417, 40.227244404551691 ], [ -8.434316530012245, 40.227335790143414 ], [ -8.434108400003764, 40.227411905335131 ], [ -8.433891538300621, 40.227472017043787 ], [ -8.43366803353409, 40.227515546317761 ], [ -8.433440038331245, 40.22754207391398 ], [ -8.43320974857807, 40.227551344336838 ], [ -8.433178752087477, 40.227550257708174 ], [ -8.433251185314964, 40.227666622544461 ], [ -8.433329608982053, 40.227832844520151 ], [ -8.433386399009128, 40.228004157900017 ], [ -8.433421008323197, 40.228178912874888 ], [ -8.433433103450104, 40.228355426479183 ], [ -8.433422567732517, 40.228531998798019 ], [ -8.4333895024601, 40.228706929337982 ], [ -8.433334225900781, 40.228878533404092 ], [ -8.43325727024213, 40.229045158324979 ], [ -8.4331593764721, 40.22920519937017 ], [ -8.433041487248177, 40.229357115206213 ], [ -8.432904737823419, 40.229499442742338 ], [ -8.432750445116595, 40.229630811223238 ], [ -8.432724352427837, 40.229649060701398 ], [ -8.432630793194843, 40.229769622062605 ], [ -8.432494042083112, 40.229911949109479 ], [ -8.432339747648271, 40.23004331703978 ], [ -8.432169395810838, 40.230162460642418 ], [ -8.431984627167347, 40.230268232433041 ], [ -8.431787221189914, 40.230359613707478 ], [ -8.431628215979927, 40.230417756675827 ], [ -8.431628675341488, 40.230424462858643 ], [ -8.431618134649561, 40.23060103496811 ], [ -8.431585063758279, 40.230775964950404 ], [ -8.431529780989667, 40.230947568115866 ], [ -8.431493063853068, 40.23102706086906 ], [ -8.43148775206669, 40.231116037525815 ], [ -8.431454680597383, 40.231290967457369 ], [ -8.431399397088565, 40.231462570547954 ], [ -8.431322433794717, 40.231629194135593 ], [ -8.431224531777319, 40.231789233502681 ], [ -8.431106633773274, 40.231941147331838 ], [ -8.430969875120196, 40.232083472551693 ], [ -8.430841645665788, 40.232192641262323 ], [ -8.430977545443744, 40.232218360166861 ], [ -8.431194947022924, 40.232277348367269 ], [ -8.431403758328264, 40.232352384084642 ], [ -8.431601968505786, 40.232442744734747 ], [ -8.43178766876774, 40.232547560153314 ], [ -8.431959070772029, 40.232665820973914 ], [ -8.432114523842889, 40.232796388346351 ], [ -8.43225253086705, 40.232938004901747 ], [ -8.432371762712346, 40.233089306859277 ], [ -8.432412060460182, 40.233154041838027 ], [ -8.432445708464046, 40.233049594118661 ], [ -8.432522670586826, 40.232882969829191 ], [ -8.432620571100797, 40.232722929399728 ], [ -8.432738467057455, 40.232571014056312 ], [ -8.432875222969669, 40.232428686768586 ], [ -8.433029521750305, 40.232297318162772 ], [ -8.433199877398524, 40.232178173324229 ], [ -8.433384649311526, 40.232072399616563 ], [ -8.433582058083857, 40.231981015634382 ], [ -8.433777009926468, 40.231909725720627 ], [ -8.433776577381717, 40.231907541835234 ] ], [ [ -8.435495548626625, 40.226135726311817 ], [ -8.435528006948857, 40.226108087439968 ], [ -8.435535103321604, 40.225989090852593 ], [ -8.435568161792684, 40.225814159642447 ], [ -8.435623430265093, 40.225642554448214 ], [ -8.435700376317339, 40.225475927891353 ], [ -8.435798258779792, 40.225315884635307 ], [ -8.435916134877814, 40.225163965933405 ], [ -8.436052869315541, 40.225021634787637 ], [ -8.436182721662886, 40.224911059669729 ], [ -8.436053977309195, 40.22493613733289 ], [ -8.435825991708095, 40.224962669605702 ], [ -8.435595711042557, 40.224971944746706 ], [ -8.435365353215907, 40.224963873423597 ], [ -8.435308876179315, 40.224957602527375 ], [ -8.435369680334505, 40.22505528293086 ], [ -8.435448106119779, 40.225221503538329 ], [ -8.435504899255655, 40.225392815944616 ], [ -8.435539512639226, 40.225567570349938 ], [ -8.435551612757171, 40.22574408379419 ], [ -8.435541082904116, 40.225920656364039 ], [ -8.435508024313268, 40.22609558756367 ], [ -8.435494868924538, 40.226136433815903 ], [ -8.435495548626625, 40.226135726311817 ] ], [ [ -8.442098609762954, 40.239778703240916 ], [ -8.441999269266889, 40.239619181503507 ], [ -8.441920810659679, 40.239452965871052 ], [ -8.441863989406031, 40.239281657134022 ], [ -8.441829352571618, 40.239106905121588 ], [ -8.441817233560469, 40.238930392811554 ], [ -8.441827748910546, 40.238753820121588 ], [ -8.441860797178135, 40.23857888753782 ], [ -8.441916059921532, 40.238407279738411 ], [ -8.4419930047743, 40.238240649369878 ], [ -8.442002963087981, 40.238224367061818 ], [ -8.442028506716737, 40.238169050021149 ], [ -8.442126392334867, 40.238009001752381 ], [ -8.442244276080338, 40.237857076909975 ], [ -8.442381022583547, 40.237714738555056 ], [ -8.442398329048858, 40.237700001992764 ], [ -8.442481501599151, 40.237564008024371 ], [ -8.442599383783268, 40.23741208281443 ], [ -8.442720298962472, 40.23728622131781 ], [ -8.442671991481554, 40.237183880355843 ], [ -8.442615170270376, 40.237012571920303 ], [ -8.442580532699649, 40.23683782006696 ], [ -8.442576439063448, 40.236778204154227 ], [ -8.442449095965317, 40.236783339906665 ], [ -8.442218697381829, 40.236775282392692 ], [ -8.441990438895518, 40.236749956064713 ], [ -8.441766518929196, 40.236707604847346 ], [ -8.441549094110545, 40.236648636636374 ], [ -8.441340258496625, 40.236573619369246 ], [ -8.441142023401671, 40.236483275553987 ], [ -8.440956298022703, 40.236378475309131 ], [ -8.440784871049656, 40.236260227981674 ], [ -8.440638241994007, 40.23613710263372 ], [ -8.440594273446179, 40.236232318535706 ], [ -8.440496386744327, 40.236392365561805 ], [ -8.440378501600369, 40.236544288667517 ], [ -8.440241753227991, 40.236686624692084 ], [ -8.440087458535766, 40.236818002798429 ], [ -8.439917103446632, 40.236937157677431 ], [ -8.43973232858839, 40.237042941736128 ], [ -8.439534913492974, 40.237134336152174 ], [ -8.439326759456712, 40.237210460688154 ], [ -8.439109871226671, 40.237270582171021 ], [ -8.438886337689643, 40.237314121554938 ], [ -8.438658311749835, 40.237340659499488 ], [ -8.438427989589314, 40.237349940409359 ], [ -8.438205973991376, 40.237342168416525 ], [ -8.438208989432262, 40.237351261442242 ], [ -8.438243616042865, 40.237526014629026 ], [ -8.438255725503046, 40.237702527391448 ], [ -8.438252172843059, 40.2377621315241 ], [ -8.43841321163112, 40.237703239985024 ], [ -8.438630101863625, 40.237643119804794 ], [ -8.438853636648465, 40.237599580913624 ], [ -8.439081663377515, 40.237573042582497 ], [ -8.439311986196325, 40.237563760369682 ], [ -8.439542387144968, 40.237571823660303 ], [ -8.439770647511489, 40.237597154805897 ], [ -8.439994569192583, 40.237639509871933 ], [ -8.440211995856044, 40.23769848098636 ], [ -8.440420833701436, 40.237773500266492 ], [ -8.44061907161926, 40.237863845286377 ], [ -8.440804800554687, 40.23796864603225 ], [ -8.440976231889556, 40.238086893279032 ], [ -8.441131714665691, 40.238217448307196 ], [ -8.441269751483809, 40.23835905386683 ], [ -8.441389012924853, 40.238510346282986 ], [ -8.441488350354923, 40.238669868586221 ], [ -8.441566806990366, 40.23883608454171 ], [ -8.441623627116325, 40.239007393442051 ], [ -8.441656284997308, 40.239172163960923 ], [ -8.441688235608321, 40.239268492140681 ], [ -8.44172287216518, 40.239443244191506 ], [ -8.441734991031264, 40.239619756496339 ], [ -8.441724824119374, 40.239790472373961 ], [ -8.441786234813948, 40.239792620233708 ], [ -8.442014503451642, 40.239817946913149 ], [ -8.442149703147333, 40.239843516519272 ], [ -8.442098609762954, 40.239778703240916 ] ], [ [ -8.444426692451074, 40.241041832356885 ], [ -8.444430133855191, 40.240984009014014 ], [ -8.444309958145039, 40.240940846412329 ], [ -8.444242926370546, 40.240910301700595 ], [ -8.444285650682913, 40.240964494721638 ], [ -8.444357707172404, 40.241080193654859 ], [ -8.444416333098564, 40.241046628582382 ], [ -8.444426692451074, 40.241041832356885 ] ], [ [ -8.40947251533132, 40.193448765551665 ], [ -8.409503021383699, 40.193427429168594 ], [ -8.409481034452476, 40.193316148035692 ], [ -8.409469008201409, 40.193139630626163 ], [ -8.40947960114579, 40.192963059213547 ], [ -8.40951271109504, 40.192788134271552 ], [ -8.409568019013877, 40.192616540404678 ], [ -8.40964499210126, 40.192449930125214 ], [ -8.409742888927529, 40.192289907939866 ], [ -8.409860766580037, 40.192138014898987 ], [ -8.409997489748241, 40.191995713757493 ], [ -8.410151741660599, 40.191864374889867 ], [ -8.410322036767836, 40.191745263095129 ], [ -8.41050673505031, 40.191639525418807 ], [ -8.410704057811722, 40.19154818010859 ], [ -8.410912104807037, 40.191472106810714 ], [ -8.41112887253977, 40.191412038100609 ], [ -8.411352273552534, 40.191368552429836 ], [ -8.411580156525234, 40.191342068556963 ], [ -8.411810326987544, 40.191332841515944 ], [ -8.412040568446427, 40.191340960160666 ], [ -8.412268663725479, 40.191366346309678 ], [ -8.412492416310837, 40.191408755498792 ], [ -8.412709671498334, 40.191467779334765 ], [ -8.412918337138509, 40.191542849427172 ], [ -8.413116403779888, 40.191633242860696 ], [ -8.413301964016776, 40.191738089155294 ], [ -8.413473230855365, 40.191856378647117 ], [ -8.413628554921448, 40.19198697220974 ], [ -8.413766440344052, 40.192128612221978 ], [ -8.413885559162082, 40.192279934676989 ], [ -8.413984764115201, 40.192439482315876 ], [ -8.414063099695683, 40.192605718659692 ], [ -8.414080132442313, 40.192657174148415 ], [ -8.414175451309854, 40.192683068459466 ], [ -8.41438412228325, 40.192758135875856 ], [ -8.414582194400934, 40.192848526763825 ], [ -8.414673429669278, 40.192900074387353 ], [ -8.414851690960724, 40.192981423786684 ], [ -8.415037257540178, 40.193086267253655 ], [ -8.415208530783755, 40.193204554128755 ], [ -8.415363861255573, 40.193335145310719 ], [ -8.415501753022982, 40.193476783201326 ], [ -8.415620878063791, 40.193628103814149 ], [ -8.415715543190142, 40.193780339492513 ], [ -8.415937373408577, 40.19378815374241 ], [ -8.415960870354498, 40.19379076798041 ], [ -8.415867103859533, 40.193694455694377 ], [ -8.415747978155974, 40.193543135338942 ], [ -8.415648767456467, 40.193383589261167 ], [ -8.415570427104488, 40.193217354029059 ], [ -8.415513711426065, 40.193046030621687 ], [ -8.415479166470407, 40.192871269009395 ], [ -8.415467124757029, 40.192694752262284 ], [ -8.41547770207986, 40.192518180340663 ], [ -8.415510796398774, 40.192343253723188 ], [ -8.415566088829008, 40.19217165703045 ], [ -8.415643046718666, 40.192005042802045 ], [ -8.41574092878443, 40.191845015582658 ], [ -8.415858792255777, 40.191693116471193 ], [ -8.415995501958701, 40.191550808281015 ], [ -8.416149741251301, 40.191419461454494 ], [ -8.416320024705799, 40.191300340867336 ], [ -8.416504712414735, 40.191194593649683 ], [ -8.416657164352939, 40.191124008902499 ], [ -8.416562690313846, 40.191026967567275 ], [ -8.416443567770337, 40.190875647847001 ], [ -8.416344359367761, 40.190716102283922 ], [ -8.416266020427484, 40.190549867441057 ], [ -8.416209305261969, 40.190378544293765 ], [ -8.416174759915497, 40.190203782809824 ], [ -8.416162716911382, 40.190027266058166 ], [ -8.416173292056001, 40.189850693999098 ], [ -8.416206383330229, 40.189675767112618 ], [ -8.416261671878644, 40.189504170021927 ], [ -8.416338625086757, 40.18933755527042 ], [ -8.416339441817822, 40.189336219922147 ], [ -8.416340794409759, 40.189329069729631 ], [ -8.416396082342677, 40.189157472566599 ], [ -8.41647303483453, 40.188990857718238 ], [ -8.416525821696393, 40.188904550753698 ], [ -8.416500695775621, 40.18890555907997 ], [ -8.41627046207341, 40.188897449275679 ], [ -8.416042373624165, 40.188872070977162 ], [ -8.415818627212698, 40.1888296686096 ], [ -8.415635946996181, 40.188780041676232 ], [ -8.415449258944006, 40.188759268752349 ], [ -8.415225513266257, 40.188716865235122 ], [ -8.415008264716416, 40.188657846069788 ], [ -8.414799605653528, 40.188582779684495 ], [ -8.414601545691143, 40.188492389060293 ], [ -8.414415992339295, 40.188387544766464 ], [ -8.414244732630911, 40.188269256574131 ], [ -8.41408941590967, 40.188138663729283 ], [ -8.413986544693095, 40.188032985903249 ], [ -8.413918478146144, 40.188057878271302 ], [ -8.413701723565213, 40.188117952194851 ], [ -8.413478334731863, 40.188161442382452 ], [ -8.41325046315643, 40.188187929967597 ], [ -8.413020303534008, 40.188197159840108 ], [ -8.412790072601899, 40.188189043103748 ], [ -8.412629864018607, 40.188171212407347 ], [ -8.412573891249206, 40.188229475719176 ], [ -8.412419652221466, 40.188360817852995 ], [ -8.412249369231718, 40.188479932761922 ], [ -8.412064682213556, 40.188585673238101 ], [ -8.411867369853027, 40.188677020879013 ], [ -8.411659332457027, 40.188753095897887 ], [ -8.4114425736492, 40.188813165598688 ], [ -8.411219181069718, 40.188856651434413 ], [ -8.410991306265011, 40.188883134580493 ], [ -8.410761143961277, 40.188892359969479 ], [ -8.410530910921651, 40.188884238748358 ], [ -8.410302824590859, 40.188858849134391 ], [ -8.410079081733299, 40.188816435661799 ], [ -8.409861837270528, 40.188757406825928 ], [ -8.409653183522213, 40.188682331148115 ], [ -8.409455130050695, 40.188591931698923 ], [ -8.409269584303471, 40.188487079132585 ], [ -8.409098333240195, 40.188368783299936 ], [ -8.408943026121255, 40.188238183520532 ], [ -8.408805158623759, 40.188096537607883 ], [ -8.408686058437947, 40.187945209753423 ], [ -8.408586872482688, 40.187785657386193 ], [ -8.408521316401558, 40.187646503592234 ], [ -8.408487101899777, 40.187653163049262 ], [ -8.408259230026612, 40.187679640813265 ], [ -8.408029071388741, 40.187688860760183 ], [ -8.407798842713987, 40.187680734089369 ], [ -8.407570761405028, 40.187655339070616 ], [ -8.407347024177879, 40.187612920290192 ], [ -8.407129785899858, 40.187553886294573 ], [ -8.406921138831052, 40.187478805654806 ], [ -8.406723092469452, 40.187388401489216 ], [ -8.406537554194058, 40.187283544497483 ], [ -8.406366310892549, 40.187165244573045 ], [ -8.406322372384091, 40.187128293231382 ], [ -8.406304362370017, 40.187167274866027 ], [ -8.406206464742997, 40.187327294287954 ], [ -8.406088587184946, 40.187479183733856 ], [ -8.405951864836908, 40.187621480367184 ], [ -8.405797614357171, 40.187752813730299 ], [ -8.405627321243163, 40.187871918945071 ], [ -8.405442625526018, 40.187977648896961 ], [ -8.405245305975603, 40.188068985284865 ], [ -8.405037262968094, 40.188145048430343 ], [ -8.404820500181209, 40.188205105751756 ], [ -8.404597105293464, 40.188248578821344 ], [ -8.404369229873533, 40.188275048937506 ], [ -8.404139068653549, 40.188284261158294 ], [ -8.404039520365822, 40.188280744015721 ], [ -8.404060624361376, 40.188387608849631 ], [ -8.404072635685955, 40.188564127015241 ], [ -8.40406202933733, 40.188740698111594 ], [ -8.404028907285751, 40.188915621656953 ], [ -8.403973588346345, 40.189087213023605 ], [ -8.403896605115232, 40.18925381966244 ], [ -8.403798698846298, 40.189413837019046 ], [ -8.403774837799231, 40.189444580054399 ], [ -8.403895520045351, 40.189360178886133 ], [ -8.404080221916495, 40.189254451407479 ], [ -8.404277546467133, 40.189163117007624 ], [ -8.40448559343503, 40.189087055227716 ], [ -8.404702359323984, 40.189026998532292 ], [ -8.40492575669438, 40.188983525257235 ], [ -8.405153634261202, 40.188957054041779 ], [ -8.405275541508974, 40.188952173725504 ], [ -8.405384151145791, 40.188839140062043 ], [ -8.405538404875086, 40.188707807263725 ], [ -8.405708700227555, 40.188588702189541 ], [ -8.40589339718122, 40.188482971820221 ], [ -8.406090717052608, 40.188391634333158 ], [ -8.406298759624525, 40.188315569299235 ], [ -8.406515521443096, 40.188255509214308 ], [ -8.406738915107887, 40.188212032446913 ], [ -8.406966789369561, 40.188185557669883 ], [ -8.407196949841664, 40.188176339829575 ], [ -8.407427180127346, 40.1881844676913 ], [ -8.40765526315778, 40.188209862984856 ], [ -8.407879002537024, 40.188252281158007 ], [ -8.40809624368806, 40.188311313731006 ], [ -8.40830489459656, 40.188386392229276 ], [ -8.408502945952884, 40.188476793656562 ], [ -8.408688490498498, 40.188581647455827 ], [ -8.408859741390676, 40.188699943890974 ], [ -8.409015049408746, 40.188830543768667 ], [ -8.409152918836259, 40.188972189406925 ], [ -8.409272021866142, 40.189123516744694 ], [ -8.409371211390088, 40.189283068476037 ], [ -8.409449532048955, 40.189449308082594 ], [ -8.409506229437623, 40.189620634628973 ], [ -8.409540757375465, 40.189795398179129 ], [ -8.409552783172304, 40.189971915684737 ], [ -8.409542190838808, 40.190148487193262 ], [ -8.409509082210237, 40.190323412219037 ], [ -8.409453775972429, 40.190495006120095 ], [ -8.409376804599146, 40.190661616322942 ], [ -8.40927890923005, 40.190821638238859 ], [ -8.409161032538362, 40.19097353071858 ], [ -8.409024309656751, 40.191115830896358 ], [ -8.408870057248617, 40.191247168280405 ], [ -8.408699760829931, 40.191366277953868 ], [ -8.408515060463639, 40.191472012759235 ], [ -8.408388501208256, 40.191530596859046 ], [ -8.408451118665027, 40.191573850111766 ], [ -8.408606432489158, 40.191704450453351 ], [ -8.408744306922745, 40.191846096491133 ], [ -8.408863414110494, 40.191997424160206 ], [ -8.408962606904042, 40.192156976151452 ], [ -8.409040929912749, 40.192323215944015 ], [ -8.409097628708826, 40.19249454260072 ], [ -8.409132157098085, 40.192669306184428 ], [ -8.409144182385967, 40.192845823646536 ], [ -8.40913358858802, 40.193022395034909 ], [ -8.409100477553581, 40.193197319865014 ], [ -8.409045167991636, 40.193368913496805 ], [ -8.409003357758479, 40.193459409796198 ], [ -8.409093453719056, 40.193521641238455 ], [ -8.409248773235111, 40.193652240655233 ], [ -8.409248860377117, 40.193652330177308 ], [ -8.409318258531281, 40.193580103494718 ], [ -8.40947251533132, 40.193448765551665 ] ], [ [ -8.409760956925476, 40.184264209951131 ], [ -8.409608644735094, 40.184158991149971 ], [ -8.409453346288014, 40.184028391931044 ], [ -8.40931548630493, 40.183886746497869 ], [ -8.409214125726079, 40.183757952052531 ], [ -8.40918599380004, 40.183803941645884 ], [ -8.409068128958474, 40.18395583417545 ], [ -8.408931419887855, 40.184098134369755 ], [ -8.408817317826713, 40.184195295863397 ], [ -8.408913770644368, 40.184221506498211 ], [ -8.409122409889585, 40.184296583615215 ], [ -8.409320450398237, 40.184386983744233 ], [ -8.40950598501624, 40.184491836340719 ], [ -8.40954096754712, 40.184516002609179 ], [ -8.409632992985301, 40.184397408951092 ], [ -8.409760956925476, 40.184264209951131 ] ], [ [ -8.429733538085459, 40.210204015445946 ], [ -8.429665093559596, 40.21015677311108 ], [ -8.429509697173417, 40.210026201734273 ], [ -8.429371742614668, 40.209884581159216 ], [ -8.429252558412111, 40.20973327533342 ], [ -8.429153292293778, 40.209573741473861 ], [ -8.429074900136833, 40.209407516030907 ], [ -8.429018136766171, 40.209236199889439 ], [ -8.428985174054752, 40.209069655157165 ], [ -8.428942443487683, 40.209045526553084 ], [ -8.428889813063606, 40.209009198282239 ], [ -8.428808042508777, 40.208963024853148 ], [ -8.428636705927971, 40.208844758647238 ], [ -8.428481314518496, 40.208714185842375 ], [ -8.428438377936271, 40.208670106407631 ], [ -8.428343218677865, 40.208666765466049 ], [ -8.428115059573491, 40.20864141129335 ], [ -8.427891240716047, 40.208599032662953 ], [ -8.42767391775922, 40.208540037734664 ], [ -8.427465183778832, 40.208464994703228 ], [ -8.4272670491101, 40.20837462632479 ], [ -8.427081421982685, 40.208269802954383 ], [ -8.427033651007223, 40.208236827157329 ], [ -8.427147679359166, 40.208381599017322 ], [ -8.427246939029516, 40.20854113465272 ], [ -8.427325325717435, 40.208707361378067 ], [ -8.427382084381843, 40.208878678382121 ], [ -8.427416668251919, 40.209053435820792 ], [ -8.427428744098689, 40.209229950704739 ], [ -8.427418195450665, 40.209406523106693 ], [ -8.42738512372221, 40.209581452532461 ], [ -8.427363405363927, 40.209648875685517 ], [ -8.427381615521092, 40.209671994899644 ], [ -8.42742238069382, 40.209737513326715 ], [ -8.427591768106842, 40.209717808836501 ], [ -8.427821998339775, 40.209708549775904 ], [ -8.428052303696832, 40.209716636321239 ], [ -8.428280466386413, 40.209741990600087 ], [ -8.428504289245632, 40.209784368455168 ], [ -8.428721616893746, 40.209843361794981 ], [ -8.428930356483651, 40.209918402522739 ], [ -8.429128497851877, 40.210008768005949 ], [ -8.429270144835668, 40.210088749957322 ], [ -8.429456993713792, 40.210173964378001 ], [ -8.429642629690251, 40.210278783872553 ], [ -8.429813971636641, 40.210397048540898 ], [ -8.429963207316012, 40.210522441853378 ], [ -8.429945233464823, 40.210503990740747 ], [ -8.429826046897171, 40.210352685530133 ], [ -8.429733538085459, 40.210204015445946 ] ], [ [ -8.417633768751788, 40.208949251265452 ], [ -8.417770509182869, 40.20880694129724 ], [ -8.417924783948587, 40.208675592374739 ], [ -8.418095107279502, 40.208556469393756 ], [ -8.418150458750754, 40.208524783425858 ], [ -8.418137315835942, 40.208515709215092 ], [ -8.418089862537588, 40.208475825405031 ], [ -8.417898650656538, 40.208545739970091 ], [ -8.417681834488985, 40.208605821346012 ], [ -8.417458381074015, 40.208649319282827 ], [ -8.417230442544071, 40.208675814839367 ], [ -8.417000214239213, 40.208685052828656 ], [ -8.416946595926435, 40.208683165046857 ], [ -8.41694374692975, 40.208685157565789 ], [ -8.416947185516316, 40.208702547138181 ], [ -8.416948128286984, 40.20871635905295 ], [ -8.417061942787848, 40.208812020507281 ], [ -8.417199869624596, 40.208953655875533 ], [ -8.417319025723309, 40.209104974229142 ], [ -8.417417214230376, 40.209262831503565 ], [ -8.41741797712865, 40.20926118013336 ], [ -8.417515879593225, 40.209101151819894 ], [ -8.417633768751788, 40.208949251265452 ] ], [ [ -8.421793529177805, 40.202969965814226 ], [ -8.421787829999927, 40.203065239345818 ], [ -8.421835987289409, 40.203126393466121 ], [ -8.421935226796078, 40.203285933871967 ], [ -8.422013594400887, 40.203452164412269 ], [ -8.422070335246556, 40.203623484239039 ], [ -8.422104902733881, 40.203798243480975 ], [ -8.42211696379171, 40.20397475913132 ], [ -8.422106402091011, 40.204151331255424 ], [ -8.422073319171906, 40.204326259361771 ], [ -8.422018033472495, 40.20449785877873 ], [ -8.421941077268597, 40.204664476879721 ], [ -8.421843191553632, 40.204824508999977 ], [ -8.421776535314391, 40.204910410358252 ], [ -8.421781450783362, 40.204913186611975 ], [ -8.421884605134577, 40.204825348465079 ], [ -8.422054911902579, 40.204706219636321 ], [ -8.422239626899914, 40.204600463418515 ], [ -8.422337488912737, 40.204555155988913 ], [ -8.422441329528883, 40.204421331572867 ], [ -8.422578050830579, 40.204279015881269 ], [ -8.422732306066049, 40.204147660517158 ], [ -8.422902609653921, 40.204028530438464 ], [ -8.422936211416644, 40.204009291648575 ], [ -8.42293869077877, 40.203967832825136 ], [ -8.422971771303366, 40.203792904469083 ], [ -8.423027054033231, 40.20362130458615 ], [ -8.423104006409773, 40.203454685746642 ], [ -8.42320188720266, 40.203294652539668 ], [ -8.423229364655048, 40.203259239638705 ], [ -8.423051454321548, 40.203178080359635 ], [ -8.42286584786924, 40.203073250062083 ], [ -8.422694536452299, 40.202954974851714 ], [ -8.422539169912467, 40.202824393849554 ], [ -8.422401244499181, 40.202682764688277 ], [ -8.4222820884605, 40.202531451398066 ], [ -8.422261209711429, 40.202497886121812 ], [ -8.422229650981359, 40.202499153935506 ], [ -8.421999370676849, 40.20249105570732 ], [ -8.421771234579314, 40.202465688922729 ], [ -8.421691210446546, 40.202450530862869 ], [ -8.421746903020574, 40.202618690722325 ], [ -8.421781469152243, 40.202793450095939 ], [ -8.421793529177805, 40.202969965814226 ] ], [ [ -8.412608507672642, 40.216775246356853 ], [ -8.412619764811311, 40.21680924378569 ], [ -8.412705844435088, 40.216769408208933 ], [ -8.412591061800072, 40.216738236041103 ], [ -8.412608507672642, 40.216775246356853 ] ], [ [ -8.403117841425232, 40.215507195984046 ], [ -8.403034478476693, 40.21546915484884 ], [ -8.402848869045746, 40.215364292687426 ], [ -8.402677561188296, 40.215245988092164 ], [ -8.402522204711667, 40.215115380467061 ], [ -8.40238429576825, 40.214973727701242 ], [ -8.402265162447319, 40.214822394052199 ], [ -8.402259543808501, 40.214813357795499 ], [ -8.402054620196278, 40.214821553185054 ], [ -8.401824300353814, 40.214813414968518 ], [ -8.401596130211633, 40.214788008587789 ], [ -8.401372307341482, 40.214745578738565 ], [ -8.401154987435662, 40.214686534074005 ], [ -8.400946263540536, 40.214611443267941 ], [ -8.400748145894097, 40.21452102953667 ], [ -8.400562542561939, 40.214416163672048 ], [ -8.400391241058303, 40.214297855653058 ], [ -8.400296329194511, 40.214218058415305 ], [ -8.400130196447906, 40.214294919139583 ], [ -8.400172726756111, 40.214385187402428 ], [ -8.400229421942354, 40.214556517761345 ], [ -8.400263939082611, 40.214731283360578 ], [ -8.400275945590458, 40.214907801132107 ], [ -8.400266281539158, 40.215068478469483 ], [ -8.40043963004352, 40.215147588818731 ], [ -8.400625235189047, 40.2152524548613 ], [ -8.400796539510587, 40.215370762505316 ], [ -8.400951893272882, 40.215501372449623 ], [ -8.401046977261958, 40.215599040286662 ], [ -8.401077111784142, 40.215602395848741 ], [ -8.40130093729532, 40.2156448262539 ], [ -8.401518260392191, 40.215703870624267 ], [ -8.401726988271406, 40.215778960371743 ], [ -8.401925110882173, 40.215869372391793 ], [ -8.402110720279815, 40.215974236025431 ], [ -8.402282028997075, 40.216092541441917 ], [ -8.402337492873176, 40.216139169373093 ], [ -8.402391445788899, 40.216114207568374 ], [ -8.402599577116856, 40.216038149256278 ], [ -8.402816430411374, 40.215978096085784 ], [ -8.403039917391261, 40.215934626358845 ], [ -8.403267885908724, 40.215908158680456 ], [ -8.403293468736218, 40.215907135327704 ], [ -8.403250825774711, 40.215838557268377 ], [ -8.403172489498584, 40.215672314277406 ], [ -8.403117841425232, 40.215507195984046 ] ], [ [ -8.404785093283067, 40.212200880738102 ], [ -8.405008909864154, 40.212243304027538 ], [ -8.405226225257977, 40.212302341496269 ], [ -8.40543494673536, 40.212377424622602 ], [ -8.405633064307168, 40.212467830365775 ], [ -8.405818670077256, 40.212572688127246 ], [ -8.405949534334615, 40.212663059767841 ], [ -8.405940838078159, 40.212535361262447 ], [ -8.405951442912864, 40.212358790725069 ], [ -8.405984571091301, 40.212183867318032 ], [ -8.406022064745763, 40.212067595398224 ], [ -8.405999994114579, 40.212039560771501 ], [ -8.405900779007482, 40.211880006863851 ], [ -8.405822440878405, 40.211713765558642 ], [ -8.40576573403181, 40.211542437893485 ], [ -8.405731204431671, 40.211367673879657 ], [ -8.405719184449447, 40.211191156610411 ], [ -8.405723360851178, 40.211121622129831 ], [ -8.405620418367359, 40.211050530604851 ], [ -8.405465065888656, 40.210919926821617 ], [ -8.405327159390776, 40.210778277451205 ], [ -8.405208026939473, 40.210626946718392 ], [ -8.405108815764237, 40.210467392079991 ], [ -8.405030481212968, 40.21030115018641 ], [ -8.404973777555679, 40.210129822080923 ], [ -8.404947281245983, 40.209995705910792 ], [ -8.404769257833674, 40.210078082674379 ], [ -8.404561147148101, 40.210154144898198 ], [ -8.40434431394565, 40.210214201331674 ], [ -8.404134247012211, 40.210255066716805 ], [ -8.404117508680454, 40.210259702685057 ], [ -8.403894041021298, 40.210303174471747 ], [ -8.40368857955877, 40.210327032117895 ], [ -8.40370950971459, 40.210344628864625 ], [ -8.403847411971572, 40.210486280186849 ], [ -8.403966541156478, 40.210637612334416 ], [ -8.404065749908995, 40.210797167955135 ], [ -8.404144082684653, 40.210963410493164 ], [ -8.404200784961466, 40.211134738984967 ], [ -8.404235310511559, 40.211309503475697 ], [ -8.404247326667553, 40.211486020908012 ], [ -8.404236717532774, 40.211662591330075 ], [ -8.404203585104097, 40.211837514266634 ], [ -8.404148248296403, 40.212009105095817 ], [ -8.404090509822673, 40.212134021213373 ], [ -8.404116085641682, 40.21216650974231 ], [ -8.40412170430603, 40.212175545912928 ], [ -8.404326619680687, 40.212167346887185 ], [ -8.404556930835051, 40.212175480156937 ], [ -8.404785093283067, 40.212200880738102 ] ], [ [ -8.39863474214013, 40.205130957265993 ], [ -8.398499359526538, 40.205225606090785 ], [ -8.398314605735106, 40.205331324540957 ], [ -8.398117226374261, 40.205422648698374 ], [ -8.397909122396303, 40.205498699002383 ], [ -8.397692298066261, 40.20555874299496 ], [ -8.39746884165549, 40.205602202376738 ], [ -8.397240905325326, 40.205628658577908 ], [ -8.397010684394656, 40.205637856790567 ], [ -8.396780396191385, 40.20562970842343 ], [ -8.396552258691631, 40.205604291955311 ], [ -8.396328469152692, 40.205561852179052 ], [ -8.396111182945779, 40.205502797843408 ], [ -8.395902492792635, 40.205427697715365 ], [ -8.395704408606223, 40.205337275100987 ], [ -8.39551883812983, 40.205232400877676 ], [ -8.395347568561217, 40.205114085104888 ], [ -8.395192249338917, 40.204983467294262 ], [ -8.395054376256496, 40.204841805432984 ], [ -8.394935277057845, 40.2046904638661 ], [ -8.39483609865218, 40.204530900154758 ], [ -8.394795044252922, 40.204443735094685 ], [ -8.394651966216525, 40.204543756260598 ], [ -8.39446720826051, 40.204649468595861 ], [ -8.394269825673895, 40.204740786214039 ], [ -8.394109971300624, 40.204799198114799 ], [ -8.394139620249366, 40.204949407728265 ], [ -8.394151609009464, 40.20512592648992 ], [ -8.394140974574604, 40.205302496261382 ], [ -8.394107819185384, 40.205477416573672 ], [ -8.394052461977875, 40.205649002830164 ], [ -8.393975435916632, 40.205815602530862 ], [ -8.393877482667953, 40.20597561118818 ], [ -8.393759545462469, 40.206127487780456 ], [ -8.393622760015655, 40.20626976959489 ], [ -8.393468443593505, 40.20640108631649 ], [ -8.393298082328574, 40.206520173227354 ], [ -8.393113316908424, 40.206625883389151 ], [ -8.392915926774329, 40.206717198691358 ], [ -8.392707812982369, 40.206793239658602 ], [ -8.392490979892122, 40.206853273922789 ], [ -8.392267515859347, 40.206896723278255 ], [ -8.392264931840868, 40.20689702307935 ], [ -8.392324949926843, 40.206993587370576 ], [ -8.392403249632107, 40.207159838067838 ], [ -8.39245991915641, 40.20733117252729 ], [ -8.392494412587293, 40.207505940736581 ], [ -8.392506397566713, 40.207682459602538 ], [ -8.392495758498262, 40.207859029159437 ], [ -8.392462597667144, 40.208033948940333 ], [ -8.392407234261817, 40.208205534353731 ], [ -8.392330201306516, 40.208372132907755 ], [ -8.392232240533916, 40.208532140125833 ], [ -8.392114295247103, 40.208684015000173 ], [ -8.39197750123938, 40.208826294834509 ], [ -8.391825040011613, 40.208956023141532 ], [ -8.391859274368906, 40.208984813530385 ], [ -8.391997149260778, 40.209126479090081 ], [ -8.392116249758194, 40.209277823559795 ], [ -8.392215428777051, 40.209437389468626 ], [ -8.39229373105918, 40.209603640161617 ], [ -8.392350402376222, 40.209774974596669 ], [ -8.392384896798429, 40.209949742761644 ], [ -8.39239688195819, 40.210126261563808 ], [ -8.392386242257347, 40.210302831038035 ], [ -8.392353079987162, 40.210477750718184 ], [ -8.392297714349938, 40.210649336013731 ], [ -8.39226265390346, 40.210725158050394 ], [ -8.392401415352872, 40.210751476148573 ], [ -8.392618715162847, 40.210810537351385 ], [ -8.392827418264705, 40.210885643288847 ], [ -8.393025514846199, 40.210976070700553 ], [ -8.393211097213255, 40.211080948779255 ], [ -8.393382378158867, 40.211199267555124 ], [ -8.393537708172845, 40.211329887619726 ], [ -8.39367559132679, 40.211471551096707 ], [ -8.393794699681278, 40.21162289375328 ], [ -8.393893886076542, 40.211782458135978 ], [ -8.393972195183364, 40.211948707604591 ], [ -8.394028872707658, 40.212120041128799 ], [ -8.394063372659881, 40.212294808705245 ], [ -8.394075362619148, 40.212471327246867 ], [ -8.394070338718407, 40.212554732275237 ], [ -8.39408131248601, 40.21256093359321 ], [ -8.394086173122799, 40.212559988514897 ], [ -8.394314133918508, 40.212533538479846 ], [ -8.394544378569709, 40.212524345565875 ], [ -8.394774689869083, 40.21253249829833 ], [ -8.395002849967803, 40.212557918167491 ], [ -8.395139448747711, 40.212583821935937 ], [ -8.395319575684166, 40.212590197309716 ], [ -8.395360383216326, 40.212594743609991 ], [ -8.395407804921549, 40.212589240830248 ], [ -8.395638049601658, 40.212580045740843 ], [ -8.395868361208882, 40.212588196296153 ], [ -8.396085295216855, 40.21261236333681 ], [ -8.39592290038766, 40.212500192244541 ], [ -8.395767563127865, 40.212369575430152 ], [ -8.395629673801592, 40.212227914486732 ], [ -8.395510560309155, 40.212076573750515 ], [ -8.395492906551492, 40.212048175095141 ], [ -8.395456867197119, 40.212017870624166 ], [ -8.395318979232506, 40.211876209297678 ], [ -8.39519986704941, 40.21172486822838 ], [ -8.395100677682063, 40.211565304972602 ], [ -8.395022366268282, 40.211399056263737 ], [ -8.394965686855206, 40.211227723210648 ], [ -8.394931185142575, 40.211052955876475 ], [ -8.39491919323326, 40.210876437386418 ], [ -8.394929826441373, 40.210699867717473 ], [ -8.394962982188437, 40.210524947326526 ], [ -8.395018340997987, 40.210353360774143 ], [ -8.395095369578785, 40.21018676050214 ], [ -8.395193325966677, 40.210026750920726 ], [ -8.395311266675382, 40.209874872958885 ], [ -8.395448055787099, 40.209732589226185 ], [ -8.395602375895269, 40.209601269929408 ], [ -8.395772740793927, 40.2094821796791 ], [ -8.395957509791417, 40.209376465313191 ], [ -8.396154903510554, 40.209285144854924 ], [ -8.396363021023097, 40.20920909771111 ], [ -8.396579858153618, 40.209149056205355 ], [ -8.396803326776574, 40.209105598527231 ], [ -8.397031274920931, 40.209079143165752 ], [ -8.39717582766891, 40.209073368026871 ], [ -8.397154179203701, 40.209038543406308 ], [ -8.397075865721773, 40.208872296020715 ], [ -8.397019183282755, 40.208700963907965 ], [ -8.396984677615549, 40.208526197122197 ], [ -8.39697268086114, 40.208349678783257 ], [ -8.396983308380326, 40.20817310886676 ], [ -8.397016457649435, 40.207998187831954 ], [ -8.397071809254411, 40.20782660024561 ], [ -8.397148829973405, 40.207659998559535 ], [ -8.397246777917992, 40.207499987197551 ], [ -8.397364709683204, 40.207348107105787 ], [ -8.397501489437374, 40.207205820914346 ], [ -8.397655799864047, 40.2070744988537 ], [ -8.397826154850492, 40.206955405561011 ], [ -8.398010913800496, 40.206849687903514 ], [ -8.398208297433612, 40.20675836393616 ], [ -8.398416404918716, 40.206682313099563 ], [ -8.39843929193707, 40.206675975087812 ], [ -8.398515106966329, 40.206632593579769 ], [ -8.39871248929, 40.206541268753455 ], [ -8.398740198277546, 40.20653114262705 ], [ -8.398733566496105, 40.206511097877083 ], [ -8.398699057569903, 40.206336331546687 ], [ -8.398687056786532, 40.206159813331602 ], [ -8.398697679545608, 40.205983243206205 ], [ -8.398730823369325, 40.205808321631764 ], [ -8.398786168896081, 40.205636733180299 ], [ -8.398863182962575, 40.205470130311902 ], [ -8.398895456491255, 40.205417402835522 ], [ -8.398869200689811, 40.20539532458578 ], [ -8.398731319138271, 40.205253667141299 ], [ -8.39863474214013, 40.205130957265993 ] ], [ [ -8.402315760865779, 40.202156427573492 ], [ -8.402196650293506, 40.202005093444363 ], [ -8.402097458845901, 40.201845535922715 ], [ -8.402019141680904, 40.201679291686723 ], [ -8.401978344375081, 40.201555990522685 ], [ -8.401806916738375, 40.20147774391787 ], [ -8.401621347468543, 40.201372879403543 ], [ -8.401587119435289, 40.201349236082052 ], [ -8.401575918421729, 40.201408368415095 ], [ -8.401520583315451, 40.20157995829188 ], [ -8.401443580113316, 40.20174656300491 ], [ -8.401355179224593, 40.201891007959382 ], [ -8.401360001256597, 40.201891922250326 ], [ -8.401577280418078, 40.201950966793298 ], [ -8.401785966094717, 40.202026056750434 ], [ -8.401984048642081, 40.202116469015166 ], [ -8.402169620501267, 40.202221332926136 ], [ -8.4023408945665, 40.202339638649875 ], [ -8.402405967768356, 40.202394356247069 ], [ -8.402435326743968, 40.202369366525218 ], [ -8.402491614725008, 40.20233000930606 ], [ -8.402453643543916, 40.202298080820626 ], [ -8.402315760865779, 40.202156427573492 ] ], [ [ -8.407536462468796, 40.204046707486164 ], [ -8.407583393044048, 40.204073223077444 ], [ -8.407616956717968, 40.204018372663 ], [ -8.407678332222678, 40.203939304382345 ], [ -8.407677783787705, 40.203939618278348 ], [ -8.407491111092243, 40.204026011022911 ], [ -8.407536462468796, 40.204046707486164 ] ], [ [ -8.400220875017139, 40.195382785759001 ], [ -8.400232877723408, 40.195559304137639 ], [ -8.400222260425391, 40.19573587470434 ], [ -8.400189125198727, 40.195910796982453 ], [ -8.400133790985377, 40.196082386356487 ], [ -8.400056790528511, 40.196248990296439 ], [ -8.39995886524788, 40.19640900427391 ], [ -8.399840958104791, 40.196560887216066 ], [ -8.399704204525204, 40.196703176348962 ], [ -8.399549921468202, 40.19683450128715 ], [ -8.39937959474498, 40.19695359723363 ], [ -8.399194864710402, 40.197059317163095 ], [ -8.39899751046489, 40.197150642870938 ], [ -8.398789432718827, 40.197226694781598 ], [ -8.398680949840809, 40.197256741003052 ], [ -8.398778988468152, 40.197283386994926 ], [ -8.398987656747403, 40.197358482113472 ], [ -8.39918572198728, 40.197448899295452 ], [ -8.399371276795524, 40.197553767832133 ], [ -8.399542534230539, 40.197672077845496 ], [ -8.399697845008587, 40.1978026900115 ], [ -8.399835713386571, 40.19794434652983 ], [ -8.39995481156744, 40.198095683234641 ], [ -8.400053992489498, 40.198255242729822 ], [ -8.400132300876345, 40.198421488422206 ], [ -8.400188982440943, 40.198592819317817 ], [ -8.400223491154964, 40.198767585438638 ], [ -8.400235494513272, 40.198944103711639 ], [ -8.400231207503401, 40.199015395555406 ], [ -8.400326452523617, 40.199049669858283 ], [ -8.400428583217838, 40.199096290016293 ], [ -8.400434915709633, 40.198990977322936 ], [ -8.400468051759967, 40.19881605506491 ], [ -8.40048496510285, 40.198763608746169 ], [ -8.400480738152787, 40.198750832222139 ], [ -8.400446228787445, 40.198576066179591 ], [ -8.400434224952948, 40.198399547918768 ], [ -8.40044484207837, 40.198222977414474 ], [ -8.40047797774022, 40.198048055131657 ], [ -8.400533312655563, 40.197876465649131 ], [ -8.400610313763352, 40.197709861436948 ], [ -8.400708239364079, 40.197549846943339 ], [ -8.400826146267995, 40.197397963144574 ], [ -8.400887301201609, 40.197334331823896 ], [ -8.400760449309107, 40.197227654986918 ], [ -8.40062258047262, 40.19708599955387 ], [ -8.400503482589885, 40.196934663508692 ], [ -8.400404302557508, 40.196775104359311 ], [ -8.400325995423517, 40.196608858799564 ], [ -8.400269315193956, 40.196437527907968 ], [ -8.400234807576554, 40.196262761726842 ], [ -8.40022280473119, 40.196086243370317 ], [ -8.400233422077424, 40.195909672814103 ], [ -8.400266557189667, 40.195734750523641 ], [ -8.400321890790291, 40.195563161077835 ], [ -8.400398889830932, 40.195396556946399 ], [ -8.400472994549409, 40.195275463471162 ], [ -8.400476799539188, 40.195263664032879 ], [ -8.400549939709915, 40.195105407852289 ], [ -8.400373207397363, 40.195024729206622 ], [ -8.400228692562722, 40.194943053792748 ], [ -8.400173525866235, 40.195033200754338 ], [ -8.400141979224545, 40.195073838914666 ], [ -8.400186368073594, 40.195208019529396 ], [ -8.400220875017139, 40.195382785759001 ] ], [ [ -8.40015002263879, 40.192153910457435 ], [ -8.400058018401284, 40.192076531708217 ], [ -8.399973714200607, 40.192148296563161 ], [ -8.399943772409822, 40.192169234173896 ], [ -8.399958132444569, 40.192187482880207 ], [ -8.400002011870438, 40.192258081236602 ], [ -8.400006420456208, 40.19225432838963 ], [ -8.40015002263879, 40.192153910457435 ] ], [ [ -8.401203302062232, 40.209669546528922 ], [ -8.401317505923348, 40.209748424613444 ], [ -8.401432702426447, 40.209726017724925 ], [ -8.401638162888517, 40.209702164083723 ], [ -8.401617233464849, 40.209684566958117 ], [ -8.401479337470068, 40.209542912938943 ], [ -8.401409826602855, 40.209454604968897 ], [ -8.40132191171806, 40.209516068098786 ], [ -8.401137150724269, 40.209621790998938 ], [ -8.401127052887496, 40.209626463155352 ], [ -8.401203302062232, 40.209669546528922 ] ], [ [ -8.427918469085256, 40.23555180885073 ], [ -8.427973764652952, 40.235380207500917 ], [ -8.428050740358017, 40.235213586203642 ], [ -8.428148654745215, 40.235053549571667 ], [ -8.428266306004724, 40.234901972130373 ], [ -8.4281528562896, 40.234943449979838 ], [ -8.427935965269716, 40.23500355055635 ], [ -8.427712431889752, 40.235047068375238 ], [ -8.427484409052422, 40.235073584303819 ], [ -8.427254092909918, 40.235082842958825 ], [ -8.427023701707315, 40.235074755166778 ], [ -8.426874731627393, 40.235058205904174 ], [ -8.426957621709972, 40.235095997007974 ], [ -8.427143322129165, 40.235200819829785 ], [ -8.42731472281389, 40.235319087479006 ], [ -8.427470173101058, 40.235449661039638 ], [ -8.427608175904178, 40.235591283083238 ], [ -8.427727402131698, 40.235742589776116 ], [ -8.427826703488774, 40.235902124011318 ], [ -8.427843101801606, 40.235936883262788 ], [ -8.427877039891429, 40.235935518831099 ], [ -8.427874835183141, 40.235903309312917 ], [ -8.427885386337413, 40.235726737668671 ], [ -8.427918469085256, 40.23555180885073 ] ] ], [ [ [ -8.52896779475272, 40.22501879060782 ], [ -8.52916505337905, 40.224927244179668 ], [ -8.529373068059297, 40.224850958554683 ], [ -8.529589835607755, 40.224790668352803 ], [ -8.529813268568519, 40.224746954158306 ], [ -8.530041215313693, 40.224720236930153 ], [ -8.530271480758826, 40.224710773949177 ], [ -8.530501847496348, 40.224718656341089 ], [ -8.530730097143715, 40.224743808199257 ], [ -8.53095403170092, 40.224785987315428 ], [ -8.531171494711936, 40.224844787511771 ], [ -8.531380392026573, 40.224919642551335 ], [ -8.531578711963007, 40.225009831589659 ], [ -8.531764544677014, 40.225114486115011 ], [ -8.53193610055153, 40.22523259831032 ], [ -8.5320917274296, 40.225363030756668 ], [ -8.532229926524773, 40.225504527384629 ], [ -8.532349366855801, 40.225655725568387 ], [ -8.532448898066574, 40.225815169246161 ], [ -8.532527561507765, 40.225981322940505 ], [ -8.532584599473353, 40.226152586543847 ], [ -8.532619462502893, 40.22632731072671 ], [ -8.532631814679032, 40.226503812820376 ], [ -8.532621536868996, 40.226680393021198 ], [ -8.532588727878624, 40.226855350760204 ], [ -8.532533703507532, 40.227027001080806 ], [ -8.532456993514286, 40.2271936908665 ], [ -8.532359336520544, 40.227353814762452 ], [ -8.532241672903002, 40.22750583063749 ], [ -8.532105135741427, 40.227648274437641 ], [ -8.531951039909746, 40.227779774287981 ], [ -8.531780869415154, 40.227899063707007 ], [ -8.531596263107085, 40.228004993806024 ], [ -8.531398998893627, 40.228096544356205 ], [ -8.53119097661744, 40.228172833616327 ], [ -8.530974199756141, 40.228233126826744 ], [ -8.530750756123521, 40.228276843287595 ], [ -8.530522797757591, 40.228303561952792 ], [ -8.530292520189379, 40.22831302548628 ], [ -8.530062141292339, 40.228305142741128 ], [ -8.529833879916296, 40.228279989637542 ], [ -8.529609934511988, 40.228237808431608 ], [ -8.529392461952289, 40.228179005381499 ], [ -8.529183556754338, 40.228104146833822 ], [ -8.528985230902908, 40.228013953767856 ], [ -8.528799394469539, 40.227909294850114 ], [ -8.528627837214225, 40.227791178066454 ], [ -8.528472211346983, 40.227660741012144 ], [ -8.528334015615419, 40.22751923993367 ], [ -8.52821458087152, 40.227368037627876 ], [ -8.528115057256686, 40.227208590314959 ], [ -8.528036403128336, 40.22704243361207 ], [ -8.527979375834603, 40.226871167742374 ], [ -8.52794452442582, 40.226696442122474 ], [ -8.52793218437276, 40.226519939476283 ], [ -8.527942474342314, 40.226343359628721 ], [ -8.52797529506136, 40.226168403135134 ], [ -8.528030330279556, 40.22599675490428 ], [ -8.528107049821484, 40.225830067972353 ], [ -8.528204714698541, 40.225669947584521 ], [ -8.528322384231076, 40.225517935737123 ], [ -8.528458925112016, 40.22537549632937 ], [ -8.528613022324496, 40.225244001067374 ], [ -8.528783191808259, 40.225124716256332 ], [ -8.52896779475272, 40.22501879060782 ] ] ], [ [ [ -8.534687268132062, 40.225099656189713 ], [ -8.534884519211982, 40.225008100051618 ], [ -8.535092527637813, 40.224931804178709 ], [ -8.535309290284049, 40.224871503289577 ], [ -8.535532719741976, 40.224827778071429 ], [ -8.53576066441741, 40.224801049589367 ], [ -8.535990929245823, 40.224791575232608 ], [ -8.536221296825582, 40.224799446236354 ], [ -8.536449548766038, 40.224824586803649 ], [ -8.536673487045107, 40.224866754834977 ], [ -8.536890955170936, 40.224925544259214 ], [ -8.537099858944107, 40.225000388943137 ], [ -8.537298186620623, 40.225090568142022 ], [ -8.537484028281751, 40.225195213438852 ], [ -8.537655594224306, 40.22531331710546 ], [ -8.5378112321944, 40.225443741805051 ], [ -8.537949443298805, 40.22558523154278 ], [ -8.538068896440656, 40.225736423759244 ], [ -8.538168441140495, 40.225895862450109 ], [ -8.538247118619124, 40.226062012185977 ], [ -8.538304171035353, 40.226233272897403 ], [ -8.53833904878959, 40.22640799528277 ], [ -8.538351415822685, 40.226584496690741 ], [ -8.538341152858791, 40.22676107732422 ], [ -8.538308358560759, 40.226936036610155 ], [ -8.538253348586705, 40.227107689577061 ], [ -8.538176652556524, 40.227274383082936 ], [ -8.538079008957373, 40.227434511737165 ], [ -8.537961358036926, 40.227586533362768 ], [ -8.537824832752634, 40.227728983850362 ], [ -8.537670747864, 40.227860491260685 ], [ -8.537500587272801, 40.227979789039388 ], [ -8.537315989733047, 40.228085728217287 ], [ -8.53711873306835, 40.228177288478079 ], [ -8.53691071704864, 40.228253587987055 ], [ -8.536693945091251, 40.22831389188584 ], [ -8.536470504962717, 40.228357619371593 ], [ -8.536242548667289, 40.228384349292064 ], [ -8.536012271716043, 40.22839382420279 ], [ -8.535781891976487, 40.228385952847233 ], [ -8.535553628306568, 40.228360811035891 ], [ -8.535329679179121, 40.228318640916086 ], [ -8.535112201502896, 40.228259848639212 ], [ -8.534903289844332, 40.228185000448093 ], [ -8.534704956250453, 40.228094817222249 ], [ -8.534519110867393, 40.227990167533449 ], [ -8.534347543541376, 40.227872059278624 ], [ -8.534191906579446, 40.227741629970922 ], [ -8.534053698836091, 40.227600135782261 ], [ -8.533934251279018, 40.227448939443086 ], [ -8.533834714173057, 40.227289497116175 ], [ -8.533756046005584, 40.227123344370661 ], [ -8.533699004259962, 40.226952081391623 ], [ -8.533664138125717, 40.226777357567819 ], [ -8.533651783215452, 40.226600855605902 ], [ -8.533662058339145, 40.226424275324227 ], [ -8.533694864366641, 40.226249317282353 ], [ -8.533749885189074, 40.226077666403917 ], [ -8.53382659076965, 40.225910975750686 ], [ -8.533924242254194, 40.225750850603653 ], [ -8.534041899092003, 40.225598833005023 ], [ -8.534178428098226, 40.225456386909386 ], [ -8.534332514370323, 40.225324884087264 ], [ -8.53450267395336, 40.225205590916687 ], [ -8.534687268132062, 40.225099656189713 ] ] ], [ [ [ -8.518686767122194, 40.227707873747889 ], [ -8.518884047500983, 40.227616344782454 ], [ -8.519092082064281, 40.227540077577267 ], [ -8.519308867434962, 40.227479806574856 ], [ -8.519532315985554, 40.227436112174637 ], [ -8.519760275938069, 40.227409415144976 ], [ -8.519990552080907, 40.227399972572201 ], [ -8.520220926903509, 40.227407875385545 ], [ -8.520449181945482, 40.227433047481711 ], [ -8.520673119154868, 40.227475246457622 ], [ -8.520890582050088, 40.227534065944184 ], [ -8.521099476482044, 40.227608939518717 ], [ -8.521297790796636, 40.227699146158301 ], [ -8.521483615203726, 40.227803817181687 ], [ -8.521655160166201, 40.227921944612987 ], [ -8.521810773632119, 40.228052390886496 ], [ -8.521948956944133, 40.22819389979967 ], [ -8.522068379272918, 40.228345108608387 ], [ -8.522167890435663, 40.228504561148497 ], [ -8.522246531976046, 40.228670721857206 ], [ -8.5223035463989, 40.228841990559353 ], [ -8.522338384470455, 40.229016717876334 ], [ -8.522350710513676, 40.229193221109227 ], [ -8.522340405647428, 40.229369800443337 ], [ -8.522307568938102, 40.229544755318045 ], [ -8.522252516452257, 40.2297164008043 ], [ -8.522175778219232, 40.229883083832107 ], [ -8.522078093132672, 40.230043199111684 ], [ -8.521960401839863, 40.230195204594807 ], [ -8.521823837687146, 40.230337636327562 ], [ -8.521669715808448, 40.230469122551249 ], [ -8.521499520461878, 40.230588396915557 ], [ -8.52131489073628, 40.230694310676782 ], [ -8.521117604765335, 40.230785843763442 ], [ -8.520909562601314, 40.230862114602502 ], [ -8.520692767913436, 40.230922388611759 ], [ -8.520469308687231, 40.230966085276258 ], [ -8.520241337110939, 40.230992783740625 ], [ -8.520011048842857, 40.231002226863374 ], [ -8.519780661859514, 40.230994323694162 ], [ -8.519552395088629, 40.230969150349956 ], [ -8.519328447032898, 40.230926949281802 ], [ -8.519110974590717, 40.230868126939178 ], [ -8.518902072278072, 40.230793249854514 ], [ -8.518703752051911, 40.230703039185656 ], [ -8.518517923929545, 40.230598363768678 ], [ -8.518346377590875, 40.230480231748317 ], [ -8.518190765140718, 40.230349780866604 ], [ -8.518052585197394, 40.230208267503222 ], [ -8.517933168460765, 40.23005705457328 ], [ -8.517833664898742, 40.229897598399297 ], [ -8.517755032675554, 40.229731434683742 ], [ -8.517698028928315, 40.229560163717323 ], [ -8.517663202480536, 40.22938543496565 ], [ -8.51765088856256, 40.229208931182768 ], [ -8.517661205589548, 40.229032352204513 ], [ -8.517694054027785, 40.228857398577837 ], [ -8.517749117359976, 40.228685755183854 ], [ -8.517825865139962, 40.228519075012102 ], [ -8.517923558107212, 40.228358963242648 ], [ -8.518041255311593, 40.228206961788793 ], [ -8.518177823179581, 40.228064534449629 ], [ -8.518331946434476, 40.227933052815011 ], [ -8.518502140765282, 40.227813783058899 ], [ -8.518686767122194, 40.227707873747889 ] ] ], [ [ [ -8.509508298379316, 40.231647554723814 ], [ -8.509716355889678, 40.231571304319203 ], [ -8.509933162533487, 40.231511050822725 ], [ -8.510156630478463, 40.231467374465204 ], [ -8.510384607759903, 40.231440695841272 ], [ -8.510614898999375, 40.231431271860046 ], [ -8.510845286540969, 40.231439193271711 ], [ -8.511073551801834, 40.231464383793927 ], [ -8.511297496631615, 40.231506600846181 ], [ -8.511514964475344, 40.231565437885322 ], [ -8.511723861136259, 40.231640328319678 ], [ -8.511922174938764, 40.231730550963995 ], [ -8.512107996097617, 40.231835236982903 ], [ -8.512279535106936, 40.231953378256087 ], [ -8.512435139972057, 40.232083837084609 ], [ -8.51257331211839, 40.232225357144976 ], [ -8.512692720824074, 40.232376575585732 ], [ -8.512792216037425, 40.232536036149959 ], [ -8.512870839455651, 40.232702203197555 ], [ -8.512927833758042, 40.232873476492323 ], [ -8.512962649904539, 40.233048206611372 ], [ -8.5129749524292, 40.233224710828779 ], [ -8.512964622677353, 40.233401289320341 ], [ -8.512931759955011, 40.233576241533505 ], [ -8.512876680579243, 40.233747882564828 ], [ -8.512799914838347, 40.233914559387181 ], [ -8.512702201890898, 40.234074666770496 ], [ -8.512584482652521, 40.234226662742593 ], [ -8.512447890738729, 40.234369083441116 ], [ -8.512293741550851, 40.234500557213607 ], [ -8.512123519610059, 40.234619817829639 ], [ -8.511938864261374, 40.234725716677943 ], [ -8.511741553885317, 40.234817233830633 ], [ -8.511533488769267, 40.234893487868128 ], [ -8.511316672803556, 40.23495374437006 ], [ -8.511093194178692, 40.234997422990112 ], [ -8.510865205269802, 40.235024103046698 ], [ -8.510634901902158, 40.235033527575624 ], [ -8.510404502197746, 40.235025605805674 ], [ -8.510176225206827, 40.235000414032974 ], [ -8.509952269530539, 40.234958194886055 ], [ -8.509734792140668, 40.234899354988599 ], [ -8.509525887600837, 40.234824461042088 ], [ -8.50932756788942, 40.23473423436679 ], [ -8.509141743018736, 40.234629543952948 ], [ -8.508970202637309, 40.234511398089765 ], [ -8.508814598792537, 40.234380934652606 ], [ -8.508676430019792, 40.234239410142052 ], [ -8.508557026911294, 40.234088187580568 ], [ -8.508457539303629, 40.233928723383443 ], [ -8.50837892520731, 40.233762553330394 ], [ -8.508321941584807, 40.233591277773094 ], [ -8.508287137065757, 40.233416546221399 ], [ -8.50827484666927, 40.233240041456291 ], [ -8.508285188583937, 40.233063463322999 ], [ -8.508318063036331, 40.232888512360333 ], [ -8.508373153258608, 40.232716873423669 ], [ -8.508449928545641, 40.232550199459652 ], [ -8.508547649372009, 40.232390095588478 ], [ -8.508665374519296, 40.232238103647376 ], [ -8.508801970144921, 40.232095687343786 ], [ -8.508956120704905, 40.231964218161281 ], [ -8.509126341625352, 40.231844962153886 ], [ -8.509310993600447, 40.231739067755782 ], [ -8.509508298379316, 40.231647554723814 ] ] ], [ [ [ -8.488695230307977, 40.234767752891699 ], [ -8.488903320961821, 40.234691539799776 ], [ -8.489120156270614, 40.234631325200084 ], [ -8.489343648126127, 40.234587688948899 ], [ -8.489571644333477, 40.234561051254666 ], [ -8.489801949332033, 40.23455166863242 ], [ -8.490032345333422, 40.234559631434088 ], [ -8.490260613673334, 40.234584862978792 ], [ -8.490484556171747, 40.234627120291051 ], [ -8.490702016296108, 40.234685996440042 ], [ -8.49091089992393, 40.234760924457504 ], [ -8.491109195505041, 40.234851182796298 ], [ -8.491294993429573, 40.234955902277335 ], [ -8.491466504415277, 40.235074074458083 ], [ -8.491622076737235, 40.235204561341952 ], [ -8.491760212134123, 40.235346106335264 ], [ -8.49187958023786, 40.235497346346428 ], [ -8.491979031387636, 40.235656824910762 ], [ -8.492057607704892, 40.235823006214773 ], [ -8.492114552322416, 40.235994289884914 ], [ -8.49214931667855, 40.236169026398329 ], [ -8.492161565806049, 40.236345532967412 ], [ -8.492151181564445, 40.236522109745266 ], [ -8.492118263784503, 40.236697056195737 ], [ -8.492063129313538, 40.236868687470825 ], [ -8.491986308970487, 40.237035350637292 ], [ -8.491888542439836, 40.237195440596508 ], [ -8.491770771153341, 40.237347415544058 ], [ -8.491634129227871, 40.237489811819998 ], [ -8.491479932546522, 40.237621258007046 ], [ -8.491309666087991, 40.237740488140453 ], [ -8.491124969626174, 40.237846353902476 ], [ -8.490927621937674, 40.237937835683908 ], [ -8.490719523669345, 40.238014052405838 ], [ -8.49050267903092, 40.238074270007303 ], [ -8.490279176489155, 40.238117908516664 ], [ -8.4900511686496, 40.238144547638662 ], [ -8.489820851519909, 40.23815393080347 ], [ -8.489590443354647, 40.238145967638253 ], [ -8.48936216328557, 40.238120734837857 ], [ -8.48913820994345, 40.238078475426072 ], [ -8.488920740277553, 40.238019596414333 ], [ -8.488711848777051, 40.237944664880949 ], [ -8.488513547294648, 40.237854402508198 ], [ -8.488327745667, 40.237749678630173 ], [ -8.488156233318666, 40.23763150185836 ], [ -8.488000662026927, 40.237501010365797 ], [ -8.487862530013517, 40.237359460923265 ], [ -8.487743167516495, 40.237208216793363 ], [ -8.487643723981201, 40.237048734599014 ], [ -8.487565156993577, 40.236882550293224 ], [ -8.487508223062306, 40.236711264364914 ], [ -8.487473470338378, 40.23653652642372 ], [ -8.487461233342012, 40.23636001931208 ], [ -8.487471629747493, 40.236183442897797 ], [ -8.487504559256598, 40.23600849770299 ], [ -8.48755970457127, 40.235836868527443 ], [ -8.487636534455854, 40.235670208223731 ], [ -8.487734308859189, 40.235510121780415 ], [ -8.487852086046974, 40.235358150866837 ], [ -8.487988731675561, 40.235215758987898 ], [ -8.488142929719539, 40.235084317391909 ], [ -8.488313195147848, 40.234965091867188 ], [ -8.488497888226188, 40.234859230554378 ], [ -8.488695230307977, 40.234767752891699 ] ] ], [ [ [ -8.49263261846216, 40.244056481028622 ], [ -8.492829981540078, 40.243964996369343 ], [ -8.493038095585399, 40.243888775862068 ], [ -8.49325495645577, 40.243828553499661 ], [ -8.493478475796838, 40.243784909213126 ], [ -8.493706501149076, 40.243758263288314 ], [ -8.493936836671239, 40.243748872319422 ], [ -8.494167264281071, 40.243756826738824 ], [ -8.494395565009942, 40.243782049946297 ], [ -8.494619540365994, 40.243824299046672 ], [ -8.494837033500316, 40.243883167188201 ], [ -8.495045949972598, 40.243958087479754 ], [ -8.495244277916434, 40.244048338448586 ], [ -8.49543010741035, 40.244153050986597 ], [ -8.495601648868112, 40.244271216718154 ], [ -8.495757250271382, 40.244401697708774 ], [ -8.495895413078784, 40.244543237421567 ], [ -8.496014806658266, 40.244694472815823 ], [ -8.496114281103658, 40.244853947471348 ], [ -8.496192878312021, 40.245020125612349 ], [ -8.496249841214908, 40.2451914068957 ], [ -8.496284621074505, 40.245366141821592 ], [ -8.496296882774194, 40.245542647617739 ], [ -8.49628650805235, 40.245719224444692 ], [ -8.496253596647975, 40.245894171765848 ], [ -8.496198465346897, 40.246065804724822 ], [ -8.496121644937443, 40.246232470372142 ], [ -8.496023875104656, 40.246392563585324 ], [ -8.495906097312021, 40.246544542528575 ], [ -8.495769445739001, 40.246686943503477 ], [ -8.495615236361552, 40.246818395047463 ], [ -8.495444954280606, 40.246937631144206 ], [ -8.495260239420487, 40.247043503418475 ], [ -8.495062870734984, 40.247134992198333 ], [ -8.494854749073175, 40.247211216337433 ], [ -8.49463787887011, 40.24727144170339 ], [ -8.494414348838799, 40.247315088249714 ], [ -8.49418631184958, 40.247341735603776 ], [ -8.493955964190908, 40.247351127116403 ], [ -8.493725524411433, 40.247343172334354 ], [ -8.49349721194746, 40.247317947871764 ], [ -8.493273225741822, 40.24727569667207 ], [ -8.493055723060371, 40.247216825667664 ], [ -8.492846798710309, 40.247141901859713 ], [ -8.492648464860777, 40.2470516468561 ], [ -8.492462631660208, 40.246946929919964 ], [ -8.492291088837275, 40.246828759595942 ], [ -8.492135488462784, 40.246698273995037 ], [ -8.49199732903857, 40.246556729831283 ], [ -8.491877941066678, 40.246405490316455 ], [ -8.491778474237774, 40.24624601202909 ], [ -8.491699886362101, 40.246079830884561 ], [ -8.491642934149461, 40.245908547341408 ], [ -8.491608165926841, 40.245733810986273 ], [ -8.491595916363664, 40.245557304646368 ], [ -8.491606303255152, 40.245380728182084 ], [ -8.491639226394627, 40.245205782116024 ], [ -8.491694368545291, 40.245034151256391 ], [ -8.491771198501876, 40.244867488471932 ], [ -8.491868976212443, 40.244707398775155 ], [ -8.491986759910771, 40.244555423866707 ], [ -8.492123415190447, 40.244413027289923 ], [ -8.492277625933063, 40.244281580338388 ], [ -8.492447906985232, 40.244162348851937 ], [ -8.49263261846216, 40.244056481028622 ] ] ], [ [ [ -8.49650477421514, 40.252233528170613 ], [ -8.496702155700095, 40.25214203695576 ], [ -8.496910290327039, 40.252065809502014 ], [ -8.497127173755427, 40.252005579869113 ], [ -8.497350717413696, 40.251961928058066 ], [ -8.497578768608186, 40.25193527442714 ], [ -8.497809131248836, 40.251925875644766 ], [ -8.498039586992293, 40.251933822218518 ], [ -8.498267916599062, 40.251959037623742 ], [ -8.498491921299243, 40.252001279040378 ], [ -8.498709443961408, 40.252060139690705 ], [ -8.498819519964345, 40.252099605145482 ], [ -8.498947139072111, 40.252134137904186 ], [ -8.499156085458702, 40.252209050536884 ], [ -8.499354442975322, 40.252299294202494 ], [ -8.499540301415756, 40.252403999863269 ], [ -8.499711870915045, 40.252522159209782 ], [ -8.49986749918483, 40.25265263436912 ], [ -8.500005687425023, 40.252794168860518 ], [ -8.500125104758638, 40.252945399693594 ], [ -8.500224601050737, 40.253104870492095 ], [ -8.500303217987964, 40.253271045517401 ], [ -8.500360198311828, 40.253442324456451 ], [ -8.500394993116695, 40.253617057831988 ], [ -8.500407267141954, 40.253793562886692 ], [ -8.500396902007207, 40.253970139788258 ], [ -8.500363997359054, 40.254145087999419 ], [ -8.500308869918182, 40.25431672265519 ], [ -8.500232050435661, 40.254483390789794 ], [ -8.500134278587534, 40.254643487256743 ], [ -8.500016495856626, 40.254795470188952 ], [ -8.499879836469901, 40.254937875849549 ], [ -8.499725616478518, 40.255069332730841 ], [ -8.499555321085587, 40.255188574765064 ], [ -8.499370590343618, 40.255294453519802 ], [ -8.499173203359339, 40.255385949260692 ], [ -8.498965061158067, 40.255462180774309 ], [ -8.498748168372684, 40.255522413857207 ], [ -8.498524613933711, 40.25556606838861 ], [ -8.498296550946604, 40.255592723918895 ], [ -8.498066175950246, 40.255602123720166 ], [ -8.497835707756636, 40.255594177259368 ], [ -8.497607366075798, 40.255568961070431 ], [ -8.497383350132017, 40.255526718017116 ], [ -8.497165817477613, 40.255467854953373 ], [ -8.497055736951138, 40.255428387968436 ], [ -8.496928112588069, 40.255393853166659 ], [ -8.496719158806144, 40.255318936584843 ], [ -8.496520795909277, 40.255228688472819 ], [ -8.496334934325697, 40.255123978027328 ], [ -8.496163364057471, 40.255005813730541 ], [ -8.496007737439749, 40.254875333635418 ], [ -8.495869553227124, 40.254733794402995 ], [ -8.495750142160372, 40.254582559197559 ], [ -8.495650654152564, 40.254423084556187 ], [ -8.495572047217886, 40.254256906359181 ], [ -8.495515078249644, 40.254085625036659 ], [ -8.495480295736149, 40.253910890153968 ], [ -8.495468034484382, 40.25373438452413 ], [ -8.49547841240207, 40.253557808000679 ], [ -8.495511329368886, 40.253382861106864 ], [ -8.495566468207397, 40.25321122865882 ], [ -8.495643297744158, 40.25304456354062 ], [ -8.4957410779312, 40.252884470787222 ], [ -8.495858866978388, 40.252732492128722 ], [ -8.495995530427734, 40.252590091144576 ], [ -8.496149752082115, 40.252458639170762 ], [ -8.496320046683014, 40.252339402095508 ], [ -8.49650477421514, 40.252233528170613 ] ] ], [ [ [ -8.488971429542229, 40.273229049093963 ], [ -8.489168882091858, 40.273137570753555 ], [ -8.489377089454768, 40.273061356811475 ], [ -8.489594046590083, 40.273001141197312 ], [ -8.489817664216581, 40.272957503777064 ], [ -8.490045788928427, 40.272930864770395 ], [ -8.490276223927744, 40.27292148070493 ], [ -8.490506750174513, 40.272929441946495 ], [ -8.49073514775043, 40.272954671829247 ], [ -8.490959217231184, 40.272996927393727 ], [ -8.491176800861616, 40.273055801726017 ], [ -8.491385803330067, 40.273130727875348 ], [ -8.491584211942092, 40.27322098431268 ], [ -8.491770115999437, 40.273325701877305 ], [ -8.491941725197835, 40.273443872145236 ], [ -8.492097386866574, 40.273574357138401 ], [ -8.492235601883843, 40.273715900281395 ], [ -8.492355039114679, 40.273867138500577 ], [ -8.492454548232393, 40.274026615348575 ], [ -8.49253317079995, 40.274192795028505 ], [ -8.492590149504464, 40.274364077182518 ], [ -8.492624935455709, 40.274538812302374 ], [ -8.492637193478147, 40.274715317613989 ], [ -8.49262680534531, 40.274891893282508 ], [ -8.4925938709251, 40.275066838782507 ], [ -8.492538707224764, 40.275238469275102 ], [ -8.492461845344428, 40.275405131834539 ], [ -8.492364025368346, 40.275565221367998 ], [ -8.492246189242753, 40.275717196075057 ], [ -8.492109471708797, 40.275859592298062 ], [ -8.491955189377618, 40.27599103862012 ], [ -8.491784828052729, 40.276110269075104 ], [ -8.491600028421662, 40.276216135342089 ], [ -8.491402570254689, 40.276307617806886 ], [ -8.491194355262788, 40.27638383538396 ], [ -8.490977388780012, 40.27644405400401 ], [ -8.490753760446802, 40.276487693685553 ], [ -8.490525624080442, 40.276514334122012 ], [ -8.49029517692669, 40.276523718730807 ], [ -8.490064638492647, 40.276515757125232 ], [ -8.489836229164972, 40.276490525985125 ], [ -8.489612148819587, 40.276448268318283 ], [ -8.489394555629175, 40.276389391119409 ], [ -8.489191709870058, 40.276316671449301 ], [ -8.489143822706202, 40.27646563520333 ], [ -8.489066951106867, 40.27663229551419 ], [ -8.488969121356165, 40.276792382185747 ], [ -8.488851275494483, 40.276944353445167 ], [ -8.488714548356743, 40.277086745667951 ], [ -8.488560256646597, 40.277218187475768 ], [ -8.488389886257897, 40.277337412945926 ], [ -8.488205077965496, 40.277443273805503 ], [ -8.488007611623104, 40.277534750492414 ], [ -8.487799389020456, 40.277610961976748 ], [ -8.487582415564921, 40.277671174247907 ], [ -8.48735878096412, 40.277714807385536 ], [ -8.487130639095719, 40.277741441146084 ], [ -8.486900187258474, 40.277750819011317 ], [ -8.486669645004612, 40.27774285065945 ], [ -8.486441232757583, 40.27771761283531 ], [ -8.48621715042143, 40.277675348611076 ], [ -8.485999556188005, 40.277616465044623 ], [ -8.485790545746392, 40.277541529258173 ], [ -8.485592132094972, 40.277451262975013 ], [ -8.485406226150802, 40.277346535567013 ], [ -8.485234618343151, 40.277228355679753 ], [ -8.485078961368643, 40.277097861516346 ], [ -8.484940754274135, 40.276956309873427 ], [ -8.484894897011197, 40.276898234629414 ], [ -8.484837656072591, 40.276839608148478 ], [ -8.484718230255249, 40.276688362198556 ], [ -8.484688414939738, 40.276640570403607 ], [ -8.484742574799629, 40.276803433096099 ], [ -8.484777341863445, 40.27697817058219 ], [ -8.484787835115098, 40.277129511288805 ], [ -8.4848244891517, 40.277239731430903 ], [ -8.484859256657808, 40.277414468877353 ], [ -8.484871495067633, 40.277590975007683 ], [ -8.484861086343553, 40.277767549979174 ], [ -8.484828130551758, 40.277942493273073 ], [ -8.484802376658873, 40.278022587728358 ], [ -8.484891635037414, 40.278054589987541 ], [ -8.485090049535408, 40.278144857458898 ], [ -8.485246428883743, 40.2782329511288 ], [ -8.485282047251374, 40.278249155340525 ], [ -8.485467955487655, 40.278353882921976 ], [ -8.485639566558856, 40.27847206242631 ], [ -8.485795227776185, 40.27860255578652 ], [ -8.485933440022135, 40.278744106346629 ], [ -8.486052872188379, 40.278895350961562 ], [ -8.486152373996946, 40.279054833122366 ], [ -8.48620353928197, 40.27916299390035 ], [ -8.486300900292006, 40.279189340190548 ], [ -8.486509916377731, 40.279264275009687 ], [ -8.486708336555585, 40.27935453966289 ], [ -8.48682942270178, 40.279422747687285 ], [ -8.486834511313752, 40.279424571988507 ], [ -8.487032932389388, 40.279514836078754 ], [ -8.487218846787638, 40.279619560797769 ], [ -8.487390464104635, 40.279737737652702 ], [ -8.487546131591452, 40.279868228602048 ], [ -8.487684350070216, 40.280009777013063 ], [ -8.487803788372581, 40.280161019761387 ], [ -8.487903296161486, 40.280320500356012 ], [ -8.487981915012632, 40.280486682964003 ], [ -8.488038887648868, 40.280657967199289 ], [ -8.488065381095387, 40.280791080814708 ], [ -8.488168064393161, 40.280810445336712 ], [ -8.48838567073795, 40.280869324740685 ], [ -8.488594694285071, 40.280944255740046 ], [ -8.488793122137107, 40.281034516758979 ], [ -8.488979043410531, 40.281139238592715 ], [ -8.489150667635281, 40.281257412776171 ], [ -8.489306341995919, 40.281387901293577 ], [ -8.489444567248379, 40.281529447535632 ], [ -8.489564012159089, 40.281680688398822 ], [ -8.489663526327353, 40.28184016741033 ], [ -8.489742151267439, 40.282006348752482 ], [ -8.489799129643545, 40.282177632051393 ], [ -8.489833912568541, 40.282352367787809 ], [ -8.48984616489596, 40.28252887318169 ], [ -8.489835768454107, 40.282705448397401 ], [ -8.489802823190843, 40.282880392913867 ], [ -8.489747646217774, 40.283052021901646 ], [ -8.489670768762799, 40.283218682449437 ], [ -8.489572931060122, 40.283378769483818 ], [ -8.489455075226671, 40.283530741228418 ], [ -8.489318336193364, 40.283673134054034 ], [ -8.489279428369029, 40.283706277109836 ], [ -8.489277506530797, 40.283738912913698 ], [ -8.489429605765492, 40.283866399581115 ], [ -8.489567836360056, 40.284007945592364 ], [ -8.489687285947394, 40.284159186243471 ], [ -8.489786804081758, 40.284318665063665 ], [ -8.489865432239208, 40.284484846237106 ], [ -8.489922413052946, 40.284656129391543 ], [ -8.489957197612341, 40.284830865009127 ], [ -8.489966401889761, 40.28496345179947 ], [ -8.489967544998583, 40.28496357805578 ], [ -8.490191653714929, 40.285005834849905 ], [ -8.490409275266854, 40.285064710339853 ], [ -8.490618313977579, 40.28513963756378 ], [ -8.490816756803687, 40.285229894982244 ], [ -8.491002692717469, 40.285334613425178 ], [ -8.491174331107898, 40.285452784460134 ], [ -8.491330019023122, 40.285583270101711 ], [ -8.491468257088558, 40.285724813768255 ], [ -8.491587713947233, 40.285876052381106 ], [ -8.491687239083381, 40.286035529489148 ], [ -8.491765873905633, 40.286201709292996 ], [ -8.491822860982998, 40.286372991433645 ], [ -8.491857651344516, 40.286547726402972 ], [ -8.491869909772081, 40.286724231428337 ], [ -8.491859518035207, 40.286900806677707 ], [ -8.491826576036409, 40.287075751629629 ], [ -8.491771400855814, 40.287247381450491 ], [ -8.491694523704021, 40.287414043221005 ], [ -8.491596684812274, 40.287574131855941 ], [ -8.491478826308917, 40.287726105563493 ], [ -8.491342083150558, 40.287868500695595 ], [ -8.491187772195085, 40.287999945845854 ], [ -8.491017379521674, 40.288119175059379 ], [ -8.490832546119776, 40.288225040027193 ], [ -8.490635052084931, 40.288316521147578 ], [ -8.490426799473596, 40.288392737347934 ], [ -8.490209793982185, 40.288452954572186 ], [ -8.489986125626906, 40.288496592852283 ], [ -8.489757948610567, 40.288523231895127 ], [ -8.489527460570509, 40.288532615131565 ], [ -8.489296881407704, 40.288524652188109 ], [ -8.489068431901149, 40.288499419757478 ], [ -8.488844312313816, 40.288457160859892 ], [ -8.488626681196397, 40.288398282501959 ], [ -8.488417634593272, 40.288323351755729 ], [ -8.488219185851159, 40.288233090295975 ], [ -8.488033246225111, 40.288128367448117 ], [ -8.487861606468821, 40.288010191813854 ], [ -8.487705919586626, 40.287879701555362 ], [ -8.487567684913415, 40.287738153431683 ], [ -8.487448233675794, 40.287586910692781 ], [ -8.487348716173519, 40.287427429948345 ], [ -8.487270090704591, 40.287261247137479 ], [ -8.487213114340561, 40.287089962734768 ], [ -8.487184398094941, 40.286945685603939 ], [ -8.487105890768111, 40.286937012784612 ], [ -8.486881777542953, 40.286894750046834 ], [ -8.486664153122589, 40.286835867952867 ], [ -8.486455113486885, 40.286760933610765 ], [ -8.48625667191544, 40.286670668729947 ], [ -8.486070739594227, 40.286565942668759 ], [ -8.485899107206579, 40.286447764059851 ], [ -8.485743427685852, 40.286317271094056 ], [ -8.485605200296026, 40.28617572055645 ], [ -8.485485756193558, 40.286024475720268 ], [ -8.48538624560948, 40.285864993215391 ], [ -8.485307626775169, 40.285698808997843 ], [ -8.485250656698279, 40.285527523555785 ], [ -8.485215883877517, 40.285352786494222 ], [ -8.485203643026239, 40.28517628064715 ], [ -8.485214051855413, 40.284999705870177 ], [ -8.485235767423573, 40.284884438647126 ], [ -8.485119957730122, 40.28478736150435 ], [ -8.484981734774903, 40.284645810165671 ], [ -8.484862294774917, 40.284494564628474 ], [ -8.484762787921694, 40.284335081529406 ], [ -8.484684172410683, 40.284168896830245 ], [ -8.48462720521754, 40.283997611023736 ], [ -8.484592434813216, 40.2838228737184 ], [ -8.484580195887798, 40.283646367750585 ], [ -8.484590606133725, 40.283469792977051 ], [ -8.484623565119081, 40.283294849904145 ], [ -8.484678755261536, 40.283123223311144 ], [ -8.484755644893358, 40.282956566025668 ], [ -8.484853493387673, 40.282796483007161 ], [ -8.484924298321873, 40.282705191965569 ], [ -8.484842862090243, 40.282683155078352 ], [ -8.484633837266719, 40.282608217329084 ], [ -8.484435410278317, 40.282517949197945 ], [ -8.484314320975161, 40.282449738718036 ], [ -8.484309232202717, 40.282447914307589 ], [ -8.484110806112279, 40.282357645613459 ], [ -8.483924888942591, 40.282252915961664 ], [ -8.48375327123104, 40.282134734019408 ], [ -8.483597605769624, 40.282004238009627 ], [ -8.483459391686919, 40.28186268474672 ], [ -8.483339960011218, 40.281711437530134 ], [ -8.483240460853883, 40.281551953012659 ], [ -8.483189298452944, 40.281443790956764 ], [ -8.483091935391515, 40.281417442067209 ], [ -8.482882916386821, 40.281342501113798 ], [ -8.482684495418324, 40.281252229934736 ], [ -8.482528112385427, 40.281164132863751 ], [ -8.482492493134407, 40.281147927816157 ], [ -8.482306581770557, 40.281043195517618 ], [ -8.482134969933874, 40.280925011125547 ], [ -8.481979310359764, 40.280794512886459 ], [ -8.481841102120095, 40.280652957636235 ], [ -8.481721676186881, 40.280501708693436 ], [ -8.481622182616178, 40.280342222727484 ], [ -8.481543579475526, 40.280176035727749 ], [ -8.481486623621459, 40.280004748209116 ], [ -8.481451863415741, 40.279830009796598 ], [ -8.481439633450275, 40.279653503337201 ], [ -8.481450051331246, 40.279476928692382 ], [ -8.481483016553238, 40.279301986367244 ], [ -8.481508774842924, 40.279221892649922 ], [ -8.481419516501596, 40.279189887787417 ], [ -8.481221103774979, 40.279099614030571 ], [ -8.481035199991529, 40.278994879620285 ], [ -8.480863595559686, 40.278876693269595 ], [ -8.480707943143534, 40.278746193243904 ], [ -8.480700306880044, 40.278738371596248 ], [ -8.48064599818419, 40.278707774703008 ], [ -8.480474395155346, 40.278589587763356 ], [ -8.480355428636809, 40.278489844192734 ], [ -8.480216924825775, 40.278569164892744 ], [ -8.480019444355587, 40.278660627988529 ], [ -8.47981120923613, 40.278736825135283 ], [ -8.479594224995363, 40.278797022460495 ], [ -8.479370581444821, 40.278840640187745 ], [ -8.479142432548388, 40.278867258221958 ], [ -8.478911975672533, 40.278876620196343 ], [ -8.478681430418026, 40.278868635942196 ], [ -8.478453017237218, 40.278843382357536 ], [ -8.47822893604314, 40.278801102666328 ], [ -8.478011345016625, 40.278742204075428 ], [ -8.477802339815851, 40.278667253851786 ], [ -8.477603933388693, 40.278576973857781 ], [ -8.477418036582588, 40.27847223359727 ], [ -8.477246439738753, 40.278354041839677 ], [ -8.477090795448175, 40.278223536902445 ], [ -8.4769526026355, 40.278081975685907 ], [ -8.476925300150601, 40.278047392425243 ], [ -8.476888497505188, 40.278016533766817 ], [ -8.476750305537202, 40.277874972300118 ], [ -8.476630895842582, 40.277723717962772 ], [ -8.476531418320977, 40.27756422747612 ], [ -8.476452830885354, 40.277398036873045 ], [ -8.476395890240996, 40.277226746703157 ], [ -8.476361144603194, 40.277052006616969 ], [ -8.476348928423569, 40.276875499477555 ], [ -8.476349037258615, 40.276873657095713 ], [ -8.476227697076972, 40.276918054255454 ], [ -8.476010715413206, 40.276978244868722 ], [ -8.475787075495147, 40.277021855668188 ], [ -8.475558931251696, 40.277048466625544 ], [ -8.475328480004507, 40.277057821442163 ], [ -8.475097941300122, 40.277049830018271 ], [ -8.474869535527796, 40.277024569320943 ], [ -8.474645462529191, 40.276982282642692 ], [ -8.474427880406189, 40.276923377257638 ], [ -8.474218884731192, 40.276848420498197 ], [ -8.474020488360308, 40.276758134289651 ], [ -8.473834602044098, 40.276653388195776 ], [ -8.47366301602273, 40.276535191042107 ], [ -8.473569452966634, 40.276456731668645 ], [ -8.473521983425391, 40.276435128797637 ], [ -8.473336098760821, 40.276330381890254 ], [ -8.473164514422702, 40.276212183983844 ], [ -8.473008882881553, 40.276081673455046 ], [ -8.472870702939208, 40.275940107258087 ], [ -8.472751305295118, 40.275788848816909 ], [ -8.472651839732864, 40.275629354892416 ], [ -8.472573264050228, 40.275463161550597 ], [ -8.4725163348393, 40.275291869367358 ], [ -8.472481600205269, 40.27511712801261 ], [ -8.472472539864047, 40.274986105874802 ], [ -8.472340576634979, 40.275034385802599 ], [ -8.472123597482826, 40.27509456913576 ], [ -8.471899961212273, 40.275138172421428 ], [ -8.471671821717091, 40.275164775703637 ], [ -8.471441376273198, 40.27517412275769 ], [ -8.471210844371232, 40.275166123558591 ], [ -8.47098244633492, 40.275140855148329 ], [ -8.470758381931397, 40.275098560893667 ], [ -8.470540809179745, 40.27503964814175 ], [ -8.470331823562082, 40.274964684295895 ], [ -8.470133437837632, 40.274874391349677 ], [ -8.469947562654392, 40.274769638931737 ], [ -8.46993976691622, 40.274764268220359 ], [ -8.469748459832601, 40.274728155211193 ], [ -8.469530889133614, 40.27466924054815 ], [ -8.469321905761685, 40.27459427486432 ], [ -8.469123522454399, 40.274503980170984 ], [ -8.468937649836471, 40.274399226113594 ], [ -8.46876607801611, 40.274281021594419 ], [ -8.468610459343244, 40.27415050505379 ], [ -8.468472292495759, 40.274008933503815 ], [ -8.468352908046967, 40.273857670420021 ], [ -8.468286374620016, 40.273750966837099 ], [ -8.46807476588031, 40.273743618312494 ], [ -8.467846373758105, 40.27371834368175 ], [ -8.467622315967718, 40.273676043317089 ], [ -8.467404750464526, 40.273617124624472 ], [ -8.467236237516973, 40.273556671636577 ], [ -8.467223143953925, 40.273556216827899 ], [ -8.466994752768159, 40.273530940511598 ], [ -8.466770696116379, 40.273488638491905 ], [ -8.466553131942993, 40.273429718190755 ], [ -8.466344155647475, 40.273354747084184 ], [ -8.466145779899243, 40.273264447235711 ], [ -8.465959915250185, 40.273159688340428 ], [ -8.46578835173174, 40.273041479347199 ], [ -8.465632741613875, 40.272910958739452 ], [ -8.465494583492061, 40.272769383568438 ], [ -8.465375207855558, 40.272618117344557 ], [ -8.465275764275976, 40.272458616903599 ], [ -8.465197210339367, 40.272292418374292 ], [ -8.46514030242839, 40.272121122382522 ], [ -8.465105588443096, 40.271946378634794 ], [ -8.465093402530295, 40.271769870029445 ], [ -8.465103861871974, 40.271593296448572 ], [ -8.465136865563508, 40.271418358386931 ], [ -8.465192095592165, 40.271246740575506 ], [ -8.465269019906241, 40.271080095757291 ], [ -8.465366897545017, 40.270920028771641 ], [ -8.465484785779896, 40.270768081100364 ], [ -8.465621549197765, 40.270625716024419 ], [ -8.46577587063889, 40.270494304533905 ], [ -8.465946263883948, 40.270375112127091 ], [ -8.466131087967865, 40.270269286625592 ], [ -8.466328562982639, 40.27017784712271 ], [ -8.466536787216938, 40.270101674171528 ], [ -8.466753755467511, 40.270041501306928 ], [ -8.466977378346167, 40.269997907983267 ], [ -8.467205502396546, 40.269971313995605 ], [ -8.467435930827158, 40.269961975438093 ], [ -8.467666444661237, 40.269969982238386 ], [ -8.467894824099982, 40.269995257291953 ], [ -8.468118869893685, 40.270037557204397 ], [ -8.468336424515206, 40.270096474634762 ], [ -8.468504929821831, 40.270156926087488 ], [ -8.468518022736744, 40.270157380754014 ], [ -8.468746403111703, 40.270182654122216 ], [ -8.468970450043726, 40.270224952379806 ], [ -8.469188005994715, 40.270283868201766 ], [ -8.469396975919471, 40.270358834237875 ], [ -8.469595347436831, 40.270449128574953 ], [ -8.469781210205639, 40.270553881687349 ], [ -8.469952774319118, 40.27067208480873 ], [ -8.470108387540588, 40.270802599644647 ], [ -8.470246551214675, 40.270944169332289 ], [ -8.470365934700736, 40.27109543054231 ], [ -8.470432468756457, 40.271202132975837 ], [ -8.470644069798084, 40.271209477223323 ], [ -8.470872454477, 40.271234746373182 ], [ -8.471096506181308, 40.271277040487035 ], [ -8.471314067326965, 40.271335952279749 ], [ -8.471523042818761, 40.271410914439898 ], [ -8.471721420221938, 40.271501205091639 ], [ -8.471907289138672, 40.271605954744814 ], [ -8.471915084667165, 40.271611325327434 ], [ -8.472106384083903, 40.271647434805239 ], [ -8.472323947281751, 40.27170634468699 ], [ -8.472532925018772, 40.271781305009284 ], [ -8.472731304838589, 40.271871593913964 ], [ -8.472917176320118, 40.271976341927711 ], [ -8.473088749472693, 40.272094540333285 ], [ -8.473244371972605, 40.272225050881659 ], [ -8.473382545075145, 40.272366616751299 ], [ -8.473501938048887, 40.272517874649658 ], [ -8.473601400993257, 40.272677367939828 ], [ -8.4736799759158, 40.272843560666537 ], [ -8.47373690596241, 40.273014852346215 ], [ -8.473771642711407, 40.273189593378838 ], [ -8.473780705295123, 40.27332061544633 ], [ -8.473912664165704, 40.273272333879774 ], [ -8.474129635895439, 40.273212147203353 ], [ -8.474353264367565, 40.273168539625907 ], [ -8.474581396071855, 40.273141931079728 ], [ -8.47481183414312, 40.273132577799153 ], [ -8.475042359511772, 40.273140569853588 ], [ -8.475270752267958, 40.273165830280504 ], [ -8.47549481303375, 40.273208115826328 ], [ -8.475712384137879, 40.27326701928844 ], [ -8.475921370389253, 40.273341973435635 ], [ -8.47611975924953, 40.273432256469228 ], [ -8.476305640210585, 40.273536998972418 ], [ -8.476477223190482, 40.273655192281048 ], [ -8.476570785706631, 40.273733649343427 ], [ -8.476618254314154, 40.273755250977622 ], [ -8.476804136926567, 40.273859992667305 ], [ -8.47697572158946, 40.273978185223164 ], [ -8.477131355868309, 40.274108690452451 ], [ -8.477269540904983, 40.27425025158491 ], [ -8.47738894585315, 40.274401505373604 ], [ -8.477488420696927, 40.274560995221222 ], [ -8.477567007329279, 40.274727185205663 ], [ -8.477623948783322, 40.274898474869772 ], [ -8.477658696527524, 40.275073214632954 ], [ -8.477670915754263, 40.27524972167631 ], [ -8.477670806957393, 40.275251564059758 ], [ -8.477792143213346, 40.275207165390199 ], [ -8.478009117623859, 40.275146971448116 ], [ -8.478232749915623, 40.275103356371531 ], [ -8.47846088654163, 40.275076740164934 ], [ -8.478691330589298, 40.275067379136424 ], [ -8.478921862931498, 40.275075363430034 ], [ -8.479150263591238, 40.275100616157928 ], [ -8.479374333114501, 40.275142894140686 ], [ -8.479591913745697, 40.275201790248509 ], [ -8.479800910202021, 40.275276737321015 ], [ -8.47999930984688, 40.27536701362763 ], [ -8.480185202068318, 40.275471749816354 ], [ -8.480356796675991, 40.275589937283833 ], [ -8.480512441139618, 40.275720437886385 ], [ -8.480650636503009, 40.275861994898285 ], [ -8.480677939992653, 40.275896577288755 ], [ -8.480678059936288, 40.275896677854952 ], [ -8.480816557773906, 40.275817356591453 ], [ -8.48101402891599, 40.275725892129508 ], [ -8.48103902198506, 40.275716746000427 ], [ -8.481123853949191, 40.275668160059233 ], [ -8.481321324240897, 40.275576695074086 ], [ -8.481529547976965, 40.275500495215923 ], [ -8.481746519958893, 40.275440294278759 ], [ -8.481970150762528, 40.275396671987245 ], [ -8.482198286855178, 40.275370048415368 ], [ -8.482428731329398, 40.275360679942132 ], [ -8.482659265053949, 40.275368656783236 ], [ -8.482887668038526, 40.275393902122637 ], [ -8.48311174080674, 40.275436172852032 ], [ -8.483329325571759, 40.275495061911471 ], [ -8.483538327010988, 40.27557000220844 ], [ -8.483736732439864, 40.275660272077609 ], [ -8.483922631190753, 40.275765002228972 ], [ -8.484094233010451, 40.275883184117333 ], [ -8.484249885299249, 40.276013679652692 ], [ -8.484388089025623, 40.276155232158168 ], [ -8.484507513163287, 40.276306478469884 ], [ -8.484537328203324, 40.276354270315366 ], [ -8.484483169201344, 40.276191407510545 ], [ -8.48444840331176, 40.276016669907335 ], [ -8.484436166315218, 40.275840163678289 ], [ -8.48444657588565, 40.27566358868269 ], [ -8.48447953159771, 40.275488645429007 ], [ -8.484534715900661, 40.275317018698274 ], [ -8.484611597183072, 40.27515036131944 ], [ -8.484709434898528, 40.274990278252865 ], [ -8.484827286702799, 40.274838311135291 ], [ -8.484964017533484, 40.274695923434969 ], [ -8.485118310544545, 40.274564486359871 ], [ -8.485288679790321, 40.274445265654677 ], [ -8.485473484536744, 40.274339409413535 ], [ -8.485670945061919, 40.274247937025734 ], [ -8.485879159793962, 40.274171729361015 ], [ -8.486096123621056, 40.274111520288514 ], [ -8.486319747197552, 40.274067889611246 ], [ -8.486547877060335, 40.274041257483937 ], [ -8.486778316361939, 40.274031880367971 ], [ -8.487008846020922, 40.274039848562261 ], [ -8.487237246086131, 40.274065085334037 ], [ -8.487461317109279, 40.27410734765747 ], [ -8.487678901320351, 40.274166228553568 ], [ -8.487887903402092, 40.274241161008405 ], [ -8.488004579954463, 40.274294241335902 ], [ -8.488032726724464, 40.274206686663653 ], [ -8.48810959816478, 40.274040026970823 ], [ -8.48820742602881, 40.273879940958039 ], [ -8.488325268067182, 40.273727970290409 ], [ -8.488461989311531, 40.273585578470396 ], [ -8.488616273008127, 40.273454136745656 ], [ -8.488786633300984, 40.27333491090566 ], [ -8.488971429542229, 40.273229049093963 ] ] ], [ [ [ -8.480565129587212, 40.125168832708262 ], [ -8.48079515485823, 40.125176815615681 ], [ -8.481023053338507, 40.125202067420226 ], [ -8.481246630409032, 40.125244344951284 ], [ -8.481463733055648, 40.125303241083223 ], [ -8.481672270597779, 40.125378188655205 ], [ -8.481870234817588, 40.125468465931554 ], [ -8.482055719295882, 40.125573203550637 ], [ -8.48222693776872, 40.125691392894993 ], [ -8.482382241328077, 40.125821895802467 ], [ -8.482520134300984, 40.125963455524825 ], [ -8.482639288654237, 40.126114708828375 ], [ -8.482738556785955, 40.126274199120154 ], [ -8.482816982580692, 40.126440390473533 ], [ -8.482873810621543, 40.126611682417973 ], [ -8.482908493470358, 40.12678642535078 ], [ -8.482920696945751, 40.12696293642243 ], [ -8.482910303347854, 40.127139515742577 ], [ -8.4828774125985, 40.127314462750618 ], [ -8.482822341285621, 40.12748609259318 ], [ -8.482755191268966, 40.12763196024536 ], [ -8.482837219748705, 40.127609150513045 ], [ -8.483060365319625, 40.127565527062607 ], [ -8.483288006411392, 40.12753890276668 ], [ -8.483517950882444, 40.12752953401138 ], [ -8.483747984415555, 40.127537511015142 ], [ -8.483975891836248, 40.127562756960302 ], [ -8.484199478439438, 40.127605028732631 ], [ -8.484416591119183, 40.127663919261998 ], [ -8.484625139098318, 40.127738861441472 ], [ -8.48482311405852, 40.127829133587333 ], [ -8.485008609477182, 40.127933866387345 ], [ -8.485179838985029, 40.128052051270465 ], [ -8.485335153567787, 40.128182550117508 ], [ -8.485473057446342, 40.128324106219345 ], [ -8.485592222482477, 40.128475356377166 ], [ -8.485651666173041, 40.128570850826215 ], [ -8.485828689550452, 40.128563634780761 ], [ -8.486058726807002, 40.128571607177122 ], [ -8.486286638505865, 40.128596848551808 ], [ -8.48651022990077, 40.128639115834623 ], [ -8.486727347839642, 40.128698001998629 ], [ -8.486935901494684, 40.128772939978973 ], [ -8.48713388249293, 40.128863208132351 ], [ -8.487319384253643, 40.128967937184981 ], [ -8.487490620346486, 40.129086118601904 ], [ -8.487645941693785, 40.129216614297327 ], [ -8.487783852451294, 40.12935816759245 ], [ -8.48790302441456, 40.129509415315525 ], [ -8.488002309812122, 40.129668900927335 ], [ -8.488080752362269, 40.129835088546344 ], [ -8.488137596486725, 40.130006377737978 ], [ -8.488172294592447, 40.130181118926103 ], [ -8.48818451235109, 40.130357629278009 ], [ -8.488174131925209, 40.130534208910284 ], [ -8.488141253109751, 40.130709157259361 ], [ -8.488086192377679, 40.130880789458956 ], [ -8.48800947983862, 40.131047452567046 ], [ -8.487911854139597, 40.131207541485722 ], [ -8.48779425535669, 40.131359514420744 ], [ -8.487657815945942, 40.131501907731803 ], [ -8.487503849840426, 40.131633350030398 ], [ -8.487333839798394, 40.131752575389434 ], [ -8.487149423124256, 40.131858435537445 ], [ -8.486952375899877, 40.131949910919502 ], [ -8.486744595878069, 40.132026120518567 ], [ -8.486528084203114, 40.132086330342474 ], [ -8.486304926134457, 40.132129960494659 ], [ -8.486077270959383, 40.132156590760488 ], [ -8.485847311288309, 40.132165964655499 ], [ -8.485617261932362, 40.13215799189615 ], [ -8.485389338566836, 40.132132749269743 ], [ -8.485165736386358, 40.132090479894565 ], [ -8.484948608957477, 40.132031590877951 ], [ -8.484740047472688, 40.131956649394404 ], [ -8.48454206060585, 40.131866377221833 ], [ -8.484356555163227, 40.131761643788494 ], [ -8.48418531771665, 40.131643457797665 ], [ -8.484029997395817, 40.131512957510935 ], [ -8.483892090005526, 40.131371399783532 ], [ -8.48377292362083, 40.131220147957571 ], [ -8.483713480217597, 40.131124652586543 ], [ -8.483536449950789, 40.131131865424905 ], [ -8.483306404318997, 40.131123888057616 ], [ -8.483078485232548, 40.131098640860209 ], [ -8.482854887844837, 40.131056366995061 ], [ -8.482637765676246, 40.130997473612773 ], [ -8.482429209868595, 40.13092252792984 ], [ -8.48223122904105, 40.130832251764659 ], [ -8.482045729941694, 40.13072751458391 ], [ -8.48187449908125, 40.13060932512699 ], [ -8.481719185525975, 40.130478821688861 ], [ -8.481581285015498, 40.13033726115507 ], [ -8.481472854995575, 40.130199626266737 ], [ -8.481441008759223, 40.130368990729309 ], [ -8.481385931418808, 40.130540619824004 ], [ -8.481309202858293, 40.130707278571656 ], [ -8.48121156187902, 40.130867361916309 ], [ -8.481093948704268, 40.131019328117404 ], [ -8.48095749592872, 40.131161713599433 ], [ -8.480803517614202, 40.131293147049313 ], [ -8.480633496636591, 40.131412362625184 ], [ -8.48044907040566, 40.131518212149786 ], [ -8.480252015095347, 40.131609676170484 ], [ -8.48004422853638, 40.131685873779702 ], [ -8.479827711936032, 40.131746071100743 ], [ -8.479604550601206, 40.131789688357458 ], [ -8.479376893850656, 40.131816305459459 ], [ -8.479146934309991, 40.131825666049053 ], [ -8.478916886789079, 40.131817679970879 ], [ -8.478688966945541, 40.131792424140507 ], [ -8.478527248913334, 40.131761843205489 ], [ -8.478496646875508, 40.131924549036711 ], [ -8.47844156089122, 40.132096176721475 ], [ -8.478364823402872, 40.132262833511206 ], [ -8.478267173297791, 40.13242291436881 ], [ -8.478149550887149, 40.132574877577667 ], [ -8.478013088854583, 40.132717259591089 ], [ -8.477859101351088, 40.132848689129368 ], [ -8.477689071341054, 40.132967900388344 ], [ -8.477504636321255, 40.133073745232288 ], [ -8.477307572550304, 40.133165204253679 ], [ -8.477099777940426, 40.133241396593057 ], [ -8.476883253776451, 40.133301588424494 ], [ -8.476660085438155, 40.133345200024728 ], [ -8.476432422311758, 40.13337181135784 ], [ -8.47622381212148, 40.133380297438698 ], [ -8.47623897579806, 40.133426013478363 ], [ -8.476273645257956, 40.133600758249109 ], [ -8.47628583291942, 40.133777269878898 ], [ -8.476275421234813, 40.133953848471982 ], [ -8.476242510300098, 40.13412879347473 ], [ -8.476187416897563, 40.134300420053052 ], [ -8.476110671451476, 40.134467075319023 ], [ -8.476013012925797, 40.134627154250225 ], [ -8.475895381712792, 40.134779115148582 ], [ -8.475758910580877, 40.134921494489625 ], [ -8.475604913768683, 40.135052921019394 ], [ -8.475434874330261, 40.135172128962687 ], [ -8.475250429853208, 40.135277970215704 ], [ -8.475053356687228, 40.135369425405507 ], [ -8.474845552835053, 40.135445613709528 ], [ -8.474629019670543, 40.135505801340734 ], [ -8.474405842660175, 40.135549408616271 ], [ -8.474178171273717, 40.135576015541901 ], [ -8.473948198277764, 40.135585365857928 ], [ -8.473837847084338, 40.135581530359097 ], [ -8.473751197438061, 40.135671925945935 ], [ -8.473597195055511, 40.135803349811937 ], [ -8.47359002311447, 40.13580837750694 ], [ -8.473598307566032, 40.135928424033445 ], [ -8.473595254857582, 40.135980160918429 ], [ -8.473699207361337, 40.135975934780902 ], [ -8.473929268369748, 40.135983931162343 ], [ -8.474157200531504, 40.136009196291027 ], [ -8.474380808903303, 40.136051486868055 ], [ -8.474597940169602, 40.13611039564222 ], [ -8.474806503374243, 40.136185355330923 ], [ -8.474957063074243, 40.136254015797682 ], [ -8.474972632842304, 40.13623390308689 ], [ -8.475109108227732, 40.136091524686947 ], [ -8.475263108330031, 40.135960098826324 ], [ -8.475433150024612, 40.135840891142031 ], [ -8.475617595731856, 40.135735049603127 ], [ -8.475814669187343, 40.135643593457651 ], [ -8.476022472546379, 40.135567403419223 ], [ -8.476239004658177, 40.135507213187495 ], [ -8.476462180333856, 40.135463602384284 ], [ -8.476689850422797, 40.135436990973112 ], [ -8.476919822504264, 40.135427635215954 ], [ -8.477149881995203, 40.135435625206142 ], [ -8.477377813471211, 40.13546088400097 ], [ -8.477601421995587, 40.135503168362476 ], [ -8.477818554251325, 40.135562071099301 ], [ -8.478027119272751, 40.135637024986998 ], [ -8.47822510857743, 40.135727308229136 ], [ -8.478410615504606, 40.135832051406624 ], [ -8.478581853574147, 40.135950245848498 ], [ -8.478737173689286, 40.136080753343563 ], [ -8.478875080017582, 40.136222317099403 ], [ -8.478994244397166, 40.136373573843485 ], [ -8.479093519129529, 40.136533066949767 ], [ -8.479171948035583, 40.136699260464503 ], [ -8.479228775668377, 40.13687055389633 ], [ -8.479263454593598, 40.137045297628262 ], [ -8.479275650667558, 40.137221808803055 ], [ -8.479265246261573, 40.137398387529366 ], [ -8.479232341401476, 40.137573333252284 ], [ -8.479177252811015, 40.137744961130807 ], [ -8.479100510868086, 40.137911618264489 ], [ -8.479002854502873, 40.138071699612908 ], [ -8.478885224086801, 40.138223663454724 ], [ -8.478748752380575, 40.138366046237124 ], [ -8.478594753628334, 40.13849747667301 ], [ -8.478424710902788, 40.138616688949519 ], [ -8.478240261823172, 40.138722534921143 ], [ -8.478043182783507, 40.138813995169485 ], [ -8.477835371843083, 40.138890188823247 ], [ -8.477618830444033, 40.138950382043845 ], [ -8.477395644132145, 40.138993995094609 ], [ -8.47716796246678, 40.139020607925652 ], [ -8.476937978313549, 40.139029964220398 ], [ -8.476707906719421, 40.139021973864892 ], [ -8.476479963573912, 40.138996713815864 ], [ -8.476256344262179, 40.138954427359494 ], [ -8.476039202515778, 40.138895521767608 ], [ -8.475830629665106, 40.138820564374392 ], [ -8.475680063410925, 40.138751905101195 ], [ -8.475664493282659, 40.138772017899875 ], [ -8.475528013737954, 40.138914396905896 ], [ -8.475374007519335, 40.139045823077353 ], [ -8.475203957771441, 40.139165030642509 ], [ -8.475019502181157, 40.139270871501175 ], [ -8.474822417205226, 40.139362326284207 ], [ -8.474614600960132, 40.139438514172966 ], [ -8.474398054939114, 40.139498701384355 ], [ -8.474174864732488, 40.139542308239633 ], [ -8.473947179937138, 40.139568914748551 ], [ -8.473717193448831, 40.139578264655441 ], [ -8.473487120337031, 40.139570267907878 ], [ -8.473259176505874, 40.139545001524191 ], [ -8.473137266348411, 40.13952194494459 ], [ -8.473139632478347, 40.139556232817931 ], [ -8.473129211871436, 40.13973281098918 ], [ -8.473096290178329, 40.139907754968036 ], [ -8.473041184284876, 40.140079379930285 ], [ -8.472964424735613, 40.140246033003542 ], [ -8.472866750630288, 40.140406109186472 ], [ -8.472749102511195, 40.140558066807444 ], [ -8.472612613309556, 40.140700442373571 ], [ -8.472458597438031, 40.140831864667199 ], [ -8.47228853813424, 40.140951067953921 ], [ -8.472104073177114, 40.141056904174761 ], [ -8.47190697911363, 40.141148354005246 ], [ -8.471699154147814, 40.141224536674422 ], [ -8.471482599856914, 40.141284718449477 ], [ -8.471259401910917, 40.141328319704009 ], [ -8.471031709981261, 40.141354920501719 ], [ -8.470801717032444, 40.141364264641965 ], [ -8.470629746930037, 40.141358283286962 ], [ -8.470619567593779, 40.141530661344369 ], [ -8.47058663862337, 40.141705604585454 ], [ -8.470531524985955, 40.141877228332071 ], [ -8.470454757300638, 40.142043879723559 ], [ -8.470357074745523, 40.142203953774739 ], [ -8.470323045041336, 40.142247903595845 ], [ -8.470310663244408, 40.142274782374358 ], [ -8.470212980023353, 40.142434856300355 ], [ -8.47009532250533, 40.142586811210634 ], [ -8.469958823712087, 40.142729183638387 ], [ -8.46985459025708, 40.142818118506497 ], [ -8.469911556168844, 40.142890435522069 ], [ -8.470010819310156, 40.143049936283475 ], [ -8.470089233734246, 40.143216135822719 ], [ -8.470146044133548, 40.143387433590391 ], [ -8.470180703239642, 40.143562179927713 ], [ -8.470192877099629, 40.14373869195235 ], [ -8.470182448298699, 40.143915269764719 ], [ -8.470149517097569, 40.14409021281871 ], [ -8.470094400473632, 40.144261836298952 ], [ -8.470017629074736, 40.144428487347334 ], [ -8.469919942114732, 40.144588560982015 ], [ -8.469802280259703, 40.144740515555874 ], [ -8.469665776573157, 40.144882887605384 ], [ -8.469662733478337, 40.144885483963407 ], [ -8.46963094922174, 40.144937566078461 ], [ -8.469513286124046, 40.145089520354624 ], [ -8.469376781138338, 40.145231892060202 ], [ -8.469222748829296, 40.145363310014716 ], [ -8.469052672592856, 40.145482508525504 ], [ -8.468868190371049, 40.145588339579611 ], [ -8.468671078877151, 40.145679783902303 ], [ -8.468463236483089, 40.145755960775645 ], [ -8.468246664933996, 40.145816136522676 ], [ -8.468023450066111, 40.145859731575023 ], [ -8.467795741713884, 40.145886326056129 ], [ -8.467565733000015, 40.145895663826202 ], [ -8.467335639208068, 40.145887654949711 ], [ -8.467107676441396, 40.14586237656178 ], [ -8.466884040274151, 40.145820072125233 ], [ -8.466666884600251, 40.145761149085125 ], [ -8.46645830088422, 40.145686174943684 ], [ -8.466260298013999, 40.145595871793397 ], [ -8.466074782949926, 40.145491109360925 ], [ -8.465903542356408, 40.145372896628892 ], [ -8.465748225393341, 40.145242372116421 ], [ -8.465610327833055, 40.145100792912089 ], [ -8.465491177655784, 40.14494952256485 ], [ -8.46539192226235, 40.144790017949937 ], [ -8.46531351742718, 40.14462381523601 ], [ -8.46525671809786, 40.144452515089085 ], [ -8.465222071129727, 40.144277767255559 ], [ -8.465209910025248, 40.144101254673011 ], [ -8.465220351728606, 40.143924677261786 ], [ -8.465253295506162, 40.143749735553605 ], [ -8.465308423923263, 40.143578114314607 ], [ -8.465385205907772, 40.14341146632097 ], [ -8.465482901870557, 40.1432513964428 ], [ -8.465600570833381, 40.143099446190007 ], [ -8.465737079495378, 40.142957078868683 ], [ -8.465740122654818, 40.14295448261268 ], [ -8.465771908976286, 40.142902401539402 ], [ -8.46588957669646, 40.142750450988821 ], [ -8.46602608405936, 40.142608083323502 ], [ -8.466130322211226, 40.142519151879263 ], [ -8.466073360608682, 40.142446832981371 ], [ -8.465974107539573, 40.14228732878717 ], [ -8.465951955008359, 40.14224036908854 ], [ -8.465730283394025, 40.142249365300529 ], [ -8.465500202096868, 40.142241352721179 ], [ -8.465272252182418, 40.142216070651941 ], [ -8.465048629101021, 40.142173762591042 ], [ -8.464831486620536, 40.142114836018486 ], [ -8.464622916078392, 40.14203985847049 ], [ -8.464424926235637, 40.141949552072383 ], [ -8.464239423927109, 40.141844786582055 ], [ -8.46406819569436, 40.14172657101161 ], [ -8.463912890578225, 40.141596043907491 ], [ -8.46382056366048, 40.141501242826735 ], [ -8.463791089446625, 40.141531981342688 ], [ -8.46363705463064, 40.141663391961124 ], [ -8.463466977757662, 40.141782582346565 ], [ -8.463282496775882, 40.141888404564313 ], [ -8.463085388386661, 40.141979839424728 ], [ -8.462877550932051, 40.142056006301061 ], [ -8.462660986109618, 40.142116171612599 ], [ -8.462437779690818, 40.142159755891512 ], [ -8.462210081428728, 40.14218633936504 ], [ -8.461980084348848, 40.142195665999395 ], [ -8.461750003622676, 40.142187645966295 ], [ -8.461522055227698, 40.142162356508386 ], [ -8.461298434599618, 40.142120041195042 ], [ -8.461081295482655, 40.142061107576126 ], [ -8.460872729181833, 40.141986123255755 ], [ -8.460674744417329, 40.141895810424458 ], [ -8.46048924797506, 40.141791038902106 ], [ -8.460424227764861, 40.141746145334068 ], [ -8.460373315053392, 40.141781822552069 ], [ -8.460188829240431, 40.141887639860514 ], [ -8.459991716670473, 40.14197906947166 ], [ -8.459783875725845, 40.142055230809284 ], [ -8.459567308137748, 40.142115390346056 ], [ -8.459344099704284, 40.142158968669754 ], [ -8.45911640019794, 40.142185546064987 ], [ -8.458886402656209, 40.142194866556515 ], [ -8.458656322255033, 40.142186840375217 ], [ -8.458428374968772, 40.142161544822947 ], [ -8.458204756222447, 40.142119223527843 ], [ -8.457987619742138, 40.142060284097319 ], [ -8.457779056807473, 40.141985294191493 ], [ -8.457700632289018, 40.141949517256691 ], [ -8.457619551987197, 40.142018678845119 ], [ -8.457449463657383, 40.14213786043053 ], [ -8.457264972317642, 40.142243673096132 ], [ -8.457067854769123, 40.142335097744301 ], [ -8.456860009442121, 40.142411253846639 ], [ -8.456643438110056, 40.14247140792623 ], [ -8.456420226607104, 40.142514980623382 ], [ -8.456192524735322, 40.142541552276924 ], [ -8.455962525554995, 40.142550866966907 ], [ -8.455732444257851, 40.142542834980127 ], [ -8.455504496826876, 40.142517533674344 ], [ -8.455280878688486, 40.142475206733089 ], [ -8.455063743562901, 40.142416261818184 ], [ -8.454855182716688, 40.142341266642589 ], [ -8.45465720481746, 40.142250943501359 ], [ -8.454471716584985, 40.142146162313679 ], [ -8.454300504425184, 40.142027932242812 ], [ -8.454145217224044, 40.141897391974879 ], [ -8.454007350467196, 40.141755798750168 ], [ -8.453888231838148, 40.141604516252613 ], [ -8.453887495354776, 40.141603332261035 ], [ -8.453884625181065, 40.141602553059236 ], [ -8.453676068111321, 40.141527555734655 ], [ -8.453478094129213, 40.141437230549521 ], [ -8.453292609916774, 40.1413324474427 ], [ -8.453121401841203, 40.141214215595937 ], [ -8.45296611874914, 40.141083673712437 ], [ -8.452828256086638, 40.140942079048067 ], [ -8.452709141497769, 40.140790795300624 ], [ -8.452609922040567, 40.140631279474356 ], [ -8.452531553143325, 40.140465067845902 ], [ -8.4524747894075, 40.140293761167051 ], [ -8.452440177345634, 40.140119009247066 ], [ -8.452428050124039, 40.13994249506284 ], [ -8.452438524360616, 40.139765918550097 ], [ -8.452471499008452, 40.139590980231851 ], [ -8.452526656335657, 40.139419364841565 ], [ -8.452603464991748, 40.139252725099034 ], [ -8.452659507229045, 40.139160931619884 ], [ -8.452658169173562, 40.13915878036839 ], [ -8.452648842270742, 40.139138998695692 ], [ -8.452589689462224, 40.139189452441343 ], [ -8.452419599316958, 40.139308626704022 ], [ -8.452235107744608, 40.139414431408582 ], [ -8.45203799154859, 40.139505847534068 ], [ -8.451830149146192, 40.139581994634149 ], [ -8.451613582282681, 40.139642139318646 ], [ -8.451390376749195, 40.139685702318381 ], [ -8.451162682290304, 40.139712264065572 ], [ -8.450932691894884, 40.139721568735716 ], [ -8.450702620670043, 40.1397135267121 ], [ -8.450474684501735, 40.139688215449148 ], [ -8.450251078707876, 40.139645878726334 ], [ -8.450155031809889, 40.139619799467312 ], [ -8.450118475668848, 40.139612877977015 ], [ -8.449901354068944, 40.139553923300561 ], [ -8.449692807610322, 40.139478918734454 ], [ -8.449528383267165, 40.139403890577093 ], [ -8.449503267612778, 40.13945837406807 ], [ -8.449405539433881, 40.139618430694533 ], [ -8.449287840237782, 40.139770364699309 ], [ -8.449151303447744, 40.139912712816937 ], [ -8.448997243934883, 40.140044104094073 ], [ -8.448827145357267, 40.140163273094991 ], [ -8.44864264587221, 40.140269072090938 ], [ -8.448445522359361, 40.140360482115945 ], [ -8.448237673306497, 40.140436622782467 ], [ -8.44802110052296, 40.140496760762254 ], [ -8.447797889856917, 40.140540316850711 ], [ -8.447570191102386, 40.140566871546625 ], [ -8.44734019728963, 40.140576169093421 ], [ -8.447233901592041, 40.140572450385811 ], [ -8.447118424533173, 40.140670931050551 ], [ -8.446948321099105, 40.140790097297369 ], [ -8.446763816991202, 40.140895893306094 ], [ -8.446566689133645, 40.140987300139514 ], [ -8.446358836056069, 40.141063437440835 ], [ -8.446142259606582, 40.141123571914221 ], [ -8.445919045668678, 40.141167124388858 ], [ -8.445691344067889, 40.141193675398334 ], [ -8.445461347861899, 40.141202969221574 ], [ -8.445231272213793, 40.141194916346343 ], [ -8.445003333052128, 40.141169594331615 ], [ -8.444779725723652, 40.141127247060396 ], [ -8.444562603844444, 40.141068282390357 ], [ -8.44435405855344, 40.140993268224705 ], [ -8.44415609836839, 40.140902927041388 ], [ -8.443970629838393, 40.140798128933419 ], [ -8.443799439179561, 40.140679883226966 ], [ -8.443644175070737, 40.140549328758773 ], [ -8.443506332775092, 40.14040772290582 ], [ -8.443421586728194, 40.140300063288741 ], [ -8.443404093278073, 40.140300769855266 ], [ -8.443174020890453, 40.140292712878988 ], [ -8.442946085483612, 40.140267386796623 ], [ -8.44272248236812, 40.140225035530364 ], [ -8.442505365119466, 40.140166066976349 ], [ -8.442296824831985, 40.140091049075195 ], [ -8.442242180537589, 40.140066109991309 ], [ -8.442220659514721, 40.140060264838496 ], [ -8.442012119861291, 40.139985246420864 ], [ -8.441814165686445, 40.139894901195639 ], [ -8.441628703481392, 40.139790099294679 ], [ -8.441457519401306, 40.139671850080738 ], [ -8.44130226206166, 40.139541292424305 ], [ -8.441164426660418, 40.139399683733089 ], [ -8.441045340579041, 40.139248387840013 ], [ -8.44094615060096, 40.139088861866249 ], [ -8.440867811870511, 40.138922642186117 ], [ -8.440811078698587, 40.138751329628938 ], [ -8.440776497303368, 40.138576574060536 ], [ -8.440764400555805, 40.138400058492884 ], [ -8.440774904780328, 40.138223482875027 ], [ -8.440807908641245, 40.138048547721269 ], [ -8.440863094125366, 40.137876937734603 ], [ -8.440939929611082, 40.137710305582729 ], [ -8.44103767499416, 40.137550255983143 ], [ -8.441155388820578, 40.137398330250413 ], [ -8.441291937357573, 40.137255991454445 ], [ -8.441446005515342, 40.137124610332521 ], [ -8.441616109514104, 40.137005452090754 ], [ -8.44180061117445, 40.136899664222042 ], [ -8.44199773369332, 40.136808265457603 ], [ -8.442205578753716, 40.136732135958482 ], [ -8.442422144803434, 40.136672008841423 ], [ -8.442645346326898, 40.136628463120459 ], [ -8.442873033924686, 40.136601918132463 ], [ -8.443103015007514, 40.136592629499823 ], [ -8.443333074905679, 40.136600686669567 ], [ -8.443560998190843, 40.136626012052098 ], [ -8.443784590005139, 40.136668361768336 ], [ -8.444001697192386, 40.136727327997612 ], [ -8.444210229028203, 40.136802342904119 ], [ -8.444264871414038, 40.136827281080592 ], [ -8.444286391587896, 40.136833125859987 ], [ -8.44449492405762, 40.13690814025005 ], [ -8.444692873060774, 40.136998480958887 ], [ -8.444878332324533, 40.137103278014052 ], [ -8.445049515827581, 40.137221522225722 ], [ -8.445204774998436, 40.137352074903433 ], [ -8.445342614591352, 40.137493678819609 ], [ -8.445357252495887, 40.137512274412877 ], [ -8.44551425107632, 40.137505930197442 ], [ -8.445581092595882, 40.137508269742177 ], [ -8.445729419910975, 40.137381772310583 ], [ -8.445899517025461, 40.137262607808275 ], [ -8.446084012692211, 40.137156813142518 ], [ -8.446281130165854, 40.137065407109972 ], [ -8.44648897117796, 40.136989269941672 ], [ -8.44670553421529, 40.136929134828215 ], [ -8.446928733791264, 40.136885580860607 ], [ -8.4471564205252, 40.136859027455159 ], [ -8.447386401836132, 40.136849730315312 ], [ -8.447616463052155, 40.136857778969969 ], [ -8.447844388732246, 40.136883095911557 ], [ -8.448067983995482, 40.136925437342256 ], [ -8.448285095652484, 40.136984395521182 ], [ -8.448493632935845, 40.137059402690056 ], [ -8.44866182494691, 40.137136154793225 ], [ -8.44871809634957, 40.13704399373772 ], [ -8.448835792154098, 40.136892060253579 ], [ -8.448972323600277, 40.136749712454346 ], [ -8.449126375762848, 40.136618321163972 ], [ -8.44929646501603, 40.136499151686543 ], [ -8.449480953322363, 40.136393351623163 ], [ -8.449678064007344, 40.136301939822452 ], [ -8.449885898867896, 40.136225796571047 ], [ -8.450102456449997, 40.136165655118035 ], [ -8.45032565131959, 40.136122094615558 ], [ -8.450553334141299, 40.13609553454279 ], [ -8.450783312371819, 40.136086230667388 ], [ -8.451013371368905, 40.136094272583115 ], [ -8.451241295712899, 40.136119582847279 ], [ -8.451464890535743, 40.136161917726362 ], [ -8.451560933050123, 40.136187995931543 ], [ -8.451597487496928, 40.136194916977153 ], [ -8.451814599831643, 40.136253868543562 ], [ -8.452023138715413, 40.136328869359701 ], [ -8.452221095917393, 40.136419197177197 ], [ -8.452406565085843, 40.136523982147772 ], [ -8.452577760104104, 40.136642215197973 ], [ -8.452733032289842, 40.136772757744794 ], [ -8.452870886272031, 40.136914352658266 ], [ -8.452989994392748, 40.137065636365762 ], [ -8.453067750108248, 40.137190650175185 ], [ -8.453181945213375, 40.137071578962654 ], [ -8.453335989953787, 40.136940182108404 ], [ -8.453364817028461, 40.13691998324272 ], [ -8.453416237494508, 40.136759981556828 ], [ -8.453493041022337, 40.136593341167796 ], [ -8.453590755301025, 40.136433281062416 ], [ -8.453708439176047, 40.136281342656432 ], [ -8.453844959203018, 40.136138989141841 ], [ -8.453999000566627, 40.136007591397671 ], [ -8.454169079745052, 40.135888414790152 ], [ -8.454353558797832, 40.135782606989032 ], [ -8.454550661139548, 40.135691186917498 ], [ -8.454758488647434, 40.135615034941758 ], [ -8.45497503993826, 40.135554884394999 ], [ -8.455198229638524, 40.135511314516854 ], [ -8.455425908462619, 40.135484744876798 ], [ -8.455655883905722, 40.135475431334619 ], [ -8.45574918743498, 40.135478688996209 ], [ -8.45574942190016, 40.135477444702687 ], [ -8.455804567713709, 40.135305827674507 ], [ -8.45588136378371, 40.135139185688971 ], [ -8.455979070385469, 40.134979123558324 ], [ -8.456096746438389, 40.134827182717864 ], [ -8.456233258573413, 40.13468482638303 ], [ -8.456387292051215, 40.134553425460005 ], [ -8.456557363425908, 40.134434245345631 ], [ -8.456741834832167, 40.134328433743462 ], [ -8.456938929758193, 40.134237009613258 ], [ -8.457146750152621, 40.134160853360342 ], [ -8.4573632947007, 40.134100698359049 ], [ -8.457586478093853, 40.134057123891949 ], [ -8.45761503363539, 40.134053790874042 ], [ -8.457607957435096, 40.133950899223152 ], [ -8.457618417444923, 40.133774322115478 ], [ -8.457651376006725, 40.133599382204871 ], [ -8.45770651554357, 40.133427764240182 ], [ -8.457783304876338, 40.133261120965997 ], [ -8.457881004345227, 40.133101057206993 ], [ -8.457998672938331, 40.132949114414131 ], [ -8.458135177358431, 40.132806755821676 ], [ -8.458289202940497, 40.132675352357552 ], [ -8.458459266314668, 40.132556169443085 ], [ -8.458643729692653, 40.132450354808796 ], [ -8.458840816639954, 40.132358927443647 ], [ -8.459028683911457, 40.132290077400263 ], [ -8.459003740211214, 40.132281107745982 ], [ -8.458805786150444, 40.132190791445986 ], [ -8.458620319046565, 40.132086016637842 ], [ -8.458449125102025, 40.131967792423332 ], [ -8.458293853027401, 40.131837257432132 ], [ -8.458155998162681, 40.131695668853702 ], [ -8.458080017151236, 40.131599167500738 ], [ -8.458071418376502, 40.131594309734588 ], [ -8.457900226617028, 40.131476084689943 ], [ -8.457744956712856, 40.131345548943116 ], [ -8.457607103983074, 40.131203959690808 ], [ -8.45748799597615, 40.131052680578712 ], [ -8.457388779686797, 40.130893168566423 ], [ -8.45731041051288, 40.130726959893849 ], [ -8.457253643058607, 40.130555655284283 ], [ -8.457219023872423, 40.130380904527094 ], [ -8.457206886189333, 40.130204390587949 ], [ -8.457217346728084, 40.130027813400268 ], [ -8.45725030457376, 40.129852873493562 ], [ -8.457305442156358, 40.12968125561661 ], [ -8.457382228315607, 40.129514612513205 ], [ -8.457479923422298, 40.129354549006351 ], [ -8.457597586506557, 40.129202606544617 ], [ -8.457734084324233, 40.129060248359046 ], [ -8.4578881022739, 40.128928845373693 ], [ -8.458058157059202, 40.128809663005271 ], [ -8.458242610974569, 40.128703848979022 ], [ -8.458439687676622, 40.128612422278096 ], [ -8.458647489289474, 40.12853626333257 ], [ -8.458864014679211, 40.128476105542724 ], [ -8.459087178721717, 40.128432528217992 ], [ -8.459314832378407, 40.128405950999515 ], [ -8.459544783386773, 40.128396629820095 ], [ -8.459774817366661, 40.128404654440075 ], [ -8.459817281651146, 40.128409367274472 ], [ -8.459916873562538, 40.128405329889652 ], [ -8.460146907610513, 40.128413353770249 ], [ -8.460374809545161, 40.128438646180562 ], [ -8.460598384714196, 40.128480963558971 ], [ -8.460815480121727, 40.128539898396156 ], [ -8.461024005156835, 40.128614883158612 ], [ -8.461221951722047, 40.128705195752538 ], [ -8.461407413568077, 40.128809966476219 ], [ -8.461578604648828, 40.128928186393409 ], [ -8.46173387631994, 40.129058717047542 ], [ -8.461871733215403, 40.129200301423147 ], [ -8.46199084764932, 40.129351576049118 ], [ -8.462090072404116, 40.12951108412711 ], [ -8.462168451781965, 40.129677289559154 ], [ -8.462225230812869, 40.129848591739083 ], [ -8.462248069173993, 40.12996383261671 ], [ -8.462266885868219, 40.1299940808264 ], [ -8.462345266238749, 40.13016028612094 ], [ -8.462368398144738, 40.130230074035033 ], [ -8.462382757069108, 40.130198906632934 ], [ -8.462480441385956, 40.130038838969746 ], [ -8.462598094470499, 40.129886891485341 ], [ -8.462734583174857, 40.129744527459181 ], [ -8.462888592985331, 40.129613117871536 ], [ -8.463058640683926, 40.12949392820272 ], [ -8.463243088633277, 40.129388106248278 ], [ -8.463440160547437, 40.129296671067706 ], [ -8.463647958596599, 40.129220503172725 ], [ -8.463864481681151, 40.129160336049814 ], [ -8.464087644699154, 40.129116749098237 ], [ -8.464315298621885, 40.129090162051888 ], [ -8.464545251184267, 40.129080830938143 ], [ -8.464775287991179, 40.129088845613026 ], [ -8.465003193836615, 40.12911412889617 ], [ -8.465226774030638, 40.129156437313789 ], [ -8.465443875528983, 40.129215363442917 ], [ -8.465652407662098, 40.129290339833844 ], [ -8.465850362264179, 40.129380644473429 ], [ -8.466035833008576, 40.129485407736517 ], [ -8.466207033763521, 40.129603620758708 ], [ -8.466362315791518, 40.129734145149868 ], [ -8.466500183626847, 40.129875723954839 ], [ -8.466619309478284, 40.130026993756132 ], [ -8.466718546018319, 40.130186497801922 ], [ -8.466796937435648, 40.130352700033065 ], [ -8.466853728644343, 40.130523999874235 ], [ -8.46688837256089, 40.130698747646619 ], [ -8.466900535378775, 40.130875260454069 ], [ -8.466890099789634, 40.131051838389446 ], [ -8.46687561014094, 40.131128807012516 ], [ -8.467052453714688, 40.131148421730849 ], [ -8.467276041826443, 40.131190726144979 ], [ -8.467493151552656, 40.131249648378116 ], [ -8.467701692144557, 40.131324621018102 ], [ -8.467899655354902, 40.131414922087878 ], [ -8.468085134774157, 40.131519681996686 ], [ -8.468256344187031, 40.131637891912455 ], [ -8.468411634772666, 40.131768413474944 ], [ -8.468549510982935, 40.131909989756238 ], [ -8.46863827981411, 40.132022702012144 ], [ -8.468774391833874, 40.13202743927306 ], [ -8.469002308929401, 40.132052714627086 ], [ -8.469225901191141, 40.132095015252972 ], [ -8.469443015458646, 40.132153933802719 ], [ -8.469651560939425, 40.132228902899627 ], [ -8.469849529339163, 40.132319200600797 ], [ -8.469985571204569, 40.13239603336568 ], [ -8.469993015584993, 40.132386417548901 ], [ -8.470027613286135, 40.132350325652986 ], [ -8.469930538653186, 40.132268738307019 ], [ -8.469792658858639, 40.13212716369344 ], [ -8.469673522295608, 40.131975897255217 ], [ -8.469574276233887, 40.131816395829894 ], [ -8.469495876358121, 40.131650195555444 ], [ -8.469439077568241, 40.131478897074352 ], [ -8.469404426714503, 40.131304150116954 ], [ -8.469392257336906, 40.13112763761243 ], [ -8.46940268645943, 40.130951059480374 ], [ -8.469435613469702, 40.130776116259462 ], [ -8.469435955108452, 40.130775052285145 ], [ -8.469321960511531, 40.130696346953705 ], [ -8.469166670647198, 40.130565826584842 ], [ -8.469028795896985, 40.130424250999518 ], [ -8.468909664021512, 40.130272983711798 ], [ -8.468810422245426, 40.130113481567449 ], [ -8.468732026212104, 40.129947280711299 ], [ -8.468675230784482, 40.129775981791468 ], [ -8.468640582780449, 40.129601234542534 ], [ -8.468628415712569, 40.12942472189642 ], [ -8.468638846582595, 40.129248143774142 ], [ -8.468671774761336, 40.129073200714224 ], [ -8.468726882964489, 40.12890157749591 ], [ -8.46880364031469, 40.128734926914419 ], [ -8.468901307460127, 40.128574853864812 ], [ -8.469018943700165, 40.128422899887603 ], [ -8.46915541604911, 40.128280528324773 ], [ -8.469309410150741, 40.128149110229174 ], [ -8.469479442938297, 40.128029911163075 ], [ -8.469663876917979, 40.12792407901253 ], [ -8.469860935938328, 40.127832632935217 ], [ -8.47006872229367, 40.127756453547789 ], [ -8.470285234996963, 40.127696274447402 ], [ -8.470508389046211, 40.127652675148639 ], [ -8.470736035499037, 40.127626075504295 ], [ -8.470965982162271, 40.127616731663039 ], [ -8.47111863228197, 40.127622041820345 ], [ -8.471165511883502, 40.127476024587381 ], [ -8.471242261687813, 40.127309372379671 ], [ -8.471339921081633, 40.12714929726603 ], [ -8.471457549438966, 40.126997340806817 ], [ -8.471594013850032, 40.126854966367958 ], [ -8.47174800003504, 40.126723545030003 ], [ -8.471918025003458, 40.126604342386443 ], [ -8.472102451336772, 40.126498506357791 ], [ -8.472299502957142, 40.126407056139087 ], [ -8.472507282230138, 40.126330872386845 ], [ -8.472723788236907, 40.126270688740263 ], [ -8.472946936039925, 40.126227084757723 ], [ -8.473174576756945, 40.126200480337069 ], [ -8.473404518250023, 40.126191131673011 ], [ -8.473634546230617, 40.12619912879056 ], [ -8.473862445577698, 40.126224394678381 ], [ -8.474086021663904, 40.12626668603022 ], [ -8.474303121484541, 40.126325595587389 ], [ -8.474511654386227, 40.126400556059778 ], [ -8.474709612195785, 40.126490845587504 ], [ -8.474895088555716, 40.126595594690926 ], [ -8.475066297280222, 40.126713794642022 ], [ -8.475221589555112, 40.126844307176491 ], [ -8.475359469816043, 40.126985875453379 ], [ -8.475478610152189, 40.127137136156584 ], [ -8.475527155381995, 40.127215146970535 ], [ -8.47551919733406, 40.127099861178898 ], [ -8.47552961005613, 40.126923282440721 ], [ -8.475562519475883, 40.126748337429518 ], [ -8.475617608489676, 40.126576710943269 ], [ -8.47569434640495, 40.126410055808734 ], [ -8.475791994057053, 40.126249976964857 ], [ -8.475909610933053, 40.126098016007958 ], [ -8.476046064233712, 40.125955636347236 ], [ -8.476200039786216, 40.12582420911356 ], [ -8.476370054702402, 40.125704999957215 ], [ -8.476554471660531, 40.125599156861433 ], [ -8.476751514673026, 40.125507699089283 ], [ -8.476959286188318, 40.12543150737006 ], [ -8.47717578536224, 40.125371315419649 ], [ -8.477398927323049, 40.125327702876383 ], [ -8.477626563244739, 40.125301089720587 ], [ -8.47785650103553, 40.125291732231041 ], [ -8.478086526442524, 40.125299720517738 ], [ -8.478314424369472, 40.125324977654387 ], [ -8.478538000202692, 40.125367260418983 ], [ -8.47875510093993, 40.125426161635524 ], [ -8.478963635918991, 40.125501114094213 ], [ -8.47910641421578, 40.125566229486836 ], [ -8.479263114972555, 40.125476287735864 ], [ -8.479460153968555, 40.125384825370091 ], [ -8.479667922051927, 40.125308628804191 ], [ -8.479884418411539, 40.125248431800699 ], [ -8.480107558202732, 40.125204814046654 ], [ -8.480335192620391, 40.125178195572509 ], [ -8.480565129587212, 40.125168832708262 ] ], [ [ -8.460660360774982, 40.138900579976053 ], [ -8.460857463572948, 40.138809149217202 ], [ -8.461065293439528, 40.138732985954249 ], [ -8.461281848968753, 40.138672823629037 ], [ -8.461505044746302, 40.138629241594614 ], [ -8.46173273142804, 40.138602659537504 ], [ -8.461962716433485, 40.138593333437072 ], [ -8.462192785055159, 40.138601353101045 ], [ -8.462420721780745, 40.138626641301016 ], [ -8.462644331622982, 40.138668954515893 ], [ -8.462861461252153, 40.138727885276488 ], [ -8.463070019727835, 40.13880286608854 ], [ -8.463267998630576, 40.138893174896324 ], [ -8.463453491399719, 40.138997942034585 ], [ -8.463624711691395, 40.139116158601638 ], [ -8.463780010579953, 40.139246686173202 ], [ -8.463872334368453, 40.139341487335784 ], [ -8.46390180760579, 40.139310748791488 ], [ -8.464024140860362, 40.139206379327561 ], [ -8.464051459919695, 40.139061310698644 ], [ -8.464106587656312, 40.138889689895741 ], [ -8.464183367383578, 40.138723042573325 ], [ -8.464281059534136, 40.138562973595029 ], [ -8.464398723166497, 40.13841102446213 ], [ -8.464535225031153, 40.138268658469912 ], [ -8.464689250487634, 40.138137246617589 ], [ -8.464859316167235, 40.138018054407233 ], [ -8.46504378425943, 40.13791222965888 ], [ -8.465240878284288, 40.137820791458907 ], [ -8.465448700199092, 40.137744620348073 ], [ -8.465665248674423, 40.137684449843825 ], [ -8.465676736102035, 40.13768220628284 ], [ -8.465660999859832, 40.137662225763741 ], [ -8.465561754791343, 40.137502721052002 ], [ -8.465483358041508, 40.137336518211349 ], [ -8.465426564480097, 40.137165217909001 ], [ -8.465391920906955, 40.136990469892851 ], [ -8.465379760791912, 40.136813957102213 ], [ -8.465390201069692, 40.136637379459444 ], [ -8.465423141020443, 40.136462437498494 ], [ -8.465424229111195, 40.136459049766898 ], [ -8.465420874685266, 40.136410357879228 ], [ -8.46543131480202, 40.136233780221133 ], [ -8.465464254459501, 40.136058838237474 ], [ -8.465519376262799, 40.135887216697135 ], [ -8.465596149203533, 40.135720568379163 ], [ -8.465693833779715, 40.135560498156806 ], [ -8.465811489122816, 40.135408547543292 ], [ -8.465947982063156, 40.135266179848202 ], [ -8.466101998046213, 40.13513476608717 ], [ -8.46627205379451, 40.135015571780627 ], [ -8.466398615588577, 40.134942960895032 ], [ -8.466268024702375, 40.134928476442902 ], [ -8.466150358990166, 40.134906213513823 ], [ -8.466057546499302, 40.135026081839413 ], [ -8.465921054265403, 40.135168449666665 ], [ -8.465767037856551, 40.135299863188031 ], [ -8.465596980515585, 40.135419056753555 ], [ -8.46541252000258, 40.135524882397931 ], [ -8.465215432821742, 40.135616320898563 ], [ -8.46500761711083, 40.135692491593616 ], [ -8.464791074357963, 40.135752660865627 ], [ -8.464567890122007, 40.13579624920861 ], [ -8.464340213942343, 40.135822836810696 ], [ -8.464110238631758, 40.135832167598295 ], [ -8.463880179152033, 40.135824151703176 ], [ -8.46365225127599, 40.135798866328059 ], [ -8.463428650241672, 40.135756555003034 ], [ -8.463211529604559, 40.135697625239537 ], [ -8.46300298049167, 40.135622644604517 ], [ -8.462805011457625, 40.135532335253011 ], [ -8.462619529136838, 40.135427566971359 ], [ -8.462448319878328, 40.135309348798501 ], [ -8.462293032540188, 40.135178819305963 ], [ -8.462155162609431, 40.135037235630236 ], [ -8.46208201864094, 40.134944351629201 ], [ -8.461974309393518, 40.134915116037511 ], [ -8.461939203503148, 40.134902493685203 ], [ -8.461910583997254, 40.134939452151272 ], [ -8.461774083248208, 40.135081815126959 ], [ -8.461620059008119, 40.135213223166261 ], [ -8.461449994595274, 40.135332410672035 ], [ -8.461265527837876, 40.135438229737325 ], [ -8.461068435300298, 40.135529661202888 ], [ -8.46086061517191, 40.135605824474645 ], [ -8.460644068983402, 40.13566598600665 ], [ -8.460420882326737, 40.135709566367481 ], [ -8.460392326234457, 40.135712900078531 ], [ -8.460399406833615, 40.13581579151046 ], [ -8.460388953746067, 40.135992368779533 ], [ -8.460356001094759, 40.136167309373484 ], [ -8.46030086606374, 40.136338928500656 ], [ -8.460224079478225, 40.136505573344799 ], [ -8.460126380698417, 40.136665638983828 ], [ -8.460008710504324, 40.136817583847616 ], [ -8.459872202039854, 40.136959944566122 ], [ -8.459718169903267, 40.137091350064686 ], [ -8.459548097488915, 40.137210534770631 ], [ -8.459363622702075, 40.137316350803971 ], [ -8.459166522184459, 40.137407779034632 ], [ -8.458958694202314, 40.137483938899727 ], [ -8.458742140361981, 40.13754409688611 ], [ -8.458518946329137, 40.137587673596471 ], [ -8.45829126173755, 40.137614249330987 ], [ -8.458061279481042, 40.137623568130401 ], [ -8.457967972919603, 40.137620312344922 ], [ -8.457967738487817, 40.137621556642344 ], [ -8.457912596290162, 40.137793174617769 ], [ -8.457835802246809, 40.137959817866026 ], [ -8.457738095789786, 40.138119881480357 ], [ -8.45762041777304, 40.138271823910173 ], [ -8.457483901415822, 40.138414181808834 ], [ -8.457329861392418, 40.138545584128863 ], [ -8.457301034814668, 40.138565783973959 ], [ -8.457249622139148, 40.138725787304274 ], [ -8.457172825438629, 40.138892430096554 ], [ -8.457075116101047, 40.139052493137136 ], [ -8.457006257268569, 40.139141399028439 ], [ -8.457052766184001, 40.139158122695186 ], [ -8.457131187146397, 40.139193900100025 ], [ -8.457212264607179, 40.139124738831072 ], [ -8.457382345875718, 40.139005557560012 ], [ -8.457566828307687, 40.138899744683506 ], [ -8.457763935285115, 40.138808319173592 ], [ -8.457971768640585, 40.13873216144885 ], [ -8.458188326934547, 40.138672004897792 ], [ -8.458411524726069, 40.13862842881791 ], [ -8.458639212651628, 40.138601852838356 ], [ -8.458869198118769, 40.138592532879983 ], [ -8.459099266415574, 40.13860055869138 ], [ -8.459327202032846, 40.138625852984944 ], [ -8.459550809993999, 40.138668172180907 ], [ -8.459767936987415, 40.138727108752505 ], [ -8.45997649209805, 40.138802095149494 ], [ -8.460174466938836, 40.138892409262411 ], [ -8.46035995498822, 40.138997181374883 ], [ -8.460424972523745, 40.139042075010984 ], [ -8.46047588317281, 40.139006397761634 ], [ -8.460660360774982, 40.138900579976053 ] ], [ [ -8.47718170820224, 40.129029638429962 ], [ -8.477318164656657, 40.128887257329083 ], [ -8.477361402048395, 40.128850352256407 ], [ -8.477193166074095, 40.128818535305037 ], [ -8.476976055850724, 40.128759631234665 ], [ -8.47676751304604, 40.128684675271892 ], [ -8.476569546153945, 40.12859438933409 ], [ -8.47638406178827, 40.128489642982089 ], [ -8.476212846317805, 40.128371445043612 ], [ -8.476057548660554, 40.128240933895263 ], [ -8.475919664402998, 40.128099366496869 ], [ -8.475800521397366, 40.127948106283668 ], [ -8.475751975328512, 40.127870095597672 ], [ -8.475759933868639, 40.127985381355941 ], [ -8.475749521600131, 40.128161960080575 ], [ -8.475716612004137, 40.128336905103019 ], [ -8.475661521850098, 40.128508531589027 ], [ -8.475584781531047, 40.128675186651527 ], [ -8.475487129961614, 40.128835265270098 ], [ -8.4753695074671, 40.128987225749654 ], [ -8.475233046731987, 40.129129604569805 ], [ -8.4750790618948, 40.129261030481608 ], [ -8.474909035894271, 40.1293802377158 ], [ -8.474748835409319, 40.12947217355363 ], [ -8.474779836746791, 40.129498227223898 ], [ -8.474874240343231, 40.129508691779193 ], [ -8.475097827817718, 40.12955098110622 ], [ -8.475314938967418, 40.129609888685955 ], [ -8.475523483029876, 40.12968484724729 ], [ -8.475721451724457, 40.129775134948794 ], [ -8.475780548305941, 40.129808507794941 ], [ -8.475954390572504, 40.129788187541187 ], [ -8.476184343731585, 40.129778833314653 ], [ -8.476414384095737, 40.129786824853866 ], [ -8.476642296424703, 40.129812085201195 ], [ -8.476804009003601, 40.129842668801658 ], [ -8.476834614182467, 40.129679963346135 ], [ -8.476889702306831, 40.12950833634526 ], [ -8.476966440355239, 40.129341680451496 ], [ -8.477064089161734, 40.129181600611091 ], [ -8.47718170820224, 40.129029638429962 ] ], [ [ -8.481192169781425, 40.129155615024843 ], [ -8.481224016091319, 40.128986250594949 ], [ -8.481279092613113, 40.12881462153473 ], [ -8.481346246936777, 40.128668754749896 ], [ -8.481264216679877, 40.128691563429491 ], [ -8.481041066258754, 40.128735183431104 ], [ -8.480813420271126, 40.128761803325496 ], [ -8.480809631546332, 40.12876195760407 ], [ -8.480945846215022, 40.128876418388423 ], [ -8.481083742438594, 40.129017979732751 ], [ -8.481192169781425, 40.129155615024843 ] ], [ [ -8.46231102749754, 40.131411256618016 ], [ -8.462287895241477, 40.131341468708094 ], [ -8.462273536036809, 40.131372636093417 ], [ -8.4621800632594, 40.131525798736355 ], [ -8.462349445348964, 40.131492719777377 ], [ -8.46231102749754, 40.131411256618016 ] ] ], [ [ [ -8.477403281406771, 40.175058722412118 ], [ -8.477611202834185, 40.174982529545638 ], [ -8.477827858499706, 40.174922336233791 ], [ -8.478051162024819, 40.174878722127971 ], [ -8.478278963027943, 40.174852107223451 ], [ -8.478509067827892, 40.174842747815859 ], [ -8.478739260563801, 40.174850734033619 ], [ -8.478967324528393, 40.174875988970363 ], [ -8.479191063509363, 40.174918269425326 ], [ -8.479408322933645, 40.174977168244801 ], [ -8.479617010611143, 40.175052118242135 ], [ -8.479815116878404, 40.175142397658391 ], [ -8.480000733948433, 40.175247137111448 ], [ -8.480172074280476, 40.175365327966269 ], [ -8.480327487792977, 40.175495832046302 ], [ -8.480465477753999, 40.175637392592108 ], [ -8.48058471519616, 40.175788646362186 ], [ -8.480684051717173, 40.175948136759189 ], [ -8.480762530542679, 40.176114327855551 ], [ -8.480819395744721, 40.176285619183282 ], [ -8.480854099526875, 40.176460361145644 ], [ -8.480866307505741, 40.176636870902549 ], [ -8.480855901937641, 40.176813448576283 ], [ -8.480822982859257, 40.176988393622068 ], [ -8.480767867130934, 40.177160021205424 ], [ -8.480765350130987, 40.177165484448082 ], [ -8.480756090195252, 40.177214694909473 ], [ -8.480700974119165, 40.177386322455746 ], [ -8.480624191964765, 40.17755297962988 ], [ -8.480526483049218, 40.177713061391039 ], [ -8.480408788249806, 40.177865026013812 ], [ -8.480272240947107, 40.178007409937806 ], [ -8.480118156113178, 40.178138841864829 ], [ -8.479948017649699, 40.178258055967582 ], [ -8.47976346409793, 40.178363904082843 ], [ -8.479566272858102, 40.178455366771502 ], [ -8.479358343070212, 40.178531563138691 ], [ -8.479141677321161, 40.17859175931958 ], [ -8.478918362354561, 40.178635375548936 ], [ -8.47869054896908, 40.178661991746225 ], [ -8.478460431299201, 40.178671351562421 ], [ -8.478230225678072, 40.178663364849626 ], [ -8.47800214928631, 40.178638108529491 ], [ -8.477778398792641, 40.178595825852312 ], [ -8.477561129192292, 40.178536924053574 ], [ -8.477352433047233, 40.178461970430952 ], [ -8.477154320328403, 40.178371686879387 ], [ -8.476968699054236, 40.178266942936816 ], [ -8.476797356912162, 40.178148747407853 ], [ -8.476641944040148, 40.178018238646054 ], [ -8.476503957134227, 40.177876673588351 ], [ -8.476384725035068, 40.177725415647565 ], [ -8.476285395932383, 40.177565921579522 ], [ -8.476206926310335, 40.177399727451409 ], [ -8.476150071740266, 40.177228433846622 ], [ -8.476115379609299, 40.177053690448638 ], [ -8.47610318385459, 40.176877180152367 ], [ -8.476113601753747, 40.176700602856201 ], [ -8.476146532802087, 40.17652565909075 ], [ -8.476201659687245, 40.176354033642028 ], [ -8.476204177024378, 40.176348570496422 ], [ -8.47621344013767, 40.176299360378479 ], [ -8.476268566674957, 40.176127734892638 ], [ -8.476345357924107, 40.175961080528189 ], [ -8.476443074206493, 40.175801002216552 ], [ -8.476560774347954, 40.175649041548859 ], [ -8.476697324747146, 40.175506661931387 ], [ -8.476851410296012, 40.175375234494545 ], [ -8.477021547047011, 40.175256024890395 ], [ -8.477206096505101, 40.175150181106389 ], [ -8.477403281406771, 40.175058722412118 ] ] ], [ [ [ -8.480035541341062, 40.241641436033134 ], [ -8.48023291454081, 40.241549972775871 ], [ -8.480441035501311, 40.241473774860708 ], [ -8.480657900013668, 40.241413576062975 ], [ -8.480881419688487, 40.241369956086793 ], [ -8.481109442063055, 40.241343334983874 ], [ -8.481339771324805, 40.24133396910949 ], [ -8.481570189451764, 40.241341948654323 ], [ -8.481798477566596, 40.241367196776281 ], [ -8.482022437298875, 40.241409470340251 ], [ -8.482239911950108, 40.241468362258935 ], [ -8.482448807257907, 40.241543305412264 ], [ -8.48264711155962, 40.241633578107319 ], [ -8.482832915161371, 40.241738311026801 ], [ -8.483004428726197, 40.24185649559881 ], [ -8.483160000504293, 40.241986993707407 ], [ -8.483298132239513, 40.242128548650825 ], [ -8.483417493598962, 40.242279797241686 ], [ -8.48351693498671, 40.242439282932644 ], [ -8.483595498618129, 40.2426054698416 ], [ -8.48365242774809, 40.242776757540994 ], [ -8.483687173964016, 40.242951496469139 ], [ -8.483699402473285, 40.24312800381518 ], [ -8.483688995333928, 40.243304579724672 ], [ -8.483656052597176, 40.243479523669833 ], [ -8.483600891350646, 40.243651150826715 ], [ -8.483524042671112, 40.243817808301714 ], [ -8.48342624651595, 40.243977891051024 ], [ -8.483308444602217, 40.244129857339573 ], [ -8.483171771341762, 40.244272243590807 ], [ -8.483017542919493, 40.24440367848397 ], [ -8.482847244619835, 40.244522896163041 ], [ -8.482662516523394, 40.244628748430209 ], [ -8.482465137711506, 40.244720215806232 ], [ -8.482257009130837, 40.244796417350933 ], [ -8.482040135283127, 40.244856619149516 ], [ -8.481816604916514, 40.244900241382524 ], [ -8.481588570904599, 40.24492686391153 ], [ -8.48135822950716, 40.244936230326452 ], [ -8.481127799212542, 40.244928250415846 ], [ -8.480899499365675, 40.244903001035851 ], [ -8.48067552878784, 40.244860725369932 ], [ -8.480458044594322, 40.244801830586127 ], [ -8.480249141414207, 40.244726883914673 ], [ -8.480050831212683, 40.244636607183651 ], [ -8.479865023910351, 40.244531869865455 ], [ -8.479693508986381, 40.244413680701058 ], [ -8.479537938242812, 40.244283177982837 ], [ -8.479399809896034, 40.244141618589744 ], [ -8.479280454148725, 40.24399036588013 ], [ -8.479181020381144, 40.243830876559635 ], [ -8.479102466085083, 40.243664686649822 ], [ -8.479045547646912, 40.243493396693601 ], [ -8.479010813068335, 40.243318656339369 ], [ -8.478998596694753, 40.243142148452797 ], [ -8.47900901600177, 40.242965572909078 ], [ -8.479041970470558, 40.242790630221961 ], [ -8.479097142562644, 40.242619005167029 ], [ -8.479174000784461, 40.242452350557123 ], [ -8.479271804811935, 40.242292271325958 ], [ -8.479389612625482, 40.242140309073385 ], [ -8.47952628958652, 40.241997927220844 ], [ -8.479680519367934, 40.241866496920096 ], [ -8.479850816633062, 40.241747283850636 ], [ -8.480035541341062, 40.241641436033134 ] ] ], [ [ [ -8.48241813988882, 40.255036798703436 ], [ -8.482626299574548, 40.254960596872031 ], [ -8.48284320508375, 40.254900393945945 ], [ -8.483066767632291, 40.254856769669004 ], [ -8.48329483434466, 40.254830144134345 ], [ -8.483525208981398, 40.254820773739894 ], [ -8.483755673083664, 40.254828748719838 ], [ -8.483984007331475, 40.254853992276061 ], [ -8.484208012910239, 40.254896261317398 ], [ -8.484425532680042, 40.254955148800157 ], [ -8.484634471944087, 40.255030087646958 ], [ -8.484832818616487, 40.255120356206412 ], [ -8.48501866259538, 40.255225085201054 ], [ -8.485190214154999, 40.255343266096794 ], [ -8.48534582117966, 40.255473760813153 ], [ -8.485483985073774, 40.255615312681073 ], [ -8.485603375194721, 40.255766558542788 ], [ -8.485702841669539, 40.255926041877323 ], [ -8.485781426471934, 40.256092226825245 ], [ -8.485838372652813, 40.256263512977952 ], [ -8.485873131635282, 40.256438250788641 ], [ -8.485885368503675, 40.256614757457257 ], [ -8.485874965235391, 40.256791333135887 ], [ -8.48584202184427, 40.256966277298957 ], [ -8.485786855424108, 40.257137905120459 ], [ -8.485709997101393, 40.257304563700359 ], [ -8.485612186926272, 40.257464647984179 ], [ -8.485494366750725, 40.257616616222066 ], [ -8.48535767116241, 40.257759004818666 ], [ -8.485203416561209, 40.257890442430622 ], [ -8.485033088483645, 40.25800966317567 ], [ -8.48484832729709, 40.258115518826479 ], [ -8.484650912401577, 40.258206989871148 ], [ -8.48444274509132, 40.258283195334151 ], [ -8.484225830241106, 40.258343401262934 ], [ -8.484002256994035, 40.258387027798243 ], [ -8.483774178636764, 40.258413654760183 ], [ -8.483543791856253, 40.258423025695961 ], [ -8.483313315578021, 40.258415050350578 ], [ -8.483084969589974, 40.258389805536225 ], [ -8.482860953157868, 40.258347534392385 ], [ -8.482643423838706, 40.25828864404356 ], [ -8.482434476696261, 40.258213701677278 ], [ -8.482236124119185, 40.258123429080179 ], [ -8.482050276436253, 40.258018695684875 ], [ -8.481878723515571, 40.257900510194588 ], [ -8.481723117525137, 40.257770010866373 ], [ -8.481584957020786, 40.257628454546492 ], [ -8.481465572514878, 40.257477204563806 ], [ -8.481366113664588, 40.257317717597658 ], [ -8.481287538203206, 40.257151529647039 ], [ -8.481230602720856, 40.256980241235972 ], [ -8.481195855383289, 40.256805501998002 ], [ -8.48118363065867, 40.256628994788066 ], [ -8.481194046102916, 40.256452419474861 ], [ -8.481227001234277, 40.256277476569934 ], [ -8.481282178507781, 40.256105850850936 ], [ -8.481359046379852, 40.255939195137096 ], [ -8.481456864433376, 40.255779114372757 ], [ -8.481574690513598, 40.255627150172529 ], [ -8.481711389805955, 40.255484765976568 ], [ -8.481865645768215, 40.255353332959167 ], [ -8.482035972811556, 40.255234116825982 ], [ -8.482220730608345, 40.255128265627135 ], [ -8.48241813988882, 40.255036798703436 ] ] ], [ [ [ -8.466960567971354, 40.147536531379814 ], [ -8.467158577413111, 40.147626833275687 ], [ -8.467344099962858, 40.147731593902733 ], [ -8.467515348989972, 40.14784980442198 ], [ -8.467670675292094, 40.147980326467419 ], [ -8.467808582977117, 40.148121903106521 ], [ -8.467927743870002, 40.14827317094273 ], [ -8.468027010305706, 40.148432673243157 ], [ -8.468105426184923, 40.148598873965511 ], [ -8.468162236186027, 40.148770172549035 ], [ -8.468196893044382, 40.148944919327057 ], [ -8.468209062828693, 40.149121431413015 ], [ -8.468198628163345, 40.149298008906726 ], [ -8.468165689365494, 40.149472951265089 ], [ -8.468110563485647, 40.149644573679517 ], [ -8.468033781260758, 40.149811223302081 ], [ -8.46793608200891, 40.149971295164683 ], [ -8.467818406514544, 40.150123247637254 ], [ -8.467681887972509, 40.150265617276467 ], [ -8.467527841078036, 40.150397032921738 ], [ -8.467357749367535, 40.150516228902617 ], [ -8.467173250932074, 40.150622057230507 ], [ -8.4669761226411, 40.150713498656927 ], [ -8.466768263028333, 40.15078967249184 ], [ -8.466672899406008, 40.15081616640289 ], [ -8.466620760055987, 40.150835273645392 ], [ -8.466404170755778, 40.150895445965801 ], [ -8.466180938080631, 40.150939037500486 ], [ -8.465953212036538, 40.15096562840678 ], [ -8.465723185916628, 40.150974962579326 ], [ -8.465493075172141, 40.15096695011723 ], [ -8.465265096069732, 40.150941668190164 ], [ -8.465041444340919, 40.150899360295028 ], [ -8.464824274029514, 40.150840433910211 ], [ -8.46461567674104, 40.150765456570177 ], [ -8.464417661494167, 40.1506751503982 ], [ -8.464232135368434, 40.150570385150083 ], [ -8.464060885134781, 40.15045216983556 ], [ -8.463905560045937, 40.150321642998655 ], [ -8.463767655952473, 40.150180061750333 ], [ -8.463648500897513, 40.150028789659238 ], [ -8.463549242328824, 40.149869283617406 ], [ -8.463470836051377, 40.149703079807253 ], [ -8.463414037026601, 40.149531778905356 ], [ -8.463379392106862, 40.149357030665371 ], [ -8.463367234774847, 40.149180518028793 ], [ -8.463377681938367, 40.149003940916486 ], [ -8.463410632811151, 40.148828999857265 ], [ -8.463465769890181, 40.148657379611052 ], [ -8.463542562019866, 40.148490732944396 ], [ -8.463640269513339, 40.148330664714663 ], [ -8.463757951281305, 40.148178716415849 ], [ -8.463894473899558, 40.148036351335215 ], [ -8.464048522527737, 40.147904940463143 ], [ -8.464218613573982, 40.147785749292268 ], [ -8.464403108983477, 40.147679925632588 ], [ -8.464600232013245, 40.147588488559954 ], [ -8.464808084341273, 40.147512318604278 ], [ -8.464903444087113, 40.147485826229619 ], [ -8.464955581369072, 40.147466719757716 ], [ -8.465172161096524, 40.147406550150038 ], [ -8.465395382881281, 40.147362960577667 ], [ -8.465623097128802, 40.147336370799707 ], [ -8.465853110993194, 40.147327036869811 ], [ -8.466083209489124, 40.147335048671138 ], [ -8.466311176816651, 40.147360329050969 ], [ -8.46653481769388, 40.147402634563527 ], [ -8.466751978492287, 40.147461557813777 ], [ -8.466960567971354, 40.147536531379814 ] ] ], [ [ [ -8.462613319475148, 40.151140270463628 ], [ -8.462821184846796, 40.151064104068787 ], [ -8.463037777889515, 40.151003938437093 ], [ -8.463261012827783, 40.150960352953419 ], [ -8.463488739940416, 40.150933767337499 ], [ -8.463718766257664, 40.15092443760296 ], [ -8.463948876674293, 40.150932453592503 ], [ -8.464176855275587, 40.150957738113092 ], [ -8.464400506671112, 40.151000047679112 ], [ -8.464617677131063, 40.151058974856483 ], [ -8.464826275321894, 40.151133952185482 ], [ -8.465024292441745, 40.151224257643953 ], [ -8.465209821561976, 40.151329021598926 ], [ -8.465381075988676, 40.151447235179376 ], [ -8.465536406467482, 40.151577759989827 ], [ -8.465674317066039, 40.151719339071143 ], [ -8.465793479581231, 40.151870609003247 ], [ -8.465892746332367, 40.152030113033057 ], [ -8.465971161217064, 40.152196315101662 ], [ -8.466027968923246, 40.15236761463531 ], [ -8.466062622208344, 40.152542361958162 ], [ -8.466074787175438, 40.152718874178433 ], [ -8.466069960294474, 40.152800508546704 ], [ -8.46607913258163, 40.152846761593025 ], [ -8.466091297651198, 40.153023273801871 ], [ -8.466080856972622, 40.153199851010264 ], [ -8.466047910920937, 40.153374792677901 ], [ -8.465992776616478, 40.153546414002747 ], [ -8.465915984877308, 40.153713062147396 ], [ -8.465818275113122, 40.15387313215799 ], [ -8.465700588209589, 40.154025082422258 ], [ -8.465564057471429, 40.154167449518134 ], [ -8.465409997711333, 40.154298862309517 ], [ -8.465239892589626, 40.154418055153442 ], [ -8.465055380326547, 40.154523880091503 ], [ -8.464858237924735, 40.154615317907854 ], [ -8.464650364053837, 40.154691487947218 ], [ -8.464433760762194, 40.154751656598428 ], [ -8.464210514191816, 40.154795244361438 ], [ -8.463982774482549, 40.154821831429921 ], [ -8.463752735059161, 40.154831161735459 ], [ -8.463522611501045, 40.154823145414419 ], [ -8.463294620198296, 40.154797859673643 ], [ -8.46307095699995, 40.154755548046786 ], [ -8.462853776060305, 40.15469661804817 ], [ -8.462645169087256, 40.154621637247047 ], [ -8.462447145192757, 40.154531327800093 ], [ -8.462261611539624, 40.154426559494617 ], [ -8.462090354971297, 40.154308341369827 ], [ -8.461935024801495, 40.154177811996796 ], [ -8.461797116929707, 40.154036228510975 ], [ -8.461677959435422, 40.153884954502502 ], [ -8.461578699789877, 40.153725446881936 ], [ -8.461500293808374, 40.153559241846871 ], [ -8.461443496449462, 40.153387940085658 ], [ -8.461408854549427, 40.15321319136028 ], [ -8.461396701561839, 40.153036678616857 ], [ -8.46140153405441, 40.152955044424232 ], [ -8.461392364922945, 40.15290879099561 ], [ -8.461380212037646, 40.152732278240777 ], [ -8.461390664829844, 40.152555701393432 ], [ -8.461423622459028, 40.152380760979824 ], [ -8.461478767357088, 40.152209141753644 ], [ -8.461555568293106, 40.152042496471623 ], [ -8.461653285495396, 40.151882429977739 ], [ -8.461770977781145, 40.151730483749304 ], [ -8.461907511624856, 40.151588121053621 ], [ -8.462061572078065, 40.151456712858078 ], [ -8.462231675435039, 40.151337524629547 ], [ -8.462416183522416, 40.151231704149652 ], [ -8.462613319475148, 40.151140270463628 ] ] ], [ [ [ -8.469612611665353, 40.248371159820458 ], [ -8.469821514479797, 40.248446125646645 ], [ -8.470019822366886, 40.248536419856769 ], [ -8.470205625598171, 40.248641172926355 ], [ -8.470377134840192, 40.24875937608946 ], [ -8.470532698384698, 40.248889891051135 ], [ -8.470670818054748, 40.249031460947336 ], [ -8.47079016363354, 40.249182722446648 ], [ -8.470889585677019, 40.249342218877445 ], [ -8.470968126586746, 40.249508414254137 ], [ -8.471025029836316, 40.249679708067625 ], [ -8.471059747262295, 40.249854450697306 ], [ -8.471071944349246, 40.250030959296609 ], [ -8.471061503457744, 40.250207533999003 ], [ -8.471028524964012, 40.250382474288273 ], [ -8.470973326299999, 40.250554095375641 ], [ -8.470896438902816, 40.250720744425905 ], [ -8.470798603102711, 40.250880816476311 ], [ -8.470680760998572, 40.251032769894834 ], [ -8.470544047389351, 40.251175141228799 ], [ -8.470389778848594, 40.251306559301092 ], [ -8.470219441047174, 40.251425758417689 ], [ -8.470034674446209, 40.251531590559502 ], [ -8.46983725849795, 40.251623036441089 ], [ -8.469830496527679, 40.251625511034106 ], [ -8.46982267171896, 40.251629992951251 ], [ -8.469625255197835, 40.251721438471961 ], [ -8.469417090665615, 40.251797616979751 ], [ -8.469200182970376, 40.251857794781671 ], [ -8.468976621186332, 40.251901392289412 ], [ -8.468748558489745, 40.251927989602692 ], [ -8.468518191416729, 40.251937330554306 ], [ -8.468287738702966, 40.251929325178082 ], [ -8.468059419909352, 40.25190405057544 ], [ -8.467835434039667, 40.251861750172836 ], [ -8.467617938356483, 40.25180283137658 ], [ -8.467409027599533, 40.25172786164817 ], [ -8.46721071380694, 40.251637563037811 ], [ -8.467024906933846, 40.251532805228635 ], [ -8.466853396455228, 40.251414597158984 ], [ -8.46669783413023, 40.25128407730336 ], [ -8.466559718094075, 40.251142502705697 ], [ -8.466440378430782, 40.250991236870846 ], [ -8.46634096436561, 40.250831736630794 ], [ -8.466262433200496, 40.250665538112294 ], [ -8.466205541098946, 40.250494241941098 ], [ -8.466170835808931, 40.250319497825451 ], [ -8.466158651393703, 40.250142988667179 ], [ -8.46616910502102, 40.249966414353693 ], [ -8.466202095841476, 40.249791475386871 ], [ -8.466257305966474, 40.249619856506392 ], [ -8.46633420353616, 40.249453210465582 ], [ -8.466432047847521, 40.249293142115597 ], [ -8.466549896493042, 40.249141192951434 ], [ -8.466686614440956, 40.248998826268476 ], [ -8.466840884969489, 40.24886741307234 ], [ -8.467011222349637, 40.248748218877779 ], [ -8.467195986154319, 40.248642391523688 ], [ -8.467393397055993, 40.248550950121249 ], [ -8.467400158810801, 40.248548475670184 ], [ -8.467407983426979, 40.248543993915241 ], [ -8.467605393755903, 40.248452552151925 ], [ -8.467813550119617, 40.248376376892132 ], [ -8.468030447968378, 40.248316201692994 ], [ -8.468253998591845, 40.248272606031399 ], [ -8.468482049229348, 40.248246009724951 ], [ -8.468712403796214, 40.248236668890122 ], [ -8.46894284402684, 40.24824467347652 ], [ -8.46917115083107, 40.248269946400903 ], [ -8.469395125658528, 40.24831224428938 ], [ -8.469612611665353, 40.248371159820458 ] ] ], [ [ [ -8.461312071673815, 40.250869924982275 ], [ -8.461509497013898, 40.250778493594581 ], [ -8.461717667394369, 40.250702329274219 ], [ -8.461934578130538, 40.250642165472989 ], [ -8.462158140387997, 40.25059858155803 ], [ -8.462386201294068, 40.250571997233827 ], [ -8.462616564665222, 40.250562668501487 ], [ -8.462847012151084, 40.250570685194056 ], [ -8.463075324591649, 40.250595970111782 ], [ -8.463299303382263, 40.250638279765226 ], [ -8.463516791640902, 40.25069720671965 ], [ -8.463725694974125, 40.25077218351759 ], [ -8.463726293331037, 40.250772455997435 ], [ -8.46374559462212, 40.250779383331746 ], [ -8.463943901337228, 40.250869687921963 ], [ -8.464074965247109, 40.250943587860981 ], [ -8.464092080425866, 40.250944183051246 ], [ -8.464320394569057, 40.250969465504127 ], [ -8.464544375351398, 40.251011772737101 ], [ -8.464761865871688, 40.251070697338726 ], [ -8.464970771714713, 40.25114567187417 ], [ -8.465169081116318, 40.251235974348397 ], [ -8.465354884333449, 40.25134073515737 ], [ -8.465526392032766, 40.251458945460591 ], [ -8.465681952520837, 40.251589466894401 ], [ -8.465820067650126, 40.251731042532391 ], [ -8.465939407247523, 40.251882308987874 ], [ -8.466038821926535, 40.252041809541488 ], [ -8.466117354159607, 40.252208008167948 ], [ -8.466174247503856, 40.252379304326801 ], [ -8.46620895389121, 40.252554048374869 ], [ -8.466221138912498, 40.252730557451933 ], [ -8.466210685044471, 40.252907131686804 ], [ -8.466177692788307, 40.253082070567771 ], [ -8.466122479708474, 40.253253689319607 ], [ -8.466045577380912, 40.253420335129562 ], [ -8.46594772627966, 40.25358040306611 ], [ -8.465829868650973, 40.253732351536769 ], [ -8.465693139443326, 40.253874717136554 ], [ -8.465538855380521, 40.254006128743534 ], [ -8.465368502282937, 40.254125320725919 ], [ -8.465183720759041, 40.254231145133382 ], [ -8.464986290404838, 40.254322582754938 ], [ -8.464903952138851, 40.254352709579429 ], [ -8.464863410978083, 40.254478713588242 ], [ -8.464786504190116, 40.25464535854416 ], [ -8.464688648370201, 40.254805425401152 ], [ -8.464570785810038, 40.254957372577174 ], [ -8.464434051505599, 40.255099736679647 ], [ -8.464279762229769, 40.255231146601083 ], [ -8.464109403853143, 40.255350336725918 ], [ -8.463924617035037, 40.255456159121714 ], [ -8.463727181422454, 40.255547594596848 ], [ -8.46351899850924, 40.255623762518425 ], [ -8.463302073320543, 40.255683929295436 ], [ -8.463239038401245, 40.2556962178828 ], [ -8.463225506543221, 40.255703967033732 ], [ -8.463060395444314, 40.255780430927466 ], [ -8.463082997753217, 40.255828266845398 ], [ -8.463139886550691, 40.255999564407169 ], [ -8.463174587052132, 40.256174309279601 ], [ -8.463186764905032, 40.256350818594498 ], [ -8.463176302655135, 40.256527392478425 ], [ -8.463143300884315, 40.256702330422996 ], [ -8.463088077248644, 40.256873947661987 ], [ -8.463011163425703, 40.257040591397242 ], [ -8.462913300000224, 40.257200656717167 ], [ -8.462795429337147, 40.257352602054482 ], [ -8.462788300202812, 40.257360024164043 ], [ -8.462775223785584, 40.257429337628125 ], [ -8.462719998640221, 40.257600954675951 ], [ -8.462643083101543, 40.257767598152491 ], [ -8.462545217770808, 40.257927663148614 ], [ -8.462427345031301, 40.258079608100218 ], [ -8.462290599977027, 40.258221969636146 ], [ -8.462136299484403, 40.25835337667359 ], [ -8.461965929532061, 40.258472563624792 ], [ -8.461781130890813, 40.258578382587821 ], [ -8.461583683321544, 40.258669814404136 ], [ -8.46137548843328, 40.258745978476064 ], [ -8.461158551366518, 40.258806141249693 ], [ -8.461059685151328, 40.258825412264201 ], [ -8.461064789822974, 40.258833602502591 ], [ -8.461143317874281, 40.258999804326322 ], [ -8.461200204497084, 40.259171102756497 ], [ -8.461234901687963, 40.259345848128021 ], [ -8.461241715681538, 40.259444648123086 ], [ -8.461291723253414, 40.259467419035936 ], [ -8.461477543134897, 40.259572185855198 ], [ -8.461649065006556, 40.259690401680501 ], [ -8.461804637038455, 40.259820928094975 ], [ -8.46194276097185, 40.259962508124303 ], [ -8.462062106548796, 40.260113778339509 ], [ -8.462161524325161, 40.260273281985036 ], [ -8.462240056743491, 40.260439483005804 ], [ -8.462296947359052, 40.260610780838356 ], [ -8.462331648129965, 40.260785525823337 ], [ -8.462343824701083, 40.260962035091531 ], [ -8.462333359630453, 40.261138608769897 ], [ -8.46232391732733, 40.261188654565679 ], [ -8.462442792074132, 40.261310499809255 ], [ -8.462562141150313, 40.261461769459622 ], [ -8.462661562092741, 40.261621272625796 ], [ -8.462740097313468, 40.26178747325735 ], [ -8.46279699034076, 40.261958770794578 ], [ -8.462831693109509, 40.262133515580985 ], [ -8.462843871245312, 40.262310024749226 ], [ -8.462833407291141, 40.262486598427273 ], [ -8.462800401845227, 40.262661536108709 ], [ -8.462745172598991, 40.26283315302986 ], [ -8.462739098858545, 40.262846311293934 ], [ -8.462686178057373, 40.263010754140701 ], [ -8.462609256399155, 40.263177397463487 ], [ -8.462511383279756, 40.263337462312535 ], [ -8.462463679807884, 40.263398950062403 ], [ -8.462492763986258, 40.2633977724864 ], [ -8.462723255016982, 40.263405789234113 ], [ -8.462951610589698, 40.263431074167855 ], [ -8.463175631684475, 40.263473383798065 ], [ -8.463393161011975, 40.263532310690238 ], [ -8.463602103783323, 40.263607287387508 ], [ -8.463800447878796, 40.263697591874063 ], [ -8.46398628322126, 40.263802354526476 ], [ -8.464157820168012, 40.263920566486568 ], [ -8.46431340674396, 40.264051089374718 ], [ -8.464451544550304, 40.264192666250551 ], [ -8.464570903195503, 40.264343933715502 ], [ -8.464670333109563, 40.264503435040481 ], [ -8.464748876618135, 40.264669634192813 ], [ -8.464805777169655, 40.264840930626988 ], [ -8.464840486626535, 40.265015674697203 ], [ -8.464852670549945, 40.265192183543007 ], [ -8.464842211427094, 40.265368757295455 ], [ -8.464809209809657, 40.265543695447469 ], [ -8.464753983352157, 40.265715313230807 ], [ -8.46467706375927, 40.265881957842069 ], [ -8.464579191671234, 40.266042024361205 ], [ -8.464461309536354, 40.266193971209404 ], [ -8.46432455253907, 40.266336334997241 ], [ -8.464170237670784, 40.266467744620236 ], [ -8.463999851048548, 40.266586934465664 ], [ -8.46381503360371, 40.266692756603724 ], [ -8.463617565278255, 40.266784191845289 ], [ -8.463409347881115, 40.266860359559651 ], [ -8.463192386769599, 40.266920526157826 ], [ -8.462968771532482, 40.266964112159378 ], [ -8.462740655860937, 40.266990697774816 ], [ -8.462510236801398, 40.267000026949653 ], [ -8.462508636523767, 40.266999971292073 ], [ -8.462336832204329, 40.267006926978894 ], [ -8.462106328987979, 40.266998909514953 ], [ -8.46187796171178, 40.266973622975243 ], [ -8.461653929846545, 40.266931310901171 ], [ -8.461436391097905, 40.266872380811492 ], [ -8.461227440620412, 40.266797400276545 ], [ -8.46102909083478, 40.266707091450613 ], [ -8.460843252042803, 40.266602324115262 ], [ -8.460671714026859, 40.266484107300599 ], [ -8.460516128811262, 40.266353579565418 ], [ -8.460377994751635, 40.266211998029547 ], [ -8.46025864210549, 40.266060726264683 ], [ -8.460159220223023, 40.265901221159957 ], [ -8.460080686481339, 40.265735018888982 ], [ -8.460023797068631, 40.265563720113647 ], [ -8.459989099706839, 40.26538897456728 ], [ -8.459976928382719, 40.265212465165469 ], [ -8.459987400137818, 40.265035891797972 ], [ -8.460020413948026, 40.264860954957491 ], [ -8.460075651703221, 40.264689339363237 ], [ -8.460152581277361, 40.264522697736808 ], [ -8.460250461659134, 40.264362634886844 ], [ -8.46030628313094, 40.264290688477473 ], [ -8.46021198731658, 40.264287406889025 ], [ -8.459983629845796, 40.264262116560133 ], [ -8.459759608092879, 40.264219800758717 ], [ -8.459542079666043, 40.264160867039436 ], [ -8.459333139620414, 40.26408588300756 ], [ -8.459134800276207, 40.263995570851073 ], [ -8.45894897183465, 40.263890800383614 ], [ -8.458777443978407, 40.263772580665453 ], [ -8.458621868633944, 40.263642050283323 ], [ -8.458483744061802, 40.263500466382553 ], [ -8.458364400428124, 40.263349192557591 ], [ -8.458264986996305, 40.2631896857174 ], [ -8.458186461062073, 40.263023482052311 ], [ -8.458129578738442, 40.26285218223763 ], [ -8.458094887679094, 40.262677436016659 ], [ -8.45808272181011, 40.26250092631151 ], [ -8.458093198120519, 40.262324353014833 ], [ -8.458126215542368, 40.262149416618648 ], [ -8.458132873576403, 40.2621287322158 ], [ -8.45806834168096, 40.262105571513374 ], [ -8.457870009805179, 40.262015257128787 ], [ -8.457684188740206, 40.261910484565405 ], [ -8.457512668097667, 40.261792262903711 ], [ -8.457357099734534, 40.261661730749111 ], [ -8.457218981844111, 40.261520145264029 ], [ -8.45709964452819, 40.261368870058178 ], [ -8.45700023698932, 40.261209362053791 ], [ -8.456921716466487, 40.261043157452384 ], [ -8.456917458483108, 40.261030333512338 ], [ -8.456816792807492, 40.260927138546457 ], [ -8.456697457435371, 40.260775862902726 ], [ -8.45659805171597, 40.26061635452939 ], [ -8.456519532870749, 40.260450149631502 ], [ -8.456462656944458, 40.260278848896263 ], [ -8.456427971529186, 40.260104102075822 ], [ -8.45641581049667, 40.259927592098059 ], [ -8.456426290789398, 40.259751018858253 ], [ -8.456459311301073, 40.259576082847843 ], [ -8.456514553857097, 40.259404468778044 ], [ -8.456569483814764, 40.259285487877257 ], [ -8.456588623992216, 40.259184085353091 ], [ -8.456643865908891, 40.259012471212444 ], [ -8.456720797581632, 40.258845831695908 ], [ -8.456818677978971, 40.258685771591765 ], [ -8.456936564345863, 40.258533832315564 ], [ -8.457073321287281, 40.258391477067427 ], [ -8.457227631705953, 40.2582600767428 ], [ -8.457398009488776, 40.258140896732471 ], [ -8.457582813819634, 40.258035084738694 ], [ -8.457780264980785, 40.257943659724724 ], [ -8.457988461490622, 40.257867502104133 ], [ -8.45820539841287, 40.257807345264219 ], [ -8.458304263974345, 40.257788076687461 ], [ -8.45829915971416, 40.257779886324208 ], [ -8.45822064003948, 40.257613682502424 ], [ -8.458163762251614, 40.257442382526683 ], [ -8.458129073960604, 40.257267636141833 ], [ -8.458116909065916, 40.257091126271554 ], [ -8.458127384547247, 40.256914552810095 ], [ -8.458160399344671, 40.25673961625106 ], [ -8.458215635338636, 40.25656800131091 ], [ -8.458292560420125, 40.25640136070502 ], [ -8.45839043362116, 40.256241299232158 ], [ -8.458508312256001, 40.25608935832107 ], [ -8.45851544172733, 40.256081936472221 ], [ -8.458528522244276, 40.256012623457195 ], [ -8.458583756728233, 40.255841008325753 ], [ -8.458660680093748, 40.255674367460998 ], [ -8.458758551389375, 40.255514305664207 ], [ -8.458876427947724, 40.255362364367251 ], [ -8.459013174468236, 40.255220006789706 ], [ -8.459167473953995, 40.255088603849465 ], [ -8.459337840397176, 40.25496942096251 ], [ -8.459522633090856, 40.25486360585883 ], [ -8.459687745984466, 40.254787146993543 ], [ -8.459665146413274, 40.254739310393035 ], [ -8.45960826744297, 40.254568011046914 ], [ -8.459573576956466, 40.254393265017001 ], [ -8.459561408874398, 40.254216755223553 ], [ -8.459571880207189, 40.254040181560065 ], [ -8.459604889934889, 40.25386524452211 ], [ -8.45966011998679, 40.253693628830781 ], [ -8.45973703831112, 40.253526987208659 ], [ -8.459834904004989, 40.253366924464338 ], [ -8.459952774454964, 40.253214982038791 ], [ -8.460089514419316, 40.253072623162488 ], [ -8.460243806964266, 40.252941218765848 ], [ -8.46036594335947, 40.252855771350291 ], [ -8.460321433842724, 40.252721725095022 ], [ -8.460286742498035, 40.252546979226587 ], [ -8.460274572926588, 40.252370469457752 ], [ -8.460285042153165, 40.252193895681792 ], [ -8.460318049178117, 40.252018958395325 ], [ -8.460373275956778, 40.251847342321874 ], [ -8.460450190468913, 40.251680700187727 ], [ -8.460548051848354, 40.251520636806362 ], [ -8.460665917523228, 40.251368693624919 ], [ -8.46080265229779, 40.251226333881164 ], [ -8.46095693928825, 40.251094928513844 ], [ -8.461127292607104, 40.250975742962332 ], [ -8.461312071673815, 40.250869924982275 ] ] ], [ [ [ -8.452939795176203, 40.249249593092962 ], [ -8.453111276094909, 40.24936782194267 ], [ -8.453266808029666, 40.249498360223562 ], [ -8.453314737962389, 40.249547507032631 ], [ -8.453324472560935, 40.249541933213486 ], [ -8.45352190489322, 40.249450515404313 ], [ -8.453730080264107, 40.249374365415377 ], [ -8.453946993940871, 40.249314216560506 ], [ -8.454170557060817, 40.249270648062875 ], [ -8.454398616742971, 40.249244079478544 ], [ -8.454628976815597, 40.249234766657054 ], [ -8.454859418960087, 40.249242799278264 ], [ -8.455087724067853, 40.249268099989031 ], [ -8.455311693604838, 40.249310425147868 ], [ -8.455529170778098, 40.249369367170715 ], [ -8.455738061300901, 40.24944435845503 ], [ -8.455864794049718, 40.249502082903454 ], [ -8.455909980340483, 40.24951062177373 ], [ -8.45612745866719, 40.249569562665712 ], [ -8.456336350460068, 40.24964455286252 ], [ -8.456534644090224, 40.249734870218298 ], [ -8.456720429966435, 40.249839644985698 ], [ -8.456891918922297, 40.249957868189824 ], [ -8.457047459444839, 40.25008840134273 ], [ -8.457185553578736, 40.25022998740517 ], [ -8.457304871353029, 40.250381262890059 ], [ -8.45740426359135, 40.25054077099103 ], [ -8.457482772982218, 40.250706975610115 ], [ -8.457539643302708, 40.250878276149109 ], [ -8.45757432670646, 40.25105302292264 ], [ -8.457586489005649, 40.251229533044189 ], [ -8.457576012895855, 40.251406106632487 ], [ -8.457542999092473, 40.251581043182028 ], [ -8.457487765367516, 40.251752657939974 ], [ -8.457410843495783, 40.251919298132051 ], [ -8.457312974139581, 40.252079358880771 ], [ -8.457195099721023, 40.252231298662927 ], [ -8.457058355350343, 40.25237365415714 ], [ -8.456904057897422, 40.252505054338805 ], [ -8.456733693311659, 40.252624233686191 ], [ -8.456712822664095, 40.252636184177788 ], [ -8.456710893142818, 40.252637533978771 ], [ -8.456526102071578, 40.252743344626815 ], [ -8.456328664276285, 40.252834767530665 ], [ -8.456120481271839, 40.252910922178451 ], [ -8.455903558084287, 40.252971075107062 ], [ -8.455679983937115, 40.253014646967777 ], [ -8.455451912125692, 40.253041218107313 ], [ -8.455221539273955, 40.253050532610615 ], [ -8.454991084173255, 40.253042500766242 ], [ -8.454762766407475, 40.253017199930603 ], [ -8.454538784970488, 40.252974873782783 ], [ -8.454321297082139, 40.252915929977121 ], [ -8.454112397407041, 40.252840936215996 ], [ -8.453914097876536, 40.2527506147811 ], [ -8.453905318391849, 40.252745663454562 ], [ -8.453745785703486, 40.25270242564828 ], [ -8.453536887314851, 40.252627430840512 ], [ -8.453338589168007, 40.252537108410756 ], [ -8.453152801067336, 40.252432328271539 ], [ -8.452981312306939, 40.252314099576296 ], [ -8.452825774436709, 40.252183560998148 ], [ -8.452777842984153, 40.252134414014826 ], [ -8.452768107970414, 40.25213998778711 ], [ -8.452570666823883, 40.252231404301895 ], [ -8.45236248140681, 40.252307552206453 ], [ -8.4521455567685, 40.252367698102603 ], [ -8.451921982146414, 40.252411262709366 ], [ -8.451897225214788, 40.252414146201126 ], [ -8.451890981370653, 40.252415362836174 ], [ -8.451662910038474, 40.252441926509121 ], [ -8.451432538649266, 40.252451233464932 ], [ -8.451202085980299, 40.252443194064831 ], [ -8.450973771592029, 40.252417885738033 ], [ -8.450749794445782, 40.252375552235776 ], [ -8.450532311720073, 40.252316601283226 ], [ -8.450323418029772, 40.252241600651622 ], [ -8.450125125248562, 40.252151272688792 ], [ -8.450087491661742, 40.252130046542916 ], [ -8.449954099363097, 40.252135433821707 ], [ -8.449808258865511, 40.252130344298784 ], [ -8.449591519977611, 40.252172572422282 ], [ -8.449363448531207, 40.25219913156495 ], [ -8.449133077620203, 40.252208433941789 ], [ -8.449000332680461, 40.252203800495373 ], [ -8.448992073881046, 40.252204133967624 ], [ -8.448825313678261, 40.252198312993855 ], [ -8.448778500310807, 40.252238172135108 ], [ -8.44860812205919, 40.252357339578197 ], [ -8.448423319043206, 40.252463137338403 ], [ -8.448225871065949, 40.252554546461383 ], [ -8.448017679740422, 40.252630686568047 ], [ -8.447800750172853, 40.252690824335311 ], [ -8.4475771716482, 40.252734380560526 ], [ -8.447485074710064, 40.252745103668673 ], [ -8.447281538178359, 40.252801527445264 ], [ -8.447057958950484, 40.252845082669189 ], [ -8.446829884225378, 40.252871636828047 ], [ -8.446599510655055, 40.252880934170356 ], [ -8.446369057037792, 40.252872885149969 ], [ -8.446140742943177, 40.25284756728874 ], [ -8.446040042839821, 40.252828529873412 ], [ -8.446043220915824, 40.252844555640543 ], [ -8.446055353615597, 40.253021067032059 ], [ -8.44604484728376, 40.253197639636923 ], [ -8.446011802926757, 40.253372572959023 ], [ -8.445956538610854, 40.253544182276599 ], [ -8.445879586405479, 40.253710814867709 ], [ -8.445781687265107, 40.25387086592805 ], [ -8.445725858389551, 40.253942806085327 ], [ -8.445820654714431, 40.254022376760652 ], [ -8.44595873358813, 40.254163976181971 ], [ -8.446078033405604, 40.254315263207886 ], [ -8.446177405163327, 40.254474780920908 ], [ -8.446255891746985, 40.254640993130458 ], [ -8.446312737153225, 40.254812299165245 ], [ -8.446347393775548, 40.254987049286889 ], [ -8.446359527684004, 40.255163560576598 ], [ -8.446349021847542, 40.255340133141864 ], [ -8.446315977267817, 40.255515066486922 ], [ -8.446271989584544, 40.255651656901769 ], [ -8.446271032953709, 40.255667734667632 ], [ -8.446237988019092, 40.255842667981874 ], [ -8.446182722306057, 40.256014277339538 ], [ -8.446105767897464, 40.256180910018315 ], [ -8.446007865768991, 40.25634096121302 ], [ -8.445889958658398, 40.256492889492421 ], [ -8.44575318199081, 40.256635231645888 ], [ -8.445598852947203, 40.256766616777306 ], [ -8.445428457781288, 40.256885779509822 ], [ -8.445243637506804, 40.256991572174805 ], [ -8.445046172093084, 40.257082975866965 ], [ -8.44483796332109, 40.257159110259529 ], [ -8.444621016465115, 40.257219242084446 ], [ -8.444397420976653, 40.257262792196244 ], [ -8.444169330356681, 40.257289341151164 ], [ -8.443938941410321, 40.257298633247807 ], [ -8.443708473083975, 40.257290578990556 ], [ -8.443480145088927, 40.257265255951744 ], [ -8.443256156517576, 40.257222908024296 ], [ -8.443038664658472, 40.257163943072335 ], [ -8.442829764214451, 40.257088929001966 ], [ -8.44263146712423, 40.256998588290472 ], [ -8.442445683181967, 40.256893791026492 ], [ -8.442274201641661, 40.256775546528395 ], [ -8.442118673983604, 40.256644993621507 ], [ -8.441980598008989, 40.256503389668097 ], [ -8.441861303415847, 40.256352098455686 ], [ -8.441761938995217, 40.256192577060673 ], [ -8.441683461570774, 40.256026361813454 ], [ -8.441626626788333, 40.255855053500838 ], [ -8.441591981843724, 40.255680301947933 ], [ -8.441588933200466, 40.255635908520745 ], [ -8.441476987021039, 40.255752399517483 ], [ -8.441322651665228, 40.255883778989684 ], [ -8.441152251162546, 40.256002935463783 ], [ -8.440967426578158, 40.256108721331401 ], [ -8.440769957922928, 40.256200117752734 ], [ -8.440561747009063, 40.256276244471032 ], [ -8.440344799131493, 40.256336368292153 ], [ -8.44012120375157, 40.256379910147743 ], [ -8.440043077631415, 40.25638900097151 ], [ -8.43994378142127, 40.256492323537586 ], [ -8.439789441415201, 40.25662370096547 ], [ -8.43961903636094, 40.256742855183575 ], [ -8.439434207367498, 40.256848638605256 ], [ -8.439295987509524, 40.256912609168886 ], [ -8.43924740522634, 40.257063412274853 ], [ -8.43917043260368, 40.25723004037912 ], [ -8.439072512600834, 40.257390085743808 ], [ -8.438954588127732, 40.257542006993781 ], [ -8.438817794776746, 40.25768434098611 ], [ -8.438663449889569, 40.257815716903231 ], [ -8.438493039872533, 40.25793486945706 ], [ -8.438473820334234, 40.257945868945171 ], [ -8.438482430053002, 40.258071320222129 ], [ -8.438471903334491, 40.258247892061007 ], [ -8.438438837087665, 40.258422823149189 ], [ -8.438383549589568, 40.258594428786438 ], [ -8.438306573132873, 40.258761056286197 ], [ -8.438208648905604, 40.258921100893176 ], [ -8.438090719858371, 40.259073021239537 ], [ -8.437953921627596, 40.259215354191028 ], [ -8.437799571601966, 40.259346728940152 ], [ -8.437629156237309, 40.259465880210037 ], [ -8.437444316741942, 40.259571660442411 ], [ -8.43728917806293, 40.2596434547904 ], [ -8.437312283495988, 40.259760031338445 ], [ -8.437324394862999, 40.259936543513319 ], [ -8.437313864874758, 40.260113115201996 ], [ -8.43728079476548, 40.260288045917129 ], [ -8.437225502849394, 40.260459650962062 ], [ -8.437148521461708, 40.260626277655945 ], [ -8.437050591837929, 40.260786321251224 ], [ -8.43693265698063, 40.260938240389819 ], [ -8.436795852582192, 40.26108057194913 ], [ -8.436641496090699, 40.261211945134988 ], [ -8.436471074024253, 40.26133109468563 ], [ -8.436286227655723, 40.261436873059324 ], [ -8.436088737205813, 40.261528261488451 ], [ -8.435880504696673, 40.261604379793191 ], [ -8.43566353563126, 40.261664494860462 ], [ -8.435439919675035, 40.261708027706241 ], [ -8.435211810526146, 40.261734559052975 ], [ -8.434981405168223, 40.261743833368939 ], [ -8.43497703060477, 40.261743680165715 ], [ -8.434981160007533, 40.26180389088492 ], [ -8.434970623666848, 40.261980462326612 ], [ -8.434937546638828, 40.262155392340951 ], [ -8.434882247304328, 40.262326996237995 ], [ -8.434805258069987, 40.262493621347936 ], [ -8.434707320246879, 40.262653662938483 ], [ -8.434589376916547, 40.26280557967084 ], [ -8.434452563852968, 40.262947908445575 ], [ -8.434298198587694, 40.263079278495333 ], [ -8.434127767723332, 40.263198424588538 ], [ -8.433942912617503, 40.263304199216769 ], [ -8.433745413575073, 40.263395583648453 ], [ -8.433537172700964, 40.263471697742297 ], [ -8.433320195578714, 40.263531808425768 ], [ -8.433096571951399, 40.263575336757022 ], [ -8.432868455591066, 40.263601863502039 ], [ -8.432638043550813, 40.263611133173399 ], [ -8.432407554999511, 40.263603056491498 ], [ -8.43217920984327, 40.263577711244615 ], [ -8.431955207339788, 40.263535341539665 ], [ -8.431876769585342, 40.263514069485076 ], [ -8.431947102961198, 40.263663070333557 ], [ -8.43200392001555, 40.26383438323348 ], [ -8.432038544598518, 40.264009137484699 ], [ -8.432050643088601, 40.264185650128638 ], [ -8.432040098795762, 40.264362221259631 ], [ -8.432028593812886, 40.264423049951866 ], [ -8.432126636386196, 40.264523609251626 ], [ -8.432245923823595, 40.264674910311896 ], [ -8.43234527847838, 40.26483443967976 ], [ -8.432423743400816, 40.265000661052397 ], [ -8.432480562796027, 40.265171973670228 ], [ -8.432515189307896, 40.265346727731462 ], [ -8.432527289296331, 40.265523240279336 ], [ -8.432516746056853, 40.265699811409135 ], [ -8.432504252892826, 40.265765865998453 ], [ -8.432620932995002, 40.265644492539515 ], [ -8.432775307319037, 40.265513124752594 ], [ -8.432945746352582, 40.265393980669344 ], [ -8.433130608689819, 40.265288207646016 ], [ -8.433328114054543, 40.265196824270561 ], [ -8.433536360443314, 40.265120710555593 ], [ -8.433753342439667, 40.265060599465585 ], [ -8.43397697052314, 40.265017069860086 ], [ -8.434205091187318, 40.264990540920628 ], [ -8.434435507673347, 40.264981268115037 ], [ -8.434666001119474, 40.264989340737841 ], [ -8.434894351923178, 40.265014681050729 ], [ -8.435118361110423, 40.265057045030936 ], [ -8.435335871506465, 40.265116024720591 ], [ -8.435544788504648, 40.265191052154478 ], [ -8.435743100233315, 40.26528140482818 ], [ -8.435928896926889, 40.26538621265432 ], [ -8.436100389314699, 40.26550446633965 ], [ -8.43625592585059, 40.265635027102739 ], [ -8.436394008617485, 40.265776637638481 ], [ -8.436513307753724, 40.265927934224074 ], [ -8.436612674262239, 40.266087459849984 ], [ -8.436691151079151, 40.266253678249413 ], [ -8.436747982295044, 40.26642498869144 ], [ -8.436782620439967, 40.266599741395233 ], [ -8.436794731761793, 40.266776253417135 ], [ -8.436784199446887, 40.266952824857491 ], [ -8.43675112475181, 40.267127755231385 ], [ -8.436695826034901, 40.267299359845417 ], [ -8.436618835696807, 40.267465986022891 ], [ -8.436520895059191, 40.267626029021216 ], [ -8.436402947230665, 40.267777947488021 ], [ -8.436266128028489, 40.267920278307159 ], [ -8.436111755043315, 40.268051650691625 ], [ -8.435941314952078, 40.268170799387313 ], [ -8.43575644920125, 40.268276576860721 ], [ -8.435558938198211, 40.268367964352883 ], [ -8.435350684163081, 40.268444081692991 ], [ -8.43513369280617, 40.268504195777261 ], [ -8.434910054007661, 40.268547727631059 ], [ -8.434681921685742, 40.268574257986472 ], [ -8.43445149304727, 40.268583531321269 ], [ -8.434220987421005, 40.268575458320555 ], [ -8.433992624877545, 40.268550116737153 ], [ -8.433768604842083, 40.268507750642712 ], [ -8.433551084906247, 40.268448768076304 ], [ -8.433342160043305, 40.268373737113698 ], [ -8.433143842427153, 40.268283380394941 ], [ -8.43295804204962, 40.268178568162845 ], [ -8.432786548322952, 40.268060309879985 ], [ -8.432699992312209, 40.267987649902814 ], [ -8.432754362345804, 40.268151568043251 ], [ -8.43278899112855, 40.268326321924349 ], [ -8.43280109240731, 40.268502834348048 ], [ -8.432790549465151, 40.268679405410815 ], [ -8.43275746366097, 40.268854334631342 ], [ -8.432702153460079, 40.269025937327307 ], [ -8.432625151373733, 40.269192560840516 ], [ -8.432527198836732, 40.269352600453985 ], [ -8.432409239072296, 40.269504514847938 ], [ -8.432272408012659, 40.269646840945455 ], [ -8.432118023362682, 40.269778208004979 ], [ -8.431947571911664, 40.269897350823683 ], [ -8.431762695215507, 40.270003121924653 ], [ -8.431565173787032, 40.27009450261032 ], [ -8.431461474954592, 40.270132399488851 ], [ -8.431497100861504, 40.270133648064885 ], [ -8.431725467833484, 40.270158994550293 ], [ -8.431949492072908, 40.270201364572955 ], [ -8.432167016260113, 40.270260350116828 ], [ -8.432375945655638, 40.270335383160322 ], [ -8.43257426826845, 40.270425741145033 ], [ -8.432760074228154, 40.270530553932417 ], [ -8.432931574174836, 40.270648812181506 ], [ -8.433087116489528, 40.270779377066901 ], [ -8.433225203199473, 40.27092099124382 ], [ -8.433344504405003, 40.2710722909544 ], [ -8.433443871089084, 40.271231819159006 ], [ -8.4335223461861, 40.271398039566016 ], [ -8.433579173803153, 40.271569351425185 ], [ -8.433613806504898, 40.271744104942009 ], [ -8.433625910591578, 40.271920617165001 ], [ -8.433615369319192, 40.272097188192582 ], [ -8.433582284030519, 40.272272117543771 ], [ -8.433526973185888, 40.272443720535009 ], [ -8.433449969302711, 40.272610344505203 ], [ -8.433352013833071, 40.272770384733008 ], [ -8.433234050028409, 40.272922299892741 ], [ -8.433097213859849, 40.27306462690008 ], [ -8.432942823081435, 40.273195995004691 ], [ -8.432772364541483, 40.273315138993688 ], [ -8.432587479864157, 40.273420911378871 ], [ -8.432389949639148, 40.273512293450295 ], [ -8.432181676271734, 40.273588405089342 ], [ -8.431964665658446, 40.27364851324711 ], [ -8.431741007864968, 40.273692039006079 ], [ -8.43151285699247, 40.273718563156983 ], [ -8.431282410426508, 40.273727830237398 ], [ -8.431051887668543, 40.273719750992647 ], [ -8.430823508954205, 40.27369440323573 ], [ -8.430599473864458, 40.273652031097726 ], [ -8.430381940135939, 40.273593042675948 ], [ -8.430173002874776, 40.273518006102584 ], [ -8.429974674374272, 40.273427644071681 ], [ -8.429788864731082, 40.273322826877305 ], [ -8.429617363446681, 40.273204564029754 ], [ -8.429461822191438, 40.273073994531153 ], [ -8.429323738897397, 40.272932375903565 ], [ -8.429204443332958, 40.272781072075894 ], [ -8.429105084298367, 40.272621540246007 ], [ -8.429026618565278, 40.272455316844798 ], [ -8.428969801666735, 40.272284002737628 ], [ -8.42893518062618, 40.272109247805361 ], [ -8.428923088695234, 40.27193273505388 ], [ -8.428925533539809, 40.271891830255704 ], [ -8.428865354303827, 40.271933890293624 ], [ -8.428680467249706, 40.272039656469907 ], [ -8.428482935732546, 40.272131031898112 ], [ -8.428464232648842, 40.272137866158822 ], [ -8.428393650313513, 40.272187196352661 ], [ -8.428208761832536, 40.272292961775705 ], [ -8.42801122894069, 40.272384336399568 ], [ -8.427802954068953, 40.272460440177369 ], [ -8.427585943128364, 40.272520540135936 ], [ -8.427362286187769, 40.272564057436696 ], [ -8.427134137340133, 40.272590572951906 ], [ -8.426903693951509, 40.272599831302287 ], [ -8.42667317549275, 40.272591743317278 ], [ -8.42644480215807, 40.272566386894042 ], [ -8.426220773476608, 40.272524006247146 ], [ -8.426003247123264, 40.272465009555859 ], [ -8.425874864992183, 40.272418896460685 ], [ -8.42587176370118, 40.272470744856079 ], [ -8.425838658270576, 40.272645672053393 ], [ -8.425783327531841, 40.27281727140268 ], [ -8.425706304194003, 40.272983890277928 ], [ -8.425608329896534, 40.273143924006803 ], [ -8.425490348072231, 40.273295831326195 ], [ -8.425353494865805, 40.273438149227303 ], [ -8.425199088195432, 40.273569507047441 ], [ -8.425028615062526, 40.273688639672805 ], [ -8.424843717231845, 40.273794399724622 ], [ -8.424646175419804, 40.273885768611706 ], [ -8.424437892143315, 40.273961866342454 ], [ -8.424220873394384, 40.274021960001917 ], [ -8.423997209317083, 40.274065470812204 ], [ -8.423769054073126, 40.274091979708089 ], [ -8.423538605090187, 40.274101231374011 ], [ -8.423308081893014, 40.274093136703854 ], [ -8.423079704721461, 40.274067773659148 ], [ -8.422855673141626, 40.274025386518232 ], [ -8.422638144856325, 40.273966383522939 ], [ -8.422429214919227, 40.27389133294583 ], [ -8.422230895553067, 40.273800957615855 ], [ -8.422045096766492, 40.27369612795512 ], [ -8.421873607956366, 40.273577853594055 ], [ -8.421718080672871, 40.273447273645615 ], [ -8.421580012713449, 40.273305645732549 ], [ -8.421460733698762, 40.273154333873137 ], [ -8.421361392269631, 40.272994795342584 ], [ -8.421282945028111, 40.272828566636328 ], [ -8.421226147329133, 40.272657248670768 ], [ -8.421191546011203, 40.272482491363931 ], [ -8.421179474135984, 40.27230597774453 ], [ -8.421190047787189, 40.272129407742788 ], [ -8.421223164959347, 40.271954481818874 ], [ -8.421278506546926, 40.271782884586692 ], [ -8.421355539423979, 40.271616268590918 ], [ -8.421453521584448, 40.271456238393206 ], [ -8.421571509293367, 40.271304335120981 ], [ -8.42170836617988, 40.271162021627525 ], [ -8.421862774184389, 40.271030668406119 ], [ -8.422033246254209, 40.270911540393854 ], [ -8.422218140665436, 40.270805784792209 ], [ -8.422415676833063, 40.270714420021356 ], [ -8.422623952457091, 40.270638325914724 ], [ -8.42284096183959, 40.270578235247989 ], [ -8.423064615196438, 40.270534726684019 ], [ -8.423292758777903, 40.270508219201751 ], [ -8.42352319560449, 40.270498968062356 ], [ -8.423753706618614, 40.27050706235179 ], [ -8.423982072048611, 40.270532424123097 ], [ -8.424206092779603, 40.270574809146908 ], [ -8.42442361152569, 40.270633809262733 ], [ -8.424551989298012, 40.270679923997633 ], [ -8.424555091523525, 40.270628075618276 ], [ -8.424588199310891, 40.2704531487189 ], [ -8.424643531182989, 40.270281549866986 ], [ -8.424720554107434, 40.270114931622821 ], [ -8.424818526174018, 40.269954898569722 ], [ -8.42493650374497, 40.269802991862619 ], [ -8.425073350547061, 40.269660674387886 ], [ -8.425227748617788, 40.269529316677151 ], [ -8.425398211000115, 40.269410183710768 ], [ -8.425583096063409, 40.269304422737903 ], [ -8.425780623312667, 40.269213052230455 ], [ -8.425799325865219, 40.269206218401941 ], [ -8.425869907009233, 40.269156889769391 ], [ -8.426054790645932, 40.269051128043273 ], [ -8.426252316520769, 40.268959756731505 ], [ -8.42646058243284, 40.268883655730491 ], [ -8.426657256235799, 40.268829187302657 ], [ -8.426759547716347, 40.268722800772096 ], [ -8.426913940389674, 40.26859144080931 ], [ -8.427084397453882, 40.268472305358493 ], [ -8.427269277329549, 40.268366541692757 ], [ -8.42746679957161, 40.268275168309955 ], [ -8.427629219760941, 40.268215816832182 ], [ -8.427648179228976, 40.268157007990816 ], [ -8.427725192389778, 40.267990387720218 ], [ -8.427823154324175, 40.267830352100447 ], [ -8.427941121491978, 40.267678442311187 ], [ -8.428077957720133, 40.267536121268506 ], [ -8.428187325835127, 40.267443064640723 ], [ -8.428113404316006, 40.267463538633329 ], [ -8.427889764357472, 40.267507056931123 ], [ -8.427661632702204, 40.267533573448318 ], [ -8.427431206550644, 40.267542832795989 ], [ -8.427200705207598, 40.267534745793952 ], [ -8.426972348702398, 40.267509390329934 ], [ -8.426748336402069, 40.267467010609238 ], [ -8.426530825823709, 40.267408014802179 ], [ -8.426402824160778, 40.267362035572276 ], [ -8.426301525126654, 40.26741998515628 ], [ -8.426104003785206, 40.267511356560291 ], [ -8.425895741669406, 40.26758745692414 ], [ -8.425678744567424, 40.267647553307484 ], [ -8.42545510241481, 40.267691066906238 ], [ -8.425226969162077, 40.2677175786283 ], [ -8.42499654202506, 40.267726833130936 ], [ -8.424766040318058, 40.267718741280639 ], [ -8.424537684073906, 40.267693381011831 ], [ -8.424313672657114, 40.267650996576087 ], [ -8.424096163576266, 40.267591996189182 ], [ -8.423887251700048, 40.267516948098539 ], [ -8.42368894907723, 40.267426575109148 ], [ -8.423503165555188, 40.267321747620556 ], [ -8.423331690383776, 40.267203475242255 ], [ -8.423176174981837, 40.267072897068104 ], [ -8.423038117032394, 40.266931270703722 ], [ -8.422918846059739, 40.266779960152491 ], [ -8.422819510627273, 40.266620422677001 ], [ -8.422741067279347, 40.26645419476251 ], [ -8.42268427133344, 40.266282877317806 ], [ -8.422649669611232, 40.266108120255858 ], [ -8.422637595178337, 40.265931606603061 ], [ -8.422648164143151, 40.265755036289946 ], [ -8.422681274545399, 40.265580109779684 ], [ -8.42273660734479, 40.265408511691852 ], [ -8.422813629500062, 40.265241894579361 ], [ -8.422911599108453, 40.265081863014629 ], [ -8.423029572555899, 40.264929958138282 ], [ -8.423166413608921, 40.264787642819059 ], [ -8.423320804360406, 40.264656287567817 ], [ -8.423491257923821, 40.264537157341245 ], [ -8.423676132753478, 40.264431399362138 ], [ -8.423873648452924, 40.264340032073591 ], [ -8.424081902919243, 40.264263935333311 ], [ -8.424298890658225, 40.26420384194229 ], [ -8.424522522094136, 40.264160330589682 ], [ -8.4247506436883, 40.264133820281266 ], [ -8.42498105867292, 40.264124566305426 ], [ -8.4252115482007, 40.264132657775448 ], [ -8.425439892706846, 40.264158016771518 ], [ -8.425663893277937, 40.26420039909096 ], [ -8.425881392822179, 40.264259396599357 ], [ -8.425983373990215, 40.264296031348337 ], [ -8.426071580913188, 40.264204288573303 ], [ -8.426225964702585, 40.264072929457363 ], [ -8.426396411685866, 40.263953794962717 ], [ -8.426581280380693, 40.263848032353287 ], [ -8.426778790449674, 40.263756660116748 ], [ -8.426910626775699, 40.263708482356485 ], [ -8.42690518188054, 40.263692061143828 ], [ -8.42687057066426, 40.263517305299445 ], [ -8.426858485764214, 40.263340792045142 ], [ -8.426869043389633, 40.263164221307655 ], [ -8.42690214168946, 40.262989293554249 ], [ -8.426957461739976, 40.26281769341648 ], [ -8.427034470622703, 40.262651073467033 ], [ -8.4271324265627, 40.262491038305669 ], [ -8.427250386077533, 40.262339129107637 ], [ -8.427387213067881, 40.26219680878333 ], [ -8.427541589762049, 40.262065447891814 ], [ -8.427712029408855, 40.261946311444113 ], [ -8.427896890596603, 40.261840546722929 ], [ -8.428094393060189, 40.261749172236286 ], [ -8.428302634824128, 40.26167306791119 ], [ -8.428519610516505, 40.261612966621733 ], [ -8.428743230677565, 40.261569447133077 ], [ -8.428971341877181, 40.261542928529352 ], [ -8.429201747447632, 40.261533666178849 ], [ -8.429432228632258, 40.261541749275452 ], [ -8.429660565946596, 40.261567099979999 ], [ -8.429884560546471, 40.261609474169639 ], [ -8.430102055397589, 40.261668463788226 ], [ -8.430283953560219, 40.26173380152995 ], [ -8.430289587794057, 40.26163949028755 ], [ -8.430322676558673, 40.26146456154391 ], [ -8.4303779867383, 40.261292959761143 ], [ -8.430454985509531, 40.261126337527791 ], [ -8.430552931194793, 40.260966299465615 ], [ -8.430670880410403, 40.260814386777817 ], [ -8.430807697156219, 40.260672062408403 ], [ -8.430962063759182, 40.260540696955402 ], [ -8.431132493565274, 40.260421555473783 ], [ -8.431317345257549, 40.260315785294729 ], [ -8.431514838662318, 40.260224404978807 ], [ -8.431723071891316, 40.260148294509193 ], [ -8.431940039654796, 40.260088186819111 ], [ -8.432163652569336, 40.260044660735389 ], [ -8.43239175727458, 40.26001813540563 ], [ -8.432622157165319, 40.260008866262908 ], [ -8.432626531612252, 40.260009019555632 ], [ -8.432622404415326, 40.259948808725738 ], [ -8.432632946579556, 40.259772237414744 ], [ -8.432666028424643, 40.259597307969642 ], [ -8.432721331185354, 40.259425705038325 ], [ -8.432798322109727, 40.259259081220385 ], [ -8.43289625959577, 40.259099041152865 ], [ -8.433014200338762, 40.258947126058267 ], [ -8.433151008420145, 40.25880479890381 ], [ -8.433305366250293, 40.258673430314346 ], [ -8.433445372199923, 40.258575549236959 ], [ -8.433404632991493, 40.258556985151834 ], [ -8.433218858915073, 40.258452173066885 ], [ -8.433047389400553, 40.258333914883991 ], [ -8.432891875812352, 40.258203349560283 ], [ -8.432753815816104, 40.258061734577595 ], [ -8.432634538955892, 40.257910433829679 ], [ -8.432535193851914, 40.257750904484737 ], [ -8.432456737141761, 40.257584682949712 ], [ -8.432399924271705, 40.257413370071973 ], [ -8.432365302226511, 40.257238615720539 ], [ -8.432353204267608, 40.257062102895709 ], [ -8.432363746730049, 40.256885531520098 ], [ -8.432382025082376, 40.25678887781531 ], [ -8.432275476912485, 40.256728761309247 ], [ -8.432104013400629, 40.256610501671553 ], [ -8.431948505583881, 40.256479935020316 ], [ -8.431844353940424, 40.256373096446531 ], [ -8.431663450172811, 40.256456806204291 ], [ -8.431455228167353, 40.256532916574663 ], [ -8.431238271305972, 40.256593023353354 ], [ -8.431014669136569, 40.256636547636134 ], [ -8.430786575224504, 40.256663070228015 ], [ -8.430556186406625, 40.256672335681557 ], [ -8.430325721628101, 40.256664254757787 ], [ -8.430097400566034, 40.256638905285861 ], [ -8.429873422246024, 40.256596531413372 ], [ -8.429655943857851, 40.25653754125431 ], [ -8.429594487697733, 40.256515464138104 ], [ -8.429490340552535, 40.256527573063281 ], [ -8.429259952001527, 40.256536835935421 ], [ -8.429029487821257, 40.256528752427826 ], [ -8.428801167683069, 40.256503400394514 ], [ -8.428577190603654, 40.256461024007734 ], [ -8.428486189044746, 40.256436339056854 ], [ -8.428352498797031, 40.256462358669253 ], [ -8.428124404398064, 40.256488876016398 ], [ -8.427894015775474, 40.256498136169448 ], [ -8.427663551872545, 40.256490049940503 ], [ -8.427435232357949, 40.256464695209793 ], [ -8.427211256242371, 40.256422316175566 ], [ -8.426993780694351, 40.256363321001572 ], [ -8.426784900259571, 40.25628827788497 ], [ -8.426586626683953, 40.256197909582845 ], [ -8.426400869535104, 40.256093086449567 ], [ -8.426229417808882, 40.255974818052657 ], [ -8.42607392269834, 40.255844243447605 ], [ -8.425935881691116, 40.255702620205632 ], [ -8.425816624148387, 40.255551312300014 ], [ -8.42581509632886, 40.25554885834601 ], [ -8.425806355147133, 40.255575974508027 ], [ -8.425729351163183, 40.255742593826547 ], [ -8.425631401546136, 40.255902627964474 ], [ -8.4255134494912, 40.256054535654748 ], [ -8.425376630856462, 40.256196853885015 ], [ -8.425222263227196, 40.256328211989505 ], [ -8.425051833228853, 40.256447344851686 ], [ -8.424866982210762, 40.256553105090561 ], [ -8.424669490438465, 40.256644474113187 ], [ -8.424461259946893, 40.25672057192665 ], [ -8.424244296219612, 40.256780665615288 ], [ -8.424020688870687, 40.256824176400933 ], [ -8.423792591515371, 40.256850685218595 ], [ -8.423562201023696, 40.256859936753528 ], [ -8.423331736356957, 40.256851841900826 ], [ -8.423103417191173, 40.256826478623793 ], [ -8.422879442533675, 40.256784091203016 ], [ -8.422661969538947, 40.256725087882998 ], [ -8.422453092728059, 40.256650036939391 ], [ -8.422254823812022, 40.256559661204626 ], [ -8.422069072313539, 40.256454831104698 ], [ -8.421897627174024, 40.256336556274221 ], [ -8.421742139523072, 40.256205975830632 ], [ -8.421604106776451, 40.256064347401392 ], [ -8.42148485821575, 40.255913035009719 ], [ -8.421385542188574, 40.255753495935934 ], [ -8.421307115052434, 40.255587266680649 ], [ -8.421250331968757, 40.255415948165542 ], [ -8.421215739635423, 40.255241190313882 ], [ -8.421203671027722, 40.255064676159634 ], [ -8.421214242198042, 40.254888105638194 ], [ -8.421247351164959, 40.25471317921469 ], [ -8.421302678902107, 40.254541581507894 ], [ -8.421379692417061, 40.254374965067051 ], [ -8.421477649890351, 40.254214934458126 ], [ -8.421595607824852, 40.254063030812532 ], [ -8.421732430136535, 40.253920716987189 ], [ -8.42182377804097, 40.253842988574377 ], [ -8.421768774422873, 40.25378655033488 ], [ -8.421649529524895, 40.253635238040545 ], [ -8.42155070167146, 40.253476478471072 ], [ -8.421500539925827, 40.253466984157519 ], [ -8.421283078749237, 40.253407978171126 ], [ -8.421074213667721, 40.253332924654728 ], [ -8.420875956279293, 40.25324254646555 ], [ -8.420690215995627, 40.25313771405321 ], [ -8.420518781650109, 40.253019437074563 ], [ -8.420363304268371, 40.252888854667759 ], [ -8.420225281167278, 40.252747224479151 ], [ -8.420106041535524, 40.252595910548891 ], [ -8.42001224175865, 40.252445219119174 ], [ -8.419922901421355, 40.252413113993008 ], [ -8.419724648244255, 40.252322733802437 ], [ -8.41960171899991, 40.252253349366335 ], [ -8.419632997240747, 40.252347729992032 ], [ -8.419667583988137, 40.252522488423594 ], [ -8.419679648114993, 40.252699002831129 ], [ -8.419669073262307, 40.252875573291973 ], [ -8.41963596109643, 40.25305049933057 ], [ -8.419580630336723, 40.253222096295211 ], [ -8.419503613692585, 40.253388711582843 ], [ -8.419405652739187, 40.253548740555729 ], [ -8.41928769078096, 40.253700641996538 ], [ -8.419150863771408, 40.253842952953107 ], [ -8.418996489376513, 40.253974302829725 ], [ -8.418826054286919, 40.254093426589058 ], [ -8.418641199901028, 40.254199176937838 ], [ -8.418443706516854, 40.254290535378324 ], [ -8.418235476184876, 40.254366622019596 ], [ -8.418018514387144, 40.254426704053543 ], [ -8.417794910719147, 40.254470202814282 ], [ -8.417784930113097, 40.254471362231548 ], [ -8.417972629976161, 40.254538815621096 ], [ -8.418170887324512, 40.254629198764114 ], [ -8.418356627835776, 40.254734035192243 ], [ -8.418528062780204, 40.254852315336798 ], [ -8.41868354116473, 40.254982900161494 ], [ -8.418821565632195, 40.255124532129493 ], [ -8.418940806882304, 40.255275847311523 ], [ -8.419040116475403, 40.255435388518904 ], [ -8.419118537895708, 40.255601619334733 ], [ -8.419175315767298, 40.255772938908436 ], [ -8.419209903133982, 40.255947697371177 ], [ -8.419221966732707, 40.256124211723765 ], [ -8.419211390209524, 40.25630078204405 ], [ -8.419178275246839, 40.256475707857831 ], [ -8.419122940590922, 40.256647304515546 ], [ -8.419045918988667, 40.256813919417105 ], [ -8.418947952062975, 40.256973947928472 ], [ -8.418829983175774, 40.257125848836765 ], [ -8.418693148347291, 40.257268159194943 ], [ -8.418538765318797, 40.25739950841303 ], [ -8.418368320864085, 40.257518631460051 ], [ -8.418183456471752, 40.257624381049567 ], [ -8.417985952536194, 40.257715738691175 ], [ -8.417777711209519, 40.257791824501609 ], [ -8.417560738079684, 40.257851905680752 ], [ -8.417337122851341, 40.257895403570984 ], [ -8.417109019215658, 40.257921899231519 ], [ -8.416878624103173, 40.257931137474316 ], [ -8.416648156519692, 40.257923029322505 ], [ -8.416419836169338, 40.257897652867548 ], [ -8.416195862070836, 40.257855252516883 ], [ -8.415978391373278, 40.257796236639606 ], [ -8.415769518575594, 40.257721173632312 ], [ -8.415571255350111, 40.257630786443649 ], [ -8.415385511164697, 40.257525945609913 ], [ -8.415214074890295, 40.257407660869099 ], [ -8.415058597571084, 40.257277071434096 ], [ -8.414920576523285, 40.257135435018959 ], [ -8.414801340915773, 40.25698411572381 ], [ -8.414702038971358, 40.256824570895439 ], [ -8.414623626911897, 40.256658337089881 ], [ -8.414566859753574, 40.256487015272583 ], [ -8.414532284040876, 40.256312255398633 ], [ -8.414520232588997, 40.256135740521444 ], [ -8.414530821285096, 40.255959170583331 ], [ -8.414563947978962, 40.255784246043802 ], [ -8.41461929347351, 40.255612651503441 ], [ -8.414696324605314, 40.255446039481001 ], [ -8.414794299385267, 40.255286014499823 ], [ -8.414912274149598, 40.255134117637169 ], [ -8.415049112652232, 40.254991811684597 ], [ -8.415203497010697, 40.254860467062777 ], [ -8.415373940400096, 40.254741348626055 ], [ -8.415558801372763, 40.254635603483685 ], [ -8.415756299665727, 40.254544249955188 ], [ -8.415964533343715, 40.254468167765758 ], [ -8.416181497112708, 40.254408089576344 ], [ -8.416405101627785, 40.254364593929694 ], [ -8.416415082242404, 40.254363434631379 ], [ -8.416227384396686, 40.254295978706594 ], [ -8.416029130589656, 40.254205592216614 ], [ -8.415843395097953, 40.254100752026012 ], [ -8.415671966708784, 40.253982467866543 ], [ -8.415516496390389, 40.253851878945504 ], [ -8.415378481391572, 40.253710242971984 ], [ -8.415259250822968, 40.253558924041855 ], [ -8.415159952858877, 40.253399379498383 ], [ -8.415081543682838, 40.253233145894839 ], [ -8.415024778283296, 40.253061824194752 ], [ -8.414990203187829, 40.252887064352045 ], [ -8.41498982870705, 40.252881579671268 ], [ -8.414858230947191, 40.252821579423362 ], [ -8.414672501047679, 40.252716737309349 ], [ -8.414501078193352, 40.2525984513682 ], [ -8.414345613299133, 40.252467860824424 ], [ -8.414207603561584, 40.252326223402697 ], [ -8.414088378040665, 40.252174903212861 ], [ -8.413989084862063, 40.252015357610254 ], [ -8.413910680163234, 40.251849123158415 ], [ -8.413853918889508, 40.251677800828986 ], [ -8.413819347528735, 40.251503040581959 ], [ -8.413807298854234, 40.251326525474369 ], [ -8.413817888726461, 40.251149955450707 ], [ -8.413851014983919, 40.250975030971347 ], [ -8.413879696388252, 40.250886103367989 ], [ -8.41386458391354, 40.250875674945313 ], [ -8.413810823972067, 40.2508453266218 ], [ -8.413760689538179, 40.250810731063034 ], [ -8.413680802880711, 40.250820008874562 ], [ -8.413450431341175, 40.250829240223325 ], [ -8.413219988224112, 40.250821125151127 ], [ -8.412991692997958, 40.250795741816056 ], [ -8.412767744439407, 40.250753334691865 ], [ -8.412550299451526, 40.25069431221285 ], [ -8.412341452285583, 40.250619242839207 ], [ -8.412143214366996, 40.250528849580867 ], [ -8.411957494919866, 40.250424003032592 ], [ -8.411937921145944, 40.250410495389239 ], [ -8.411753377249303, 40.250516056745852 ], [ -8.411555885212977, 40.250607403485368 ], [ -8.411347658360393, 40.250683477769691 ], [ -8.411130702140104, 40.250743546909717 ], [ -8.4109071060939, 40.25078703236381 ], [ -8.410679023728177, 40.250813515310973 ], [ -8.410448651768585, 40.250822740685635 ], [ -8.410218208997897, 40.250814619634887 ], [ -8.409989914881207, 40.250789230374401 ], [ -8.409793350494605, 40.250752003357064 ], [ -8.409820652939748, 40.250809899751559 ], [ -8.409877403316925, 40.25098122412151 ], [ -8.409911964271773, 40.251155985596817 ], [ -8.409924002795627, 40.25133250114925 ], [ -8.40991340277605, 40.251509070845074 ], [ -8.409880266121789, 40.251683994216059 ], [ -8.409824911788064, 40.251855586636161 ], [ -8.409747872711351, 40.252022195546054 ], [ -8.409649890682907, 40.252182216369391 ], [ -8.409531909210186, 40.252334107967336 ], [ -8.409395064434694, 40.252476407482483 ], [ -8.409240674193569, 40.252607744429284 ], [ -8.409070225330133, 40.252726853894956 ], [ -8.408885359375503, 40.252832588723884 ], [ -8.408687856739164, 40.252923930567796 ], [ -8.408479619560753, 40.252999999695632 ], [ -8.408262653388295, 40.253060063467963 ], [ -8.40803904785945, 40.253103543394815 ], [ -8.407810956571966, 40.253130020708461 ], [ -8.407775176332848, 40.253131452644006 ], [ -8.407815584270134, 40.253182745719016 ], [ -8.407914864702883, 40.253342296628865 ], [ -8.407993256498047, 40.253508535143084 ], [ -8.408050004564975, 40.253679860336916 ], [ -8.408084562234491, 40.253854622287406 ], [ -8.408096596529543, 40.254031137961682 ], [ -8.408085991378393, 40.254207707424847 ], [ -8.408052848739183, 40.254382630210905 ], [ -8.407997487624757, 40.254554221699429 ], [ -8.407920441036875, 40.254720829340066 ], [ -8.407822450839118, 40.254880848568689 ], [ -8.407704460617612, 40.255032738261797 ], [ -8.407567606598118, 40.255175035580322 ], [ -8.407413206706803, 40.255306370059877 ], [ -8.407242747879936, 40.255425476811425 ], [ -8.407057871744598, 40.255531208705449 ], [ -8.406860358808341, 40.255622547422007 ], [ -8.406736564936505, 40.255667765243928 ], [ -8.406664563880767, 40.255823452734546 ], [ -8.40656656914285, 40.255983470884281 ], [ -8.406448574204839, 40.256135359283554 ], [ -8.406311715337926, 40.256277655105784 ], [ -8.406157310514967, 40.256408987900976 ], [ -8.405986846719729, 40.256528092796309 ], [ -8.405801965627155, 40.256633822680165 ], [ -8.405604447792548, 40.256725159251907 ], [ -8.405396195501943, 40.256801222831236 ], [ -8.405179214448948, 40.256861280832176 ], [ -8.40495559441456, 40.256904754820312 ], [ -8.404727489136269, 40.256931226085122 ], [ -8.404497095560446, 40.256940439673564 ], [ -8.4042666326781, 40.256932306846238 ], [ -8.404038320148063, 40.256906905932247 ], [ -8.403814356913713, 40.256864481574702 ], [ -8.403596900019471, 40.256805442373881 ], [ -8.403388043831271, 40.256730356951039 ], [ -8.403189799861414, 40.256639948470742 ], [ -8.403004077392247, 40.256535087674351 ], [ -8.402832665085493, 40.256416784492103 ], [ -8.402677213754421, 40.256286178314504 ], [ -8.402539220464892, 40.256144527016865 ], [ -8.402420014118379, 40.255993194842588 ], [ -8.402320742655824, 40.255833639262484 ], [ -8.402242362005458, 40.255667396936097 ], [ -8.402202688425689, 40.255547591247229 ], [ -8.402079074039367, 40.255462273881676 ], [ -8.401923626345985, 40.2553316666584 ], [ -8.401785636572832, 40.25519001442732 ], [ -8.401666433587518, 40.255038681440887 ], [ -8.401567165298614, 40.254879125177695 ], [ -8.401488787603789, 40.254712882303863 ], [ -8.401432055188238, 40.254541553872173 ], [ -8.401397514261829, 40.254366789901326 ], [ -8.401385497304735, 40.254190273484156 ], [ -8.401396119871919, 40.254013704577758 ], [ -8.401429279486994, 40.253838783631664 ], [ -8.401484656635871, 40.253667195211825 ], [ -8.401561717850335, 40.253500591777957 ], [ -8.401659720851628, 40.253340577770722 ], [ -8.401777721704276, 40.253188694161622 ], [ -8.401914583911044, 40.253046403614562 ], [ -8.402068989361267, 40.252915076401855 ], [ -8.402239451027008, 40.252795977210162 ], [ -8.402424327284683, 40.25269025296344 ], [ -8.402621837724196, 40.25259892177997 ], [ -8.402830080293363, 40.252522863169773 ], [ -8.403047049612601, 40.252462809566786 ], [ -8.403270656283579, 40.252419339276969 ], [ -8.403498747006099, 40.252392870910747 ], [ -8.403729125309617, 40.252383659352702 ], [ -8.40395957270001, 40.252391793307645 ], [ -8.404187870018175, 40.252417194446714 ], [ -8.404411818804997, 40.252459618161424 ], [ -8.404538144586162, 40.252493916720873 ], [ -8.404631293373539, 40.252450841237092 ], [ -8.404839533219921, 40.25237477901797 ], [ -8.405056500269669, 40.252314721653441 ], [ -8.405280105146305, 40.252271247485723 ], [ -8.405508194566899, 40.252244775162566 ], [ -8.405543974390877, 40.252243343929081 ], [ -8.40550356872688, 40.252192050045046 ], [ -8.405404295641356, 40.252032497010589 ], [ -8.405325911894641, 40.251866256673651 ], [ -8.405286136870528, 40.251746155245833 ], [ -8.405223526230696, 40.251789904202816 ], [ -8.405038656796169, 40.251895632915407 ], [ -8.404841151667917, 40.251986968217359 ], [ -8.404632913009591, 40.252063030440581 ], [ -8.404415946383491, 40.25212308701218 ], [ -8.404192341431649, 40.252166559511529 ], [ -8.403964251746267, 40.252193029242427 ], [ -8.403733874123505, 40.252202241266623 ], [ -8.4035034274007, 40.25219410685979 ], [ -8.403275131081013, 40.252168704366241 ], [ -8.403051183951668, 40.252126278444287 ], [ -8.402833742901946, 40.252067237709277 ], [ -8.402624902145154, 40.251992150797257 ], [ -8.402426673044948, 40.251901740887099 ], [ -8.402403223204699, 40.251888499721915 ], [ -8.402384639069451, 40.2519865437093 ], [ -8.402329265542358, 40.252158132597884 ], [ -8.402252207717424, 40.252324736570486 ], [ -8.402154207566493, 40.252484751098294 ], [ -8.402036208771586, 40.25263663510308 ], [ -8.401899347641072, 40.25277892580057 ], [ -8.401744942169648, 40.252910252790087 ], [ -8.40157447934736, 40.253029351254789 ], [ -8.401389600839805, 40.253135074144936 ], [ -8.401192087177408, 40.25322640322733 ], [ -8.400983840606044, 40.253302458893749 ], [ -8.400766866764238, 40.253362508634453 ], [ -8.400543255363539, 40.253405974094626 ], [ -8.400315160058275, 40.253432436645866 ], [ -8.400084777698751, 40.253441641419066 ], [ -8.399854327167933, 40.253433499759737 ], [ -8.39962602800566, 40.253408090082083 ], [ -8.39940207902654, 40.253365657113577 ], [ -8.399184637137664, 40.253306609537482 ], [ -8.398975796560414, 40.253231516055706 ], [ -8.398777568656708, 40.253141099910415 ], [ -8.398591862554124, 40.253036231916788 ], [ -8.398420466756729, 40.252917922074396 ], [ -8.398265031918768, 40.252787309837871 ], [ -8.39816916573284, 40.252688887065091 ], [ -8.398102955438542, 40.252774101815007 ], [ -8.397966085769411, 40.252916387884916 ], [ -8.397811672355193, 40.253047709648897 ], [ -8.397641202262454, 40.253166802340381 ], [ -8.397456317226842, 40.253272518965289 ], [ -8.397258797841669, 40.253363841350698 ], [ -8.397099439381075, 40.253422035420073 ], [ -8.396998361832436, 40.253552120354065 ], [ -8.396861488284202, 40.253694405110807 ], [ -8.396742569271554, 40.253795536827333 ], [ -8.396742250047836, 40.253800836962803 ], [ -8.396709078375284, 40.253975756605584 ], [ -8.396653688904802, 40.254147342770437 ], [ -8.396576614911275, 40.254313942958262 ], [ -8.396478598522267, 40.254473952676648 ], [ -8.396360583576199, 40.254625830893666 ], [ -8.396223706537011, 40.254768114880775 ], [ -8.396069285552642, 40.254899434301947 ], [ -8.395898807762569, 40.255018524413138 ], [ -8.39571391497658, 40.255124238245145 ], [ -8.395516387862651, 40.255215557651944 ], [ -8.395308128796239, 40.255291603118529 ], [ -8.395091143536249, 40.255351642233393 ], [ -8.394867521904231, 40.255395096744053 ], [ -8.394639417653078, 40.255421548127579 ], [ -8.394409027719279, 40.255430741622447 ], [ -8.394178571058761, 40.255422588682798 ], [ -8.393950267270419, 40.255397167831475 ], [ -8.39372631521341, 40.255354723903608 ], [ -8.393508871824467, 40.255295665687996 ], [ -8.393300031339411, 40.255220561989049 ], [ -8.393101805119247, 40.255130136147343 ], [ -8.392916102275322, 40.255025259071466 ], [ -8.392744711280285, 40.254906940848443 ], [ -8.392589282742096, 40.254776321013658 ], [ -8.392451313507037, 40.254634657573867 ], [ -8.392332132244864, 40.254483314889463 ], [ -8.392232886654886, 40.254323750532421 ], [ -8.392154532416127, 40.254157501246809 ], [ -8.39209782398785, 40.25398616814708 ], [ -8.392063307348886, 40.253811401296907 ], [ -8.392051314745494, 40.253634883816822 ], [ -8.392061961498094, 40.253458315674088 ], [ -8.392095144897393, 40.253283397310874 ], [ -8.392150545200266, 40.253111813268205 ], [ -8.392227628715547, 40.252945215963642 ], [ -8.392325652949753, 40.252785209778764 ], [ -8.392443673762978, 40.25263333560973 ], [ -8.392580554465811, 40.252491056029527 ], [ -8.39269947742399, 40.252389928554656 ], [ -8.392699796957123, 40.252384628428075 ], [ -8.392732978203608, 40.252209709856238 ], [ -8.39278837603295, 40.252038125484134 ], [ -8.392865456777807, 40.251871527732504 ], [ -8.392963477971387, 40.251711520987222 ], [ -8.393081495503063, 40.251559646149829 ], [ -8.393218372715031, 40.251417365799789 ], [ -8.393372791352181, 40.251286050111155 ], [ -8.393543264259637, 40.251166963659628 ], [ -8.393728149705607, 40.251061253246498 ], [ -8.39392566719156, 40.250969936856798 ], [ -8.394085022654046, 40.250911747142645 ], [ -8.394186101893691, 40.250781664688475 ], [ -8.39432297522691, 40.250639383025053 ], [ -8.394477389961159, 40.250508065857176 ], [ -8.394647858979146, 40.250388977774797 ], [ -8.394832740586532, 40.250283265594895 ], [ -8.395030254321735, 40.250191947319514 ], [ -8.395238498100879, 40.250115902334443 ], [ -8.395455466532745, 40.250055862942361 ], [ -8.395679070227571, 40.250012407312433 ], [ -8.395907155913822, 40.249985953913921 ], [ -8.396137527169452, 40.249976757487289 ], [ -8.396367965568203, 40.249984906591642 ], [ -8.396596252037531, 40.250010322752246 ], [ -8.396820188222776, 40.250052761215983 ], [ -8.397037617652007, 40.250111813307811 ], [ -8.397246446498059, 40.250186910365287 ], [ -8.397444663737943, 40.250277329213588 ], [ -8.397630360515771, 40.250382199128012 ], [ -8.397801748522827, 40.250500510217428 ], [ -8.397957177217934, 40.250631123147535 ], [ -8.398053040177949, 40.250729546141287 ], [ -8.398118266825103, 40.250645594953852 ], [ -8.398110517903934, 40.250642808460192 ], [ -8.397912298715285, 40.250552390764341 ], [ -8.397726601038181, 40.250447521308274 ], [ -8.397603135929121, 40.250362291794509 ], [ -8.397600495447309, 40.250361087321622 ], [ -8.397414798773191, 40.250256217358555 ], [ -8.397243412055341, 40.250137905686962 ], [ -8.397087985860548, 40.250007291779092 ], [ -8.396950017012561, 40.249865633584655 ], [ -8.396830834177452, 40.249714295413504 ], [ -8.396731585069722, 40.249554734794131 ], [ -8.396653225402323, 40.249388488434612 ], [ -8.396596509686852, 40.249217157421256 ], [ -8.39656198397237, 40.24904239179763 ], [ -8.396550016157191, 40.248866397673339 ], [ -8.396444870543869, 40.24890479623928 ], [ -8.39622790666639, 40.248964837483776 ], [ -8.396004306772088, 40.249008294169919 ], [ -8.395776224404459, 40.249034747753825 ], [ -8.395545856289184, 40.249043943452754 ], [ -8.395315421172011, 40.249035792699651 ], [ -8.395087138444302, 40.249010373996306 ], [ -8.39486320676234, 40.248967932157122 ], [ -8.394645782866588, 40.248908875950789 ], [ -8.394436960805095, 40.24883377416235 ], [ -8.394238751761414, 40.248743350113962 ], [ -8.394053064681444, 40.248638474696932 ], [ -8.393881687886017, 40.248520157982306 ], [ -8.393784237867333, 40.248438256774143 ], [ -8.393732563067116, 40.248409070642516 ], [ -8.393561187407945, 40.248290753444998 ], [ -8.393405772509119, 40.248160134514393 ], [ -8.393267815085578, 40.248018471848788 ], [ -8.393209985258878, 40.247945030796686 ], [ -8.393103372259297, 40.247924822302245 ], [ -8.39288595321791, 40.247865762763695 ], [ -8.392677136296324, 40.247790657770082 ], [ -8.392478932628578, 40.247700230674425 ], [ -8.392293251108784, 40.247595352397376 ], [ -8.392121880004209, 40.247477033037519 ], [ -8.391966469731246, 40.247346412141162 ], [ -8.391828516960272, 40.247204747725277 ], [ -8.3917093502025, 40.247053404159637 ], [ -8.391610117017583, 40.246893839024679 ], [ -8.391531772965113, 40.246727589071938 ], [ -8.391475072406301, 40.24655625542232 ], [ -8.391440561244249, 40.246381488144735 ], [ -8.391428571672526, 40.246204970363834 ], [ -8.391439218982423, 40.246028402049816 ], [ -8.391472400459346, 40.245853483646449 ], [ -8.39152779637875, 40.245681899695171 ], [ -8.391604873091735, 40.24551530261266 ], [ -8.391702888170391, 40.245355296778385 ], [ -8.391820897563026, 40.245203423085108 ], [ -8.391957764690252, 40.245061144101264 ], [ -8.392112171394102, 40.244929829987797 ], [ -8.392282630634641, 40.244810745305244 ], [ -8.3924675008117, 40.244705036837857 ], [ -8.392648148980557, 40.244621514354854 ], [ -8.392655827339347, 40.244616150094608 ], [ -8.392840696404965, 40.244510441030997 ], [ -8.393038196098058, 40.244419126108532 ], [ -8.393246424469956, 40.244343084680636 ], [ -8.393463376277808, 40.244283049015785 ], [ -8.393624178195253, 40.244251798775423 ], [ -8.393646699119211, 40.244215031449272 ], [ -8.393764702190785, 40.244063155763897 ], [ -8.393901562952454, 40.243920874473275 ], [ -8.394055963307547, 40.243789557760572 ], [ -8.39422641627726, 40.243670470211349 ], [ -8.394333514056688, 40.243609228119752 ], [ -8.394494614660914, 40.24349667364276 ], [ -8.394679477814675, 40.243390961640117 ], [ -8.394876971774965, 40.24329964358018 ], [ -8.395085194648313, 40.243223598846591 ], [ -8.395302141244807, 40.243163559739671 ], [ -8.395525722384919, 40.243120104425856 ], [ -8.395753785014278, 40.243093651371368 ], [ -8.395984132932833, 40.243084455313337 ], [ -8.396016363810235, 40.243085595307356 ], [ -8.396011283008098, 40.243010863086838 ], [ -8.396021917953506, 40.24283429429294 ], [ -8.396055086112975, 40.242659374521367 ], [ -8.396110467890232, 40.242487788326692 ], [ -8.39618752977259, 40.242321188147244 ], [ -8.396285529474961, 40.24216117839233 ], [ -8.396403523093733, 40.242009299992489 ], [ -8.396540374201415, 40.24186701556151 ], [ -8.396694764794296, 40.241735695312798 ], [ -8.39686520798757, 40.241616603865978 ], [ -8.39705006233558, 40.241510888070444 ], [ -8.397247547639239, 40.241419565963128 ], [ -8.397455762088425, 40.241343516966673 ], [ -8.397638622470655, 40.241292905485523 ], [ -8.39765385349709, 40.241284194883285 ], [ -8.397851337326827, 40.241192871746804 ], [ -8.398059550401397, 40.241116821665514 ], [ -8.398276487625232, 40.241056776991179 ], [ -8.398500059909038, 40.241013315943874 ], [ -8.398728114283712, 40.240986857045023 ], [ -8.398958454628671, 40.240977655088017 ], [ -8.399188862815265, 40.240985798685273 ], [ -8.399417120061836, 40.241011209415056 ], [ -8.399641028295077, 40.241053642576524 ], [ -8.399858431312195, 40.241112689545702 ], [ -8.400067235540334, 40.241187781709442 ], [ -8.40014546261599, 40.241223468114356 ], [ -8.400160691644798, 40.241203863526749 ], [ -8.400297533250047, 40.241061574663874 ], [ -8.400451914734941, 40.240930249414156 ], [ -8.400622349302363, 40.240811152445374 ], [ -8.400807195589705, 40.240705430660114 ], [ -8.401004673475478, 40.240614102152968 ], [ -8.401212881220976, 40.240538046408233 ], [ -8.401429813781924, 40.240477995832215 ], [ -8.401566989747465, 40.240451325540356 ], [ -8.401745906566962, 40.240401797715116 ], [ -8.401969474443058, 40.240358329975024 ], [ -8.402197525233008, 40.240331864248297 ], [ -8.402359904921514, 40.24032537238709 ], [ -8.402361790183344, 40.240294022155368 ], [ -8.402394940812759, 40.240119100546977 ], [ -8.402450304533417, 40.239947511301835 ], [ -8.402475008352081, 40.239894090060638 ], [ -8.402455992843214, 40.239887251894501 ], [ -8.40225779936301, 40.239796841389726 ], [ -8.402072124498451, 40.239691978637211 ], [ -8.401900756452749, 40.239573673586015 ], [ -8.401745345612893, 40.239443065644586 ], [ -8.401607388654798, 40.239301412705153 ], [ -8.40148821413008, 40.239150079026942 ], [ -8.401408497853549, 40.239021917935681 ], [ -8.401372851280346, 40.238991959882711 ], [ -8.401234896016845, 40.238850306482711 ], [ -8.401115723115801, 40.23869897240386 ], [ -8.401030995872707, 40.238562752688573 ], [ -8.400957139953791, 40.238596910299734 ], [ -8.400748937853621, 40.238672965591611 ], [ -8.400532010436102, 40.238733014893448 ], [ -8.400308446965592, 40.238776479854678 ], [ -8.400080400634714, 40.238802941851709 ], [ -8.399850067821996, 40.238812146020805 ], [ -8.399782764176962, 40.23880976757512 ], [ -8.39969833148036, 40.238826182343125 ], [ -8.399470284738708, 40.238852643139069 ], [ -8.399239951668324, 40.238861846094679 ], [ -8.399009550677368, 40.238853702572968 ], [ -8.398781300828455, 40.238828291006058 ], [ -8.398557400461156, 40.238785856139657 ], [ -8.398340006014282, 40.238726806675217 ], [ -8.398131211252222, 40.238651711332878 ], [ -8.397933027095579, 40.238561293372669 ], [ -8.397747362250563, 40.238456423627248 ], [ -8.397576004823859, 40.238338112112999 ], [ -8.397420605100162, 40.238207498300625 ], [ -8.397282659648303, 40.238065840138894 ], [ -8.397163496909064, 40.237914501937304 ], [ -8.397064264403463, 40.237754941224637 ], [ -8.396985917684635, 40.237588694709849 ], [ -8.396929211139549, 40.237417363480709 ], [ -8.39689469072905, 40.237242597582842 ], [ -8.396882688735863, 40.237066080127612 ], [ -8.396893320570987, 40.236889511082119 ], [ -8.396926483668935, 40.236714590897179 ], [ -8.396981858482226, 40.236543004131413 ], [ -8.397058911565285, 40.236376403228633 ], [ -8.397156900717802, 40.236216392605129 ], [ -8.397274882137797, 40.236064513199835 ], [ -8.397411719515276, 40.235922227636195 ], [ -8.397566094978769, 40.235790906138561 ], [ -8.397736521789176, 40.23567181333862 ], [ -8.397921358658605, 40.235566096098786 ], [ -8.398118825556274, 40.235474772469907 ], [ -8.398327020849292, 40.235398721889304 ], [ -8.398543939613297, 40.235338676713603 ], [ -8.398767492936738, 40.235295215167675 ], [ -8.398995528033062, 40.235268755777767 ], [ -8.399225848967307, 40.235259553342019 ], [ -8.399293149078975, 40.235261932124416 ], [ -8.399377577452787, 40.235245517655841 ], [ -8.399605612138453, 40.235219057064974 ], [ -8.399835932815092, 40.235209853415881 ], [ -8.400066321543408, 40.235217995337237 ], [ -8.400294559729096, 40.235243404423457 ], [ -8.400518449482366, 40.235285835989515 ], [ -8.400735834778354, 40.235344881426776 ], [ -8.400944622214835, 40.23541997213686 ], [ -8.401142801167554, 40.235510385006016 ], [ -8.401328463149307, 40.235615249367143 ], [ -8.401499820186471, 40.235733555382481 ], [ -8.401655222036133, 40.235864163766607 ], [ -8.401793172078111, 40.2360058167557 ], [ -8.401912341728803, 40.236157150218013 ], [ -8.4019970677094, 40.236293369348836 ], [ -8.401997283904981, 40.236293269354647 ], [ -8.40207356955837, 40.236128297532247 ], [ -8.402171546529331, 40.235968282695779 ], [ -8.402263204051344, 40.235850274933618 ], [ -8.4022069114764, 40.23581848101697 ], [ -8.402035552999592, 40.235700176054955 ], [ -8.401880150798659, 40.235569568178953 ], [ -8.401742201466318, 40.235427915280546 ], [ -8.40162303348076, 40.235276581618542 ], [ -8.401523794413567, 40.235117024678033 ], [ -8.401445439881099, 40.234950781131616 ], [ -8.401388724345617, 40.234779452038495 ], [ -8.40135419385458, 40.23460468742374 ], [ -8.401342180787827, 40.234428170386387 ], [ -8.401352800663023, 40.234251600889458 ], [ -8.401385951029889, 40.234076679388238 ], [ -8.401441312463561, 40.233905090453945 ], [ -8.401518351647324, 40.23373848655136 ], [ -8.401616326514725, 40.233578472125643 ], [ -8.401734293401349, 40.233426588152362 ], [ -8.401871116137153, 40.233284297299001 ], [ -8.40201455101209, 40.233162265492588 ], [ -8.401888317694892, 40.233056168585982 ], [ -8.401750373474615, 40.232914515619122 ], [ -8.401631209907537, 40.232763181885417 ], [ -8.401531974522696, 40.232603624870599 ], [ -8.401453622901007, 40.232437381248026 ], [ -8.401396909476714, 40.23226605207762 ], [ -8.401362380276961, 40.232091287385181 ], [ -8.401350367669174, 40.231914770270478 ], [ -8.401353742571514, 40.231858656122533 ], [ -8.401268079247938, 40.231810269713684 ], [ -8.401096732538354, 40.231691963241438 ], [ -8.400941341338466, 40.231561353978648 ], [ -8.40080340213504, 40.231419699830234 ], [ -8.400684243308721, 40.231268365067059 ], [ -8.400585012342898, 40.231108807184746 ], [ -8.400506664775923, 40.230942562865003 ], [ -8.400449955003003, 40.230771233174472 ], [ -8.400415429016125, 40.230596468143936 ], [ -8.400403419151781, 40.230419950876467 ], [ -8.400414040896834, 40.230243381337282 ], [ -8.40044719178303, 40.230068459982043 ], [ -8.400502552380541, 40.229896871380618 ], [ -8.400579589380735, 40.229730267994533 ], [ -8.400677560738224, 40.229570254264004 ], [ -8.400795522822422, 40.229418371157912 ], [ -8.400932339509554, 40.229276081335378 ], [ -8.401086693127411, 40.22914475506176 ], [ -8.401257097147251, 40.229025657014759 ], [ -8.401441910500644, 40.22891993410736 ], [ -8.401639353383244, 40.228828604444985 ], [ -8.401847524393386, 40.228752547523101 ], [ -8.40206441884051, 40.228692495759333 ], [ -8.40228794804719, 40.228649027442074 ], [ -8.402515959459073, 40.228622561162744 ], [ -8.40274625736922, 40.228613351785832 ], [ -8.402976624057533, 40.22862148799517 ], [ -8.403204841141905, 40.228646891440157 ], [ -8.403428710935716, 40.228689317490137 ], [ -8.403646077606279, 40.228748357589517 ], [ -8.40385484793071, 40.228823443191345 ], [ -8.404053011449529, 40.22891385123102 ], [ -8.404238659824157, 40.229018711087939 ], [ -8.40441000521202, 40.229137012967733 ], [ -8.404565397482408, 40.229267617624743 ], [ -8.40470334010741, 40.229409267331057 ], [ -8.404822504574897, 40.22956059798652 ], [ -8.404921743184692, 40.22972015225335 ], [ -8.405000100104687, 40.229886393588792 ], [ -8.405056820580246, 40.230057721040872 ], [ -8.405091358208088, 40.230232484664839 ], [ -8.405103380204357, 40.230409001411715 ], [ -8.405100008462538, 40.230465115672658 ], [ -8.405115185855204, 40.230473687938293 ], [ -8.405172530770409, 40.230399845673816 ], [ -8.4053093402323, 40.230257550725135 ], [ -8.405463687580992, 40.230126218657198 ], [ -8.405634086348098, 40.230007114203488 ], [ -8.40581889551574, 40.229901384338696 ], [ -8.40601633531986, 40.229810047235254 ], [ -8.406224504388417, 40.229733982460232 ], [ -8.406441398049534, 40.22967392250694 ], [ -8.40666492763334, 40.229630445742586 ], [ -8.406688368555697, 40.229627724005937 ], [ -8.406605825833294, 40.229495019800517 ], [ -8.406527465449969, 40.229328779552397 ], [ -8.406470741891281, 40.229157452809631 ], [ -8.406436201282014, 40.228982689574671 ], [ -8.406424176099511, 40.228806172933282 ], [ -8.406434781978176, 40.228629602844705 ], [ -8.406467916602562, 40.228454679769897 ], [ -8.406523260699455, 40.228283088295306 ], [ -8.406600281119132, 40.228116480910167 ], [ -8.406698235975865, 40.227956462093196 ], [ -8.406816181797957, 40.227804572862318 ], [ -8.406952982618222, 40.227662275935607 ], [ -8.407107320917214, 40.227530941646883 ], [ -8.407277710313689, 40.227411834751045 ], [ -8.407462509880007, 40.227306102246267 ], [ -8.40765993994455, 40.227214762330419 ], [ -8.407868099229061, 40.227138694597706 ], [ -8.40808498315586, 40.22707863156986 ], [ -8.408308503148804, 40.22703515164374 ], [ -8.408536506742236, 40.227008673522512 ], [ -8.408766798304491, 40.226999452184749 ], [ -8.40899716017659, 40.227007576429415 ], [ -8.409225374022791, 40.22703296802112 ], [ -8.409449242187661, 40.22707538244331 ], [ -8.409666608854208, 40.227134411252422 ], [ -8.409875380799596, 40.227209486010146 ], [ -8.410073547548759, 40.227299883756366 ], [ -8.410259200732042, 40.227404733969529 ], [ -8.410430552460589, 40.227523026948155 ], [ -8.410585952542666, 40.227653623532341 ], [ -8.410723904375175, 40.227795266071844 ], [ -8.410843079357354, 40.227946590535609 ], [ -8.410942329687806, 40.228106139645426 ], [ -8.41102069942159, 40.228272376908258 ], [ -8.411077433680701, 40.228443701411365 ], [ -8.411111985929146, 40.228618463238398 ], [ -8.411124023242296, 40.228794979357694 ], [ -8.411113429519572, 40.228971549830042 ], [ -8.411080306609275, 40.229146474179785 ], [ -8.411024973334452, 40.229318067771445 ], [ -8.410947962428944, 40.22948467803446 ], [ -8.410850015412851, 40.229644700379481 ], [ -8.41073207545656, 40.229796593653035 ], [ -8.410595278301836, 40.229938894981679 ], [ -8.410440941327261, 40.230070233862421 ], [ -8.41027055086318, 40.230189345363918 ], [ -8.410085747878268, 40.23029508231096 ], [ -8.409888312175511, 40.230386426334988 ], [ -8.409680145249842, 40.230462497683945 ], [ -8.409463251972586, 40.230522563697086 ], [ -8.409239721279217, 40.230566045862865 ], [ -8.409216280138653, 40.230568768116527 ], [ -8.409298829260798, 40.230701470414225 ], [ -8.409377198010402, 40.230867708718627 ], [ -8.409433930335886, 40.231039033956989 ], [ -8.409468479719855, 40.231213796205871 ], [ -8.409480513265242, 40.231390312429539 ], [ -8.40946991490773, 40.231566882687808 ], [ -8.409436786540233, 40.231741806507024 ], [ -8.409381447038335, 40.231913399256861 ], [ -8.40930442919583, 40.232080008374801 ], [ -8.409206474599618, 40.232240029282544 ], [ -8.409088526493079, 40.232391920840477 ], [ -8.40895172069647, 40.232534220191603 ], [ -8.408797374671598, 40.232665556852034 ], [ -8.408626974835981, 40.232784665911772 ], [ -8.408505615366106, 40.232854097721997 ], [ -8.408512767678289, 40.232959031900272 ], [ -8.408512032963928, 40.232971269215369 ], [ -8.408522189664227, 40.232975902173422 ], [ -8.408707856018021, 40.233080754728171 ], [ -8.40887921942185, 40.233199049848459 ], [ -8.409034629571535, 40.233329648353752 ], [ -8.40917258976701, 40.233471292575352 ], [ -8.409291771326943, 40.233622618465986 ], [ -8.409312154669482, 40.233655384297727 ], [ -8.409382870820693, 40.23365787771138 ], [ -8.409611107143226, 40.233683268438078 ], [ -8.409834997465557, 40.233725681991153 ], [ -8.409940503530953, 40.233754330360362 ], [ -8.409944420093055, 40.233733650019957 ], [ -8.409999759627945, 40.233562057054826 ], [ -8.410076777422018, 40.233395447517033 ], [ -8.410174731614783, 40.23323542590601 ], [ -8.410292678740884, 40.233083533266573 ], [ -8.410329606858728, 40.233045121438344 ], [ -8.41034734464802, 40.232951457919491 ], [ -8.410402682539447, 40.232779864744032 ], [ -8.410479698469434, 40.232613254921823 ], [ -8.410577650595448, 40.232453232955109 ], [ -8.410695595472044, 40.232301339892103 ], [ -8.410832397141098, 40.232159038487815 ], [ -8.41089112605558, 40.232109062079296 ], [ -8.41083521156366, 40.231990463109611 ], [ -8.410778474903465, 40.231819138600862 ], [ -8.410743921838002, 40.231644376773708 ], [ -8.41073188496456, 40.231467860700334 ], [ -8.410741621686237, 40.231305594959572 ], [ -8.410732195350921, 40.231167360671733 ], [ -8.410742790373313, 40.2309907902969 ], [ -8.410775915023757, 40.23081586609365 ], [ -8.410831250125065, 40.230644272659312 ], [ -8.410908262614115, 40.230477662502039 ], [ -8.411006210681522, 40.230317640127232 ], [ -8.411124150920934, 40.230165746587033 ], [ -8.411260947418898, 40.230023444641098 ], [ -8.411415282697559, 40.229892104671563 ], [ -8.411585670404731, 40.229772991487984 ], [ -8.41177046962901, 40.229667252149163 ], [ -8.411967900702056, 40.229575904918711 ], [ -8.412176062335881, 40.229499829461268 ], [ -8.412380530538762, 40.229443198170294 ], [ -8.412375857638622, 40.229374693834565 ], [ -8.412386448139209, 40.22919812326986 ], [ -8.412419567711602, 40.229023198559169 ], [ -8.412474897227529, 40.228851604304772 ], [ -8.412551903677667, 40.228684993022618 ], [ -8.412649845310792, 40.228524969229035 ], [ -8.412767778782525, 40.228373073989829 ], [ -8.41290456824458, 40.228230770081012 ], [ -8.413058896286861, 40.228099427903601 ], [ -8.413229276626863, 40.22798031228848 ], [ -8.413246980643244, 40.227970181684135 ], [ -8.413342096198503, 40.227889231936437 ], [ -8.413512475515455, 40.227770115903574 ], [ -8.413697266300371, 40.227664373480359 ], [ -8.413894688966169, 40.227573022960136 ], [ -8.414012609007978, 40.227529923888895 ], [ -8.414018104801899, 40.227438256002714 ], [ -8.414051219343202, 40.22726333078905 ], [ -8.414106543330883, 40.227091735721245 ], [ -8.414183543808861, 40.22692512332317 ], [ -8.414281479083437, 40.226765098121859 ], [ -8.414399405871469, 40.226613201196692 ], [ -8.414536188389038, 40.226470895339922 ], [ -8.414690509292917, 40.226339550971346 ], [ -8.414860882369343, 40.226220432942924 ], [ -8.415045666847785, 40.226114688360084 ], [ -8.415243083201883, 40.226023335536986 ], [ -8.415451230285369, 40.225947254192128 ], [ -8.415668103638017, 40.22588717697834 ], [ -8.415891614785481, 40.225843682429044 ], [ -8.416119611347256, 40.225817189388266 ], [ -8.416349897759371, 40.22580795297818 ], [ -8.416580256412425, 40.225816062142897 ], [ -8.41680846900168, 40.225841438792244 ], [ -8.417032337883805, 40.22588383855355 ], [ -8.417249707234918, 40.225942853124373 ], [ -8.417458483806351, 40.226017914203538 ], [ -8.417656657078524, 40.226108298962629 ], [ -8.417842318618998, 40.226213137005168 ], [ -8.418013680458476, 40.226331418746845 ], [ -8.418057170678674, 40.226367961919351 ], [ -8.418070580495082, 40.22637721794257 ], [ -8.418225992558511, 40.226507804253529 ], [ -8.41836395791311, 40.226649437668414 ], [ -8.418483147827937, 40.226800754243996 ], [ -8.418582414357841, 40.226960296778095 ], [ -8.418660801401911, 40.227126528840991 ], [ -8.418717553915483, 40.227297849570029 ], [ -8.41875212518679, 40.227472609085247 ], [ -8.418764182108033, 40.22764912437728 ], [ -8.418753608389808, 40.227825695514902 ], [ -8.418720505687771, 40.228000622016076 ], [ -8.418665192630344, 40.228172219224632 ], [ -8.418588201756648, 40.228338834535187 ], [ -8.418490274393845, 40.228498863309817 ], [ -8.418372353523015, 40.228650764333167 ], [ -8.418235574702079, 40.22879307465714 ], [ -8.418081255133009, 40.228924423692149 ], [ -8.417910880978477, 40.229043546409059 ], [ -8.417726093050032, 40.229149295524657 ], [ -8.417528671005609, 40.22924065255318 ], [ -8.417349769284817, 40.229306045020415 ], [ -8.417348356787901, 40.229329623707223 ], [ -8.417315249758929, 40.229504549775932 ], [ -8.41725993195007, 40.229676146284689 ], [ -8.417182935946194, 40.229842760634838 ], [ -8.417085003123862, 40.230002788197702 ], [ -8.416967076516736, 40.230154687769577 ], [ -8.416830291737982, 40.230296996416342 ], [ -8.416675966046954, 40.230428343564583 ], [ -8.416505585665286, 40.230547464203283 ], [ -8.416487881468493, 40.230557595302187 ], [ -8.416392765959253, 40.230638547597586 ], [ -8.416222384554393, 40.230757667818594 ], [ -8.416037589341117, 40.230863414232054 ], [ -8.415840160047534, 40.230954768378233 ], [ -8.415631998106814, 40.231030850407578 ], [ -8.415427527878736, 40.231087487434053 ], [ -8.415432203980535, 40.231155991615339 ], [ -8.415422478475053, 40.231318257716623 ], [ -8.415431914366888, 40.231456491586236 ], [ -8.415421331459072, 40.231633062334758 ], [ -8.415388218382073, 40.231807987803336 ], [ -8.415332893864207, 40.231979583345726 ], [ -8.415255890554947, 40.232146196372582 ], [ -8.4151579499012, 40.232306222267972 ], [ -8.415040015012044, 40.232458119844246 ], [ -8.414903221580406, 40.232600426186472 ], [ -8.414844495204589, 40.232650404617942 ], [ -8.414900417228564, 40.232769001611508 ], [ -8.414957165070621, 40.232940324033379 ], [ -8.414991729636856, 40.233115084524357 ], [ -8.415003777883983, 40.233291600065684 ], [ -8.414993193606088, 40.233468170723746 ], [ -8.414960078560473, 40.233643096021076 ], [ -8.414904751494394, 40.2338146913131 ], [ -8.414827745081851, 40.233981304012865 ], [ -8.414729800799632, 40.23414132950758 ], [ -8.414611861791744, 40.234293226613445 ], [ -8.414574935427453, 40.234331639793751 ], [ -8.414557203117246, 40.234425303919522 ], [ -8.414501874408037, 40.23459689900136 ], [ -8.414424866131665, 40.234763511416901 ], [ -8.414326919782855, 40.234923536556082 ], [ -8.414208978525526, 40.235075433238528 ], [ -8.41407217811393, 40.235217738557942 ], [ -8.413917835957973, 40.235349081972906 ], [ -8.413747438437877, 40.235468198508379 ], [ -8.413562626590245, 40.235573940940682 ], [ -8.413365180303412, 40.235665290848402 ], [ -8.413157001174239, 40.235741368422808 ], [ -8.412940094191587, 40.235801440943177 ], [ -8.412716548422948, 40.235844929835281 ], [ -8.412488516890397, 40.23587141624504 ], [ -8.412258195829903, 40.235880645073564 ], [ -8.412027803533924, 40.235872527434651 ], [ -8.411799558981322, 40.235847141511123 ], [ -8.411608711463566, 40.235810992183737 ], [ -8.411603669030823, 40.235895038914407 ], [ -8.411570544111738, 40.236069963201913 ], [ -8.411515206540749, 40.236241556837115 ], [ -8.41143818909301, 40.236408167249024 ], [ -8.411340233351586, 40.236568189846828 ], [ -8.411222282570845, 40.236720083474651 ], [ -8.411085472596771, 40.236862385255577 ], [ -8.410931120931377, 40.236993724682272 ], [ -8.41076071404648, 40.23711283681812 ], [ -8.410589279729258, 40.237210915879757 ], [ -8.410636476323555, 40.237259368280128 ], [ -8.410755667823105, 40.237410692530815 ], [ -8.410854931893203, 40.23757024140837 ], [ -8.410933312456528, 40.237736478422008 ], [ -8.410990054530719, 40.237907802661411 ], [ -8.411024611504446, 40.238082564212732 ], [ -8.411036650407494, 40.23825908004703 ], [ -8.411026055123891, 40.238435650227842 ], [ -8.410992927516883, 40.238610574282262 ], [ -8.410937586454672, 40.238782167577689 ], [ -8.41086056474602, 40.238948777546383 ], [ -8.410762604015003, 40.23910879960183 ], [ -8.410720014857082, 40.239163641922275 ], [ -8.410666107201539, 40.23925170130142 ], [ -8.410556521499675, 40.239392814625802 ], [ -8.41059553910735, 40.239432869137843 ], [ -8.410714734355018, 40.239584193361239 ], [ -8.410814001532577, 40.239743742203515 ], [ -8.410892384532767, 40.239909979174215 ], [ -8.410949128349742, 40.240081303363453 ], [ -8.410983686355374, 40.240256064857888 ], [ -8.410995725569489, 40.240432580629076 ], [ -8.410985129873099, 40.240609150741186 ], [ -8.410952001133412, 40.240784074722001 ], [ -8.410910500328788, 40.240912749957943 ], [ -8.410910440183846, 40.240913752207717 ], [ -8.410877311107832, 40.241088676159059 ], [ -8.410821967771543, 40.24126026933336 ], [ -8.410744943005621, 40.241426879164017 ], [ -8.410646978463575, 40.241586901065872 ], [ -8.410529017484507, 40.241738793889695 ], [ -8.410392196012594, 40.241881094766306 ], [ -8.410237831660575, 40.242012433197061 ], [ -8.410067411022448, 40.242131544254931 ], [ -8.409958300603096, 40.242193961696664 ], [ -8.410020417195378, 40.242236834849571 ], [ -8.410175850292426, 40.242367431541467 ], [ -8.410313831310006, 40.24250907411156 ], [ -8.410433031366244, 40.242660398528479 ], [ -8.410532302418211, 40.242819947514526 ], [ -8.410610688321317, 40.242986184577873 ], [ -8.41066743404174, 40.243157508807741 ], [ -8.410701992932989, 40.243332270290381 ], [ -8.410709589761833, 40.243443654358295 ], [ -8.410869162255221, 40.243449277909889 ], [ -8.411097432016605, 40.243474665550053 ], [ -8.411321355538362, 40.243517076044235 ], [ -8.411538776470517, 40.243576100986687 ], [ -8.411747601067749, 40.243651171976417 ], [ -8.411945818348025, 40.243741566089547 ], [ -8.412131519455132, 40.243846412839623 ], [ -8.412302916038731, 40.243964702558493 ], [ -8.412458357475144, 40.244095296117706 ], [ -8.412596346763005, 40.244236935896211 ], [ -8.412715554940807, 40.244388257889547 ], [ -8.412814833887406, 40.244547804843357 ], [ -8.41289322738219, 40.24471404028538 ], [ -8.412949980318221, 40.244885363320471 ], [ -8.412984545979516, 40.245060124046404 ], [ -8.412996591312135, 40.245236639442169 ], [ -8.412986000138131, 40.245413209575545 ], [ -8.41295287428111, 40.245588133974117 ], [ -8.412897532592357, 40.245759728001929 ], [ -8.412820507886607, 40.245926339084214 ], [ -8.412722541816747, 40.246086362623721 ], [ -8.412604577736557, 40.24623825745546 ], [ -8.412467751620051, 40.246380560690895 ], [ -8.412313381124671, 40.246511901808688 ], [ -8.412142952903556, 40.246631015855904 ], [ -8.411958108289006, 40.246736755632782 ], [ -8.41176062748495, 40.246828102743457 ], [ -8.411552412420731, 40.246904177406122 ], [ -8.411335468431346, 40.246964246928066 ], [ -8.411111884940768, 40.247007732763933 ], [ -8.410883815334445, 40.247034216089077 ], [ -8.410653456215119, 40.247043441834293 ], [ -8.410423026241869, 40.247035321143102 ], [ -8.410194744756511, 40.247009932227705 ], [ -8.409970810403376, 40.246967519615602 ], [ -8.409753379948684, 40.24690849179396 ], [ -8.4095445475037, 40.246833417274395 ], [ -8.40934632435204, 40.24674301911643 ], [ -8.409160619575555, 40.246638167962004 ], [ -8.408989221665594, 40.246519873648467 ], [ -8.40883378129681, 40.246389275480894 ], [ -8.408695795429534, 40.24624763125739 ], [ -8.408576592893828, 40.246096305153259 ], [ -8.40847732159401, 40.245936754580825 ], [ -8.408398937456829, 40.245770516151403 ], [ -8.40834219522962, 40.24559919087497 ], [ -8.40830764121683, 40.245424428739859 ], [ -8.408306457430275, 40.245407063716833 ], [ -8.408291993204466, 40.24540764270386 ], [ -8.408061569034682, 40.245399517289108 ], [ -8.40783329390379, 40.24537412368727 ], [ -8.407609366394912, 40.245331706471028 ], [ -8.407391943208326, 40.245272674171879 ], [ -8.407183118385287, 40.245197595344585 ], [ -8.406984903135982, 40.245107193090135 ], [ -8.40679920646614, 40.245002338089918 ], [ -8.406627816789017, 40.244884040218331 ], [ -8.40647238469996, 40.244753438814698 ], [ -8.406334407079553, 40.244611791708309 ], [ -8.406215212678418, 40.244460463102222 ], [ -8.40611594932253, 40.244300910432813 ], [ -8.406037572862131, 40.244134670331633 ], [ -8.40598083797062, 40.243963343824717 ], [ -8.405946290881806, 40.243788580912238 ], [ -8.405934264135308, 40.243612064676867 ], [ -8.405944873380461, 40.243435495073946 ], [ -8.405978016269268, 40.243260572559734 ], [ -8.406033373448802, 40.243088981715282 ], [ -8.406110411643231, 40.242922375023738 ], [ -8.406208388795548, 40.242762356957122 ], [ -8.406326361219257, 40.242610468526081 ], [ -8.406364682087654, 40.242570617320631 ], [ -8.406405262731951, 40.242518369840319 ], [ -8.406542093853558, 40.242376073660822 ], [ -8.406696466197259, 40.242244740141189 ], [ -8.406866893053932, 40.242125634028859 ], [ -8.406976006219535, 40.242063219491804 ], [ -8.40691389169778, 40.242020344696726 ], [ -8.406845534214789, 40.24196290549213 ], [ -8.406714040614698, 40.242099652796078 ], [ -8.406559668633058, 40.242230986341241 ], [ -8.406389240972286, 40.242350092001644 ], [ -8.406204398959316, 40.242455822658307 ], [ -8.406006922773054, 40.24254716000322 ], [ -8.405798714298381, 40.242623224348627 ], [ -8.405581778806848, 40.242683283101201 ], [ -8.40535820564058, 40.242726757819348 ], [ -8.405130148085586, 40.2427532297855 ], [ -8.404899802628517, 40.242762444039855 ], [ -8.404669387796847, 40.242754311836627 ], [ -8.404635779247224, 40.242750572052856 ], [ -8.404609226152747, 40.24280799432654 ], [ -8.404511245162416, 40.242968011050671 ], [ -8.404393268055601, 40.243119897637484 ], [ -8.404256430931831, 40.243262191277822 ], [ -8.404102051554613, 40.243393521542757 ], [ -8.403931616662687, 40.243512623583854 ], [ -8.403746767652644, 40.243618350317014 ], [ -8.403549284770788, 40.243709683471991 ], [ -8.403341069966508, 40.243785743401403 ], [ -8.403124128572333, 40.243845797554464 ], [ -8.40298694638409, 40.243872469696647 ], [ -8.402808021356877, 40.243921999437561 ], [ -8.40258444231578, 40.243965468807168 ], [ -8.402356379495876, 40.243991935318931 ], [ -8.402126029434534, 40.244001144065585 ], [ -8.401895610703585, 40.24399300635438 ], [ -8.401667342536543, 40.243967600561469 ], [ -8.401443423449432, 40.243925171376937 ], [ -8.401226010061404, 40.243866127447546 ], [ -8.401017196319305, 40.243791037440083 ], [ -8.400938965826356, 40.243755351651309 ], [ -8.400923736454935, 40.243774956333809 ], [ -8.400786890732761, 40.243917245883701 ], [ -8.400632503144223, 40.244048571532218 ], [ -8.400462060507163, 40.244167668475441 ], [ -8.40027720429279, 40.244273389678298 ], [ -8.400079714816812, 40.24436471692384 ], [ -8.399871494092144, 40.244440770621608 ], [ -8.399688626935113, 40.244491385625068 ], [ -8.399673395454419, 40.244500096491727 ], [ -8.399475904504202, 40.244591422708076 ], [ -8.399267682404616, 40.244667475320931 ], [ -8.399050734558472, 40.244727521849946 ], [ -8.398827150426914, 40.244770983971264 ], [ -8.398599083401598, 40.244797443088643 ], [ -8.398368730060401, 40.244806644366058 ], [ -8.398336498330721, 40.24480550503025 ], [ -8.398341581834178, 40.244880237116831 ], [ -8.398330952625592, 40.245056806043024 ], [ -8.398297789191069, 40.24523172637921 ], [ -8.398242410743817, 40.245403313528513 ], [ -8.398165350452622, 40.245569914982369 ], [ -8.398067350313145, 40.245729926236187 ], [ -8.39794935400735, 40.245881806243275 ], [ -8.397812497819693, 40.246024092257876 ], [ -8.397658099697308, 40.246155413924441 ], [ -8.397507498906913, 40.24626063603241 ], [ -8.397608607070246, 40.246389027515526 ], [ -8.397707853568988, 40.246548587478451 ], [ -8.397786212499962, 40.246714833207868 ], [ -8.39784292908902, 40.246886163709505 ], [ -8.397877456970154, 40.247060929009209 ], [ -8.397889427879234, 40.247236923041243 ], [ -8.39799457009339, 40.247198523162666 ], [ -8.39821152676052, 40.247138478610864 ], [ -8.398435119073632, 40.247095017670397 ], [ -8.398663193870773, 40.24706855886167 ], [ -8.398893554834737, 40.247059356977218 ], [ -8.399123983638347, 40.247067500628702 ], [ -8.399352261301452, 40.247092911393921 ], [ -8.399576189554171, 40.247135344571682 ], [ -8.399793612000959, 40.247194391537825 ], [ -8.400002434881884, 40.24726948367929 ], [ -8.400200647231406, 40.247359897868549 ], [ -8.400386340240736, 40.247464763425803 ], [ -8.400509803539666, 40.247549990018832 ], [ -8.400512443963173, 40.247551194426102 ], [ -8.400698137975313, 40.247656059476348 ], [ -8.400869524396674, 40.247774366083398 ], [ -8.401024952701365, 40.247904974956136 ], [ -8.401162926014408, 40.248046628326065 ], [ -8.401282115528057, 40.248197962057809 ], [ -8.401381373300838, 40.248357518783962 ], [ -8.401459743315966, 40.248523761938131 ], [ -8.401516470692551, 40.248695090550875 ], [ -8.401551008960697, 40.248869854666225 ], [ -8.401563025330219, 40.24904637123047 ], [ -8.401553329399102, 40.249207555007594 ], [ -8.401663894468996, 40.249092598528684 ], [ -8.401818291462906, 40.248961271588193 ], [ -8.401988743689214, 40.248842172715079 ], [ -8.402173609615248, 40.248736448830243 ], [ -8.402371108930398, 40.248645118048501 ], [ -8.4025793396896, 40.248569059876026 ], [ -8.402796296626986, 40.248509006742481 ], [ -8.403019890463447, 40.248465536949382 ], [ -8.403247968022356, 40.248439069102368 ], [ -8.403313626639433, 40.248436443823913 ], [ -8.403515278080693, 40.248397238962227 ], [ -8.403743355212089, 40.248370770139992 ], [ -8.403973719845487, 40.248361558133389 ], [ -8.404005350986472, 40.248362674630975 ], [ -8.404119031342901, 40.24821633256888 ], [ -8.404255878673407, 40.248074039179343 ], [ -8.40441026833499, 40.247942708781707 ], [ -8.404580713451752, 40.247823606093299 ], [ -8.404765572559471, 40.247717878071803 ], [ -8.40482788419656, 40.2476890606574 ], [ -8.404867311204169, 40.247661509768584 ], [ -8.405052169423826, 40.247555781289236 ], [ -8.405249661419674, 40.247464445600428 ], [ -8.405457885317123, 40.247388382255615 ], [ -8.40567483591636, 40.247328323734273 ], [ -8.405898423999295, 40.247284848389754 ], [ -8.406126496444694, 40.247258374881191 ], [ -8.406356856957983, 40.247249158142658 ], [ -8.406587287216322, 40.247257286928836 ], [ -8.406815568225555, 40.247282682960645 ], [ -8.407039501683595, 40.247325101678783 ], [ -8.407256931144792, 40.247384134598306 ], [ -8.407465762781692, 40.247459213241399 ], [ -8.40766398554447, 40.247549614610541 ], [ -8.407849690524095, 40.247654468149349 ], [ -8.408021089332925, 40.24777276412437 ], [ -8.40813245396571, 40.247866330512004 ], [ -8.408160283643713, 40.247830501052206 ], [ -8.408297121711998, 40.247688202905238 ], [ -8.408451502659975, 40.247556867136524 ], [ -8.408621939695641, 40.247437758515133 ], [ -8.408806791432561, 40.247332024055858 ], [ -8.409004277696733, 40.247240681975335 ], [ -8.409212496668742, 40.247164611888529 ], [ -8.409429443196187, 40.247104546339884 ], [ -8.409653028100175, 40.247061063750408 ], [ -8.409881098290073, 40.247034582848976 ], [ -8.41011145749302, 40.247025358640848 ], [ -8.41034188739879, 40.247033479952655 ], [ -8.410570169016623, 40.247058868577263 ], [ -8.410794104038573, 40.247101280026691 ], [ -8.411011536003942, 40.247160305885984 ], [ -8.411220371061175, 40.247235377745334 ], [ -8.411418598127522, 40.247325772672518 ], [ -8.411604308252532, 40.247430620173191 ], [ -8.411723365480057, 40.247512784403753 ], [ -8.411741094691429, 40.247520869112549 ], [ -8.411872519467206, 40.247595067683811 ], [ -8.411962469579398, 40.247532201982587 ], [ -8.412147316343797, 40.247426462206008 ], [ -8.412344798358545, 40.247335114440844 ], [ -8.412553013845132, 40.247259038356788 ], [ -8.412769957684711, 40.247198966556013 ], [ -8.412993540724258, 40.247155477519769 ], [ -8.413221609891082, 40.247128990038995 ], [ -8.413451968922173, 40.247119759182262 ], [ -8.413682399508961, 40.247127873840263 ], [ -8.413827074949932, 40.247143959866996 ], [ -8.413848012892897, 40.247126145095429 ], [ -8.414018439347485, 40.24700702855344 ], [ -8.414203281469717, 40.246901285499185 ], [ -8.414400759178157, 40.246809934232019 ], [ -8.414608970735744, 40.246733854455407 ], [ -8.414825911061454, 40.246673778807065 ], [ -8.415049491036095, 40.246630285805317 ], [ -8.415277557616484, 40.246603794279231 ], [ -8.415507914564506, 40.246594559336422 ], [ -8.41573834359165, 40.246602669906835 ], [ -8.415966625715608, 40.246628047886787 ], [ -8.416190562623573, 40.246670448890789 ], [ -8.416407997836695, 40.246729464604478 ], [ -8.416616837472159, 40.246804526715714 ], [ -8.416815070403153, 40.246894912386132 ], [ -8.417000787622774, 40.246999751210573 ], [ -8.417172200625558, 40.247118033597232 ], [ -8.417327658629731, 40.247248620488257 ], [ -8.417353409101203, 40.247275047963846 ], [ -8.417553621788731, 40.247236096310019 ], [ -8.417781689395833, 40.247209599848276 ], [ -8.41801204802748, 40.247200359916171 ], [ -8.418242479378948, 40.247208465491717 ], [ -8.418470764445557, 40.247233838519293 ], [ -8.418694704886168, 40.247276234661108 ], [ -8.418912144187919, 40.247335245649616 ], [ -8.419120988428638, 40.247410303218167 ], [ -8.419319226437176, 40.247500684572167 ], [ -8.41950494915775, 40.247605519347985 ], [ -8.419676368031936, 40.24772379799284 ], [ -8.41983183222143, 40.247854381484899 ], [ -8.419969844505792, 40.247996012300078 ], [ -8.420089075702085, 40.248147326520275 ], [ -8.420188377467516, 40.248306866965997 ], [ -8.420266793361726, 40.248473097227688 ], [ -8.420323568062072, 40.248644416460102 ], [ -8.420358154642958, 40.248819174797688 ], [ -8.420370219848964, 40.248995689242456 ], [ -8.420364318951103, 40.249094239502362 ], [ -8.420558231029441, 40.249056509279313 ], [ -8.420786303535797, 40.249030006887629 ], [ -8.421016667893461, 40.249020760957741 ], [ -8.421247105742577, 40.249028860525463 ], [ -8.421475398015904, 40.249054227592993 ], [ -8.421699346302923, 40.249096617879971 ], [ -8.421916794015228, 40.249155623175163 ], [ -8.422034655277622, 40.249197977091825 ], [ -8.4220743982622, 40.2491330439046 ], [ -8.422192346103843, 40.248981139552647 ], [ -8.422329156991179, 40.248838824936783 ], [ -8.422483513307661, 40.248707470561122 ], [ -8.422653928498404, 40.248588341373974 ], [ -8.422838761387261, 40.248482584588146 ], [ -8.423036231981662, 40.248391218635284 ], [ -8.423244438613013, 40.248315123360236 ], [ -8.423461376247699, 40.248255031549988 ], [ -8.423684955792416, 40.248211521878424 ], [ -8.423913024208103, 40.248185013335181 ], [ -8.424143385238969, 40.248175761191675 ], [ -8.424373820557188, 40.248183854543534 ], [ -8.424392489268541, 40.248185928477355 ], [ -8.424397761226345, 40.248174520454398 ], [ -8.424495702723952, 40.248014487175574 ], [ -8.424613643211186, 40.247862580352411 ], [ -8.424750446772055, 40.247720262872448 ], [ -8.424904795860551, 40.247588905267413 ], [ -8.425075203991383, 40.247469772516695 ], [ -8.425260030056382, 40.247364011867418 ], [ -8.42545749412867, 40.247272641788456 ], [ -8.425665694602451, 40.247196542164367 ], [ -8.425882626503391, 40.247136445824033 ], [ -8.425953974087539, 40.247122559472743 ], [ -8.426128285169121, 40.247058845782682 ], [ -8.426345216216861, 40.2469987485768 ], [ -8.426568789752709, 40.246955233345709 ], [ -8.426796852795459, 40.246928719132534 ], [ -8.426999985300929, 40.246920555395455 ], [ -8.426945555974815, 40.246756360938477 ], [ -8.426910953546086, 40.246581604563495 ], [ -8.426898871819967, 40.246405090785565 ], [ -8.42690942697527, 40.246228519536444 ], [ -8.426942517184873, 40.24605359128833 ], [ -8.426997823603116, 40.24588199067756 ], [ -8.427074813442939, 40.245715370281388 ], [ -8.427172745112911, 40.245555334703887 ], [ -8.427290675364425, 40.245403425124373 ], [ -8.427427468380058, 40.245261104456922 ], [ -8.427581806715347, 40.245129743263973 ], [ -8.427752203988547, 40.245010606559454 ], [ -8.427937019196031, 40.244904841628617 ], [ -8.427966743315611, 40.244891086359338 ], [ -8.427973380492558, 40.244882536571176 ], [ -8.428110171031635, 40.244740215092811 ], [ -8.428264506864863, 40.244608852986509 ], [ -8.428434901634587, 40.244489715275044 ], [ -8.428619714361279, 40.244383949253312 ], [ -8.428817165246498, 40.244292573441925 ], [ -8.42902535281141, 40.244216467780674 ], [ -8.429242272205961, 40.244156365156542 ], [ -8.429465834512463, 40.244112844347576 ], [ -8.429693886857818, 40.244086324450635 ], [ -8.429722845289815, 40.244085159883916 ], [ -8.429715756240732, 40.243981647695726 ], [ -8.429726303737471, 40.243805076143218 ], [ -8.429759385549367, 40.243630147046552 ], [ -8.429814682911648, 40.24345854505026 ], [ -8.429822266098522, 40.24344213141525 ], [ -8.429828692747932, 40.243408148388731 ], [ -8.429883989757807, 40.243236546354005 ], [ -8.429960969552301, 40.243069923997702 ], [ -8.430058890636733, 40.242909885942765 ], [ -8.430176809864445, 40.242757973392401 ], [ -8.430313591524168, 40.242615649289306 ], [ -8.430467918280796, 40.242484284228979 ], [ -8.43063830386407, 40.24236514326266 ], [ -8.430823107382926, 40.242259373716614 ], [ -8.431020549127572, 40.242167994145355 ], [ -8.431228727707182, 40.24209188452491 ], [ -8.431445638358218, 40.242031777780376 ], [ -8.431669192247165, 40.241988252729492 ], [ -8.431897236581971, 40.241961728509963 ], [ -8.432006404967614, 40.241957336041914 ], [ -8.431968749373285, 40.241843760535851 ], [ -8.431934136615583, 40.241669005551728 ], [ -8.431922042797556, 40.241492492192023 ], [ -8.431932584214515, 40.241315920384487 ], [ -8.431965659171684, 40.241140990606695 ], [ -8.432020948970328, 40.240969387509793 ], [ -8.432097920983459, 40.240802763694937 ], [ -8.432195833791342, 40.240642723799183 ], [ -8.432313744327027, 40.240490809043436 ], [ -8.432450516962954, 40.240348482391653 ], [ -8.432604834450908, 40.240217114463903 ], [ -8.432775210609886, 40.240097970339015 ], [ -8.432960004639567, 40.239992197373695 ], [ -8.433157436921524, 40.239900814155398 ], [ -8.433365606156039, 40.239824700695259 ], [ -8.433582507669552, 40.239764589955357 ], [ -8.433806052716522, 40.239721060791915 ], [ -8.434034088590025, 40.239694532382238 ], [ -8.434264419347571, 40.239685260189013 ], [ -8.434494826952808, 40.239693333500966 ], [ -8.434723092629682, 40.239718674573083 ], [ -8.434947018223756, 40.239761039375281 ], [ -8.435164447365146, 40.239820019941781 ], [ -8.435373286229543, 40.239895048298827 ], [ -8.435571523697618, 40.239985401933119 ], [ -8.435757250718854, 40.240090210747937 ], [ -8.435928678693498, 40.240208465440475 ], [ -8.436084156695703, 40.240339027219548 ], [ -8.436222187372122, 40.240480638770194 ], [ -8.436313185513399, 40.240596088224095 ], [ -8.436357289953945, 40.240641336512553 ], [ -8.4364765445287, 40.240792633956588 ], [ -8.436575873825063, 40.240952160443435 ], [ -8.436654321137663, 40.241118379697973 ], [ -8.436711130841399, 40.241289690981034 ], [ -8.436745755673682, 40.241464444503613 ], [ -8.436757862010811, 40.241640957314175 ], [ -8.436747333087373, 40.241817529505461 ], [ -8.436714270127487, 40.241992460585351 ], [ -8.436658991376687, 40.242164065853608 ], [ -8.43658202904354, 40.242330692627277 ], [ -8.436484124180168, 40.242490736158103 ], [ -8.436366219550804, 40.242642655088609 ], [ -8.436229450556787, 40.24278498629824 ], [ -8.436075134305298, 40.242916358996268 ], [ -8.435904756926922, 40.243035507925647 ], [ -8.43571995926415, 40.243141285550671 ], [ -8.435522521068577, 40.243232673110967 ], [ -8.435314343859048, 40.243308790435158 ], [ -8.435097432605858, 40.243368904419597 ], [ -8.434873876417576, 40.243412436090715 ], [ -8.43464582841662, 40.243438966182346 ], [ -8.43444924733728, 40.243446880024713 ], [ -8.434473834504896, 40.243570990186399 ], [ -8.434485935352168, 40.243747503190434 ], [ -8.434475400232479, 40.243924075133407 ], [ -8.434442330429603, 40.244099005525555 ], [ -8.434387044254963, 40.244270609673286 ], [ -8.434379462081218, 40.244287023601366 ], [ -8.434373037628577, 40.24432100686743 ], [ -8.43431775110164, 40.244492610976764 ], [ -8.43424078041704, 40.244659236156956 ], [ -8.434142866707337, 40.244819277675042 ], [ -8.434024952821945, 40.244971194192971 ], [ -8.433888174251356, 40.245113522613359 ], [ -8.433733848194981, 40.24524489217238 ], [ -8.433563460877851, 40.245364037643185 ], [ -8.433378653238188, 40.245469811523392 ], [ -8.433181205123693, 40.245561195088676 ], [ -8.432973018148752, 40.245637308206142 ], [ -8.432756097377737, 40.245697417812657 ], [ -8.432532532010905, 40.245740944976802 ], [ -8.432304475259091, 40.245767470475826 ], [ -8.432275516158608, 40.245768635690617 ], [ -8.432282609308919, 40.245872147675215 ], [ -8.432272068167855, 40.246048719374642 ], [ -8.432238991689253, 40.246223649097175 ], [ -8.432183698248823, 40.246395252155686 ], [ -8.43210672019657, 40.246561875888446 ], [ -8.432008798736, 40.246721915576465 ], [ -8.431890876791178, 40.246873829899272 ], [ -8.431754089930214, 40.247016155780656 ], [ -8.431599755432371, 40.2471475224812 ], [ -8.431429359603985, 40.247266664801593 ], [ -8.431244543465263, 40.247372435269781 ], [ -8.431214818932029, 40.247386191376542 ], [ -8.431208181921443, 40.247394741346277 ], [ -8.431071392583716, 40.247537066416889 ], [ -8.430917055583526, 40.247668432204179 ], [ -8.430746657251316, 40.247787573517684 ], [ -8.430561838631409, 40.247893342895033 ], [ -8.430364379677275, 40.24798472165525 ], [ -8.430156182107721, 40.248060829711733 ], [ -8.429939251089179, 40.248120934050085 ], [ -8.429715675920622, 40.248164455789635 ], [ -8.42948760990731, 40.248190975759869 ], [ -8.42928447393045, 40.248199143874018 ], [ -8.429338910078496, 40.248363337165571 ], [ -8.429373519682292, 40.248538092735096 ], [ -8.429385608248198, 40.248714606165123 ], [ -8.429375059181886, 40.248891177542426 ], [ -8.429341973901405, 40.249066106382664 ], [ -8.429286670867205, 40.249237708007165 ], [ -8.429209682521675, 40.249404329768055 ], [ -8.429111750167444, 40.249564366965267 ], [ -8.428993816833483, 40.249716278302337 ], [ -8.428857018197597, 40.249858600731791 ], [ -8.428702671652454, 40.249989963547428 ], [ -8.428532263620433, 40.250109101587377 ], [ -8.428347435239289, 40.25021486742078 ], [ -8.428149966556518, 40.250306242400818 ], [ -8.427989504601074, 40.250364894650104 ], [ -8.428049598612924, 40.250492246266084 ], [ -8.428106394631707, 40.250663561544698 ], [ -8.428141002275435, 40.250838317420367 ], [ -8.428153088085834, 40.251014830918827 ], [ -8.428142535495097, 40.251191402126203 ], [ -8.428109445955188, 40.251366330559755 ], [ -8.428054137967566, 40.25153793154476 ], [ -8.427977144022311, 40.251704552439449 ], [ -8.427879205475962, 40.251864588552138 ], [ -8.42785486334315, 40.251895941955269 ], [ -8.42782336819343, 40.252062436142502 ], [ -8.427768058926421, 40.252234036974706 ], [ -8.427691063499912, 40.252400657664317 ], [ -8.4275931232847, 40.252560693521595 ], [ -8.427475181385464, 40.25271260326295 ], [ -8.427338373562485, 40.25285492385629 ], [ -8.427286776530778, 40.252898834204714 ], [ -8.427299850930996, 40.252919833987121 ], [ -8.427315052967522, 40.252952049829481 ], [ -8.427419925704577, 40.252931638826027 ], [ -8.427648008451937, 40.252905122892656 ], [ -8.427878384929107, 40.25289586326695 ], [ -8.428108836659533, 40.252903949116529 ], [ -8.428337144442336, 40.252929302575723 ], [ -8.42856110971767, 40.25297167949514 ], [ -8.428652106654766, 40.252996364418415 ], [ -8.428785789972975, 40.252970344469098 ], [ -8.429013872300692, 40.252943825845421 ], [ -8.42924424870632, 40.252934563500951 ], [ -8.429474700714007, 40.252942646629528 ], [ -8.4297030091202, 40.252967997391643 ], [ -8.429926975359054, 40.253010371663933 ], [ -8.430144442669338, 40.2530693613894 ], [ -8.430205895882098, 40.253091438237277 ], [ -8.430310037631841, 40.253079328680329 ], [ -8.430540414304323, 40.253070063754798 ], [ -8.43077086691013, 40.253078144299856 ], [ -8.430999176239949, 40.253103492500898 ], [ -8.431223143719043, 40.253145864259189 ], [ -8.431440612574246, 40.253204851541959 ], [ -8.431649488598859, 40.253279886310857 ], [ -8.431847760315737, 40.253370245990823 ], [ -8.431875009450216, 40.25338562142278 ], [ -8.431867435211299, 40.253275092554702 ], [ -8.431877978409567, 40.253098521105137 ], [ -8.431911059056072, 40.252923591678503 ], [ -8.43196635839718, 40.252751988922469 ], [ -8.43204334371392, 40.252585365434975 ], [ -8.432141273458351, 40.252425325849877 ], [ -8.432259204400351, 40.252273411385062 ], [ -8.432396000715782, 40.252131085001665 ], [ -8.432550344928357, 40.251999717317162 ], [ -8.432720750599687, 40.251880573407995 ], [ -8.432905576645242, 40.251774800628745 ], [ -8.43310304313829, 40.251683417565076 ], [ -8.433311248449696, 40.251607304226603 ], [ -8.433528187558522, 40.251547193574211 ], [ -8.43375177135724, 40.25150366446325 ], [ -8.433979846765821, 40.251477136070513 ], [ -8.434210217461132, 40.251467863858558 ], [ -8.434239713877091, 40.251468897230708 ], [ -8.434439154030477, 40.251430067274548 ], [ -8.434667228915362, 40.251403537528667 ], [ -8.434897599258868, 40.251394263949521 ], [ -8.435128046643497, 40.25140233583911 ], [ -8.435237357681372, 40.251414468342027 ], [ -8.435285052342778, 40.251311226175446 ], [ -8.435382972616189, 40.251151183846488 ], [ -8.435500894095389, 40.250999266079319 ], [ -8.435637681047361, 40.250856935866892 ], [ -8.435792016085971, 40.25072556386354 ], [ -8.435962412861162, 40.250606415187335 ], [ -8.436147230374056, 40.250500637238758 ], [ -8.436344688780073, 40.250409248653241 ], [ -8.436552886527934, 40.250333129493605 ], [ -8.436769818669516, 40.250273012776766 ], [ -8.436993396164372, 40.250229477416482 ], [ -8.437221465993158, 40.250202942649715 ], [ -8.437451831886461, 40.250193664000399 ], [ -8.437682275469633, 40.250201730819342 ], [ -8.437910577620238, 40.250227065424127 ], [ -8.438134539832667, 40.250269423846923 ], [ -8.438352005384472, 40.250328398183356 ], [ -8.438560880100775, 40.250403420519731 ], [ -8.43873951968269, 40.250484822225239 ], [ -8.438773476611409, 40.250497018535739 ], [ -8.438971749582011, 40.250587366048968 ], [ -8.439157510893834, 40.250692169088147 ], [ -8.439210883176319, 40.250728977799824 ], [ -8.43924090270969, 40.250570137506905 ], [ -8.439249218404916, 40.250544322567649 ], [ -8.439259005257481, 40.250492537853667 ], [ -8.439314284077376, 40.250320931590139 ], [ -8.439391248625862, 40.250154303221223 ], [ -8.43948915755499, 40.249994257427829 ], [ -8.439607067835077, 40.249842335487664 ], [ -8.439743843840938, 40.249700000433869 ], [ -8.439898168291839, 40.249568622967416 ], [ -8.440068554939657, 40.249449468258966 ], [ -8.440253362883016, 40.249343683767144 ], [ -8.440450812369471, 40.24925228819037 ], [ -8.440659001933613, 40.24917616165876 ], [ -8.440717075680347, 40.249160065580178 ], [ -8.440611490763708, 40.249051767169959 ], [ -8.440492212399406, 40.248900474291055 ], [ -8.440392862194683, 40.248740951462239 ], [ -8.440314396836342, 40.248574735027745 ], [ -8.440257571854039, 40.24840342578581 ], [ -8.440222934349279, 40.248228673570424 ], [ -8.440213491998351, 40.248091119561735 ], [ -8.440173514487171, 40.248006432278224 ], [ -8.44011669034394, 40.247835122947166 ], [ -8.440082053500173, 40.247660370670012 ], [ -8.440069937359912, 40.24748385842711 ], [ -8.440080458433394, 40.247307286135502 ], [ -8.440113515221713, 40.24713235427744 ], [ -8.440168789201032, 40.246960747524106 ], [ -8.44024574789665, 40.246794118511943 ], [ -8.440343650017004, 40.246634071928028 ], [ -8.440461552598, 40.246482149057691 ], [ -8.440598320088608, 40.246339812943063 ], [ -8.440752635290101, 40.246208434295312 ], [ -8.440923012043434, 40.246089278296516 ], [ -8.44110780954251, 40.245983492417722 ], [ -8.441305248135453, 40.245892095370685 ], [ -8.441513426461748, 40.245815967299741 ], [ -8.441730339760259, 40.24575584130762 ], [ -8.441953899171956, 40.245712296397407 ], [ -8.442181951851595, 40.245685751898023 ], [ -8.442412301694871, 40.245676463427102 ], [ -8.442642730481666, 40.245684520430046 ], [ -8.442871019231999, 40.245709845318935 ], [ -8.443094969569287, 40.245752194219506 ], [ -8.443312424885429, 40.245811159319047 ], [ -8.44352129110411, 40.245886172792815 ], [ -8.443719556842645, 40.245976512270779 ], [ -8.443905312778329, 40.246081307792593 ], [ -8.444076770033012, 40.246199550183448 ], [ -8.44423227739893, 40.246330100770663 ], [ -8.444370337239993, 40.246471702347051 ], [ -8.444489619915432, 40.246622991276084 ], [ -8.444588976586829, 40.246782510621919 ], [ -8.444667450285191, 40.24694872417821 ], [ -8.444724285131304, 40.247120031260721 ], [ -8.444758933620426, 40.247294782120946 ], [ -8.444759756605482, 40.247306759653227 ], [ -8.444762537324859, 40.247310286432672 ], [ -8.444861895650737, 40.24746980551901 ], [ -8.444940370820015, 40.247636018864974 ], [ -8.444997206939306, 40.247807325788294 ], [ -8.445031856491605, 40.247982076542044 ], [ -8.445043985615099, 40.248158588201349 ], [ -8.445033477324882, 40.248335160870077 ], [ -8.445000432646303, 40.248510094051532 ], [ -8.444945169648767, 40.248681703025277 ], [ -8.444868220389047, 40.248848335072701 ], [ -8.444770325793288, 40.249008385394731 ], [ -8.444652428526753, 40.24916031256852 ], [ -8.444571922593244, 40.249244101012451 ], [ -8.444771634252264, 40.24929824904121 ], [ -8.444980512808469, 40.249373259789635 ], [ -8.445178790675602, 40.249463596667454 ], [ -8.445340000069919, 40.249554536216124 ], [ -8.445528790628241, 40.249467137648089 ], [ -8.445736975101109, 40.249391002003328 ], [ -8.445953896003662, 40.249330868103215 ], [ -8.446177464403645, 40.249287315026933 ], [ -8.446347343411016, 40.249267536450724 ], [ -8.446420085070178, 40.249247370900733 ], [ -8.446643652891131, 40.249203816925402 ], [ -8.446871715388582, 40.249177263163183 ], [ -8.447102076363693, 40.249167965320922 ], [ -8.447268828995728, 40.249173788809735 ], [ -8.447315641153116, 40.249133930262673 ], [ -8.447486013637647, 40.249014764678066 ], [ -8.447670808778504, 40.248908968381656 ], [ -8.447868246946491, 40.248817560185529 ], [ -8.448076426785153, 40.248741420341339 ], [ -8.448293343518776, 40.248681282065235 ], [ -8.448516908255236, 40.248637724478542 ], [ -8.44874496809801, 40.248611167032209 ], [ -8.448975326873823, 40.248601865468601 ], [ -8.449108064773391, 40.248606498973508 ], [ -8.449116323135005, 40.248606165494436 ], [ -8.44926215602035, 40.248611255921617 ], [ -8.449478883771256, 40.248569028431632 ], [ -8.449706942995286, 40.248542469091639 ], [ -8.449937301394073, 40.248533165614496 ], [ -8.450167740665124, 40.248541207590122 ], [ -8.450396041727521, 40.248566517575277 ], [ -8.450620006086146, 40.24860885183918 ], [ -8.450837476997908, 40.248667802710116 ], [ -8.451046360236354, 40.248742802500296 ], [ -8.45124464425494, 40.248833128971498 ], [ -8.45127756516642, 40.248851697482877 ], [ -8.451446661290934, 40.248844865975428 ], [ -8.451677101778246, 40.248852904940435 ], [ -8.451905404431356, 40.248878211940486 ], [ -8.452129370739835, 40.248920543273528 ], [ -8.452346843941818, 40.248979491296055 ], [ -8.452555729788806, 40.249054488347767 ], [ -8.452754016709145, 40.249144812216755 ], [ -8.452939795176203, 40.249249593092962 ] ], [ [ -8.432106806754327, 40.267231023480527 ], [ -8.432193361163595, 40.267303683916701 ], [ -8.432138993174156, 40.267139765481261 ], [ -8.432104366686973, 40.266965011361521 ], [ -8.432092267517593, 40.266788498810421 ], [ -8.432102812012637, 40.266611927747974 ], [ -8.43211530571801, 40.266545873209694 ], [ -8.431998623170063, 40.266667246148735 ], [ -8.43184424472712, 40.266798612888181 ], [ -8.431673800240576, 40.26691775533979 ], [ -8.431619613342168, 40.266948757813701 ], [ -8.431749521595831, 40.267007949690615 ], [ -8.431935316905639, 40.267112763902716 ], [ -8.432106806754327, 40.267231023480527 ] ] ], [ [ [ -8.45109520109574, 40.265149797095468 ], [ -8.451303427218901, 40.265073651482929 ], [ -8.451520393121408, 40.265013507138406 ], [ -8.451744009437713, 40.264969943241624 ], [ -8.451972122774661, 40.264943379304299 ], [ -8.452202536443934, 40.264934071131243 ], [ -8.452433031610889, 40.264942108357559 ], [ -8.452661388656445, 40.26496741358573 ], [ -8.452885408546484, 40.265009743130825 ], [ -8.453102934003248, 40.265068689366537 ], [ -8.453311870275108, 40.265143684649786 ], [ -8.453510205304884, 40.265234006785754 ], [ -8.453696029102701, 40.265338785981101 ], [ -8.453867552136975, 40.265457013218303 ], [ -8.454023122566531, 40.26558754997064 ], [ -8.454161242147991, 40.265729139164236 ], [ -8.454280580665268, 40.265880417281849 ], [ -8.45437998874214, 40.266039927491825 ], [ -8.454458508914495, 40.266206133675873 ], [ -8.454515384855462, 40.266377435220775 ], [ -8.454533212820071, 40.26646725785595 ], [ -8.454706945164803, 40.266486506256499 ], [ -8.454930971321394, 40.266528831806013 ], [ -8.455148503403189, 40.266587774155163 ], [ -8.455357446594771, 40.2666627656983 ], [ -8.455555788772342, 40.266753084276623 ], [ -8.455741619877207, 40.26685786013104 ], [ -8.455913150307426, 40.266976084276216 ], [ -8.456068728150612, 40.267106618215223 ], [ -8.45620685509201, 40.267248204901264 ], [ -8.456326200844654, 40.267399480841277 ], [ -8.456425615962649, 40.267558989224547 ], [ -8.456504142914079, 40.267725193950419 ], [ -8.456561025306781, 40.267896494419709 ], [ -8.456595715177995, 40.26807124094767 ], [ -8.456607878277467, 40.268247750650204 ], [ -8.456597397292919, 40.268424323650088 ], [ -8.456564372986547, 40.268599259447427 ], [ -8.456509123231369, 40.268770873296653 ], [ -8.456432179956433, 40.268937512432217 ], [ -8.456334284030063, 40.269097571986769 ], [ -8.456216378130161, 40.269249510448574 ], [ -8.456079597670078, 40.269391864508904 ], [ -8.455925259867218, 40.26952326315697 ], [ -8.455754851059561, 40.269642440885725 ], [ -8.455570012392167, 40.269748249882085 ], [ -8.455372524011466, 40.269839671083439 ], [ -8.455164287919597, 40.269915823994339 ], [ -8.454947309653972, 40.269975975168343 ], [ -8.454723678968621, 40.270019545273612 ], [ -8.454495549703546, 40.270046114673761 ], [ -8.454265119036133, 40.27005542747046 ], [ -8.454034606314687, 40.270047393968724 ], [ -8.453806231678158, 40.270022091540902 ], [ -8.45358219466825, 40.269979763881466 ], [ -8.453364653040142, 40.269920818659287 ], [ -8.453155701976099, 40.269845823590465 ], [ -8.452957353902464, 40.269755500969268 ], [ -8.452771519104509, 40.269650720710167 ], [ -8.452599987326099, 40.26953249196773 ], [ -8.452444410531429, 40.26940195341561 ], [ -8.452306286994963, 40.269260362277848 ], [ -8.452213257151902, 40.269142434194123 ], [ -8.452146137834264, 40.26917350271259 ], [ -8.451937900123694, 40.26924964983229 ], [ -8.451720921084986, 40.269309794966247 ], [ -8.451497290479631, 40.269353358840775 ], [ -8.451269162146863, 40.269379921879498 ], [ -8.451038733255093, 40.269389228245387 ], [ -8.450808223135516, 40.269381188305381 ], [ -8.450579851902022, 40.269355879493858 ], [ -8.45035581906353, 40.26931354556676 ], [ -8.450138282335026, 40.269254594253361 ], [ -8.449929336851579, 40.269179593328403 ], [ -8.449730994985758, 40.269089265142561 ], [ -8.449545166963034, 40.268984479663914 ], [ -8.449373642462001, 40.268866246097296 ], [ -8.449218073376743, 40.268735703162804 ], [ -8.449079957907461, 40.268594108126692 ], [ -8.448960626132557, 40.268442824690659 ], [ -8.448861227201144, 40.268283309856209 ], [ -8.448782718269225, 40.268117099890624 ], [ -8.448725855285995, 40.267945795529897 ], [ -8.448691185718808, 40.267771046561094 ], [ -8.448679043286702, 40.26759453593273 ], [ -8.44868954475295, 40.26741796354635 ], [ -8.448722588807289, 40.267243029885151 ], [ -8.448777857048336, 40.267071419637666 ], [ -8.448854817056464, 40.266904785474019 ], [ -8.448952727527303, 40.266744732130888 ], [ -8.449070645416169, 40.266592800958669 ], [ -8.449207435024483, 40.266450455079443 ], [ -8.4493617789404, 40.266319065298376 ], [ -8.449532190728261, 40.266199896904709 ], [ -8.449717029244528, 40.266094097488775 ], [ -8.449914514442302, 40.266002685892722 ], [ -8.450109186927955, 40.265931500019484 ], [ -8.450133439165667, 40.26589185316066 ], [ -8.450251352936434, 40.265739920778664 ], [ -8.450388138354272, 40.265597573498795 ], [ -8.450542478047691, 40.265466182139711 ], [ -8.450712885621693, 40.265347012005847 ], [ -8.450897719973311, 40.265241210704346 ], [ -8.45109520109574, 40.265149797095468 ] ] ], [ [ [ -8.454690619848622, 40.271028834080767 ], [ -8.454898859882769, 40.270952682021573 ], [ -8.455115841307524, 40.270892530936273 ], [ -8.455339474607875, 40.270848960069479 ], [ -8.45556760622714, 40.270822389000024 ], [ -8.455798039300968, 40.270813073601381 ], [ -8.456028554807894, 40.270821103578221 ], [ -8.456256932933002, 40.27084640160286 ], [ -8.456480974439222, 40.270888724059681 ], [ -8.45669852184068, 40.270947663390679 ], [ -8.456907480174465, 40.271022652019255 ], [ -8.457105837170976, 40.27111296781468 ], [ -8.457291682628837, 40.27121774104468 ], [ -8.457463226807899, 40.271335962749198 ], [ -8.457618817663384, 40.271466494454799 ], [ -8.457756956755226, 40.271608079136229 ], [ -8.457876313679442, 40.271759353319737 ], [ -8.457975738882544, 40.271918860211549 ], [ -8.458054274735472, 40.272085063725356 ], [ -8.458111164760313, 40.272256363273677 ], [ -8.458145860920776, 40.272431109180651 ], [ -8.458158028906013, 40.272607618568166 ], [ -8.458147551356648, 40.272784191562017 ], [ -8.458114529001755, 40.272959127662389 ], [ -8.458059279695522, 40.273130742120813 ], [ -8.457982335362633, 40.27329738216585 ], [ -8.457884436881566, 40.273457442921405 ], [ -8.457766526954789, 40.273609382864137 ], [ -8.45762974103441, 40.273751738671102 ], [ -8.457475396390397, 40.273883139314641 ], [ -8.457304979426599, 40.274002319268504 ], [ -8.457120131366615, 40.27410813069816 ], [ -8.456922632447334, 40.274199554517551 ], [ -8.456714384772395, 40.274275710205991 ], [ -8.456648998970028, 40.274293836481981 ], [ -8.456755309083574, 40.274428573394012 ], [ -8.456854735610333, 40.274588081170343 ], [ -8.456933271855435, 40.274754285366868 ], [ -8.456990161337171, 40.274925585389504 ], [ -8.45702485602445, 40.27510033155783 ], [ -8.457037021620588, 40.275276840991218 ], [ -8.457026540789196, 40.275453413815022 ], [ -8.456993514290932, 40.275628349531061 ], [ -8.456938260019864, 40.27579996339454 ], [ -8.456861309948478, 40.275966602639762 ], [ -8.456763405010495, 40.276126662398326 ], [ -8.456645487970567, 40.276278601156491 ], [ -8.456508694349296, 40.276420955602703 ], [ -8.456354341490812, 40.276552354722412 ], [ -8.456294032472757, 40.276594528771668 ], [ -8.456409823046242, 40.276713202083442 ], [ -8.45652918602976, 40.276864477499487 ], [ -8.456628615632502, 40.27702398539099 ], [ -8.456707154183002, 40.277190189662058 ], [ -8.456764045177328, 40.277361489717883 ], [ -8.456798740569814, 40.27753623587774 ], [ -8.456810906056951, 40.277712745261063 ], [ -8.456800424303383, 40.277889317993711 ], [ -8.456767396078629, 40.278064253578364 ], [ -8.456712139293366, 40.278235867271505 ], [ -8.456635185944267, 40.278402506309057 ], [ -8.456576691470996, 40.278498131960603 ], [ -8.456555313651092, 40.278611357708101 ], [ -8.456500055892764, 40.278782971287555 ], [ -8.456423101410724, 40.278949610172731 ], [ -8.456325191181149, 40.279109669498723 ], [ -8.456207268019639, 40.279261607755913 ], [ -8.456070467505741, 40.279403961637612 ], [ -8.455916107049958, 40.279535360134666 ], [ -8.455745673208424, 40.279654537741486 ], [ -8.455560807367295, 40.279760346646107 ], [ -8.455434621219426, 40.279818752097839 ], [ -8.455442371158041, 40.279824092607861 ], [ -8.455597977710582, 40.279954626778292 ], [ -8.455736129995445, 40.280096213613284 ], [ -8.45585549748156, 40.280247489618361 ], [ -8.455954930513672, 40.280406997982197 ], [ -8.456033471387265, 40.280573202604373 ], [ -8.456090363576012, 40.280744502886684 ], [ -8.456125059022709, 40.280919249146244 ], [ -8.456137223423303, 40.281095758501507 ], [ -8.456126739452866, 40.281272331078611 ], [ -8.456093707902241, 40.28144726638174 ], [ -8.456038446714103, 40.281618879670056 ], [ -8.455961487927512, 40.281785518183412 ], [ -8.455863572560078, 40.281945577060412 ], [ -8.455745643476876, 40.282097514795815 ], [ -8.455608836314463, 40.282239868087899 ], [ -8.455454468547376, 40.282371265933214 ], [ -8.455284026802154, 40.282490442832426 ], [ -8.455099152541077, 40.282596250980397 ], [ -8.454901626253401, 40.282687671322691 ], [ -8.45469335030638, 40.282763823372044 ], [ -8.454476330621327, 40.282823973690356 ], [ -8.454252657351253, 40.282867542953973 ], [ -8.454186207329057, 40.282875280490451 ], [ -8.454157681540314, 40.282921907521668 ], [ -8.454039746944421, 40.283073843514138 ], [ -8.453902934235861, 40.283216194786696 ], [ -8.453748560942589, 40.283347590355305 ], [ -8.453578113744374, 40.283466764742606 ], [ -8.45339323415603, 40.283572570167607 ], [ -8.453195702718119, 40.283663987602097 ], [ -8.453041149640827, 40.28372049337132 ], [ -8.453107075015817, 40.283788058019233 ], [ -8.453226443207503, 40.283939336637388 ], [ -8.453325875541857, 40.284098847161566 ], [ -8.453404414321046, 40.284265053470492 ], [ -8.453461303038877, 40.284436354949747 ], [ -8.453495993671536, 40.284611101904879 ], [ -8.453508151961296, 40.284787611447676 ], [ -8.453497660642046, 40.284964183702428 ], [ -8.453464620575369, 40.285139118176438 ], [ -8.453409349785931, 40.285310730136835 ], [ -8.45333238040523, 40.285477366836226 ], [ -8.4532344535529, 40.285637423430714 ], [ -8.453116512204604, 40.285789358436986 ], [ -8.452979692115028, 40.285931708579625 ], [ -8.452825310883203, 40.286063102885471 ], [ -8.45265485526536, 40.286182275889288 ], [ -8.4524699668574, 40.286288079823436 ], [ -8.452272426284843, 40.286379495674034 ], [ -8.452064136052552, 40.286455642997133 ], [ -8.451847102219446, 40.286515788400088 ], [ -8.451623415074826, 40.286559352606595 ], [ -8.451395229002568, 40.286585916037104 ], [ -8.451164741727286, 40.28659522285075 ], [ -8.45106960047509, 40.286591905531736 ], [ -8.451149986940909, 40.286674291089994 ], [ -8.451269355902227, 40.286825571648876 ], [ -8.45136878792097, 40.286985083776628 ], [ -8.451447325302324, 40.287151291336528 ], [ -8.451504211553528, 40.287322593702143 ], [ -8.451538898674492, 40.287497341170472 ], [ -8.451551052441282, 40.287673850848321 ], [ -8.451540555631317, 40.287850422858725 ], [ -8.451507509159038, 40.288025356711287 ], [ -8.451452231110776, 40.288196967679141 ], [ -8.451375253687923, 40.288363603024429 ], [ -8.45127731808755, 40.288523657916301 ], [ -8.451159367369559, 40.288675590887813 ], [ -8.451022537378874, 40.288817938683138 ], [ -8.450868145809885, 40.288949330351713 ], [ -8.450697679518383, 40.289068500453709 ], [ -8.450512780203079, 40.289174301249396 ], [ -8.450315228594558, 40.28926571375515 ], [ -8.450106927303986, 40.289341857559187 ], [ -8.449889882496807, 40.28940199930279 ], [ -8.449666184568036, 40.289445559744905 ], [ -8.449641070850776, 40.28944848273143 ], [ -8.449685318361031, 40.289542125439596 ], [ -8.449742202213306, 40.289713428609957 ], [ -8.449776886062224, 40.289888176546889 ], [ -8.449789035715341, 40.290064686352686 ], [ -8.44977853398967, 40.290241258149102 ], [ -8.449745481846969, 40.290416191447846 ], [ -8.449690197428165, 40.290587801527344 ], [ -8.449613212995988, 40.290754435658293 ], [ -8.449515269815, 40.290914489021532 ], [ -8.449397311018112, 40.291066420164832 ], [ -8.449260472528044, 40.291208765849966 ], [ -8.449106072121051, 40.291340155146685 ], [ -8.448935596738046, 40.291459322637984 ], [ -8.448750688165308, 40.291565120609299 ], [ -8.448553127222596, 40.291656530104163 ], [ -8.448344816610989, 40.291732670739826 ], [ -8.44812776258572, 40.291792809188053 ], [ -8.447904055630605, 40.291836366239544 ], [ -8.447675850320353, 40.291862922383601 ], [ -8.44744534456491, 40.291872221849594 ], [ -8.447214758435912, 40.291864175070927 ], [ -8.446986312779448, 40.291838859547859 ], [ -8.446762207821362, 40.291796519100991 ], [ -8.446544601971354, 40.291737561522424 ], [ -8.446335591030307, 40.291662554647253 ], [ -8.446137188001297, 40.291572220883545 ], [ -8.4459513036989, 40.291467430253128 ], [ -8.445779728343748, 40.291349192010522 ], [ -8.445624114319681, 40.291218644920889 ], [ -8.44548596025964, 40.291077046290582 ], [ -8.445366596613599, 40.290925759855924 ], [ -8.445267172837491, 40.290766242647358 ], [ -8.445188646326452, 40.290600030955083 ], [ -8.445180735600374, 40.290576203406857 ], [ -8.445150779229779, 40.290528140468886 ], [ -8.445072253282696, 40.290361928688647 ], [ -8.445015380651999, 40.290190623199138 ], [ -8.44498070889777, 40.290015873798325 ], [ -8.444968571759912, 40.289839363438894 ], [ -8.44497394863418, 40.289749066315153 ], [ -8.444913029008408, 40.28967185180197 ], [ -8.444813608152547, 40.28951233415809 ], [ -8.444735084221596, 40.289346122112256 ], [ -8.444678213309038, 40.289174816420484 ], [ -8.444643542958412, 40.289000066882679 ], [ -8.444631406896114, 40.288823556452861 ], [ -8.444641921823886, 40.288646985030603 ], [ -8.444674986301635, 40.288472053089841 ], [ -8.444730281731122, 40.288300445302511 ], [ -8.444807275430724, 40.288133814314968 ], [ -8.444905225771471, 40.287973764833296 ], [ -8.445023189324623, 40.287821838170665 ], [ -8.445160029951751, 40.287679497405627 ], [ -8.445314429749644, 40.287548113294079 ], [ -8.445484901744482, 40.287428951070595 ], [ -8.445669804212939, 40.287323158266069 ], [ -8.445867356492297, 40.287231753658887 ], [ -8.446075656127322, 40.287155617466055 ], [ -8.446292697188815, 40.287095482868487 ], [ -8.446516389587574, 40.287051928952032 ], [ -8.446744579197926, 40.287025375132288 ], [ -8.446975068597185, 40.287016077116611 ], [ -8.44701353527371, 40.287017419710061 ], [ -8.44702298991986, 40.286996955799204 ], [ -8.447120933398514, 40.286836904436306 ], [ -8.447238890016202, 40.286684975511079 ], [ -8.447375723701285, 40.286542632123876 ], [ -8.447530116617394, 40.286411245055852 ], [ -8.447700581856967, 40.286292079570053 ], [ -8.447885477761725, 40.28618628322878 ], [ -8.448083023732146, 40.286094874844508 ], [ -8.44829131737373, 40.286018734670613 ], [ -8.448508352814981, 40.285958595926317 ], [ -8.448732040020813, 40.285915037737411 ], [ -8.44896022491554, 40.285888479560661 ], [ -8.449190710121879, 40.285879177145361 ], [ -8.449285850292767, 40.285882496013912 ], [ -8.449205467025996, 40.285800109137014 ], [ -8.449086104470778, 40.285648826397555 ], [ -8.448986679783587, 40.285489312243293 ], [ -8.44890815036838, 40.285323102935003 ], [ -8.448851272371497, 40.285151799202332 ], [ -8.44881659340475, 40.284977050826328 ], [ -8.448804447277555, 40.284800540749842 ], [ -8.448814950788618, 40.28462396886907 ], [ -8.448848002607836, 40.284449035662348 ], [ -8.448903284258897, 40.284277425813841 ], [ -8.448980263192896, 40.284110791989789 ], [ -8.449078197923074, 40.283950738923586 ], [ -8.449196145171022, 40.283798807962938 ], [ -8.449332968955343, 40.283656462227825 ], [ -8.449487351535009, 40.283525072522004 ], [ -8.449657806101996, 40.283405904133957 ], [ -8.449842691100786, 40.283300104653918 ], [ -8.450040226036874, 40.283208692924603 ], [ -8.450194780476249, 40.283152191153697 ], [ -8.450128858611679, 40.283084624825541 ], [ -8.450009498819842, 40.282933342957158 ], [ -8.449910075987315, 40.282773829514454 ], [ -8.44983154750021, 40.282607620751357 ], [ -8.449774669495952, 40.282436317392289 ], [ -8.449739989586453, 40.28226156921469 ], [ -8.449727841590228, 40.282085059159478 ], [ -8.449738342324011, 40.281908487122671 ], [ -8.449771390484463, 40.281733553584104 ], [ -8.449826667630537, 40.281561943231146 ], [ -8.449903641256727, 40.281395308734893 ], [ -8.450001569927405, 40.28123525483521 ], [ -8.450119510422534, 40.281083322887881 ], [ -8.450256326825748, 40.280940976022343 ], [ -8.450410701467115, 40.280809585053291 ], [ -8.450581147615051, 40.280690415281335 ], [ -8.45076602379511, 40.280584614310079 ], [ -8.450963549597704, 40.280493200996574 ], [ -8.451171822822518, 40.280417055641699 ], [ -8.451388837794635, 40.280356911514581 ], [ -8.451612504676046, 40.280313347792841 ], [ -8.451678952494962, 40.280305611739529 ], [ -8.451707478902822, 40.280258985295958 ], [ -8.451825413885675, 40.280107051605341 ], [ -8.451962224743328, 40.279964702720001 ], [ -8.452116593859239, 40.279833309474036 ], [ -8.452287034555033, 40.279714137190027 ], [ -8.452471905408757, 40.27960833349578 ], [ -8.452598093737342, 40.279549931264562 ], [ -8.452590344052716, 40.279544590562807 ], [ -8.452434744203057, 40.279414052312433 ], [ -8.452296600176933, 40.279272461487018 ], [ -8.452177242327759, 40.279121181747747 ], [ -8.452077820055734, 40.278961670060539 ], [ -8.451999290741604, 40.278795462662423 ], [ -8.451942410530792, 40.278624160264648 ], [ -8.451907727056497, 40.278449412635418 ], [ -8.451895574171605, 40.278272902710384 ], [ -8.451906068739961, 40.278096330384301 ], [ -8.451939109517637, 40.277921396139803 ], [ -8.451994378134712, 40.277749784671059 ], [ -8.452071342167844, 40.277583148659929 ], [ -8.452129842223226, 40.277487525249349 ], [ -8.452151227088992, 40.277374300270303 ], [ -8.452206494732755, 40.277202688687773 ], [ -8.452283457632745, 40.277036052524174 ], [ -8.452381374456655, 40.276875996535459 ], [ -8.452499302098552, 40.276724062097507 ], [ -8.452599423327955, 40.276619881232939 ], [ -8.452496963182151, 40.276562116123849 ], [ -8.452325414336567, 40.276443887181408 ], [ -8.452169822141016, 40.276313348475348 ], [ -8.452031685018275, 40.276171757231182 ], [ -8.451912333255285, 40.27602047711418 ], [ -8.451812916193639, 40.275860965093855 ], [ -8.451734391163921, 40.275694757410427 ], [ -8.451677618584537, 40.275523768953803 ], [ -8.451607338862425, 40.275515981663077 ], [ -8.451383285042498, 40.275473649851072 ], [ -8.451165727660319, 40.275414700611407 ], [ -8.450956762049916, 40.275339701698847 ], [ -8.450758400777728, 40.275249375444723 ], [ -8.450572554256153, 40.275144591798494 ], [ -8.45040101234196, 40.275026359947383 ], [ -8.450245427096949, 40.27489581859497 ], [ -8.450107296876945, 40.274754224992286 ], [ -8.449987951902402, 40.274602942827237 ], [ -8.44988854144953, 40.274443429089111 ], [ -8.449810022785266, 40.274277220034641 ], [ -8.449753151952494, 40.274105916391058 ], [ -8.44971847649412, 40.273931167938521 ], [ -8.449706330185865, 40.273754657620607 ], [ -8.449716829828281, 40.273578085335856 ], [ -8.449749874128612, 40.273403151566477 ], [ -8.449805144683054, 40.273231541002069 ], [ -8.449882109049652, 40.273064906315795 ], [ -8.449980025882006, 40.272904852249376 ], [ -8.450097952074136, 40.272752920160151 ], [ -8.450234751847463, 40.272610573178994 ], [ -8.450389107692221, 40.272479182121714 ], [ -8.450559533057863, 40.272360012289795 ], [ -8.450744386670083, 40.272254211287439 ], [ -8.45094188833661, 40.272162797972051 ], [ -8.451150136089542, 40.272086652644461 ], [ -8.451367124499221, 40.272026508573624 ], [ -8.451590763983392, 40.271982944936596 ], [ -8.45181890092584, 40.271956381242603 ], [ -8.452049338410967, 40.271947073294101 ], [ -8.452279857374837, 40.271955110724008 ], [ -8.452508237969253, 40.271980416132905 ], [ -8.452732280933361, 40.272022745834072 ], [ -8.452949828767245, 40.27208169219972 ], [ -8.453158786503822, 40.272156687585536 ], [ -8.453357141879232, 40.272247009795727 ], [ -8.453488865222733, 40.27232127622829 ], [ -8.453498694156927, 40.272269226193906 ], [ -8.453553954319176, 40.272097613845403 ], [ -8.453630908200918, 40.271930976673538 ], [ -8.453728814556717, 40.271770919443973 ], [ -8.453846730381477, 40.271618983544556 ], [ -8.453983519996438, 40.27147663214285 ], [ -8.454137865989654, 40.271345236097218 ], [ -8.454308281905426, 40.271226060757215 ], [ -8.454493126560427, 40.271120253780097 ], [ -8.454690619848622, 40.271028834080767 ] ] ], [ [ [ -8.443412232602981, 40.123636378199919 ], [ -8.443609314747182, 40.12354497663577 ], [ -8.443817117689726, 40.123468844229471 ], [ -8.444033640283942, 40.123408714125731 ], [ -8.444256797432667, 40.123365165367424 ], [ -8.44448444016372, 40.123338617320648 ], [ -8.444714376319796, 40.123329325637265 ], [ -8.444944391663741, 40.123337379793675 ], [ -8.445172271196189, 40.123362702229286 ], [ -8.44539582048052, 40.123405049093414 ], [ -8.44561288677005, 40.123464012592805 ], [ -8.445821379734179, 40.123539024917925 ], [ -8.446019291584186, 40.123629363709618 ], [ -8.446204716405006, 40.123734159013829 ], [ -8.446375868507001, 40.123852401657615 ], [ -8.44653109962109, 40.123982952965534 ], [ -8.446668914771756, 40.124124555723199 ], [ -8.446787986675039, 40.124275846282437 ], [ -8.446887168522888, 40.124435367691426 ], [ -8.446965505030642, 40.124601583723759 ], [ -8.447022241641134, 40.124772893671135 ], [ -8.44705683179664, 40.124947647757367 ], [ -8.447068942208405, 40.12512416302539 ], [ -8.447058456072801, 40.125300739544343 ], [ -8.447025474202887, 40.125475676780418 ], [ -8.44697031406422, 40.125647289974268 ], [ -8.446893506723937, 40.12581392636676 ], [ -8.446795791742252, 40.125973981117177 ], [ -8.446678110055334, 40.126125912760244 ], [ -8.446541594917894, 40.126268258053244 ], [ -8.446387560992575, 40.12639964607007 ], [ -8.44621749169105, 40.126518811406449 ], [ -8.446033024888699, 40.126624606368935 ], [ -8.445835937150402, 40.126716012030442 ], [ -8.445628126619367, 40.126792148045453 ], [ -8.445411594733885, 40.126852281130574 ], [ -8.445188426948178, 40.126895832128383 ], [ -8.444960772643205, 40.126922381586695 ], [ -8.444730824421042, 40.126931673799405 ], [ -8.444500796982542, 40.126923619269782 ], [ -8.444272905791856, 40.126898295572744 ], [ -8.444049345733621, 40.126855946607478 ], [ -8.443832269968562, 40.126796980247953 ], [ -8.443623769191413, 40.126721964413647 ], [ -8.443425851491149, 40.126631621598563 ], [ -8.443240423007653, 40.126526821911355 ], [ -8.443069269571319, 40.126408574693393 ], [ -8.442914039502506, 40.126278018795944 ], [ -8.442776227736566, 40.126136411609735 ], [ -8.44265716142738, 40.125985116953153 ], [ -8.442557987168023, 40.12582559193546 ], [ -8.442479659951534, 40.125659372921731 ], [ -8.442422933978021, 40.12548806073486 ], [ -8.442388355396437, 40.125313305237093 ], [ -8.442376257050759, 40.125136789439722 ], [ -8.44238675528092, 40.124960213293996 ], [ -8.442419748809073, 40.12478527731934 ], [ -8.442474919721642, 40.124613666226637 ], [ -8.442551736537453, 40.124447032694256 ], [ -8.442649459332156, 40.124286981453039 ], [ -8.442767146869334, 40.124135053833385 ], [ -8.44290366566945, 40.123992712923382 ], [ -8.443057700929106, 40.123861329480704 ], [ -8.443227769185354, 40.123742168733862 ], [ -8.443412232602981, 40.123636378199919 ] ] ], [ [ [ -8.439436247649859, 40.173822349471557 ], [ -8.439633479839401, 40.173730954905032 ], [ -8.439841439903049, 40.173654829705036 ], [ -8.440058125181269, 40.173594706946808 ], [ -8.440281449010509, 40.17355116560239 ], [ -8.440509260813768, 40.173524624966447 ], [ -8.440739366805905, 40.173515340619481 ], [ -8.440969551114598, 40.173523401967188 ], [ -8.441197597113685, 40.173548731379803 ], [ -8.441421308763807, 40.173591084939439 ], [ -8.441638531754975, 40.173650054788467 ], [ -8.441847174247796, 40.173725073056261 ], [ -8.442045227013768, 40.173815417326558 ], [ -8.442230782780918, 40.173920217592638 ], [ -8.442402054598622, 40.174038464633902 ], [ -8.442557393044902, 40.174169019732673 ], [ -8.442695302110499, 40.174310625638157 ], [ -8.442814453606855, 40.174461918671994 ], [ -8.442913699959172, 40.174621441858612 ], [ -8.442992085261274, 40.174787658954592 ], [ -8.443048854485728, 40.174958969241445 ], [ -8.443083460760317, 40.175133722939734 ], [ -8.443090359380054, 40.175234277647469 ], [ -8.443128167200783, 40.175348367641277 ], [ -8.443162773882879, 40.175523121302589 ], [ -8.443174884044319, 40.175699635437816 ], [ -8.44316438088345, 40.17587621012698 ], [ -8.443131365376852, 40.176051144853922 ], [ -8.443076155313603, 40.176222754883376 ], [ -8.442999282241262, 40.176389387486637 ], [ -8.442901486352751, 40.176549437859371 ], [ -8.442783709363146, 40.176701364578378 ], [ -8.442647085444792, 40.176843704448252 ], [ -8.442492930307841, 40.176975086594993 ], [ -8.442322728531277, 40.177094245670723 ], [ -8.442138119266357, 40.177200034042194 ], [ -8.441940880450097, 40.177291432845678 ], [ -8.4417329116809, 40.177367561801603 ], [ -8.441516215921274, 40.177427687694497 ], [ -8.441292880203997, 40.177471231436087 ], [ -8.441065055527696, 40.17749777364407 ], [ -8.440834936135655, 40.177507058682117 ], [ -8.440604738377623, 40.177498997122612 ], [ -8.440376679358462, 40.177473666608186 ], [ -8.440152955579505, 40.17743131110376 ], [ -8.439935721778578, 40.177372338546306 ], [ -8.439727070172721, 40.177297316915087 ], [ -8.439529010303728, 40.177206968760039 ], [ -8.439343449680836, 40.177102164241354 ], [ -8.439172175407128, 40.176983912747076 ], [ -8.439016836966706, 40.17685335316974 ], [ -8.438878930338538, 40.176711742935638 ], [ -8.438759783589932, 40.176560445892626 ], [ -8.438660544088409, 40.176400919173034 ], [ -8.43858216745503, 40.176234699158428 ], [ -8.438525408365454, 40.176063386681399 ], [ -8.438490813287162, 40.175888631607044 ], [ -8.438483921382389, 40.175788076611624 ], [ -8.43844612108116, 40.175673985081843 ], [ -8.438411526410158, 40.175499229970526 ], [ -8.438399428626472, 40.175322715284871 ], [ -8.43840994406418, 40.175146140965424 ], [ -8.438442971279281, 40.174971207513963 ], [ -8.438498192033366, 40.174799599617053 ], [ -8.438575074364882, 40.174632969922229 ], [ -8.438672877718197, 40.174472923123268 ], [ -8.438790660080812, 40.174321000507682 ], [ -8.438927287059778, 40.174178665115278 ], [ -8.439081442809776, 40.174047287650453 ], [ -8.439251642707445, 40.173928133284051 ], [ -8.439436247649859, 40.173822349471557 ] ] ], [ [ [ -8.441011454200666, 40.259474767929291 ], [ -8.441228411486499, 40.259414642855894 ], [ -8.441452016120532, 40.259371098849279 ], [ -8.441680114822114, 40.259344555229674 ], [ -8.441910511043838, 40.259335267606239 ], [ -8.442140986119059, 40.259343325416197 ], [ -8.442369320622127, 40.259368651063873 ], [ -8.442593315735957, 40.259411000667683 ], [ -8.442810814421319, 40.259469966408183 ], [ -8.443019722184333, 40.259544980454464 ], [ -8.443218027242287, 40.259635320431038 ], [ -8.443403819893865, 40.25974011637274 ], [ -8.443575310907358, 40.259858359100804 ], [ -8.44373084874989, 40.259988909939267 ], [ -8.443868935491858, 40.260130511678589 ], [ -8.443988241233377, 40.260281800680723 ], [ -8.444087616913837, 40.260441320009114 ], [ -8.4441661053811, 40.260607533457645 ], [ -8.444222950613621, 40.2607788403431 ], [ -8.444257605006529, 40.260953590918902 ], [ -8.444269734651281, 40.261130102261902 ], [ -8.444259222557838, 40.26130667447903 ], [ -8.44422616978806, 40.261481607077897 ], [ -8.444170894489169, 40.261653215343713 ], [ -8.444093928836308, 40.261819846564649 ], [ -8.443996013913409, 40.261979895949544 ], [ -8.443878092581432, 40.262131822084598 ], [ -8.443741300402444, 40.262274161779814 ], [ -8.443640976946995, 40.262359559348752 ], [ -8.443634597861349, 40.262393318714935 ], [ -8.4435793203386, 40.262564926679488 ], [ -8.443502352212896, 40.26273155749 ], [ -8.443404434591981, 40.262891606359275 ], [ -8.443286510362796, 40.263043531878402 ], [ -8.443149715115313, 40.263185870863396 ], [ -8.442995366209445, 40.263317252448573 ], [ -8.442824950090197, 40.263436411291245 ], [ -8.442640107973119, 40.263542199760217 ], [ -8.442442620037935, 40.263633598990616 ], [ -8.44223438828255, 40.263709728698601 ], [ -8.44201741820264, 40.263769855661259 ], [ -8.441793799473421, 40.263813400779917 ], [ -8.441565685819743, 40.263839944658905 ], [ -8.441335274268621, 40.263849231645729 ], [ -8.441104783984212, 40.263841172293994 ], [ -8.440876434889322, 40.263815844225064 ], [ -8.440874718172974, 40.263815519650912 ], [ -8.44095256089641, 40.263940478656593 ], [ -8.441031045802998, 40.264106694144374 ], [ -8.441087886122506, 40.264278002484666 ], [ -8.441122534297337, 40.264452753916899 ], [ -8.441134656478797, 40.264629265509662 ], [ -8.441124135748693, 40.264805837367483 ], [ -8.441091073252027, 40.264980769001411 ], [ -8.441075345615847, 40.265029587359216 ], [ -8.441287380865713, 40.264988300029906 ], [ -8.441515498486211, 40.264961756690013 ], [ -8.441745913784132, 40.264952469332137 ], [ -8.441976407909159, 40.26496052739094 ], [ -8.442204761252238, 40.264985853268357 ], [ -8.442428774814886, 40.265028203080583 ], [ -8.44264629138025, 40.265087169006208 ], [ -8.442855216282288, 40.26516218321251 ], [ -8.443053537573261, 40.265252523322488 ], [ -8.443239345395549, 40.265357319369699 ], [ -8.443410850371345, 40.265475562174366 ], [ -8.443566400833323, 40.265606113059825 ], [ -8.443704498730336, 40.265747714816086 ], [ -8.443823814055056, 40.265899003804947 ], [ -8.443847061607874, 40.265936318216355 ], [ -8.443898060488799, 40.265907130903521 ], [ -8.444095553041386, 40.265815729207723 ], [ -8.444303789131496, 40.265739596161964 ], [ -8.444520763441789, 40.265679464916879 ], [ -8.444744386525784, 40.265635914526051 ], [ -8.444972504925179, 40.265609364371208 ], [ -8.445202921902915, 40.265600070124378 ], [ -8.445433418592508, 40.265608121286604 ], [ -8.445661775360207, 40.265633440326198 ], [ -8.445885793174563, 40.265675783425216 ], [ -8.446103314777794, 40.265734742826872 ], [ -8.446312245455355, 40.265809750761292 ], [ -8.446510573203915, 40.265900084911834 ], [ -8.446696388103677, 40.266004875369468 ], [ -8.446867900708705, 40.26612311300822 ], [ -8.447023459278221, 40.266253659201212 ], [ -8.447161565683022, 40.266395256783632 ], [ -8.447280889833863, 40.266546542157464 ], [ -8.447380282492842, 40.266706058421136 ], [ -8.447458786344287, 40.266872269398064 ], [ -8.447515645218466, 40.267043574428826 ], [ -8.447550311379096, 40.267218323784768 ], [ -8.447562450804257, 40.267394834554466 ], [ -8.44755194640967, 40.267571406850408 ], [ -8.447518899182992, 40.267746340179457 ], [ -8.447463627218003, 40.267917949819775 ], [ -8.447386662657678, 40.268084583046324 ], [ -8.447288746575371, 40.268244635048632 ], [ -8.447170821843155, 40.268396564387658 ], [ -8.447034024055798, 40.268538907842562 ], [ -8.446879670597639, 40.268670294504638 ], [ -8.446709247957489, 40.268789458982312 ], [ -8.446524397413681, 40.268895253590081 ], [ -8.446326899227076, 40.268986659403929 ], [ -8.446160587286506, 40.26904746530068 ], [ -8.446073366748658, 40.269121706046228 ], [ -8.445902941557865, 40.269240869336734 ], [ -8.445718088525028, 40.269346662657597 ], [ -8.445520587934995, 40.269438067097205 ], [ -8.445312341907538, 40.269514202321531 ], [ -8.445095356075804, 40.269574335054521 ], [ -8.444871720266732, 40.269617886141937 ], [ -8.444643588369697, 40.269644436130555 ], [ -8.444413157587448, 40.269653729309091 ], [ -8.4441826472694, 40.269645676171464 ], [ -8.443954277531343, 40.269620354279212 ], [ -8.443730247867791, 40.269578007514241 ], [ -8.443512715963132, 40.269519043729517 ], [ -8.443303776905957, 40.269444030819869 ], [ -8.443105443006909, 40.269353691251446 ], [ -8.442919624414698, 40.26924889510191 ], [ -8.442748110717051, 40.269130651678928 ], [ -8.442592553703975, 40.269000099797474 ], [ -8.442454451459353, 40.268858496810012 ], [ -8.442335133934192, 40.26870720649476 ], [ -8.442235750140325, 40.268547685919494 ], [ -8.442222044630661, 40.26851866361018 ], [ -8.44222084368114, 40.268518897457596 ], [ -8.44218265254824, 40.268523341349479 ], [ -8.442124150942565, 40.268544727941482 ], [ -8.441907165341879, 40.268604854705167 ], [ -8.441683530637789, 40.26864839963401 ], [ -8.44145540070903, 40.26867494333414 ], [ -8.441224972739393, 40.268684230154783 ], [ -8.440994466051198, 40.26867617065114 ], [ -8.440766100725272, 40.268650842446064 ], [ -8.440542076213621, 40.26860848948229 ], [ -8.440324550151001, 40.268549519672419 ], [ -8.440115617569715, 40.26847450096939 ], [ -8.439917290718023, 40.268384155895127 ], [ -8.439731479676745, 40.268279354580301 ], [ -8.439559973960863, 40.268161106382344 ], [ -8.439404425283485, 40.268030550162216 ], [ -8.439266331648209, 40.267888943314134 ], [ -8.439147022923102, 40.267737649653533 ], [ -8.439047648035235, 40.267578126280362 ], [ -8.438969163909016, 40.267411909544123 ], [ -8.438912326254707, 40.267240600245977 ], [ -8.438877682295706, 40.267065848220525 ], [ -8.438865565504415, 40.266889336445658 ], [ -8.43887609239717, 40.266712764833954 ], [ -8.438909161418851, 40.266537833861086 ], [ -8.438943744229441, 40.266430502853758 ], [ -8.438791607551591, 40.266436631267233 ], [ -8.438561108753063, 40.266428566883938 ], [ -8.438332751868684, 40.266403233835547 ], [ -8.438108736269131, 40.26636087611142 ], [ -8.437891219503316, 40.26630190167004 ], [ -8.437682296513975, 40.266226878508931 ], [ -8.437483979456971, 40.266136529192927 ], [ -8.43729817831877, 40.266031723893626 ], [ -8.43712668251896, 40.26591347200673 ], [ -8.436971143675137, 40.265782912428811 ], [ -8.43683305969618, 40.265641302586367 ], [ -8.436713760357147, 40.26549000632366 ], [ -8.436614394494715, 40.265330480765719 ], [ -8.436535918946371, 40.265164262283079 ], [ -8.43647908933977, 40.264992951693685 ], [ -8.436444452820817, 40.264818198844559 ], [ -8.436432342790276, 40.264641686721546 ], [ -8.436442875699388, 40.264465115240533 ], [ -8.436475949935119, 40.264290184875939 ], [ -8.436531246805467, 40.264118580284546 ], [ -8.436608233615154, 40.263951954081939 ], [ -8.436706168801757, 40.263791910928106 ], [ -8.436824109082663, 40.263639992075326 ], [ -8.436960918543715, 40.263497660526944 ], [ -8.43711527958197, 40.263366286950166 ], [ -8.437285705596958, 40.263247136478157 ], [ -8.437470555308201, 40.263141356528692 ], [ -8.437668048561058, 40.263049965756437 ], [ -8.4378762834687, 40.262973844245202 ], [ -8.438093254725199, 40.262913725034593 ], [ -8.438316872913484, 40.262870187062312 ], [ -8.438544984622411, 40.262843649590486 ], [ -8.438775393179338, 40.262834368169038 ], [ -8.439005879798856, 40.262842432175532 ], [ -8.439234224944171, 40.262867763954574 ], [ -8.439235941628846, 40.26286808855324 ], [ -8.439158103298318, 40.262743128353378 ], [ -8.439079624564576, 40.262576911533266 ], [ -8.439022790755423, 40.262405602132056 ], [ -8.438988149057266, 40.262230849985329 ], [ -8.438976032920772, 40.262054338072183 ], [ -8.438986558856016, 40.261877766306469 ], [ -8.439019625317137, 40.261702835165373 ], [ -8.439074913687032, 40.261531229313157 ], [ -8.439151891352294, 40.261364601377572 ], [ -8.439249816838581, 40.261204556035302 ], [ -8.439367746956691, 40.261052634559704 ], [ -8.439504545890346, 40.260910299979415 ], [ -8.439604872440336, 40.260824905963723 ], [ -8.439611253388053, 40.260791146803626 ], [ -8.439666539533723, 40.260619540649948 ], [ -8.439743514725881, 40.260452912303741 ], [ -8.439841437514007, 40.260292866445603 ], [ -8.439959364734888, 40.260140944353914 ], [ -8.44009616060014, 40.259998609063203 ], [ -8.440250507637744, 40.259867231276715 ], [ -8.440420919382047, 40.259748076168187 ], [ -8.440605754689983, 40.259642291200038 ], [ -8.440803233545592, 40.259550895075279 ], [ -8.441011454200666, 40.259474767929291 ] ] ], [ [ [ -8.43608343064512, 40.158907710709322 ], [ -8.436313487958026, 40.158898435314846 ], [ -8.43654362242088, 40.158906505666373 ], [ -8.436771617887445, 40.158931844047423 ], [ -8.436995278804874, 40.158974206453742 ], [ -8.437212451351639, 40.159033184942523 ], [ -8.437421044174036, 40.159108211559925 ], [ -8.437619048521812, 40.159198563809227 ], [ -8.437804557589198, 40.159303371606867 ], [ -8.437975784875253, 40.159421625659682 ], [ -8.43813108138681, 40.159552187182413 ], [ -8.438268951518456, 40.159693798862406 ], [ -8.438388067456593, 40.159845096965618 ], [ -8.438487281968895, 40.160004624467646 ], [ -8.438565639455884, 40.160170845083464 ], [ -8.43862238515808, 40.160342158060615 ], [ -8.4386569724299, 40.160516913593781 ], [ -8.438658593146068, 40.160540565339161 ], [ -8.438748871141453, 40.160633290880988 ], [ -8.438867989796734, 40.160784588455819 ], [ -8.438967206811077, 40.160944115511427 ], [ -8.439045566560905, 40.161110335767049 ], [ -8.439102314264941, 40.161281648473775 ], [ -8.439106141270608, 40.161300983853174 ], [ -8.439129917662058, 40.161339212475077 ], [ -8.439208278268316, 40.161505432606063 ], [ -8.439265026716047, 40.161676745218564 ], [ -8.439299616333217, 40.161851500510757 ], [ -8.439311713835933, 40.162028015513968 ], [ -8.439301202544563, 40.162204590299815 ], [ -8.439268183514114, 40.162379524351223 ], [ -8.43921297456772, 40.16255113293942 ], [ -8.439136107242305, 40.162717763349569 ], [ -8.43903832167555, 40.162877810798491 ], [ -8.438920559483227, 40.163029733891143 ], [ -8.438783954695257, 40.163172069467052 ], [ -8.438629822837614, 40.163303446693625 ], [ -8.43845964826513, 40.163422600270401 ], [ -8.438275069867084, 40.163528382617081 ], [ -8.438077865283223, 40.163619774928037 ], [ -8.437869933782236, 40.163695896986248 ], [ -8.437653277967668, 40.163756015642669 ], [ -8.437429984487522, 40.163799551878824 ], [ -8.437202203933573, 40.16382608638466 ], [ -8.436972130124072, 40.163835363598047 ], [ -8.436741978969668, 40.163827294166801 ], [ -8.436513967126283, 40.163801955809298 ], [ -8.4362902906408, 40.163759592566016 ], [ -8.436073103795463, 40.163700612448487 ], [ -8.435864498354993, 40.163625583508747 ], [ -8.435666483416494, 40.163535228367103 ], [ -8.435480966056417, 40.163430417251021 ], [ -8.435309732961134, 40.163312159612047 ], [ -8.435154433218143, 40.163181594401848 ], [ -8.435016562433717, 40.163039979100958 ], [ -8.434897448329979, 40.162888677605963 ], [ -8.434798237960091, 40.16272914709208 ], [ -8.43471988666462, 40.16256292397734 ], [ -8.434663148875282, 40.162391609124164 ], [ -8.434659323065933, 40.162372273597136 ], [ -8.434635548812219, 40.162334044056159 ], [ -8.434557198373039, 40.16216782081684 ], [ -8.43452704337207, 40.162076769265752 ], [ -8.434453280214489, 40.162097235541417 ], [ -8.434229990079645, 40.162140765606452 ], [ -8.434002213780326, 40.162167293808984 ], [ -8.433772145093801, 40.162176564647588 ], [ -8.433541999881372, 40.162168488831441 ], [ -8.43331399474172, 40.162143144140479 ], [ -8.433090325657147, 40.16210077467619 ], [ -8.432873146838599, 40.162041788509953 ], [ -8.432664549973472, 40.161966753752139 ], [ -8.432466544076254, 40.161876393079048 ], [ -8.432281036136303, 40.161771576771436 ], [ -8.432109812749241, 40.161653314330835 ], [ -8.432004083597196, 40.161564416058688 ], [ -8.43194843445867, 40.161532972574598 ], [ -8.43177721224763, 40.161414709633 ], [ -8.431621923588278, 40.161284139601577 ], [ -8.431484063980125, 40.161142520007289 ], [ -8.431364961037644, 40.160991214788062 ], [ -8.431265761706497, 40.160831681154953 ], [ -8.431187421220928, 40.16066545555605 ], [ -8.43113069390855, 40.16049413887766 ], [ -8.431096125930901, 40.160319381025325 ], [ -8.431084050029526, 40.160142865032988 ], [ -8.431094582327892, 40.159966290853724 ], [ -8.431127621219758, 40.159791358987981 ], [ -8.431182848354398, 40.159619754107013 ], [ -8.431259731708957, 40.159453128829306 ], [ -8.43128886350326, 40.159405456836694 ], [ -8.431254366630972, 40.159385964084258 ], [ -8.431083151034001, 40.159267700048439 ], [ -8.431022149327148, 40.159216406136764 ], [ -8.430844564043394, 40.159116058909532 ], [ -8.430673349834519, 40.158997794257182 ], [ -8.430518068815244, 40.158867222663112 ], [ -8.430380216411496, 40.158725601669339 ], [ -8.430261120168362, 40.15857429522724 ], [ -8.430161926966989, 40.158414760559658 ], [ -8.430083591982596, 40.158248534124624 ], [ -8.430026869489827, 40.158077216816515 ], [ -8.429992305603825, 40.157902458546893 ], [ -8.42998023302674, 40.157725942353743 ], [ -8.429990767850049, 40.157549368192051 ], [ -8.430022709513363, 40.157380254801105 ], [ -8.429924835198774, 40.157353667212121 ], [ -8.429716255924539, 40.15727862701835 ], [ -8.429518267560789, 40.157188261166887 ], [ -8.429332776927982, 40.157083439988313 ], [ -8.429161570455035, 40.156965173031082 ], [ -8.429006296973013, 40.156834599336591 ], [ -8.428868451835243, 40.156692976467063 ], [ -8.428749362516832, 40.156541668391952 ], [ -8.428650175832241, 40.156382132349805 ], [ -8.428571846893929, 40.156215904811901 ], [ -8.428515129918321, 40.156044586683201 ], [ -8.428480570967437, 40.155869827883222 ], [ -8.428468502695914, 40.155693311454989 ], [ -8.42847904115378, 40.155516737355782 ], [ -8.428512084675516, 40.155341806085275 ], [ -8.42856731486585, 40.155170202308966 ], [ -8.428644199672538, 40.155003578634705 ], [ -8.428741998516287, 40.154843539698298 ], [ -8.42885976942819, 40.154691626711532 ], [ -8.428996378125717, 40.15454930262154 ], [ -8.429150508939721, 40.154417938023869 ], [ -8.429320677487073, 40.154298797965509 ], [ -8.429411012118324, 40.154247030898432 ], [ -8.429438579654994, 40.154218309499718 ], [ -8.429549020655124, 40.154124180092126 ], [ -8.429456524899836, 40.154081961072329 ], [ -8.429271042842252, 40.153977139707692 ], [ -8.429099844309606, 40.153858872567113 ], [ -8.428944578056482, 40.153728298693757 ], [ -8.428806739366598, 40.153586675651553 ], [ -8.428687655652968, 40.153435367411639 ], [ -8.428588473676088, 40.153275831214103 ], [ -8.428510148503099, 40.153109603531739 ], [ -8.42845343431418, 40.15293828527092 ], [ -8.428451858054446, 40.152930313994531 ], [ -8.428387157939795, 40.152793001143017 ], [ -8.428330444327768, 40.152621682810512 ], [ -8.428295887638575, 40.152446923843968 ], [ -8.428283820505099, 40.152270407288043 ], [ -8.428294358966438, 40.152093833101269 ], [ -8.428327401357068, 40.151918901784128 ], [ -8.428333773974554, 40.151899100885387 ], [ -8.428304909060422, 40.151888714904352 ], [ -8.428106938248403, 40.151798346492427 ], [ -8.427921464486364, 40.151693522894774 ], [ -8.427750274040722, 40.151575253683134 ], [ -8.42759501558818, 40.151444677920637 ], [ -8.427457184337314, 40.151303053189373 ], [ -8.427387209994274, 40.151214137511673 ], [ -8.427275887432561, 40.151099750164605 ], [ -8.427261108100701, 40.151080970098896 ], [ -8.427045680074167, 40.151040142956717 ], [ -8.426828541709128, 40.150981145195061 ], [ -8.426619985346708, 40.150906099259153 ], [ -8.426422019611243, 40.150815727933008 ], [ -8.426236551105225, 40.150710901599922 ], [ -8.426065366044446, 40.150592629857968 ], [ -8.425910113053728, 40.150462051794634 ], [ -8.425772287289043, 40.150320425014165 ], [ -8.425653216038917, 40.15016911352371 ], [ -8.425554045943816, 40.150009574594648 ], [ -8.425475731956446, 40.149843344726044 ], [ -8.425419028149282, 40.149672024845323 ], [ -8.425384480457558, 40.149497264888808 ], [ -8.425372421427529, 40.149320747910686 ], [ -8.425382967020276, 40.149144173873509 ], [ -8.425416015501623, 40.148969243276319 ], [ -8.425471248428597, 40.14879764077817 ], [ -8.425548133722652, 40.148631018974569 ], [ -8.425645930799863, 40.148470982483303 ], [ -8.425735533561149, 40.148355402085876 ], [ -8.425570848726391, 40.148280218947846 ], [ -8.425385388440558, 40.148175391176245 ], [ -8.425214211240297, 40.14805711809619 ], [ -8.4250826803036, 40.147946485571183 ], [ -8.42500891127726, 40.147895515198911 ], [ -8.424853666472922, 40.147764935629169 ], [ -8.424715848380034, 40.147623307498002 ], [ -8.424596784213245, 40.147471994825565 ], [ -8.424497620544797, 40.147312454894603 ], [ -8.424419312265528, 40.14714622421382 ], [ -8.424362613392942, 40.146974903718466 ], [ -8.424328069814775, 40.14680014335076 ], [ -8.424316014037682, 40.146623626168846 ], [ -8.424326561991444, 40.146447052137262 ], [ -8.424359611919169, 40.146272121754961 ], [ -8.424414845363973, 40.146100519678932 ], [ -8.424491730242357, 40.14593389850063 ], [ -8.424589525974419, 40.145773862831817 ], [ -8.424707290621287, 40.145621953852803 ], [ -8.42484388996083, 40.145479634472181 ], [ -8.424998008414075, 40.145348275240131 ], [ -8.425168161716972, 40.145229141151994 ], [ -8.4253527112154, 40.145123379468011 ], [ -8.425549879645716, 40.145032008667236 ], [ -8.425757768248904, 40.144955908641414 ], [ -8.425974375053549, 40.14489581222346 ], [ -8.426197614151713, 40.144852298131802 ], [ -8.426425335782218, 40.144825785398723 ], [ -8.426655347028134, 40.14481652933609 ], [ -8.426885432929351, 40.144824619077255 ], [ -8.427113377807171, 40.144849976719051 ], [ -8.427336986595813, 40.144892358071743 ], [ -8.427554105975641, 40.144951355010086 ], [ -8.427762645104837, 40.14502639940256 ], [ -8.427960595750115, 40.145116768581261 ], [ -8.428146051622774, 40.145221592299571 ], [ -8.428317226734066, 40.145339861110983 ], [ -8.428448757842524, 40.145450490011079 ], [ -8.428522526770532, 40.145501458213829 ], [ -8.428677773390838, 40.145632032909319 ], [ -8.428815595633674, 40.14577365635882 ], [ -8.428934666146612, 40.145924964714922 ], [ -8.429033838134799, 40.146084500854435 ], [ -8.429112156408316, 40.146250728409086 ], [ -8.429168866585377, 40.146422046559586 ], [ -8.429203422362603, 40.146596805450699 ], [ -8.429215490782104, 40.146773322079085 ], [ -8.42920495544446, 40.146949896500658 ], [ -8.429171917636396, 40.147124828201797 ], [ -8.429116695362032, 40.147296432476367 ], [ -8.429039820286798, 40.14746305665102 ], [ -8.428983866060188, 40.147554631475415 ], [ -8.429171216695122, 40.147640155594928 ], [ -8.429356681302922, 40.147744977297151 ], [ -8.429527864863624, 40.147863244236909 ], [ -8.429683118805093, 40.147993817504855 ], [ -8.429820947931837, 40.148135439675137 ], [ -8.429940024825138, 40.148286746912675 ], [ -8.430010091549958, 40.148399454763286 ], [ -8.430114188200111, 40.148427736375446 ], [ -8.430322740772716, 40.148502776063737 ], [ -8.430520704903202, 40.148593140762927 ], [ -8.430706174173025, 40.148697960269573 ], [ -8.430877362464448, 40.148816225177711 ], [ -8.43103262115979, 40.148946796597549 ], [ -8.431170455017778, 40.149088417121064 ], [ -8.431240432081639, 40.149177330535302 ], [ -8.431351758112283, 40.149291714096286 ], [ -8.431470840427604, 40.149443019709707 ], [ -8.431570023502983, 40.149602553539935 ], [ -8.431648352041723, 40.149768779240958 ], [ -8.431705071563165, 40.149940096011342 ], [ -8.431739635673921, 40.150114854009139 ], [ -8.431751711335821, 40.150291370239643 ], [ -8.431741182079662, 40.15046794476261 ], [ -8.431708149133575, 40.150642877063433 ], [ -8.431701777612329, 40.150662678148201 ], [ -8.431730642518481, 40.150673063284678 ], [ -8.431928614818586, 40.150763425513297 ], [ -8.432114092162609, 40.150868242696191 ], [ -8.432285288355068, 40.150986505449772 ], [ -8.432440554702197, 40.151117074905009 ], [ -8.432578395889047, 40.151258693672808 ], [ -8.432697484380762, 40.151409997950829 ], [ -8.432796673209342, 40.151569530655195 ], [ -8.432875007022673, 40.151735755450737 ], [ -8.432931731289296, 40.151907071544748 ], [ -8.432933308048014, 40.15191504275974 ], [ -8.432998016458573, 40.152052353061613 ], [ -8.433054741302231, 40.152223669083888 ], [ -8.433089310063657, 40.152398426592924 ], [ -8.433101389659878, 40.152574942598697 ], [ -8.433090863583788, 40.152751517163161 ], [ -8.433057833032864, 40.1529264497713 ], [ -8.433002615941284, 40.153098055708256 ], [ -8.432925743924503, 40.153264682284714 ], [ -8.432827957165477, 40.153424724754409 ], [ -8.432710197291543, 40.153576641770272 ], [ -8.43257359831037, 40.153718970230329 ], [ -8.432463162156926, 40.153813102511691 ], [ -8.432555659393442, 40.153855319126293 ], [ -8.432741146135928, 40.153960135214518 ], [ -8.432912351207188, 40.154078396945465 ], [ -8.433067625827954, 40.154208965459944 ], [ -8.433205474603605, 40.154350583377912 ], [ -8.433324569926192, 40.154501886905258 ], [ -8.433423764761919, 40.154661418965318 ], [ -8.43350210370081, 40.154827643229126 ], [ -8.433558832162028, 40.154998958909118 ], [ -8.43359340366605, 40.155173716173891 ], [ -8.433605485103465, 40.155350232035751 ], [ -8.433594959949414, 40.155526806558044 ], [ -8.433561929392468, 40.155701739226174 ], [ -8.43350671136684, 40.155873345324707 ], [ -8.433506429515976, 40.15587395624803 ], [ -8.433560635810045, 40.155884225311226 ], [ -8.433777795564824, 40.155943210320416 ], [ -8.433986375169427, 40.156018243213914 ], [ -8.434184366000856, 40.156108601434539 ], [ -8.434369861383482, 40.156213414841247 ], [ -8.434541074948125, 40.156331674086836 ], [ -8.434696357833737, 40.156462240336033 ], [ -8.434834214566109, 40.156603856230682 ], [ -8.434953317460671, 40.156755157996095 ], [ -8.435052519410707, 40.156914688572613 ], [ -8.435130864937719, 40.1570809116456 ], [ -8.435187599397413, 40.157252226438914 ], [ -8.435222176252489, 40.157426983129717 ], [ -8.435234262341988, 40.157603498735838 ], [ -8.435223741096227, 40.157780073323124 ], [ -8.435190713666124, 40.157955006376348 ], [ -8.435135497955748, 40.158126613176343 ], [ -8.43505862556721, 40.158293241025504 ], [ -8.435045201487542, 40.158315211316065 ], [ -8.435041425790125, 40.158335209279862 ], [ -8.434986209401488, 40.1585068159999 ], [ -8.434909336224448, 40.158673443741918 ], [ -8.434880207277496, 40.158721116641004 ], [ -8.434914704842267, 40.158740608312883 ], [ -8.435085925721916, 40.158858866674322 ], [ -8.435191654657185, 40.158947762174634 ], [ -8.43524730316407, 40.158979204116321 ], [ -8.43536118913997, 40.159057861766684 ], [ -8.435415744168692, 40.159037889752845 ], [ -8.43563238701228, 40.158977775282096 ], [ -8.435855665885809, 40.158934242530279 ], [ -8.43608343064512, 40.158907710709322 ] ] ], [ [ [ -8.436884240318156, 40.166874984547306 ], [ -8.437055485121945, 40.166993239741686 ], [ -8.437210797223091, 40.167123802270368 ], [ -8.437269077849875, 40.167183659119416 ], [ -8.437275423625149, 40.167180022631179 ], [ -8.437472639566227, 40.167088631701077 ], [ -8.437680581843443, 40.167012510360998 ], [ -8.437897247968532, 40.166952391649041 ], [ -8.438120551462362, 40.166908854498296 ], [ -8.438348341943726, 40.16688231816304 ], [ -8.438578425832779, 40.166873038182381 ], [ -8.43880858747, 40.16688110391997 ], [ -8.439036610447513, 40.16690643770378 ], [ -8.439260298947605, 40.166948795573809 ], [ -8.439477498883178, 40.167007769630935 ], [ -8.439686118636823, 40.16708279196402 ], [ -8.439884149198978, 40.16717314011759 ], [ -8.440069683511465, 40.167277944047569 ], [ -8.440240934830255, 40.167396194498032 ], [ -8.440396253930755, 40.167526752718459 ], [ -8.440534144990014, 40.167668361427985 ], [ -8.440653279992885, 40.16781965692121 ], [ -8.440752511523423, 40.167979182198884 ], [ -8.440830883818222, 40.168145400997403 ], [ -8.44088764197515, 40.168316712581891 ], [ -8.440922239228623, 40.168491467160415 ], [ -8.440934342221153, 40.168667981771165 ], [ -8.440923834220179, 40.168844556489596 ], [ -8.440890816248963, 40.169019490799222 ], [ -8.440835606120379, 40.169191099968835 ], [ -8.440758735382678, 40.169357731277984 ], [ -8.440660944206353, 40.169517779934814 ], [ -8.440543174261157, 40.169669704532659 ], [ -8.440406559651629, 40.169812041896527 ], [ -8.440252415998309, 40.169943421176605 ], [ -8.440082227769608, 40.170062577052605 ], [ -8.440064309893005, 40.170072845249322 ], [ -8.440150121714876, 40.170160968035759 ], [ -8.440269260260813, 40.17031226384578 ], [ -8.440368494561479, 40.170471789373572 ], [ -8.440446868826774, 40.170638008353144 ], [ -8.440503628135572, 40.170809320047844 ], [ -8.440538225711173, 40.170984074664695 ], [ -8.440550328192966, 40.171160589241538 ], [ -8.440546010861301, 40.171233127792917 ], [ -8.440552233819739, 40.171323889182148 ], [ -8.440541724462502, 40.171500463789997 ], [ -8.440508704265907, 40.171675397918769 ], [ -8.440453491064236, 40.171847006838973 ], [ -8.440376616435318, 40.172013637832549 ], [ -8.4402788205871, 40.172173686110696 ], [ -8.440161045234316, 40.172325610270377 ], [ -8.440024424533577, 40.172467947140852 ], [ -8.439870274164079, 40.172599325876988 ], [ -8.439700078658912, 40.172718481163777 ], [ -8.439515477108948, 40.172824265404458 ], [ -8.439318247376917, 40.172915659775114 ], [ -8.439110288973728, 40.172991784038885 ], [ -8.438893604762049, 40.173051905025467 ], [ -8.438670281663427, 40.173095443693889 ], [ -8.438442470554941, 40.173121980710697 ], [ -8.438212365549177, 40.173131260489569 ], [ -8.437982182857297, 40.173123193653559 ], [ -8.437754139439036, 40.17309785789611 ], [ -8.437530431645435, 40.173055497232639 ], [ -8.43731321406033, 40.172996519649836 ], [ -8.437104578744551, 40.172921493175316 ], [ -8.436906535082974, 40.172831140405698 ], [ -8.436720990428718, 40.172726331545597 ], [ -8.436549731731047, 40.172608076024858 ], [ -8.436394408324038, 40.172477512774769 ], [ -8.43625651604186, 40.172335899256986 ], [ -8.436137382813664, 40.172184599351006 ], [ -8.436038155876757, 40.172025070216684 ], [ -8.435959790731207, 40.171858848258864 ], [ -8.43590304194206, 40.17168753432879 ], [ -8.435868455877623, 40.171512778305562 ], [ -8.435856365453533, 40.171336263205539 ], [ -8.435860687784851, 40.171263724811872 ], [ -8.435854471080315, 40.171172963146446 ], [ -8.435864992542156, 40.170996388909394 ], [ -8.435898024351415, 40.170821456041629 ], [ -8.435953248225477, 40.170649849224084 ], [ -8.436030132172784, 40.17048322109386 ], [ -8.43612793562218, 40.170323176329696 ], [ -8.436245716560277, 40.170171256199517 ], [ -8.436382340607882, 40.170028923719187 ], [ -8.43653649194793, 40.169897549565071 ], [ -8.43670668599955, 40.169778398876105 ], [ -8.43672460430825, 40.169768131196911 ], [ -8.436718402596263, 40.169761761929074 ], [ -8.436712056551507, 40.16976539838614 ], [ -8.436514831857535, 40.169856788010804 ], [ -8.436306879605088, 40.169932907256637 ], [ -8.436090202597596, 40.169993023001666 ], [ -8.435866887687217, 40.170036556255447 ], [ -8.435639085672161, 40.170063087736672 ], [ -8.435408990577413, 40.170072361912318 ], [ -8.43517881851867, 40.170064289459432 ], [ -8.434950786353225, 40.170038948125573 ], [ -8.434727090323728, 40.169996581979831 ], [ -8.434509884900681, 40.169937599061733 ], [ -8.434301262027757, 40.169862567450267 ], [ -8.434103230969967, 40.169772209791518 ], [ -8.433917698959023, 40.169667396337204 ], [ -8.433746452822396, 40.169549136561386 ], [ -8.433591141773174, 40.169418569436338 ], [ -8.4334532615265, 40.169276952461047 ], [ -8.433334139895598, 40.169125649548249 ], [ -8.433234924006092, 40.168966117886796 ], [ -8.433156569251654, 40.168799893905799 ], [ -8.433099830097269, 40.168628578476046 ], [ -8.433093115008306, 40.168594639825116 ], [ -8.4330300046859, 40.168558985210929 ], [ -8.432858762879226, 40.168440724083709 ], [ -8.432703456063054, 40.168310155727454 ], [ -8.432565579911756, 40.168168537653017 ], [ -8.432446462199115, 40.168017233783672 ], [ -8.432347250013013, 40.167857701317509 ], [ -8.432327290007818, 40.167815355653438 ], [ -8.432238488113379, 40.167825695777246 ], [ -8.432008400067074, 40.167834963172652 ], [ -8.431778235928551, 40.167826883927425 ], [ -8.431550212478813, 40.16780153585453 ], [ -8.431326525876543, 40.167759163088007 ], [ -8.431109330501426, 40.167700173731099 ], [ -8.430900718200341, 40.167625135924879 ], [ -8.430702698136457, 40.167534772375049 ], [ -8.430517177435576, 40.167429953390048 ], [ -8.430345942816221, 40.167311688497243 ], [ -8.430190643380536, 40.167181116718154 ], [ -8.4300527747318, 40.167039495596619 ], [ -8.429933664571525, 40.166888189085249 ], [ -8.429834459914854, 40.166728654407564 ], [ -8.42975611604728, 40.16656242802172 ], [ -8.429699387328936, 40.166391110821635 ], [ -8.429664819934858, 40.166216352717825 ], [ -8.429652746600912, 40.166039836746677 ], [ -8.429660503706662, 40.165909844891942 ], [ -8.429657452616901, 40.165865236820437 ], [ -8.42966798940536, 40.165688662929213 ], [ -8.429701034645174, 40.165513731620479 ], [ -8.429756269924436, 40.165342127560109 ], [ -8.429833163141813, 40.165175503358689 ], [ -8.429930973636939, 40.165015463657056 ], [ -8.430048759328628, 40.164863549674386 ], [ -8.430185385791967, 40.164721224367369 ], [ -8.430339537186681, 40.16458985834327 ], [ -8.430509728931421, 40.164470716662763 ], [ -8.43069432200183, 40.164364946659184 ], [ -8.430891538714656, 40.164273566891644 ], [ -8.431099479845942, 40.164197457338219 ], [ -8.431316142918474, 40.16413735092349 ], [ -8.431539441482533, 40.164093826462157 ], [ -8.431767225204382, 40.16406730308632 ], [ -8.431997300569266, 40.164058036210285 ], [ -8.43222745199974, 40.164066115071563 ], [ -8.432455463186193, 40.164091461871692 ], [ -8.432679138424428, 40.164133832525394 ], [ -8.432896323755024, 40.164192819010459 ], [ -8.433104927701185, 40.164267853296025 ], [ -8.433302941405529, 40.164358212811557 ], [ -8.43348845797218, 40.164463027403549 ], [ -8.433659690827954, 40.164581287713396 ], [ -8.433814990926029, 40.164711854895614 ], [ -8.433952862626413, 40.164853471583065 ], [ -8.434071978100361, 40.165004773993452 ], [ -8.434171190119971, 40.165164305060905 ], [ -8.434249543109722, 40.165330528466086 ], [ -8.434263375227465, 40.165372292390238 ], [ -8.43427525452447, 40.165370908903519 ], [ -8.434505333917155, 40.165361637031047 ], [ -8.434735490017239, 40.165369710887965 ], [ -8.434963506470153, 40.165395052724001 ], [ -8.435187187520997, 40.165437418501675 ], [ -8.435404379154395, 40.165496400245708 ], [ -8.43561298983286, 40.16557142997091 ], [ -8.435811010634202, 40.165661785150675 ], [ -8.435996534594215, 40.165766595673219 ], [ -8.436167775068535, 40.165884852219158 ], [ -8.436323082936985, 40.166015415979238 ], [ -8.436460962484754, 40.166157029619285 ], [ -8.436580085807538, 40.166308329386361 ], [ -8.436679305601858, 40.166467858240075 ], [ -8.43675766621732, 40.166634079882371 ], [ -8.436814412864264, 40.166805393550945 ], [ -8.43682112962334, 40.166839331990367 ], [ -8.436884240318156, 40.166874984547306 ] ] ], [ [ [ -8.437376434308099, 40.269460557538807 ], [ -8.437573946014513, 40.269369166959038 ], [ -8.437782200363053, 40.269293045628658 ], [ -8.437999191860602, 40.269232926585467 ], [ -8.438222830895201, 40.269189388765589 ], [ -8.43845096385499, 40.269162851429648 ], [ -8.438681393862726, 40.269153570126306 ], [ -8.438911901926474, 40.269161634231942 ], [ -8.439140268302975, 40.269186966090231 ], [ -8.439364293868255, 40.269229321759823 ], [ -8.439581821289893, 40.269288293362877 ], [ -8.439790755797315, 40.269363313012029 ], [ -8.43998908535028, 40.269453658277875 ], [ -8.440174900011598, 40.269558459144342 ], [ -8.440346410337598, 40.269676706385226 ], [ -8.440501964609405, 40.269807261281173 ], [ -8.44064006473916, 40.269948866583576 ], [ -8.440759380698003, 40.270100158620075 ], [ -8.440858763326865, 40.270259680424914 ], [ -8.440937255406622, 40.270425895768163 ], [ -8.440994100880856, 40.27059720394832 ], [ -8.44102875214228, 40.270771955206371 ], [ -8.441040875312424, 40.27094846661258 ], [ -8.441030353463512, 40.271125038273269 ], [ -8.440997287751275, 40.271299969701396 ], [ -8.440941996447496, 40.271471576193406 ], [ -8.440865011881387, 40.271638205054558 ], [ -8.440767075318977, 40.271798251516387 ], [ -8.440649129829577, 40.271950174193194 ], [ -8.440512311207891, 40.272092509928299 ], [ -8.440357937038934, 40.272223887887293 ], [ -8.44018749401101, 40.272343042762429 ], [ -8.440002623598845, 40.272448826960662 ], [ -8.439805106254703, 40.272540221658254 ], [ -8.439596844259752, 40.272616346614981 ], [ -8.439379843400967, 40.272676468653692 ], [ -8.439156193650046, 40.272720008723148 ], [ -8.438928049030677, 40.272746547476252 ], [ -8.438697606868169, 40.272755829309922 ], [ -8.438467086621564, 40.272747764827393 ], [ -8.438238708502299, 40.272722431699435 ], [ -8.438014672085615, 40.272680073916234 ], [ -8.437797135120945, 40.272621099436826 ], [ -8.437588192745604, 40.272546076259111 ], [ -8.437389857302181, 40.272455726948124 ], [ -8.437204038954238, 40.272350921675368 ], [ -8.437032527287124, 40.27223266983637 ], [ -8.43687697407125, 40.272102110327218 ], [ -8.436738877353896, 40.271960500573776 ], [ -8.436619567032787, 40.271809204419469 ], [ -8.436520192050331, 40.271649678988268 ], [ -8.436441709331815, 40.271483460649506 ], [ -8.436384874573902, 40.271312150219778 ], [ -8.436350234972057, 40.271137397544543 ], [ -8.436338123956682, 40.270960885608005 ], [ -8.436348657988452, 40.270784314324231 ], [ -8.436381735443453, 40.270609384165759 ], [ -8.436437037598637, 40.270437779787372 ], [ -8.436514031707775, 40.270271153802582 ], [ -8.436611976138112, 40.270111110869287 ], [ -8.436729927517966, 40.269959192237629 ], [ -8.436866749826274, 40.269816860908826 ], [ -8.437021125336347, 40.269685487547918 ], [ -8.437191567308338, 40.269566337286008 ], [ -8.437376434308099, 40.269460557538807 ] ] ], [ [ [ -8.432269438659443, 40.13224132649939 ], [ -8.432486521917344, 40.132300314450084 ], [ -8.432695027659735, 40.132375350245617 ], [ -8.432892947974818, 40.132465711300846 ], [ -8.433078376865959, 40.132570527447342 ], [ -8.433249528604263, 40.132688789311494 ], [ -8.433290472774635, 40.132723229596664 ], [ -8.433335114370282, 40.132714523487209 ], [ -8.433562792652578, 40.132687996820927 ], [ -8.433792761928574, 40.132678726715305 ], [ -8.43402280764224, 40.132686802438919 ], [ -8.434250714501808, 40.132712146223561 ], [ -8.434474287807543, 40.13275451401293 ], [ -8.434691374581455, 40.13281349781235 ], [ -8.434899884295689, 40.132888529616814 ], [ -8.43509780900021, 40.132978886879584 ], [ -8.43528324265613, 40.133083699468813 ], [ -8.435454399488675, 40.133201958045078 ], [ -8.435609631183151, 40.133332523779558 ], [ -8.435747442758361, 40.133474139318928 ], [ -8.435866506964691, 40.133625440891926 ], [ -8.435965677068115, 40.133784971440669 ], [ -8.436043997896963, 40.133951194650741 ], [ -8.43610071504496, 40.134122509744685 ], [ -8.436135282141706, 40.134297266896709 ], [ -8.436139068402857, 40.134352574654706 ], [ -8.436211214786692, 40.134505691400072 ], [ -8.436267932823769, 40.134677006392415 ], [ -8.436302500638392, 40.134851763475147 ], [ -8.436314585156856, 40.135028279662322 ], [ -8.436304069824804, 40.135204855014138 ], [ -8.436271055736396, 40.135379789008063 ], [ -8.43621586066741, 40.135551396915865 ], [ -8.436139016021333, 40.135718026029316 ], [ -8.436041261717632, 40.135878071577721 ], [ -8.435923539071169, 40.136029992184412 ], [ -8.435786981731141, 40.136172324712895 ], [ -8.435632904766669, 40.136303698359995 ], [ -8.435462792003975, 40.136422847859748 ], [ -8.435278281737077, 40.136528625671232 ], [ -8.435081150949532, 40.136620013032534 ], [ -8.434873298199244, 40.136696129774357 ], [ -8.434656725331209, 40.136756242798924 ], [ -8.434433518194444, 40.136799773142037 ], [ -8.434205826548988, 40.136826301550443 ], [ -8.433975843356636, 40.136835572520788 ], [ -8.433745783655116, 40.136827496760944 ], [ -8.433517863219366, 40.136802152050336 ], [ -8.433294277215738, 40.136759782490593 ], [ -8.433077179054861, 40.136700796154024 ], [ -8.43286865964718, 40.136625761152551 ], [ -8.432670727261092, 40.136535400164817 ], [ -8.432485288177888, 40.136430583474535 ], [ -8.432314128330006, 40.136312320586875 ], [ -8.432158896099484, 40.136181750503987 ], [ -8.432048178601034, 40.136067972002458 ], [ -8.431947286293884, 40.136198159496729 ], [ -8.431810720294434, 40.136340487363782 ], [ -8.431656635262172, 40.136471855746009 ], [ -8.431486515101046, 40.136590999428172 ], [ -8.431301998176352, 40.136696770925354 ], [ -8.431258768624666, 40.136716809577905 ], [ -8.43127882760211, 40.136759386746782 ], [ -8.431335535176842, 40.136930704126407 ], [ -8.431370091543288, 40.137105462655235 ], [ -8.431381321712903, 40.137269667480048 ], [ -8.431386798060979, 40.137297362300913 ], [ -8.431398870335899, 40.137473878971171 ], [ -8.431388341939817, 40.137650453849709 ], [ -8.431355314092686, 40.137825386418484 ], [ -8.431300104702775, 40.137996991963035 ], [ -8.431223245311489, 40.138163617797829 ], [ -8.431125475980304, 40.138323659183747 ], [ -8.431007738168814, 40.138475574784181 ], [ -8.430871165672281, 40.138617901510862 ], [ -8.430717073705818, 40.138749268616444 ], [ -8.430546946240156, 40.138868410897985 ], [ -8.430362421710946, 40.138974180884048 ], [ -8.430165277239135, 40.139065559888095 ], [ -8.429957411514454, 40.13914166782132 ], [ -8.429740826506885, 40.139201771670784 ], [ -8.429517608182397, 40.139245292560645 ], [ -8.429289906408806, 40.139271811328726 ], [ -8.429059914245482, 40.139281072564501 ], [ -8.42882984681656, 40.139272987069653 ], [ -8.428601919971431, 40.139247632717343 ], [ -8.428378328938171, 40.139205253702066 ], [ -8.42816122717586, 40.139146258187246 ], [ -8.427952705629622, 40.139071214373182 ], [ -8.427754772588429, 40.138980845023426 ], [ -8.427569334339875, 40.138876020502217 ], [ -8.427398176808325, 40.138757750390177 ], [ -8.427242948353481, 40.138627173759005 ], [ -8.427105143895039, 40.138485548199199 ], [ -8.426986090516376, 40.138334237706083 ], [ -8.426886934685895, 40.138174699541409 ], [ -8.426808631219004, 40.13800847019688 ], [ -8.426751934086939, 40.137837150594869 ], [ -8.426717389160752, 40.137662390668964 ], [ -8.426706170144412, 40.137498185362972 ], [ -8.426700695678605, 40.137470490314961 ], [ -8.42668863555814, 40.137293973111213 ], [ -8.426699176072189, 40.137117398605611 ], [ -8.426732215535589, 40.136942467301729 ], [ -8.426787435592308, 40.136770863865436 ], [ -8.426864304287845, 40.136604240901292 ], [ -8.426962081198203, 40.136444203038266 ], [ -8.42707982456581, 40.136292291477879 ], [ -8.427216400373494, 40.136149969153536 ], [ -8.427347736436229, 40.136038006639843 ], [ -8.427292609354456, 40.135949307123852 ], [ -8.427214307488066, 40.135783077984016 ], [ -8.427157611221944, 40.135611758511686 ], [ -8.427123066418819, 40.135436998639207 ], [ -8.427111005597245, 40.135260481419976 ], [ -8.427121544735684, 40.135083906818856 ], [ -8.427154582162236, 40.134908975340352 ], [ -8.427209799540506, 40.134737371652008 ], [ -8.427286664941802, 40.134570748360801 ], [ -8.427384437973856, 40.134410710098891 ], [ -8.427502176916466, 40.13425879807162 ], [ -8.427638747795076, 40.134116475216885 ], [ -8.427792835304819, 40.133985112118417 ], [ -8.427962955479639, 40.133865973808788 ], [ -8.428147469984431, 40.133760207588935 ], [ -8.428344601892515, 40.133668831981623 ], [ -8.42855245279654, 40.133592726924903 ], [ -8.428769021088073, 40.133532625300127 ], [ -8.428992221229995, 40.133489105875931 ], [ -8.429192616319149, 40.133465765931327 ], [ -8.429245884444997, 40.133350284876414 ], [ -8.429343651139702, 40.133190244949489 ], [ -8.429461383618248, 40.1330383309216 ], [ -8.429597947968333, 40.132896005749906 ], [ -8.429752028947949, 40.132764640040477 ], [ -8.429922142653917, 40.132645498851033 ], [ -8.430106650813414, 40.132539729510235 ], [ -8.430303776560857, 40.13244835057089 ], [ -8.430464292721947, 40.132389572895505 ], [ -8.430482673521375, 40.132381052283101 ], [ -8.430690518102645, 40.132304943394885 ], [ -8.430907080405538, 40.13224483778005 ], [ -8.431130274950586, 40.132201314245627 ], [ -8.431357952405568, 40.132174791914821 ], [ -8.431587920278874, 40.13216552619194 ], [ -8.431817964027983, 40.132173606303311 ], [ -8.432045868380037, 40.132198954438536 ], [ -8.432269438659443, 40.13224132649939 ] ] ], [ [ [ -8.425497208131937, 40.273917323266645 ], [ -8.4256947488814, 40.273825952930927 ], [ -8.425903030319327, 40.273749852942501 ], [ -8.426120046691802, 40.273689756133692 ], [ -8.426343708147389, 40.273646241226487 ], [ -8.426571860858372, 40.273619727260915 ], [ -8.42680230775736, 40.273610469560552 ], [ -8.427032829689788, 40.27361855727456 ], [ -8.427261206778867, 40.273643912519262 ], [ -8.427485239797475, 40.273686291128165 ], [ -8.427702771341405, 40.273745285002512 ], [ -8.42791170660036, 40.27382032604055 ], [ -8.428110033526831, 40.273910691606865 ], [ -8.428295842208872, 40.274015511489914 ], [ -8.428467343260325, 40.274133776280422 ], [ -8.428622885051563, 40.274264347090003 ], [ -8.428760969614835, 40.274405966516809 ], [ -8.428880267071111, 40.274557270752453 ], [ -8.42897962843942, 40.274716802713684 ], [ -8.429058096705297, 40.274883026072736 ], [ -8.429114916041593, 40.275054340050886 ], [ -8.429149539092663, 40.27522909483325 ], [ -8.429156639906283, 40.275332738939149 ], [ -8.429251176428052, 40.275336053726932 ], [ -8.42947956010083, 40.275361404562219 ], [ -8.429703600152626, 40.275403778838267 ], [ -8.429921139111528, 40.275462768498102 ], [ -8.430130082095845, 40.275537805480489 ], [ -8.430328416983693, 40.275628167189133 ], [ -8.430514233786468, 40.275732983449615 ], [ -8.430685743039831, 40.275851244887527 ], [ -8.430841293035176, 40.275981812646812 ], [ -8.430979385725761, 40.276123429354989 ], [ -8.431098691154288, 40.276274731229826 ], [ -8.431198060263025, 40.276434261210866 ], [ -8.431276535962962, 40.276600482989402 ], [ -8.431333362355344, 40.276771795801928 ], [ -8.431367992016581, 40.276946549844823 ], [ -8.431380091276147, 40.277123062161486 ], [ -8.431369543436478, 40.27729963284942 ], [ -8.431336449903561, 40.27747456143095 ], [ -8.431281129217075, 40.277646163229882 ], [ -8.431204113989185, 40.277812785596602 ], [ -8.431106145781206, 40.277972823825202 ], [ -8.430988167967234, 40.278124736609222 ], [ -8.430851316653303, 40.278267060887217 ], [ -8.430696909739316, 40.278398425935123 ], [ -8.430526434228995, 40.278517566569455 ], [ -8.430341531909955, 40.278623335334359 ], [ -8.430143983541813, 40.278714713554699 ], [ -8.42993569170461, 40.278790821148959 ], [ -8.429718662472796, 40.278850925107179 ], [ -8.429494986091402, 40.278894446552279 ], [ -8.429266816840659, 40.278920966316569 ], [ -8.429036352283166, 40.278930228979831 ], [ -8.428805812093698, 40.278922145329965 ], [ -8.428577416675799, 40.278896793222387 ], [ -8.428353365771343, 40.278854416830086 ], [ -8.428135817269307, 40.278795424291367 ], [ -8.427926866418115, 40.278720383778079 ], [ -8.427728525641973, 40.278630018022241 ], [ -8.427542705155766, 40.278525197353773 ], [ -8.427371194565387, 40.278406931316489 ], [ -8.42721564563082, 40.278276358943181 ], [ -8.427077556358048, 40.278134737783688 ], [ -8.426958256573018, 40.277983431791263 ], [ -8.42685889511659, 40.277823898184607 ], [ -8.426780428783699, 40.277657673411802 ], [ -8.426723613113127, 40.277486358351339 ], [ -8.426688995116434, 40.277311602893285 ], [ -8.426681897844277, 40.277207958658821 ], [ -8.426587358827744, 40.277204641781815 ], [ -8.426358969994846, 40.277179285264353 ], [ -8.426134926124996, 40.277136904538857 ], [ -8.425917385039403, 40.27707790778534 ], [ -8.425708441915047, 40.277002863216289 ], [ -8.425510109101696, 40.276912493602751 ], [ -8.425324296737532, 40.276807669311808 ], [ -8.425152794350208, 40.276689399922148 ], [ -8.424997253620694, 40.276558824498899 ], [ -8.424859172475935, 40.276417200621196 ], [ -8.424739880663594, 40.276265892268491 ], [ -8.424640526947744, 40.276106356682206 ], [ -8.424562068048772, 40.275940130329481 ], [ -8.424505259433865, 40.27576881410404 ], [ -8.424470648046645, 40.275594057907135 ], [ -8.424458567045729, 40.275417544756841 ], [ -8.424469132602686, 40.275240974578871 ], [ -8.424502242789973, 40.275066047835082 ], [ -8.42455757856929, 40.274894449147332 ], [ -8.424634606870594, 40.274727831074259 ], [ -8.42473258573186, 40.274567798197566 ], [ -8.424850571449854, 40.274415891670458 ], [ -8.424987427672869, 40.274273574377581 ], [ -8.425141836347663, 40.274142216848787 ], [ -8.425312310415073, 40.274023084062669 ], [ -8.425497208131937, 40.273917323266645 ] ] ], [ [ [ -8.429699310374934, 40.279805275006808 ], [ -8.429885137687069, 40.279910092164222 ], [ -8.430056656449358, 40.280028354415137 ], [ -8.430212214861625, 40.280158922895652 ], [ -8.430350314796055, 40.280300540226357 ], [ -8.430469626225577, 40.280451842619065 ], [ -8.430569000034643, 40.280611373008298 ], [ -8.430647479088949, 40.280777595081418 ], [ -8.430704307457411, 40.280948908072119 ], [ -8.430738937697365, 40.281123662175062 ], [ -8.430751036132682, 40.281300174433042 ], [ -8.430740486073695, 40.281476744944165 ], [ -8.430707388947731, 40.281651673232425 ], [ -8.430652063329035, 40.28182327462445 ], [ -8.430575041877246, 40.281989896474556 ], [ -8.430477066213584, 40.282149934081801 ], [ -8.430359079783933, 40.282301846145678 ], [ -8.430222218777288, 40.282444169611679 ], [ -8.430067801186887, 40.282575533763556 ], [ -8.429897314119273, 40.282694673426441 ], [ -8.429712399473374, 40.282800441153832 ], [ -8.429514838127535, 40.282891818280561 ], [ -8.429306532786798, 40.282967924735644 ], [ -8.429089489655688, 40.283028027520068 ], [ -8.429039939585792, 40.283037667805786 ], [ -8.428997626389735, 40.283053127156066 ], [ -8.428780582709493, 40.283113229362129 ], [ -8.428556891684698, 40.283156749014019 ], [ -8.428328707736647, 40.283183266961302 ], [ -8.428098228569509, 40.28319252780129 ], [ -8.427867673998804, 40.283184442339433 ], [ -8.427639264566611, 40.283159088448606 ], [ -8.427415200149804, 40.28311671031895 ], [ -8.427197638767518, 40.283057716105553 ], [ -8.42698867579225, 40.282982673996379 ], [ -8.426790323764983, 40.282892306738809 ], [ -8.426604493008972, 40.282787484677257 ], [ -8.426432973229021, 40.282669217368962 ], [ -8.426277416273608, 40.282538643858992 ], [ -8.426139320225953, 40.282397021708086 ], [ -8.42602001497723, 40.282245714879082 ], [ -8.425920649420899, 40.28208618059876 ], [ -8.425842180391347, 40.281919955321648 ], [ -8.425785363453295, 40.281748639931166 ], [ -8.425750745630475, 40.28157388432053 ], [ -8.425738660143434, 40.281397371502159 ], [ -8.425749223206896, 40.281220801398604 ], [ -8.425782332917278, 40.281045874470983 ], [ -8.425837670240817, 40.280874275342924 ], [ -8.42591470209255, 40.280707656577341 ], [ -8.426012686476213, 40.280547622762541 ], [ -8.426130679635348, 40.280395715060813 ], [ -8.426267545146551, 40.280253396368082 ], [ -8.42642196486711, 40.280122037227642 ], [ -8.426592451631464, 40.280002902633633 ], [ -8.426777363574175, 40.27989713985086 ], [ -8.426974919941387, 40.279805767368636 ], [ -8.427183218238579, 40.279729665094621 ], [ -8.427400252549491, 40.27966956588314 ], [ -8.427449800400536, 40.279659926301875 ], [ -8.427492111841847, 40.279644467514821 ], [ -8.42770914560376, 40.279584367724986 ], [ -8.427932825422129, 40.279540849725088 ], [ -8.428160997292428, 40.279514332584874 ], [ -8.4283914639628, 40.279505071658527 ], [ -8.428622006088318, 40.279513156126242 ], [ -8.42885040359778, 40.27953850813563 ], [ -8.429074457067452, 40.279580883551297 ], [ -8.429292008896228, 40.279639874305317 ], [ -8.429500964078501, 40.279714912325922 ], [ -8.429699310374934, 40.279805275006808 ] ] ], [ [ [ -8.426276753709512, 40.311744244560934 ], [ -8.426474403267637, 40.31165287310651 ], [ -8.426682799730399, 40.311576771804702 ], [ -8.426899936236335, 40.311516673500371 ], [ -8.427123721777313, 40.311473156929893 ], [ -8.427352001330897, 40.311446641149217 ], [ -8.427582576608449, 40.311437381499438 ], [ -8.427813227219378, 40.311445467148417 ], [ -8.428041732047987, 40.311470820232401 ], [ -8.428265890637268, 40.311513196605716 ], [ -8.428483544374004, 40.311572188191199 ], [ -8.428692597271377, 40.311647226909145 ], [ -8.428891036149174, 40.311737590146592 ], [ -8.429076950017459, 40.311842407714508 ], [ -8.42924854847718, 40.311960670225979 ], [ -8.429404178960654, 40.312091238814652 ], [ -8.429542342645954, 40.312232856100167 ], [ -8.429661708891969, 40.31238415829484 ], [ -8.429761128055098, 40.312543688335161 ], [ -8.429839642564078, 40.312709909911931 ], [ -8.429896496146153, 40.312881222263655 ], [ -8.429931141115588, 40.313055975591162 ], [ -8.429943243654133, 40.313232486944763 ], [ -8.429932687032325, 40.313409056431261 ], [ -8.429899572740409, 40.313583983584522 ], [ -8.429844219517683, 40.313755583742086 ], [ -8.429767160289376, 40.313922204270099 ], [ -8.429669137040307, 40.314082240480303 ], [ -8.429551093674453, 40.3142341510856 ], [ -8.429414166929003, 40.314376473045442 ], [ -8.429259675430222, 40.314507835658027 ], [ -8.4290891069964, 40.314626973763261 ], [ -8.428904104310103, 40.314732739929511 ], [ -8.428706449097632, 40.314824115506603 ], [ -8.428498044968157, 40.314900220438417 ], [ -8.428280899077764, 40.31496032174055 ], [ -8.428057102795231, 40.315003840561481 ], [ -8.427828811555781, 40.315030357758701 ], [ -8.427598224097135, 40.315039617936762 ], [ -8.427367561277999, 40.315031531907451 ], [ -8.427139044683223, 40.315006177549137 ], [ -8.426914875221978, 40.314963799056486 ], [ -8.426697211925289, 40.314904804588103 ], [ -8.426488151147359, 40.314829762334455 ], [ -8.426289706371241, 40.314739395044406 ], [ -8.426103788813545, 40.314634573062719 ], [ -8.425932189015104, 40.314516305945943 ], [ -8.425776559595043, 40.314385732737385 ], [ -8.42563839933443, 40.314244110994949 ], [ -8.425519038742761, 40.314092804677614 ], [ -8.425419627246345, 40.313933271007294 ], [ -8.425341122121822, 40.313767046432709 ], [ -8.425284279281303, 40.313595731830553 ], [ -8.425249645997731, 40.313420977086473 ], [ -8.42523755564028, 40.313244465204612 ], [ -8.425248124470297, 40.313067896098424 ], [ -8.425281250528382, 40.312892970219494 ], [ -8.42533661462307, 40.312721372181265 ], [ -8.425413683411328, 40.312554754536173 ], [ -8.425511714540956, 40.312394721861658 ], [ -8.42562976380513, 40.312242815308956 ], [ -8.425766694239991, 40.312100497762863 ], [ -8.425921187077495, 40.311969139755597 ], [ -8.426091754447899, 40.311850006270255 ], [ -8.426276753709512, 40.311744244560934 ] ] ], [ [ [ -8.412095004567608, 40.160438833408712 ], [ -8.412292235072185, 40.160347485212107 ], [ -8.412500185215526, 40.160271408979035 ], [ -8.412716852433698, 40.16021133731325 ], [ -8.412940150237114, 40.16016784869484 ], [ -8.413167928299389, 40.16014136191081 ], [ -8.413397993160283, 40.160132132023115 ], [ -8.413628129343479, 40.160140247913098 ], [ -8.41385612068617, 40.160165631425791 ], [ -8.414079771675196, 40.160208038122406 ], [ -8.41429692858458, 40.160267059633654 ], [ -8.414505500211126, 40.16034212759142 ], [ -8.414703478008597, 40.160432519100937 ], [ -8.41488895542679, 40.160537363700556 ], [ -8.415060146269418, 40.160655651742744 ], [ -8.415215401894136, 40.160786244114909 ], [ -8.415353227089131, 40.160927883207307 ], [ -8.415472294473423, 40.161079205021842 ], [ -8.415571457282146, 40.161238752305763 ], [ -8.415649760413627, 40.161404988583456 ], [ -8.415706449631758, 40.161576312951603 ], [ -8.415740978834835, 40.161751075495062 ], [ -8.415753015320741, 40.161927593175271 ], [ -8.415742442997455, 40.162104166038013 ], [ -8.415709363507766, 40.162279093584587 ], [ -8.415654095257112, 40.162450691148813 ], [ -8.415577170353624, 40.162617306121959 ], [ -8.415479329489591, 40.162777333869414 ], [ -8.41536151481345, 40.162929233185828 ], [ -8.415224860860704, 40.163071541139686 ], [ -8.415070683630969, 40.163202887164381 ], [ -8.414900467916189, 40.163322006259889 ], [ -8.414715853002027, 40.163427751178062 ], [ -8.414518616880047, 40.163519103473703 ], [ -8.414310659122812, 40.163595183315223 ], [ -8.414093982586845, 40.163655257960187 ], [ -8.413870674119817, 40.163698748814042 ], [ -8.413642884457905, 40.163725237003881 ], [ -8.413412807507122, 40.163734467413697 ], [ -8.413182659208383, 40.16372635114211 ], [ -8.412954656190099, 40.163700966358697 ], [ -8.412730994414112, 40.163658557551145 ], [ -8.412513828020936, 40.163599533169865 ], [ -8.412305248578221, 40.163524461693207 ], [ -8.41210726493258, 40.163434066151225 ], [ -8.411921783858954, 40.163329217160488 ], [ -8.41175059169411, 40.163210924537317 ], [ -8.411595337131205, 40.163080327570313 ], [ -8.411457515341242, 40.162938684045827 ], [ -8.41133845357435, 40.162787358132249 ], [ -8.411239298379522, 40.162627807239886 ], [ -8.411161004565832, 40.162461567983009 ], [ -8.411104326011317, 40.162290241379416 ], [ -8.411069808407875, 40.162115477430156 ], [ -8.411057784011859, 40.161938959227818 ], [ -8.411068368450687, 40.161762386746702 ], [ -8.411101459615969, 40.16158746047082 ], [ -8.411156738653583, 40.161415865017531 ], [ -8.411233673040865, 40.161249252914452 ], [ -8.411331521721067, 40.161089228685874 ], [ -8.411449342245378, 40.160937333401925 ], [ -8.411585999853553, 40.160795029839171 ], [ -8.411740178405505, 40.160663688395474 ], [ -8.411910393058475, 40.160544573894789 ], [ -8.412095004567608, 40.160438833408712 ] ] ], [ [ [ -8.394973092456617, 40.234358424493621 ], [ -8.395196976026709, 40.234400866380064 ], [ -8.395414353920959, 40.234459921845101 ], [ -8.395623132808396, 40.234535022193789 ], [ -8.395821302147063, 40.234625444219567 ], [ -8.396006953542313, 40.234730317167134 ], [ -8.396178299122438, 40.23484863111608 ], [ -8.396333688754828, 40.234979246704569 ], [ -8.39647162593692, 40.235120906099361 ], [ -8.396590782208934, 40.235272245107055 ], [ -8.396690009949547, 40.235431806309393 ], [ -8.39676835343125, 40.235598053096822 ], [ -8.396825058028758, 40.235769384464888 ], [ -8.396859577491625, 40.235944150431067 ], [ -8.396871579210879, 40.236120667923792 ], [ -8.396860947428657, 40.236297236990602 ], [ -8.396827784359733, 40.236472157169281 ], [ -8.396772409213872, 40.236643743864505 ], [ -8.396695355128141, 40.236810344572042 ], [ -8.396597364038501, 40.236970354794529 ], [ -8.396479379539825, 40.237122233495207 ], [ -8.396342537802898, 40.237264517940901 ], [ -8.396188156635725, 40.237395837791212 ], [ -8.39601772279434, 40.23751492829804 ], [ -8.395832877665265, 40.237620642488359 ], [ -8.39563540145747, 40.237711962212764 ], [ -8.395502379661236, 40.237760547667357 ], [ -8.395396597508537, 40.237809464497118 ], [ -8.395188391539614, 40.237885509808493 ], [ -8.394971461662582, 40.237945548703934 ], [ -8.394747897165507, 40.237989002933112 ], [ -8.394642921014734, 40.238001179173828 ], [ -8.394621172318507, 40.238036690059914 ], [ -8.394503181555518, 40.238188566737854 ], [ -8.394481578496242, 40.238211027680904 ], [ -8.394441177454807, 40.238276993237285 ], [ -8.394323185874427, 40.238428869728004 ], [ -8.394186336994709, 40.238571151614764 ], [ -8.394031948692454, 40.238702468581799 ], [ -8.393861507792428, 40.238821555908771 ], [ -8.393676655749141, 40.238927266653278 ], [ -8.393479172838173, 40.23901858269911 ], [ -8.393270961009229, 40.239094624563641 ], [ -8.393054025566205, 40.23915465987011 ], [ -8.392830455850794, 40.239198110402732 ], [ -8.392602405115781, 40.239224557676899 ], [ -8.392473387671847, 40.239229704921371 ], [ -8.392443088404116, 40.2392508742047 ], [ -8.392258232978778, 40.239356582686476 ], [ -8.392060746905049, 40.239447896315141 ], [ -8.391852532163105, 40.239523935631347 ], [ -8.391635594084907, 40.239583968282872 ], [ -8.39141202203753, 40.239627416079522 ], [ -8.391183969296232, 40.239653860563024 ], [ -8.390953632301304, 40.239663047038334 ], [ -8.390723229498711, 40.23965488702725 ], [ -8.390697174115546, 40.239651984377552 ], [ -8.390570222140447, 40.239657047094546 ], [ -8.390339819400177, 40.239648886319948 ], [ -8.390111570029575, 40.23962345765672 ], [ -8.389887672363594, 40.239581006015193 ], [ -8.389670282815011, 40.239521940258456 ], [ -8.389461495101013, 40.239446829263528 ], [ -8.389263320074285, 40.239356396441245 ], [ -8.389077666353057, 40.239251512767368 ], [ -8.388906321936838, 40.239133188392465 ], [ -8.388750936984968, 40.239002562911097 ], [ -8.388613007923956, 40.238860894384395 ], [ -8.388493863036672, 40.238709547221681 ], [ -8.38839464967216, 40.238549979038034 ], [ -8.388316323199158, 40.238383726614323 ], [ -8.388259637809623, 40.23821239109521 ], [ -8.388225139260618, 40.23803762256761 ], [ -8.388213159624311, 40.237861104168175 ], [ -8.388223814096378, 40.237684535873051 ], [ -8.388256999893322, 40.23750961812582 ], [ -8.388312397249068, 40.237338035461612 ], [ -8.38838947250097, 40.237171440284676 ], [ -8.388487483235247, 40.237011436956152 ], [ -8.388605485442117, 40.236859566344677 ], [ -8.388742342611446, 40.23671729098902 ], [ -8.388896736681209, 40.236585981015189 ], [ -8.389067180733177, 40.236466900943888 ], [ -8.389252033313468, 40.23636119751496 ], [ -8.389449514240058, 40.236269888646241 ], [ -8.389657721745001, 40.236193853632948 ], [ -8.38987465078638, 40.236133824681751 ], [ -8.39009821235371, 40.236090379861338 ], [ -8.390326253581078, 40.236063937536869 ], [ -8.390556578474497, 40.236054752342199 ], [ -8.3907176489178, 40.236060457472028 ], [ -8.390724127418746, 40.236053722088585 ], [ -8.390878516146078, 40.235922409472622 ], [ -8.39104895505341, 40.235803326485161 ], [ -8.391233802736389, 40.235697619894154 ], [ -8.391431279060145, 40.23560630764787 ], [ -8.391639482301045, 40.235530269074026 ], [ -8.391856407458219, 40.235470236413626 ], [ -8.392079965558578, 40.235426787771054 ], [ -8.392184938207837, 40.235414613860591 ], [ -8.392206687347624, 40.235379103414829 ], [ -8.392324678411235, 40.235227229003407 ], [ -8.392461524505137, 40.235084949244403 ], [ -8.392615907673942, 40.234953634306287 ], [ -8.392786341104385, 40.234834548757547 ], [ -8.392971183444844, 40.23472883939079 ], [ -8.393168654611884, 40.234637524181032 ], [ -8.393301671991434, 40.234588941396424 ], [ -8.393407450663009, 40.234540026465154 ], [ -8.393615648415231, 40.234463984339598 ], [ -8.393832568410057, 40.234403947980525 ], [ -8.394056121724089, 40.234360495527902 ], [ -8.394284155570881, 40.234334045420397 ], [ -8.394514474027497, 40.234324852366818 ], [ -8.394744859176026, 40.234333004893791 ], [ -8.394973092456617, 40.234358424493621 ] ] ], [ [ [ -8.397970182020471, 40.254901802861333 ], [ -8.398167704903047, 40.254810479274788 ], [ -8.398375959268311, 40.254734428670794 ], [ -8.398592939623107, 40.254674383406147 ], [ -8.398816556462867, 40.254630921706529 ], [ -8.399044656389487, 40.254604462099671 ], [ -8.399275042843815, 40.254595259385788 ], [ -8.399505497253251, 40.254603402184543 ], [ -8.399733800391113, 40.254628812081904 ], [ -8.399957753742248, 40.254671244385086 ], [ -8.400175200669462, 40.254730290478314 ], [ -8.400384047177116, 40.254805381756995 ], [ -8.400582282072174, 40.254895795101881 ], [ -8.400767996328755, 40.255000659841322 ], [ -8.400939401469845, 40.255118966134006 ], [ -8.401094846789288, 40.255249574691881 ], [ -8.401232835248233, 40.255391227749463 ], [ -8.401352037893057, 40.255542561174416 ], [ -8.401451306655792, 40.255702117602311 ], [ -8.401529685413776, 40.255868360469634 ], [ -8.40158641920187, 40.256039688809707 ], [ -8.401620961488375, 40.256214452669205 ], [ -8.401632979444347, 40.256390968996904 ], [ -8.401622357155382, 40.256567537851566 ], [ -8.401589196744652, 40.256742458773033 ], [ -8.401533817396139, 40.256914047158837 ], [ -8.40145675228721, 40.25708065048844 ], [ -8.401358743459831, 40.257240664239227 ], [ -8.401240734679554, 40.257392547340444 ], [ -8.401103862350901, 40.257534837016479 ], [ -8.400949444576405, 40.257666162876525 ], [ -8.400778968464598, 40.257785260114566 ], [ -8.400594075809071, 40.257890981692718 ], [ -8.40039654727652, 40.257982309390336 ], [ -8.400188285256052, 40.258058363612584 ], [ -8.399971295535003, 40.258118411863606 ], [ -8.399747667977886, 40.258161875802912 ], [ -8.399570598742795, 40.25818241592949 ], [ -8.399567109860921, 40.258240379196636 ], [ -8.399533943361469, 40.258415299498211 ], [ -8.399478557475195, 40.25858688687191 ], [ -8.399401485442423, 40.258753488806974 ], [ -8.399303469371793, 40.258913500794158 ], [ -8.399185453098617, 40.259065381779685 ], [ -8.399048573099583, 40.259207669008347 ], [ -8.398894147551101, 40.25933899211288 ], [ -8.398723663636584, 40.259458086313806 ], [ -8.398538763224785, 40.259563804602465 ], [ -8.398341227057113, 40.259655128789916 ], [ -8.398132957596221, 40.259731179315118 ], [ -8.397915960701125, 40.259791223717812 ], [ -8.397692326305446, 40.259834683694592 ], [ -8.397464208285026, 40.259861140669877 ], [ -8.397233803708986, 40.259870339828247 ], [ -8.397003331674311, 40.259862192569301 ], [ -8.396775011927986, 40.259836777361194 ], [ -8.396712809521507, 40.259824991066026 ], [ -8.396600521981963, 40.259865991389411 ], [ -8.396383523286497, 40.259926032922863 ], [ -8.396159887450812, 40.259969489941724 ], [ -8.395931768364623, 40.259995943898907 ], [ -8.395701363107319, 40.260005140008076 ], [ -8.395470890782448, 40.259996989698202 ], [ -8.395242571139795, 40.259971571466806 ], [ -8.395018603191248, 40.259929130123773 ], [ -8.394801144026625, 40.25987007443301 ], [ -8.394592288033705, 40.259794973174635 ], [ -8.394394046722882, 40.259704549665699 ], [ -8.394208329350857, 40.259599674792334 ], [ -8.394036924530216, 40.25948135862037 ], [ -8.393881483002078, 40.25935074066544 ], [ -8.393743501737832, 40.259209078916228 ], [ -8.393624309523076, 40.259057737716844 ], [ -8.393525054162591, 40.258898174624974 ], [ -8.393446691429476, 40.258731926372505 ], [ -8.393389975864773, 40.258560594063994 ], [ -8.393355453516012, 40.258385827755419 ], [ -8.3933434566844, 40.258209310562172 ], [ -8.393354100731043, 40.258032742448741 ], [ -8.393387282972665, 40.257857823857023 ], [ -8.39344268367725, 40.257686239330226 ], [ -8.393519769149718, 40.257519641290585 ], [ -8.393617796877708, 40.257359634126765 ], [ -8.39373582268763, 40.257207758744329 ], [ -8.393872709841927, 40.257065477727942 ], [ -8.394027139989717, 40.256934161258116 ], [ -8.394197625865264, 40.256815073918041 ], [ -8.394382525611883, 40.256709362517512 ], [ -8.394580058593334, 40.256618045051113 ], [ -8.394788322540403, 40.256542000896772 ], [ -8.395005311867692, 40.25648196234917 ], [ -8.395228936984244, 40.256438507569371 ], [ -8.395457044412275, 40.256412055018401 ], [ -8.395687437520408, 40.256402859428569 ], [ -8.395917897671987, 40.256411009350913 ], [ -8.396146205585039, 40.256436426302841 ], [ -8.396208404788695, 40.256448212919665 ], [ -8.396320686928417, 40.256407212969727 ], [ -8.39653767445586, 40.256347171553166 ], [ -8.396761298132821, 40.256303713815761 ], [ -8.396938363346704, 40.256283177993943 ], [ -8.396941854380703, 40.256225214779569 ], [ -8.396975026520449, 40.256050295136617 ], [ -8.397030416703913, 40.255878708872125 ], [ -8.397107491337346, 40.255712108425101 ], [ -8.397205508012766, 40.255552098207396 ], [ -8.397323522663017, 40.255400219153977 ], [ -8.397460398658003, 40.255257933884906 ], [ -8.397614817754294, 40.25512661262163 ], [ -8.397785292792562, 40.255007519993541 ], [ -8.397970182020471, 40.254901802861333 ] ] ], [ [ [ -8.386598876367001, 40.163702337413511 ], [ -8.386806865650223, 40.16362630724683 ], [ -8.387023566418886, 40.163566283589851 ], [ -8.387246891860419, 40.163522844460374 ], [ -8.387474691382385, 40.163496408168882 ], [ -8.387704771317948, 40.163487229291114 ], [ -8.387934916045666, 40.163495396217286 ], [ -8.388162909320453, 40.163520830301039 ], [ -8.388386555610523, 40.163563286616586 ], [ -8.388603701235098, 40.163622356316907 ], [ -8.388812255099579, 40.163697470569886 ], [ -8.389010208828669, 40.163787906034926 ], [ -8.389195656103821, 40.16389279182718 ], [ -8.389366811018885, 40.164011117902383 ], [ -8.389522025277349, 40.164141744781716 ], [ -8.389659804065609, 40.164283414523098 ], [ -8.389778820449433, 40.164434762833274 ], [ -8.389877928154943, 40.164594332204231 ], [ -8.389956172610997, 40.164760585947647 ], [ -8.390012800146422, 40.164931922991904 ], [ -8.39004726525345, 40.165106693299734 ], [ -8.390059235847163, 40.165283213757689 ], [ -8.390048596470066, 40.165459784384701 ], [ -8.390015449410702, 40.165634704703528 ], [ -8.389960113725266, 40.165806290117494 ], [ -8.389883122171369, 40.165972888134789 ], [ -8.38978521608327, 40.166132894284054 ], [ -8.389667338237665, 40.166284767567845 ], [ -8.389530623778549, 40.166427045305305 ], [ -8.389376389288403, 40.166558357220772 ], [ -8.389206120110787, 40.166677438642743 ], [ -8.389021456046416, 40.166783142685851 ], [ -8.388824175560377, 40.166874451298575 ], [ -8.388616178652642, 40.16695048507006 ], [ -8.388399468556932, 40.167010511701598 ], [ -8.388176132444249, 40.167053953061107 ], [ -8.38794832131712, 40.167080390752389 ], [ -8.387718229288359, 40.16708957014589 ], [ -8.387488072444143, 40.167081402831599 ], [ -8.387260067495188, 40.167055967470795 ], [ -8.387036410421912, 40.16701350903832 ], [ -8.386819255319484, 40.166954436462582 ], [ -8.386610693646736, 40.166879318686156 ], [ -8.386412734079027, 40.166788879185056 ], [ -8.386227283159281, 40.166683988999246 ], [ -8.386056126933708, 40.166565658341831 ], [ -8.385900913749182, 40.166435026867696 ], [ -8.385763138378037, 40.166293352695526 ], [ -8.385644127623189, 40.166142000288843 ], [ -8.385545027542189, 40.165982427313068 ], [ -8.385466792413183, 40.165816170595093 ], [ -8.385410175548907, 40.165644831320805 ], [ -8.385375722047042, 40.165470059613192 ], [ -8.385363763546529, 40.165293538639489 ], [ -8.385374415040124, 40.165116968400589 ], [ -8.385407573773655, 40.164942049358814 ], [ -8.385462920242297, 40.164770466061768 ], [ -8.385539921274047, 40.164603870919898 ], [ -8.385637835170415, 40.164443868294093 ], [ -8.385755718854639, 40.164291999046362 ], [ -8.385892436958347, 40.164149725702465 ], [ -8.386046672759003, 40.164018418369217 ], [ -8.386216940862679, 40.163899341542042 ], [ -8.386401601509935, 40.163793641929708 ], [ -8.386598876367001, 40.163702337413511 ] ] ], [ [ [ -8.389641740518531, 40.189651132110185 ], [ -8.389865473603425, 40.189693585106554 ], [ -8.390082703924039, 40.189752651501827 ], [ -8.390291339570277, 40.189827762495803 ], [ -8.390489371379401, 40.189918194779274 ], [ -8.390674892281027, 40.190023077498111 ], [ -8.390846115660018, 40.190141400637707 ], [ -8.391001392560554, 40.190272024747571 ], [ -8.391139227565741, 40.190413691912333 ], [ -8.391258293199892, 40.190565037863649 ], [ -8.391357442714728, 40.190724605116252 ], [ -8.391435721136318, 40.190890857002273 ], [ -8.391492374466214, 40.191062192468046 ], [ -8.39152685694804, 40.191236961491533 ], [ -8.391538836329332, 40.191413480971661 ], [ -8.391528197067737, 40.19159005093681 ], [ -8.391495041450462, 40.191764970916104 ], [ -8.391439688615888, 40.191936556316129 ], [ -8.391362671486583, 40.192103154645167 ], [ -8.391264731642922, 40.192263161428826 ], [ -8.39114681218653, 40.192415035663537 ], [ -8.391010048662022, 40.192557314659211 ], [ -8.390855758124324, 40.19268862812801 ], [ -8.390685426456736, 40.192807711383431 ], [ -8.390500694061789, 40.192913417522355 ], [ -8.390303340062689, 40.193004728473042 ], [ -8.390095265167478, 40.193080764802055 ], [ -8.389878473361073, 40.193140794186014 ], [ -8.389655052601565, 40.193184238466252 ], [ -8.389427154706874, 40.193210679218474 ], [ -8.389258630049575, 40.193217402211218 ], [ -8.389155017663965, 40.193265339512692 ], [ -8.38894694068042, 40.19334137378079 ], [ -8.388730147021525, 40.193401401017354 ], [ -8.388506724663214, 40.1934448430844 ], [ -8.388278825438816, 40.193471281578915 ], [ -8.388048644309785, 40.193480461863565 ], [ -8.387818398220613, 40.193472295519769 ], [ -8.387590304741726, 40.193446861199469 ], [ -8.387366560706354, 40.193404403867483 ], [ -8.387149321047369, 40.193345332441638 ], [ -8.386940678038103, 40.193270215853509 ], [ -8.386885614839688, 40.19324506998575 ], [ -8.386837802266905, 40.193393245564828 ], [ -8.386785229799708, 40.193506945777152 ], [ -8.386781905949316, 40.193517246628609 ], [ -8.386704875638467, 40.193683841854089 ], [ -8.386606922573112, 40.193843844694271 ], [ -8.386488989982226, 40.193995714183536 ], [ -8.386352213536934, 40.194137987677507 ], [ -8.386197910416627, 40.194269294941314 ], [ -8.386027566625806, 40.194388371348175 ], [ -8.385842822683795, 40.194494070060976 ], [ -8.385645457825031, 40.194585373079477 ], [ -8.38543737286218, 40.194661401046602 ], [ -8.385220571877147, 40.194721421719557 ], [ -8.384997142916449, 40.194764857023557 ], [ -8.384769237877016, 40.194791288620749 ], [ -8.384539051776324, 40.194800461940225 ], [ -8.384308801606759, 40.194792288630488 ], [ -8.384080704978052, 40.194766847410584 ], [ -8.383856958753775, 40.194724383311794 ], [ -8.383639717887872, 40.194665305317137 ], [ -8.383560099467369, 40.194636638424235 ], [ -8.383571454745441, 40.194804242257057 ], [ -8.383560794332704, 40.194980811451117 ], [ -8.383527616627269, 40.195155729113495 ], [ -8.383472240980238, 40.195327310673036 ], [ -8.38339520053386, 40.195493903675001 ], [ -8.383297237093087, 40.195653903696254 ], [ -8.383179293986815, 40.195805769798319 ], [ -8.383042506987454, 40.195948039369434 ], [ -8.382888193376047, 40.196079342212506 ], [ -8.382875608054983, 40.196088138931692 ], [ -8.382808108725335, 40.196158343007539 ], [ -8.38265379418559, 40.196289645536197 ], [ -8.382483439131555, 40.19640871672059 ], [ -8.382298684191046, 40.196514409773869 ], [ -8.382101308704453, 40.196605706750312 ], [ -8.381893213586821, 40.196681728351045 ], [ -8.381676403017885, 40.196741742394572 ], [ -8.381452965136486, 40.196785170869965 ], [ -8.381225051925489, 40.196811595505153 ], [ -8.381155269350275, 40.196814374292316 ], [ -8.381120994371404, 40.19685850440441 ], [ -8.380984200953874, 40.197000771536878 ], [ -8.380829880982345, 40.197132071631458 ], [ -8.380659520623643, 40.197251140130426 ], [ -8.380474760556686, 40.19735683027281 ], [ -8.380277380171242, 40.197448124140891 ], [ -8.380226419185886, 40.197466740114052 ], [ -8.380203982364359, 40.197584994947334 ], [ -8.380148596387187, 40.19775657487601 ], [ -8.38007154507692, 40.197923165628765 ], [ -8.379973570343124, 40.198083162804139 ], [ -8.379855615623457, 40.198235025491037 ], [ -8.379718816802187, 40.198377291110567 ], [ -8.379564491274218, 40.19850858950371 ], [ -8.379394125259896, 40.198627656129077 ], [ -8.379209359492618, 40.198733344243742 ], [ -8.379011973417063, 40.198824635949528 ], [ -8.37880386805028, 40.198900651998343 ], [ -8.378626631548755, 40.198949704873542 ], [ -8.378568684811706, 40.198999003742024 ], [ -8.378398315825004, 40.199118068900631 ], [ -8.378213547176191, 40.199223755425521 ], [ -8.378016158337708, 40.199315045433821 ], [ -8.377808050353222, 40.199391059693788 ], [ -8.377591227526416, 40.199451066094603 ], [ -8.377367778114216, 40.199494486698974 ], [ -8.377139854210577, 40.199520903310621 ], [ -8.376909651014701, 40.199530061502955 ], [ -8.376679385683659, 40.199521873070232 ], [ -8.376451275973224, 40.199496416877146 ], [ -8.376227518872986, 40.199453938099204 ], [ -8.376010269441641, 40.199394845860823 ], [ -8.375801620046637, 40.199319709294031 ], [ -8.375603580208272, 40.199229252055893 ], [ -8.375418057242596, 40.199124345357276 ], [ -8.375246837889671, 40.199005999570389 ], [ -8.375091571104283, 40.198875354495904 ], [ -8.374953752174871, 40.198733668383547 ], [ -8.374834708323695, 40.198582305811932 ], [ -8.374735585926841, 40.198422724544386 ], [ -8.374657339477134, 40.198256461487667 ], [ -8.374600722396071, 40.198085117888787 ], [ -8.374566279783135, 40.197910343912362 ], [ -8.374554343172107, 40.197733822747445 ], [ -8.374565027344648, 40.197557254396735 ], [ -8.374598229231589, 40.197382339304362 ], [ -8.374653628912267, 40.197210761979797 ], [ -8.374730692701993, 40.197044174775932 ], [ -8.37482867829771, 40.19688418197709 ], [ -8.374946641932029, 40.196732324350585 ], [ -8.37508344746654, 40.196590064310172 ], [ -8.375237777336686, 40.196458771834457 ], [ -8.375408145242639, 40.196339711275684 ], [ -8.375592910463908, 40.196234029185902 ], [ -8.375790293659772, 40.196142743277555 ], [ -8.375998394003403, 40.196066732624807 ], [ -8.376175624923418, 40.196017683765582 ], [ -8.376233570872632, 40.195968386071897 ], [ -8.376403935806694, 40.195849324046314 ], [ -8.376588698146961, 40.19574364036675 ], [ -8.376786078580448, 40.195652352760959 ], [ -8.376837039158515, 40.195633738297659 ], [ -8.376859481206161, 40.195515484061538 ], [ -8.376914873686541, 40.195343905620739 ], [ -8.376991929844881, 40.195177316880354 ], [ -8.377089907451619, 40.195017322139549 ], [ -8.377207862816304, 40.19486546218431 ], [ -8.377344659880164, 40.194723199450841 ], [ -8.377498981160201, 40.194591903943682 ], [ -8.377669340439311, 40.194472840044291 ], [ -8.377854097080064, 40.194367154336902 ], [ -8.37805147182435, 40.194275864568759 ], [ -8.37825956392672, 40.194199849851231 ], [ -8.378476369456472, 40.194139842195682 ], [ -8.378699800592369, 40.194096419465751 ], [ -8.37892770572434, 40.194069999813969 ], [ -8.378997485584811, 40.19406722237639 ], [ -8.379031760547313, 40.19402309287176 ], [ -8.379168552105257, 40.193880827978752 ], [ -8.379322867954308, 40.193749530037337 ], [ -8.379335453305625, 40.193740733700743 ], [ -8.379402953842384, 40.193670531616753 ], [ -8.37955726876319, 40.19353923336088 ], [ -8.379727621802502, 40.193420166429526 ], [ -8.379912372382975, 40.193314477436097 ], [ -8.380109741304846, 40.193223184159521 ], [ -8.380317827878718, 40.193147165744932 ], [ -8.380534628227121, 40.193087154239272 ], [ -8.380758054578697, 40.193043727543298 ], [ -8.380985955369438, 40.193017303847725 ], [ -8.381216135957494, 40.193008137607009 ], [ -8.381446379752351, 40.193016317089679 ], [ -8.381674469555103, 40.193041763528456 ], [ -8.38189820890458, 40.193084231878622 ], [ -8.382115443224009, 40.19314331317733 ], [ -8.382195059291712, 40.193171981078329 ], [ -8.382183707694331, 40.193004377052056 ], [ -8.382194371396139, 40.192827807914512 ], [ -8.382227551425352, 40.192652890556801 ], [ -8.382282928071829, 40.192481309510292 ], [ -8.382335507285365, 40.192367611301947 ], [ -8.38233883175392, 40.192357310574252 ], [ -8.382415871279097, 40.192190718187732 ], [ -8.382513831853863, 40.192030718825194 ], [ -8.382631769951786, 40.191878853317185 ], [ -8.382768549680357, 40.191736584153368 ], [ -8.38292285372351, 40.191605281400236 ], [ -8.383093196030098, 40.191486209509037 ], [ -8.38327793612611, 40.19138051514097 ], [ -8.383475294912728, 40.191289216126691 ], [ -8.383683371798144, 40.19121319166662 ], [ -8.383900162998151, 40.191153173865914 ], [ -8.384123580829479, 40.191109740685931 ], [ -8.384351473810144, 40.191083310379824 ], [ -8.384581647373489, 40.191074137465733 ], [ -8.384811884996632, 40.191082310276407 ], [ -8.38503996954009, 40.191107750108813 ], [ -8.385263704593333, 40.191150211981878 ], [ -8.385480935620958, 40.191209286995068 ], [ -8.385689570706052, 40.191284406265169 ], [ -8.385744631876269, 40.191309552716568 ], [ -8.385792445390951, 40.191161377532715 ], [ -8.385869475115989, 40.190994782843504 ], [ -8.385967425853787, 40.190834780555655 ], [ -8.386085354172636, 40.190682911527858 ], [ -8.386222124274193, 40.190540638283714 ], [ -8.386376418935079, 40.190409330929029 ], [ -8.386546752194489, 40.19029025395934 ], [ -8.386731483665512, 40.190184554084773 ], [ -8.386928834332375, 40.190093249189026 ], [ -8.387136903681434, 40.190017218529142 ], [ -8.38735368800104, 40.189957194269979 ], [ -8.387577099674163, 40.189913754435096 ], [ -8.387804987278104, 40.189887317341729 ], [ -8.387973503849558, 40.189880596486276 ], [ -8.388077111934479, 40.189832660227559 ], [ -8.388285179195718, 40.189756627506902 ], [ -8.3885019616633, 40.189696601100543 ], [ -8.388725371738017, 40.189653159052689 ], [ -8.388953258012561, 40.189626719701884 ], [ -8.389183425984841, 40.189617537653362 ], [ -8.389413659185797, 40.189625701327813 ], [ -8.389641740518531, 40.189651132110185 ] ] ], [ [ [ -8.36949530408968, 40.198326683038815 ], [ -8.369703418182311, 40.198250683691256 ], [ -8.369920244216834, 40.198190692042644 ], [ -8.370143694174608, 40.198147285802541 ], [ -8.370371616264354, 40.198120882964638 ], [ -8.370601815639164, 40.198111737782604 ], [ -8.37083207552765, 40.198119938322186 ], [ -8.371060178575954, 40.198145405613324 ], [ -8.371283928195369, 40.198187894410587 ], [ -8.37150116971022, 40.198246995554179 ], [ -8.371709811102587, 40.19832213990928 ], [ -8.371907843154343, 40.198412603845505 ], [ -8.372093358792696, 40.198517516203914 ], [ -8.372264571453099, 40.198635866684484 ], [ -8.372419832282842, 40.19876651557346 ], [ -8.372557646019667, 40.198908204716851 ], [ -8.372676685392573, 40.199059569634613 ], [ -8.372775803906052, 40.19921915265887 ], [ -8.37285404688458, 40.19938541696979 ], [ -8.372910660670914, 40.199556761394007 ], [ -8.372945099889375, 40.19973153582319 ], [ -8.37295089767739, 40.199817302209418 ], [ -8.372957603966462, 40.199851335562748 ], [ -8.372969536836091, 40.200027856838574 ], [ -8.372958848168157, 40.200204424979688 ], [ -8.372925640725606, 40.200379339532716 ], [ -8.372870234145898, 40.200550915956427 ], [ -8.372793161869176, 40.200717501845482 ], [ -8.372695166006938, 40.20087749284523 ], [ -8.372670522067631, 40.200909213921584 ], [ -8.372643767676285, 40.200952893750511 ], [ -8.372525791624904, 40.201104748955672 ], [ -8.372388971702817, 40.201247005904307 ], [ -8.37223462550819, 40.201378294520879 ], [ -8.372064239460443, 40.201497350358167 ], [ -8.371879454485953, 40.201603026777121 ], [ -8.371781481941669, 40.201648329096216 ], [ -8.371835933270996, 40.201764036691287 ], [ -8.371892546504842, 40.201935381544565 ], [ -8.371926984344196, 40.202110156208732 ], [ -8.371938914966396, 40.202286677528392 ], [ -8.371928223298561, 40.202463245514075 ], [ -8.37189501213251, 40.202638159713928 ], [ -8.371839601141541, 40.202809735590115 ], [ -8.37176252380827, 40.202976320742579 ], [ -8.371664522292882, 40.203136310823737 ], [ -8.371639320556858, 40.203168747945405 ], [ -8.371688343196253, 40.203247673105132 ], [ -8.371766588201679, 40.203413938029364 ], [ -8.371823202654019, 40.20358528286414 ], [ -8.371857641171147, 40.203760057497107 ], [ -8.37186957192386, 40.20393657877316 ], [ -8.371858879838005, 40.204113146703271 ], [ -8.371841584377016, 40.204204234640947 ], [ -8.371972994420014, 40.204218903859037 ], [ -8.372196764585999, 40.2042613907877 ], [ -8.372414026297079, 40.204320490097508 ], [ -8.372622687340886, 40.204395632671279 ], [ -8.372820738310072, 40.204486094895806 ], [ -8.37300627194969, 40.204591005628629 ], [ -8.373177501521853, 40.204709354585404 ], [ -8.373332778010996, 40.204840002067066 ], [ -8.373470606004053, 40.204981689933184 ], [ -8.373589658092719, 40.205133053716054 ], [ -8.373688787659001, 40.205292635758703 ], [ -8.373767039920912, 40.205458899250807 ], [ -8.373823661131759, 40.205630243026889 ], [ -8.373858105844322, 40.205805016984826 ], [ -8.373859429067354, 40.205824585587052 ], [ -8.373991626239896, 40.205960481268917 ], [ -8.374110681207899, 40.206111844481882 ], [ -8.374209813430955, 40.206271426043578 ], [ -8.374288068101485, 40.206437689148267 ], [ -8.374344691449597, 40.206609032634233 ], [ -8.37437913800748, 40.206783806402157 ], [ -8.374391075868475, 40.206960327305225 ], [ -8.374380389889941, 40.207136895358055 ], [ -8.374347182808872, 40.207311810108138 ], [ -8.374291774259175, 40.207483387012324 ], [ -8.374214697699916, 40.207649973660679 ], [ -8.37411669528378, 40.207809965691204 ], [ -8.3740393778138, 40.207909480187908 ], [ -8.374053037003275, 40.207926845617955 ], [ -8.374152171756664, 40.20808642717153 ], [ -8.374230428395872, 40.20825269025724 ], [ -8.37428705313204, 40.208424033713555 ], [ -8.374321500483974, 40.208598807441454 ], [ -8.374333438537349, 40.208775328294493 ], [ -8.374322752147663, 40.208951896287793 ], [ -8.374289544055845, 40.209126810969401 ], [ -8.374234133905524, 40.209298387796842 ], [ -8.374157055171169, 40.209464974360877 ], [ -8.3740590500264, 40.209624966300353 ], [ -8.373941062201718, 40.209776822754584 ], [ -8.373804227900189, 40.209919081204646 ], [ -8.373649864858429, 40.210050371560527 ], [ -8.373479459658085, 40.210169429358245 ], [ -8.373294653409987, 40.210275107939836 ], [ -8.373097225948731, 40.210366389498923 ], [ -8.372889078690024, 40.210442394885114 ], [ -8.372672216315859, 40.210502392073032 ], [ -8.372448727464132, 40.210545803214103 ], [ -8.372220764608711, 40.210572210203196 ], [ -8.371990523324037, 40.21058135870642 ], [ -8.371760221134087, 40.210573160611332 ], [ -8.371532076149713, 40.210547694875707 ], [ -8.371308285700284, 40.210505206766989 ], [ -8.371091005165741, 40.210446105499464 ], [ -8.370882327213129, 40.210370960292167 ], [ -8.370684261637809, 40.210280494885374 ], [ -8.370498716003704, 40.210175580568688 ], [ -8.370327477269189, 40.210057227787672 ], [ -8.37017219457568, 40.209926576410439 ], [ -8.370034363364777, 40.209784884747421 ], [ -8.369915310976957, 40.20963351743066 ], [ -8.369816183870448, 40.20947393226924 ], [ -8.369737936583341, 40.209307666207465 ], [ -8.369681322545107, 40.209136320521196 ], [ -8.369646886825819, 40.208961545395198 ], [ -8.369634960892769, 40.208785024029609 ], [ -8.36964565942468, 40.208608456429026 ], [ -8.369678879214005, 40.208433543030324 ], [ -8.369734300167583, 40.208261968326639 ], [ -8.369811388395785, 40.208095384645596 ], [ -8.36990940136015, 40.207935396237602 ], [ -8.369986724912724, 40.207835884482364 ], [ -8.369973066776977, 40.207818518569169 ], [ -8.369873942200082, 40.207658933399841 ], [ -8.369795696880789, 40.207492667319251 ], [ -8.369739084229625, 40.207321321603473 ], [ -8.369704649303323, 40.207146546437535 ], [ -8.369703327247237, 40.207126977788924 ], [ -8.369571136336861, 40.206991077219101 ], [ -8.369452089895384, 40.206839709335725 ], [ -8.369352967975077, 40.206680123685643 ], [ -8.369274725064102, 40.20651385721785 ], [ -8.369218114549794, 40.206342511212164 ], [ -8.369183681468314, 40.206167735856354 ], [ -8.369171757261574, 40.205991214352807 ], [ -8.369182456591693, 40.205814646707438 ], [ -8.369199756012506, 40.205723559181074 ], [ -8.369068343644875, 40.205708886825242 ], [ -8.368844570638503, 40.205666393867844 ], [ -8.368627307692023, 40.205607287875964 ], [ -8.368418647303052, 40.205532138114116 ], [ -8.368220599097764, 40.205441668366475 ], [ -8.368035070472766, 40.205336749964388 ], [ -8.367863848222594, 40.205218393392812 ], [ -8.367708581329893, 40.205087738556294 ], [ -8.367570765084077, 40.204946043798607 ], [ -8.3674517266815, 40.204794673781585 ], [ -8.367352612445709, 40.204635086340296 ], [ -8.367290690724291, 40.204503489194273 ], [ -8.367104517647512, 40.204496853782111 ], [ -8.366876394743175, 40.204471378780894 ], [ -8.366652627157819, 40.204428881561718 ], [ -8.366435370051132, 40.204369771426599 ], [ -8.366226715864469, 40.204294617680013 ], [ -8.366028674164257, 40.204204144144448 ], [ -8.365843152284436, 40.204099222187757 ], [ -8.365671936954568, 40.203980862329132 ], [ -8.365516677090627, 40.203850204504775 ], [ -8.365378867914336, 40.203708507087221 ], [ -8.365259836553944, 40.203557134763919 ], [ -8.365160729265172, 40.203397545392143 ], [ -8.365082500395269, 40.203231275956703 ], [ -8.365025903196353, 40.203059927765963 ], [ -8.364991482576359, 40.202885151028774 ], [ -8.364979569857207, 40.202708628960757 ], [ -8.364990279590412, 40.202532061573258 ], [ -8.365023508460608, 40.202357149301086 ], [ -8.365078936287242, 40.202185576626533 ], [ -8.365156029114555, 40.202018995857649 ], [ -8.365254044359853, 40.201859011216797 ], [ -8.365372037970223, 40.201707163392648 ], [ -8.365508873518607, 40.201564914704541 ], [ -8.365663233151446, 40.201433635021729 ], [ -8.365833630282337, 40.201314588573254 ], [ -8.365862131567255, 40.201298291301285 ], [ -8.365883554792608, 40.201263322381642 ], [ -8.366001545969166, 40.201111473907062 ], [ -8.366138379006735, 40.200969224467286 ], [ -8.366292736075934, 40.200837943938794 ], [ -8.366463130615053, 40.200718896558776 ], [ -8.366647921647168, 40.200613228752353 ], [ -8.366845329583056, 40.200521958094392 ], [ -8.367053453357702, 40.200445963512209 ], [ -8.367270288735476, 40.200385976823256 ], [ -8.36749374760778, 40.200342575689284 ], [ -8.36772167809751, 40.200316178054905 ], [ -8.36795188527689, 40.200307038123633 ], [ -8.368182152299383, 40.200315243910623 ], [ -8.368238507808522, 40.200321537051224 ], [ -8.368232180622204, 40.200289416255849 ], [ -8.36822025998679, 40.200112894464624 ], [ -8.368230960935847, 40.19993632672309 ], [ -8.368264180238624, 40.199761413469425 ], [ -8.368269667767532, 40.199744423972746 ], [ -8.368269867549452, 40.199741127484103 ], [ -8.368303086659369, 40.199566214213917 ], [ -8.368358503972775, 40.199394639916214 ], [ -8.368435585635178, 40.199228056914691 ], [ -8.368533589171408, 40.199068069453205 ], [ -8.368651570641317, 40.198916218247611 ], [ -8.368788393734757, 40.198773965649828 ], [ -8.368942740718104, 40.198642681566795 ], [ -8.369113125126761, 40.198523630269904 ], [ -8.369297906081352, 40.198417958222002 ], [ -8.36949530408968, 40.198326683038815 ] ] ], [ [ [ -8.362348749271481, 40.204052980905658 ], [ -8.362546172962677, 40.203961717589472 ], [ -8.362754312074815, 40.203885730739039 ], [ -8.362971162224595, 40.203825752097373 ], [ -8.363194635161202, 40.203782359248727 ], [ -8.363422578872125, 40.203755970057891 ], [ -8.363652798302294, 40.203746838647135 ], [ -8.36388307648723, 40.203755052949532 ], [ -8.364111195896914, 40.203780533862584 ], [ -8.364295888005017, 40.203815614674994 ], [ -8.364316565256791, 40.20381635216053 ], [ -8.364544685030273, 40.203841832218046 ], [ -8.364768449386901, 40.203884333525394 ], [ -8.364985703509094, 40.203943446802377 ], [ -8.365194355257533, 40.204018602797333 ], [ -8.365392395314354, 40.204109077767804 ], [ -8.365577916529652, 40.204214000448601 ], [ -8.365749132285149, 40.204332360440318 ], [ -8.365904393698287, 40.20446301793762 ], [ -8.366042205501142, 40.204604714703621 ], [ -8.366161240441283, 40.204756086184886 ], [ -8.366260352065824, 40.204915674650309 ], [ -8.366338585765529, 40.205081943227661 ], [ -8.366395187972444, 40.205253290702515 ], [ -8.366429613422342, 40.205428066937053 ], [ -8.366441530411837, 40.20560458876075 ], [ -8.366430823999305, 40.205781156179278 ], [ -8.366397597118544, 40.205956068746218 ], [ -8.366342169594169, 40.206127641939446 ], [ -8.366265075068016, 40.206294223384695 ], [ -8.36616705586585, 40.206454208770083 ], [ -8.366049055853606, 40.206606057298046 ], [ -8.365912211351787, 40.206748306525945 ], [ -8.365774494189518, 40.206865423639535 ], [ -8.365838660020531, 40.206919419267464 ], [ -8.365976476685997, 40.207061116037771 ], [ -8.3660955158033, 40.207212487510503 ], [ -8.366194630879317, 40.207372075954645 ], [ -8.366272867271556, 40.207538344498154 ], [ -8.366329471386118, 40.207709691926922 ], [ -8.366363897940385, 40.20788446810365 ], [ -8.366375815220314, 40.208060989858289 ], [ -8.366365108281462, 40.208237557197215 ], [ -8.366350990656285, 40.208311872118408 ], [ -8.366407224406929, 40.208309640422627 ], [ -8.36663751834106, 40.208317849194565 ], [ -8.366865654059865, 40.208343324613203 ], [ -8.36708943466008, 40.208385821354874 ], [ -8.367306705167733, 40.208444930183276 ], [ -8.367515373285743, 40.20852008188961 ], [ -8.367713429538634, 40.208610552772733 ], [ -8.36789896662056, 40.20871547160683 ], [ -8.368070197760463, 40.208833828029526 ], [ -8.368225473927644, 40.208964482269899 ], [ -8.368363299712104, 40.209106176122397 ], [ -8.368482347726763, 40.209257545061696 ], [ -8.368581471392819, 40.209417131381144 ], [ -8.368659715985054, 40.209583398229256 ], [ -8.368716327830588, 40.209754744408187 ], [ -8.368750761572349, 40.209929519792695 ], [ -8.368762685427061, 40.210106041220385 ], [ -8.368751984386947, 40.210282608700815 ], [ -8.368718761334021, 40.210457521786914 ], [ -8.368712420539708, 40.21047715035759 ], [ -8.368716000077866, 40.210530142126693 ], [ -8.368705298855236, 40.210706709590355 ], [ -8.36867207548045, 40.210881622651165 ], [ -8.36861664974432, 40.211053196782224 ], [ -8.368539555271411, 40.211219779600249 ], [ -8.368441534386932, 40.211379766780126 ], [ -8.368323530972981, 40.211531617507006 ], [ -8.368186681382788, 40.211673869317096 ], [ -8.368032303500232, 40.211805152184361 ], [ -8.36786188404993, 40.211924201716869 ], [ -8.367677064279979, 40.212029871336291 ], [ -8.367479624155241, 40.212121143322548 ], [ -8.367271465213415, 40.212197138617462 ], [ -8.367054592249058, 40.212257125292837 ], [ -8.366831094002082, 40.212300525601357 ], [ -8.366603123036873, 40.212326921542235 ], [ -8.366372875005995, 40.212336058887999 ], [ -8.366142567498422, 40.212327849633667 ], [ -8.365914418676223, 40.212302372844512 ], [ -8.365690625905732, 40.212259873894432 ], [ -8.365473344589242, 40.212200762102178 ], [ -8.365264667401314, 40.212125606788121 ], [ -8.365066604129925, 40.212035131789953 ], [ -8.36488106231679, 40.211930208489576 ], [ -8.364709828883448, 40.211811847419135 ], [ -8.364554552920227, 40.211681188526555 ], [ -8.364416729803873, 40.211539490194667 ], [ -8.364297686796867, 40.211388117119739 ], [ -8.364198570267053, 40.211228527166277 ], [ -8.364120334650627, 40.211062257324727 ], [ -8.364063733264624, 40.210890908907388 ], [ -8.364029311057241, 40.210716132125256 ], [ -8.364017399365615, 40.210539610194417 ], [ -8.364028112731297, 40.2103630431249 ], [ -8.364061347803872, 40.210188131348424 ], [ -8.364067689914609, 40.210168503027852 ], [ -8.364064114016319, 40.210115511101471 ], [ -8.364074827199229, 40.209938944015178 ], [ -8.364088947640749, 40.209864629384604 ], [ -8.364032712523837, 40.209866859957408 ], [ -8.363802413635689, 40.209858646019335 ], [ -8.3635742739517, 40.209833164581298 ], [ -8.363350490750177, 40.209790661061973 ], [ -8.363133219341227, 40.209731544824102 ], [ -8.362924552303971, 40.209656385230915 ], [ -8.362726499328604, 40.209565906161259 ], [ -8.362540967857658, 40.20946097903628 ], [ -8.362369744713051, 40.209342614424962 ], [ -8.362214478886006, 40.209211952309303 ], [ -8.362076665655644, 40.209070251103171 ], [ -8.361957632189222, 40.208918875530507 ], [ -8.361858524762704, 40.208759283479878 ], [ -8.361780297724614, 40.208593011961895 ], [ -8.361723704309384, 40.208421662304985 ], [ -8.361704806839386, 40.208325690850963 ], [ -8.361696658310471, 40.208338988608894 ], [ -8.361578645052566, 40.208490832567144 ], [ -8.361441787408966, 40.208633076500398 ], [ -8.361287403341167, 40.208764350458438 ], [ -8.361116979633396, 40.208883390135199 ], [ -8.360932157574794, 40.208989049047261 ], [ -8.360734717152305, 40.209080309577665 ], [ -8.360526559906519, 40.20915629277858 ], [ -8.360309690615679, 40.209216266838304 ], [ -8.36008619798433, 40.209259654131053 ], [ -8.359858234522772, 40.209286036781378 ], [ -8.359627995811294, 40.209295160689869 ], [ -8.359397699349095, 40.209286937980949 ], [ -8.359169563191841, 40.209261447849485 ], [ -8.35894578458386, 40.209218935797928 ], [ -8.358728518791006, 40.209159811271185 ], [ -8.358519858338289, 40.209084643712337 ], [ -8.358321812852465, 40.208994157076916 ], [ -8.358136289703911, 40.208889222858971 ], [ -8.357965075634363, 40.208770851695775 ], [ -8.357809819547622, 40.208640183632454 ], [ -8.357672016628968, 40.208498477140132 ], [ -8.357552993946326, 40.208347096993663 ], [ -8.357453897671785, 40.208187501125636 ], [ -8.357375682046449, 40.20802122658344 ], [ -8.357319100194818, 40.207849874724609 ], [ -8.35728469687697, 40.20767509579327 ], [ -8.357272803248129, 40.207498573026179 ], [ -8.357283533675922, 40.207322006441373 ], [ -8.357316784645642, 40.207147096465924 ], [ -8.357372235763878, 40.206975527559962 ], [ -8.357449352850551, 40.206808951995207 ], [ -8.357547393089334, 40.206648973943871 ], [ -8.357665412186623, 40.206497134031153 ], [ -8.357802273469938, 40.206354894500166 ], [ -8.357956658837908, 40.206223625131969 ], [ -8.358127081456347, 40.206104590056242 ], [ -8.35831190007797, 40.205998935579601 ], [ -8.358509334847918, 40.205907679148524 ], [ -8.35871748444282, 40.205831699553336 ], [ -8.358934344378458, 40.205771728467163 ], [ -8.359157826309801, 40.205728343401525 ], [ -8.359385778137744, 40.205701962146264 ], [ -8.359616004729068, 40.205692838747197 ], [ -8.359846289050347, 40.20570106106031 ], [ -8.360074413512486, 40.205726549905954 ], [ -8.360298181320591, 40.205769059831091 ], [ -8.360515437623841, 40.20582818147254 ], [ -8.360724090261908, 40.205903345498108 ], [ -8.360922129908346, 40.205993828088012 ], [ -8.361107649417187, 40.206098757903668 ], [ -8.361278862186559, 40.206217124477014 ], [ -8.361434119362636, 40.206347787939301 ], [ -8.36157192571827, 40.206489489996216 ], [ -8.361690954053453, 40.206640866043358 ], [ -8.361790057978876, 40.206800458305651 ], [ -8.361868282959414, 40.206966729874296 ], [ -8.361924875511052, 40.207138079506031 ], [ -8.361943772953534, 40.207234050943917 ], [ -8.361951921302783, 40.207220753166553 ], [ -8.362069931536691, 40.207068908802803 ], [ -8.362184640850378, 40.206949680421523 ], [ -8.362173315016928, 40.206943274793502 ], [ -8.362002098865059, 40.206824909567381 ], [ -8.361846839509123, 40.206694246883714 ], [ -8.361709032165924, 40.206552545161841 ], [ -8.361590003946025, 40.206401169130658 ], [ -8.361490901074873, 40.206241576683148 ], [ -8.361412677857132, 40.206075304833732 ], [ -8.361356087490453, 40.205903954914035 ], [ -8.361321674816944, 40.205729177149536 ], [ -8.361309771081958, 40.205552654765732 ], [ -8.361320490750467, 40.205376087777019 ], [ -8.361353730411395, 40.205201176614338 ], [ -8.361409169780252, 40.205029605749282 ], [ -8.361486274790112, 40.204863027472463 ], [ -8.361584302740953, 40.204703045982221 ], [ -8.361702309457501, 40.204551201936887 ], [ -8.361839158386491, 40.204408957619393 ], [ -8.361993531545515, 40.204277682856869 ], [ -8.362163942217933, 40.204158641830986 ], [ -8.362348749271481, 40.204052980905658 ] ] ], [ [ [ -8.37405804911775, 40.221787419774131 ], [ -8.374255508353913, 40.221696136663653 ], [ -8.374463688447625, 40.221620128872168 ], [ -8.374680584620943, 40.221560128344287 ], [ -8.374904108179896, 40.221516712875022 ], [ -8.375132106624546, 40.221490300546932 ], [ -8.375362384372837, 40.221481145705042 ], [ -8.375592723898796, 40.221489336508071 ], [ -8.375820907081824, 40.221514794079759 ], [ -8.376044736561678, 40.221557273268246 ], [ -8.376262056893777, 40.221616365006298 ], [ -8.376470775301332, 40.22169150024969 ], [ -8.376668881824674, 40.221781955455839 ], [ -8.37685446867393, 40.22188685954989 ], [ -8.377025748598852, 40.222005202311486 ], [ -8.377181072098981, 40.222135844101238 ], [ -8.377318943308529, 40.222277526833608 ], [ -8.377438034402973, 40.222428886090327 ], [ -8.377537198388625, 40.222588464258109 ], [ -8.377615480151947, 40.222754724563941 ], [ -8.377658327035835, 40.222884327879036 ], [ -8.377739647557624, 40.222987680742001 ], [ -8.37783881307104, 40.223147258631421 ], [ -8.377917096220749, 40.223313518713091 ], [ -8.377973742962491, 40.223484859854423 ], [ -8.378008207603044, 40.223659631978698 ], [ -8.378020158061464, 40.223836151955005 ], [ -8.378009479073656, 40.224012719806858 ], [ -8.377976273309127, 40.224187635083702 ], [ -8.377920860388963, 40.224359213237335 ], [ -8.377843773814174, 40.224525801845743 ], [ -8.377745755833772, 40.224685796528078 ], [ -8.377627750301768, 40.224837656397199 ], [ -8.377490893591677, 40.22497991890129 ], [ -8.377455937503187, 40.225009646030934 ], [ -8.37759392390871, 40.225072645795201 ], [ -8.377779521182939, 40.225177548315429 ], [ -8.377950811027279, 40.22529588961136 ], [ -8.378106143845756, 40.225426530057717 ], [ -8.378244023682841, 40.225568211581923 ], [ -8.378363122630921, 40.225719569777347 ], [ -8.37846229362067, 40.225879147040921 ], [ -8.378540581471077, 40.226045406608378 ], [ -8.378597232092595, 40.226216747352083 ], [ -8.378610197242484, 40.226282488594869 ], [ -8.378633890222423, 40.226332804797472 ], [ -8.378690541321903, 40.226504145485556 ], [ -8.378725009373015, 40.226678917294997 ], [ -8.378736962261947, 40.226855437097882 ], [ -8.378726284701164, 40.227032004919437 ], [ -8.37869307934641, 40.227206920309371 ], [ -8.378637665814797, 40.227378498718409 ], [ -8.378560577613197, 40.227545087722085 ], [ -8.378462557006266, 40.227705082935728 ], [ -8.378344547873287, 40.227856943467053 ], [ -8.378207686622439, 40.2279992067579 ], [ -8.378053291249792, 40.228130502671583 ], [ -8.377882848648321, 40.228249566690536 ], [ -8.377698000289023, 40.228355252096868 ], [ -8.377632686705198, 40.22838544555561 ], [ -8.37778149273147, 40.22846954887347 ], [ -8.377952790900656, 40.228587890074387 ], [ -8.378108131274903, 40.228718530421297 ], [ -8.378246017825912, 40.228860211842516 ], [ -8.378365122581405, 40.229011569932467 ], [ -8.378464298416109, 40.229171147089069 ], [ -8.37854259010234, 40.229337406549099 ], [ -8.378599243513589, 40.229508747185967 ], [ -8.378633712892356, 40.229683518927835 ], [ -8.378645666112018, 40.229860038647452 ], [ -8.378634987881833, 40.230036606370831 ], [ -8.378621742575744, 40.230106375056359 ], [ -8.378629378525833, 40.23021913894182 ], [ -8.37861870020167, 40.230395706653013 ], [ -8.378585492971172, 40.230570621915909 ], [ -8.378530076469488, 40.230742200182469 ], [ -8.378452984232062, 40.230908789029584 ], [ -8.378354958562401, 40.231068784074075 ], [ -8.378236943388524, 40.231220644425321 ], [ -8.378100075176773, 40.231362907526837 ], [ -8.377945671990249, 40.231494203243791 ], [ -8.377775220797172, 40.231613267060467 ], [ -8.37759036315129, 40.231718952260948 ], [ -8.377392879382221, 40.231810240975022 ], [ -8.377184671447997, 40.231886253983348 ], [ -8.376967744615058, 40.231946259187083 ], [ -8.376744188142192, 40.231989678660455 ], [ -8.376516155154651, 40.232016094218011 ], [ -8.376285841902453, 40.232025251443318 ], [ -8.376055466602851, 40.232017062139924 ], [ -8.375827248070969, 40.231991605180887 ], [ -8.375603384344672, 40.231949125749168 ], [ -8.375386031509775, 40.2318900329755 ], [ -8.375177282929782, 40.231814895997118 ], [ -8.374979149080371, 40.231724438475098 ], [ -8.374793538183107, 40.23161953162311 ], [ -8.374741994274491, 40.23158392169487 ], [ -8.374638405279898, 40.23171720531365 ], [ -8.374501528522853, 40.231859464172572 ], [ -8.374347117240291, 40.231990755101293 ], [ -8.374176658478426, 40.232109813630295 ], [ -8.373991793863921, 40.232215493094522 ], [ -8.373794303793529, 40.232306775679014 ], [ -8.373774007689823, 40.23231418462052 ], [ -8.373767690932764, 40.232317795614819 ], [ -8.373570200263103, 40.232409077817046 ], [ -8.3733619861903, 40.232485083958672 ], [ -8.373145054039933, 40.232545082006979 ], [ -8.373081977541826, 40.232557330543891 ], [ -8.373075964582931, 40.232656618427576 ], [ -8.373042742009515, 40.232831532076574 ], [ -8.372987309692428, 40.233003107668274 ], [ -8.372910201319433, 40.233169692805355 ], [ -8.372812159349431, 40.233329683140333 ], [ -8.372755857923982, 40.233402118451693 ], [ -8.372688163414582, 40.233512585325528 ], [ -8.372570131339485, 40.233664439883576 ], [ -8.372433246342375, 40.233806696272502 ], [ -8.372278826648037, 40.233937984422063 ], [ -8.372108359383706, 40.234057039889471 ], [ -8.371923486257945, 40.234162716039165 ], [ -8.371725987749489, 40.23425399508811 ], [ -8.371517765958369, 40.234329997910073 ], [ -8.371300826284518, 40.234389992504298 ], [ -8.371077258110422, 40.234433401047191 ], [ -8.370849214674069, 40.234459805458584 ], [ -8.37061889232613, 40.234468951429434 ], [ -8.370388509371484, 40.234460750871662 ], [ -8.370160284698995, 40.234435282766782 ], [ -8.369936416405672, 40.234392792405053 ], [ -8.369799941999071, 40.234355682345715 ], [ -8.369806426338439, 40.234451617664298 ], [ -8.369795724485822, 40.234628184500053 ], [ -8.369762492529613, 40.234803097174769 ], [ -8.36970705034306, 40.234974671165261 ], [ -8.369636537203998, 40.235126985682591 ], [ -8.369635055001444, 40.235131572538045 ], [ -8.369557936014584, 40.235298155410902 ], [ -8.369459883096436, 40.235458142878677 ], [ -8.369341840437462, 40.23560999412372 ], [ -8.369204944768732, 40.235752246677208 ], [ -8.369050514417824, 40.235883530505859 ], [ -8.368880036614616, 40.236002581208474 ], [ -8.368695153169192, 40.236108252195379 ], [ -8.368497644659699, 40.236199525733262 ], [ -8.368289413282508, 40.23627552274894 ], [ -8.368072464529895, 40.236335511297632 ], [ -8.367848887871816, 40.236378913613926 ], [ -8.367689627327254, 40.236397348862141 ], [ -8.367541402064216, 40.236523352126113 ], [ -8.367370920008215, 40.236642400604744 ], [ -8.367320837634644, 40.236671024191565 ], [ -8.367312801609271, 40.236677855384478 ], [ -8.367142318765126, 40.236796903525438 ], [ -8.366957430450638, 40.236902571735719 ], [ -8.366759917290864, 40.23699384230877 ], [ -8.366551681526971, 40.237069836199936 ], [ -8.366334728693495, 40.237129821494541 ], [ -8.366111148299707, 40.237173220458523 ], [ -8.365883093701305, 40.237199615103997 ], [ -8.365652761356495, 40.237208751215967 ], [ -8.365594358147993, 40.237206669958113 ], [ -8.36554822413526, 40.237254603962356 ], [ -8.365393783299677, 40.237385882907219 ], [ -8.365223295311417, 40.237504928221313 ], [ -8.365193339433491, 40.237522047831334 ], [ -8.365173165470839, 40.237628188248877 ], [ -8.365117709420607, 40.237799759996143 ], [ -8.365104717165888, 40.237827818678383 ], [ -8.365094173736566, 40.237883289784591 ], [ -8.365038717281735, 40.238054861487583 ], [ -8.364961583734496, 40.238221441254531 ], [ -8.364863515796197, 40.238381424789644 ], [ -8.364745457801959, 40.238533271313109 ], [ -8.364608546630553, 40.238675518401571 ], [ -8.364454100758877, 40.238806796074357 ], [ -8.364332749014986, 40.238891527893784 ], [ -8.364376479514103, 40.238911496298357 ], [ -8.364562094380895, 40.239016419712875 ], [ -8.364733396298289, 40.239134780252598 ], [ -8.364888735553965, 40.239265438106962 ], [ -8.365026616130301, 40.239407135035748 ], [ -8.365085374762884, 40.239481818836822 ], [ -8.365171018642714, 40.239569832622976 ], [ -8.365290113232534, 40.239721203916687 ], [ -8.365389274176483, 40.239880792023889 ], [ -8.365467546390152, 40.240047060075874 ], [ -8.365524175934436, 40.240218406863306 ], [ -8.365558617281563, 40.240393182255062 ], [ -8.365570538574753, 40.24056970308871 ], [ -8.36555982483063, 40.240746269379507 ], [ -8.365526579053288, 40.240921180691856 ], [ -8.365471121249039, 40.241092752515669 ], [ -8.36539398535106, 40.241259332489875 ], [ -8.365295914083314, 40.241419316316666 ], [ -8.365177851812962, 40.241571163213422 ], [ -8.365040935459948, 40.241713410753192 ], [ -8.364886483551057, 40.241844688950955 ], [ -8.364747619478466, 40.241941645028859 ], [ -8.364784116892951, 40.242019173330526 ], [ -8.364840746382828, 40.242190520394075 ], [ -8.364875186997104, 40.242365295931634 ], [ -8.364887106886041, 40.242541816779415 ], [ -8.364876391079765, 40.242718382952489 ], [ -8.364843142602213, 40.242893294016405 ], [ -8.364787681485693, 40.243064865463509 ], [ -8.36471054169526, 40.243231444936278 ], [ -8.364612465992355, 40.243391428141791 ], [ -8.364494398786848, 40.243543274303384 ], [ -8.364357477046202, 40.243685521001169 ], [ -8.364203019349087, 40.24381679825823 ], [ -8.364195525511724, 40.243822030297132 ], [ -8.364332053033808, 40.243847946869465 ], [ -8.364549434648287, 40.24390706019912 ], [ -8.36475820877512, 40.243982216117246 ], [ -8.364956364918093, 40.24407269088217 ], [ -8.365141994809496, 40.244177613230789 ], [ -8.365313310784542, 40.244295972766977 ], [ -8.365468662995536, 40.244426629689883 ], [ -8.365606555300088, 40.244568325768249 ], [ -8.365678717833761, 40.244660037799505 ], [ -8.365801212488398, 40.244744665872723 ], [ -8.365956566664135, 40.244875322125019 ], [ -8.366094460898122, 40.245017017605612 ], [ -8.366213567143971, 40.245168387773525 ], [ -8.36631273826192, 40.245327974910417 ], [ -8.366391019069551, 40.245494242156909 ], [ -8.366416485237481, 40.245571286786642 ], [ -8.366497934143469, 40.245502059841243 ], [ -8.366599781726265, 40.245430949957843 ], [ -8.366605177707008, 40.245425343986838 ], [ -8.366759634389432, 40.245294063563193 ], [ -8.366930139149623, 40.245175016098877 ], [ -8.367115049949204, 40.245069348019683 ], [ -8.367312586045633, 40.244978076903038 ], [ -8.367520845139818, 40.24490208168055 ], [ -8.367737821693167, 40.24484209417578 ], [ -8.367930593498732, 40.244804676787439 ], [ -8.367936824643586, 40.244799380433314 ], [ -8.368107326096242, 40.24468033123388 ], [ -8.368292233714012, 40.244574661273845 ], [ -8.368489766784988, 40.244483388148709 ], [ -8.368698023039206, 40.244407390809471 ], [ -8.368914996965419, 40.24434740110005 ], [ -8.369138599121024, 40.244303996711238 ], [ -8.369366676249353, 40.244277595618875 ], [ -8.369597032010784, 40.244268452059792 ], [ -8.369827448128241, 40.244276654084047 ], [ -8.370055705743701, 40.244302122707388 ], [ -8.370279606780276, 40.24434461267149 ], [ -8.370496995104418, 40.244403714805429 ], [ -8.370705777284666, 40.244478859964914 ], [ -8.370903942747285, 40.244569324511886 ], [ -8.370944542462901, 40.244592269080051 ], [ -8.371092740293019, 40.244659922420631 ], [ -8.371278381218724, 40.244764834884315 ], [ -8.371449709321997, 40.24488318529 ], [ -8.371605074638381, 40.24501383392473 ], [ -8.37174298089932, 40.24515552263707 ], [ -8.371862099942629, 40.245306886951241 ], [ -8.371961284505334, 40.245466469205269 ], [ -8.372039579275571, 40.245632732586827 ], [ -8.372096230096989, 40.245804075931588 ], [ -8.37213069123689, 40.245978849141608 ], [ -8.372142630647838, 40.246155369075495 ], [ -8.372131933171934, 40.246331935757183 ], [ -8.372098701656546, 40.246506848747345 ], [ -8.372043255970574, 40.246678423519768 ], [ -8.371966129930426, 40.246845007684982 ], [ -8.371868066165062, 40.247004996904835 ], [ -8.371750008969331, 40.247156850344766 ], [ -8.371613095214235, 40.247299105514813 ], [ -8.371458643401485, 40.247430392356463 ], [ -8.371288140967629, 40.247549446439464 ], [ -8.371103229959944, 40.247655121141577 ], [ -8.370905691222033, 40.247746398693664 ], [ -8.370697427241415, 40.247822399983896 ], [ -8.370587302237338, 40.247852848153748 ], [ -8.37062286239251, 40.247872943820894 ], [ -8.370794197221841, 40.247991295114019 ], [ -8.370949568417899, 40.248121944541587 ], [ -8.371087479655493, 40.248263633944525 ], [ -8.371094727424898, 40.248272843416764 ], [ -8.371287597197467, 40.248219516652604 ], [ -8.371511210544419, 40.248176107676521 ], [ -8.371739299716992, 40.248149701891244 ], [ -8.371969668259602, 40.248140553578779 ], [ -8.372200097772113, 40.248148750834979 ], [ -8.372428369267537, 40.248174214721466 ], [ -8.372652284535352, 40.248216700025559 ], [ -8.372869687304988, 40.24827579762119 ], [ -8.373078484005909, 40.248350938407782 ], [ -8.373276663924569, 40.24844139878941 ], [ -8.373462318564352, 40.248546307641433 ], [ -8.373633660022191, 40.248664654697734 ], [ -8.373789038205041, 40.248795300277656 ], [ -8.373926956720446, 40.248936986259181 ], [ -8.374046087288205, 40.249088348192849 ], [ -8.374145282534363, 40.249247928439601 ], [ -8.374223587044147, 40.249414190206465 ], [ -8.374280246567405, 40.249585532344689 ], [ -8.374314715287602, 40.249760304767932 ], [ -8.374326661084282, 40.24993682434242 ], [ -8.37431596873801, 40.250113391095546 ], [ -8.374282741046722, 40.250288304587293 ], [ -8.374227297842451, 40.250459880286634 ], [ -8.374150172917673, 40.250626465795165 ], [ -8.374052108890565, 40.250786456761794 ], [ -8.373934050058466, 40.250938312335151 ], [ -8.373797133308111, 40.251080570004724 ], [ -8.373642677170034, 40.251211859687906 ], [ -8.373472169122413, 40.251330916927081 ], [ -8.373287251266584, 40.251436595069606 ], [ -8.373089704512093, 40.251527876313212 ], [ -8.372881431423668, 40.251603881510476 ], [ -8.372664437895347, 40.25166387863775 ], [ -8.372440813828382, 40.251707289846983 ], [ -8.372212712999161, 40.25173369703235 ], [ -8.371982332311232, 40.251742845858047 ], [ -8.371751890631462, 40.251734648208505 ], [ -8.371523607414424, 40.251709183037214 ], [ -8.371299681321096, 40.251666695606211 ], [ -8.371082269038061, 40.251607595123289 ], [ -8.370873464501454, 40.251532450800028 ], [ -8.370675278725942, 40.251441986368263 ], [ -8.370489620433217, 40.251337073108225 ], [ -8.370318277666723, 40.251218721455473 ], [ -8.370162900569799, 40.251088071267297 ], [ -8.37014273765214, 40.25106735644858 ], [ -8.370100427589399, 40.251086905421715 ], [ -8.36989215247999, 40.25116290525078 ], [ -8.369675157691043, 40.251222896781208 ], [ -8.369451533135958, 40.251266302218852 ], [ -8.369223432595835, 40.251292703513435 ], [ -8.368993052971431, 40.251301846385957 ], [ -8.36876261311938, 40.251293642778123 ], [ -8.368534332476642, 40.251268171700886 ], [ -8.36831040967939, 40.251225678473126 ], [ -8.368093001382457, 40.251166572358507 ], [ -8.367884201483571, 40.251091422622807 ], [ -8.367686020952718, 40.25100095305001 ], [ -8.367500368461064, 40.250896034969905 ], [ -8.36732903199616, 40.250777678864395 ], [ -8.367173661640638, 40.250647024633714 ], [ -8.367035753680284, 40.250505330615866 ], [ -8.366916636194588, 40.250353961465684 ], [ -8.366817456268526, 40.250194375009954 ], [ -8.366739168948628, 40.250028108205505 ], [ -8.36668252804961, 40.249856762335462 ], [ -8.366648078899912, 40.249681987586342 ], [ -8.366636153095817, 40.249505467154691 ], [ -8.366646865314445, 40.249328901036122 ], [ -8.366680112216088, 40.24915398965318 ], [ -8.366735573446139, 40.248982417479603 ], [ -8.366812714726777, 40.248815836818551 ], [ -8.366910793008351, 40.248655851891279 ], [ -8.366955533546381, 40.248598311984772 ], [ -8.366962420678753, 40.248583439586419 ], [ -8.367060498274428, 40.248423454527781 ], [ -8.367097506805774, 40.248375858261774 ], [ -8.367061826157006, 40.248363015468286 ], [ -8.366863654689707, 40.248272544418832 ], [ -8.366678010936598, 40.248167624945218 ], [ -8.366506682801067, 40.248049267542804 ], [ -8.366351320285514, 40.247918612124273 ], [ -8.366213419600221, 40.247776917039054 ], [ -8.366094308754619, 40.247625546952264 ], [ -8.365995134769737, 40.247465959699717 ], [ -8.365916852634903, 40.247299692245896 ], [ -8.36589138637577, 40.247222647529512 ], [ -8.365809934795944, 40.247291874034964 ], [ -8.365639422771679, 40.247410919825768 ], [ -8.365454503311922, 40.247516585528821 ], [ -8.365256957341703, 40.247607853461687 ], [ -8.365048687418232, 40.247683844605142 ], [ -8.364831699405087, 40.247743827070941 ], [ -8.36460808315041, 40.247787223152216 ], [ -8.364379992355351, 40.247813614888898 ], [ -8.364149623826801, 40.247822748093952 ], [ -8.363919196314503, 40.247814534802302 ], [ -8.363690929136546, 40.247789054118101 ], [ -8.363467020799394, 40.247746551452806 ], [ -8.363249627818577, 40.247687436160966 ], [ -8.363040843944276, 40.24761227759678 ], [ -8.362842679992109, 40.247521799629212 ], [ -8.362657044473533, 40.247416873668897 ], [ -8.362485725212602, 40.247298510273687 ], [ -8.362330372126227, 40.247167849413962 ], [ -8.362192481333855, 40.247026149491575 ], [ -8.36212032096712, 40.246934435318032 ], [ -8.361997826917847, 40.246849803379178 ], [ -8.361842475796418, 40.246719141848914 ], [ -8.361704586933623, 40.24657744132886 ], [ -8.361585488225003, 40.246426066536436 ], [ -8.361486326574688, 40.246266475352776 ], [ -8.361408056853197, 40.246100204780184 ], [ -8.361351432705767, 40.245928856138086 ], [ -8.361316999299522, 40.245754079639667 ], [ -8.361305088079147, 40.245577558498269 ], [ -8.361315813581353, 40.245400992716355 ], [ -8.361349072338532, 40.245226082713202 ], [ -8.36140454388195, 40.24505451294921 ], [ -8.361481693834511, 40.244887935704391 ], [ -8.361579779063092, 40.244727955167029 ], [ -8.361697854840585, 40.244576111986234 ], [ -8.361834783948455, 40.244433868436509 ], [ -8.361989247632028, 40.244302594337526 ], [ -8.361996741692739, 40.244297362441316 ], [ -8.361860214144549, 40.244271443116119 ], [ -8.361642833678335, 40.244212324735791 ], [ -8.361434062262138, 40.24413716319318 ], [ -8.361235910591562, 40.244046682385992 ], [ -8.361050287059763, 40.243941753752189 ], [ -8.360878979375343, 40.243823387875338 ], [ -8.360723637343707, 40.243692724749714 ], [ -8.360585756977827, 40.243551022798997 ], [ -8.360466666091419, 40.243399646754376 ], [ -8.360367511513285, 40.243240054509045 ], [ -8.360289248045845, 40.243073783075531 ], [ -8.360232629274126, 40.242902433781509 ], [ -8.360198200313494, 40.242727656846469 ], [ -8.360186292565849, 40.24255113548795 ], [ -8.360197020534484, 40.242374569710478 ], [ -8.360230280728059, 40.24219965993332 ], [ -8.360285752664037, 40.242028090614674 ], [ -8.360362901961572, 40.241861514030241 ], [ -8.360460985493873, 40.241701534361987 ], [ -8.360579058550186, 40.241549692250622 ], [ -8.36071598393821, 40.241407449960384 ], [ -8.360870442939106, 40.241276177298815 ], [ -8.360969782257303, 40.241206823194325 ], [ -8.360906685093109, 40.241105264666331 ], [ -8.360828422791085, 40.240938993532808 ], [ -8.360771804464905, 40.240767644438051 ], [ -8.360737375225664, 40.240592867599617 ], [ -8.360725466477964, 40.240416346234149 ], [ -8.360736192734745, 40.240239780346194 ], [ -8.360769450521179, 40.240064870356122 ], [ -8.360824919377922, 40.239893300724169 ], [ -8.360902064953796, 40.239726723729071 ], [ -8.361000144157869, 40.239566743556736 ], [ -8.361118212321079, 40.239414900852751 ], [ -8.361255132298252, 40.239272657887064 ], [ -8.361409585422658, 40.239141384473697 ], [ -8.36153094126953, 40.239056655711572 ], [ -8.361487211507693, 40.239036686230271 ], [ -8.361301601308609, 40.238931757871725 ], [ -8.361130305856403, 40.238813392230504 ], [ -8.360974974838674, 40.238682729298567 ], [ -8.360837104162329, 40.23854102749776 ], [ -8.360718021547786, 40.238389651557775 ], [ -8.360618873744203, 40.238230059370785 ], [ -8.360540615488789, 40.238063787948789 ], [ -8.360484000316406, 40.237892438619305 ], [ -8.360449573307802, 40.23771766160219 ], [ -8.360437665846119, 40.237541140115752 ], [ -8.360448392431936, 40.237364574165738 ], [ -8.36048164958728, 40.237189664173101 ], [ -8.360537116858914, 40.237018094598106 ], [ -8.360550110848243, 40.236990036419911 ], [ -8.360560657852531, 40.236934565709205 ], [ -8.360616124719444, 40.236762996089908 ], [ -8.360693267291065, 40.23659641915205 ], [ -8.360791342505411, 40.236436439081025 ], [ -8.360909405731867, 40.23628459652145 ], [ -8.361046319872814, 40.236142353741869 ], [ -8.361200766317742, 40.236011080554547 ], [ -8.361371257644201, 40.235892041125879 ], [ -8.361401213773002, 40.235874922499605 ], [ -8.36142139312089, 40.235768782692425 ], [ -8.361476856876124, 40.235597212634623 ], [ -8.361497705303266, 40.235552191747047 ], [ -8.3615096593469, 40.235515213258275 ], [ -8.361586798324627, 40.235348635698848 ], [ -8.361684869646272, 40.235188654846894 ], [ -8.361802928718708, 40.235036811354554 ], [ -8.361939838484322, 40.234894567499381 ], [ -8.362094280374739, 40.234763293103974 ], [ -8.362264767011368, 40.234644252346428 ], [ -8.362449656530394, 40.234538591587949 ], [ -8.362647168394224, 40.234447328335484 ], [ -8.362855400537118, 40.234371341444962 ], [ -8.363072347680012, 40.234311362659717 ], [ -8.363295920638199, 40.234267969565352 ], [ -8.363523966436139, 40.234241580028986 ], [ -8.363754289035866, 40.234232448176158 ], [ -8.363863950643104, 40.23423635798865 ], [ -8.363980460656615, 40.234137320174625 ], [ -8.364150942412689, 40.234018276639397 ], [ -8.364201024178566, 40.233989654412831 ], [ -8.364209060201187, 40.233982823432811 ], [ -8.364379541169228, 40.23386377955989 ], [ -8.364564425268565, 40.233758115424038 ], [ -8.364761932013774, 40.233666848564667 ], [ -8.364970159388404, 40.233590857872464 ], [ -8.365187102159291, 40.233530875127371 ], [ -8.36541067118382, 40.233487477953126 ], [ -8.365483783379803, 40.233479015974183 ], [ -8.365498820351233, 40.233459673614696 ], [ -8.365635719202636, 40.233317425379433 ], [ -8.36579015036463, 40.233186146046599 ], [ -8.365960626561922, 40.233067099841826 ], [ -8.366145506031206, 40.232961433178787 ], [ -8.366343008331643, 40.2328701636213 ], [ -8.366551231489575, 40.232794170086017 ], [ -8.366768170312433, 40.232734184380242 ], [ -8.366991735695608, 40.232690784156226 ], [ -8.36721977473649, 40.232664387349736 ], [ -8.367450091462169, 40.232655248156334 ], [ -8.3676804679714, 40.23266345458407 ], [ -8.367908685787512, 40.232688927606233 ], [ -8.368132547216797, 40.232731421922203 ], [ -8.36826901745796, 40.232768533969974 ], [ -8.368262535459703, 40.232672598530655 ], [ -8.368273241011732, 40.232496031766374 ], [ -8.36830647570269, 40.232321119441679 ], [ -8.368361919295706, 40.232149546039331 ], [ -8.368439037682947, 40.231982963874401 ], [ -8.368537088035339, 40.231822977182624 ], [ -8.368593392666043, 40.231750543894528 ], [ -8.368661092099851, 40.231640079367921 ], [ -8.368779129433078, 40.231488228728125 ], [ -8.368916017452847, 40.231345976595236 ], [ -8.369070437800163, 40.231214692871603 ], [ -8.369240903303872, 40.231095641825121 ], [ -8.369425772303627, 40.230989969916159 ], [ -8.36962326445939, 40.230898694759006 ], [ -8.36983147789517, 40.230822695324257 ], [ -8.370048407512005, 40.230762703476024 ], [ -8.370111482901383, 40.230750456591757 ], [ -8.370117500035223, 40.230651168817332 ], [ -8.370150729100438, 40.230476255923371 ], [ -8.370206166553551, 40.230304681600437 ], [ -8.370283278345868, 40.230138098172446 ], [ -8.370381321711832, 40.229978109887327 ], [ -8.370499352327528, 40.229826257468808 ], [ -8.370636233409369, 40.229684003280447 ], [ -8.370690535267189, 40.229637834555753 ], [ -8.370647238459002, 40.229506840470009 ], [ -8.370612789688446, 40.229332066284712 ], [ -8.370600857418157, 40.229155545658784 ], [ -8.370611556387715, 40.228978978589737 ], [ -8.370644783385178, 40.228804065509308 ], [ -8.370700218247791, 40.228632490907565 ], [ -8.370777326951819, 40.228465907111136 ], [ -8.370875366761457, 40.22830591837149 ], [ -8.370993393387046, 40.228154065416739 ], [ -8.37113027008343, 40.228011810615598 ], [ -8.371284678600668, 40.227880523896133 ], [ -8.371391967658933, 40.227805587146463 ], [ -8.371492872393235, 40.227700716251043 ], [ -8.371647279504552, 40.227569429044848 ], [ -8.371817731370788, 40.227450374167489 ], [ -8.372002586462918, 40.227344698116241 ], [ -8.372200064574807, 40.227253418545317 ], [ -8.372408263965694, 40.227177414467782 ], [ -8.372625179671836, 40.227117417792492 ], [ -8.37284872281119, 40.227074006277313 ], [ -8.372983880650615, 40.227058352780283 ], [ -8.373098215719587, 40.226978490646765 ], [ -8.373283067532514, 40.226872812551342 ], [ -8.373480542547515, 40.226781530797254 ], [ -8.373688739053641, 40.226705524418584 ], [ -8.373905652114924, 40.226645525346349 ], [ -8.373947964723348, 40.226637307826699 ], [ -8.37394394707232, 40.226577913273012 ], [ -8.373954636987303, 40.226401345842596 ], [ -8.373987854154105, 40.226226431753105 ], [ -8.37404327850467, 40.226054855504358 ], [ -8.374120376116498, 40.225888269438833 ], [ -8.374218404360617, 40.225728277829859 ], [ -8.374336419058748, 40.225576421433225 ], [ -8.374473283580592, 40.225434162650792 ], [ -8.374508241194665, 40.225404436419652 ], [ -8.374370256954597, 40.225341432973998 ], [ -8.37418466446359, 40.225236524975934 ], [ -8.374013381295276, 40.225118178085737 ], [ -8.37385805701903, 40.22498753211476 ], [ -8.373720187476934, 40.224845845321461 ], [ -8.3736011003786, 40.224694482291 ], [ -8.373501942516498, 40.22453490079122 ], [ -8.373423668724847, 40.224368637731189 ], [ -8.373380828953811, 40.224239032860986 ], [ -8.373299513535098, 40.224135676943071 ], [ -8.373200357200655, 40.223976095165057 ], [ -8.373122084795222, 40.223809831880978 ], [ -8.373065449990088, 40.223638488339986 ], [ -8.373030998055226, 40.223463714706213 ], [ -8.373019060613974, 40.223287194165458 ], [ -8.373029752455762, 40.223110626714366 ], [ -8.373062970437344, 40.222935712788392 ], [ -8.373118394482841, 40.222764136885758 ], [ -8.373195490672725, 40.222597551345636 ], [ -8.373293516391739, 40.222437560436283 ], [ -8.373411527485949, 40.222285704906767 ], [ -8.373548387359783, 40.222143447150572 ], [ -8.373702777925308, 40.222012157124254 ], [ -8.373873212298154, 40.221893099156439 ], [ -8.37405804911775, 40.221787419774131 ] ] ], [ [ [ -8.376585166574708, 40.233068762907024 ], [ -8.376793378799354, 40.232992750980038 ], [ -8.37701030912222, 40.232932746103643 ], [ -8.377233868520509, 40.232889326114687 ], [ -8.377461904149223, 40.232862909139236 ], [ -8.377692220068287, 40.232853749567077 ], [ -8.377922598384226, 40.23286193560245 ], [ -8.378150820602968, 40.232887388415023 ], [ -8.378374688988437, 40.232929862898771 ], [ -8.378592047721467, 40.232988950031746 ], [ -8.378800803655535, 40.233064080814124 ], [ -8.378998946469643, 40.233154531746244 ], [ -8.379184568024485, 40.23325943179448 ], [ -8.379355880735618, 40.233377770777444 ], [ -8.379511234786866, 40.233508409092167 ], [ -8.379649134018221, 40.233650088686588 ], [ -8.37976825033528, 40.233801445172723 ], [ -8.379867436501419, 40.233961020963953 ], [ -8.379867744568124, 40.233961675093532 ], [ -8.379878585237977, 40.233969163410407 ], [ -8.380033941647275, 40.234099801003097 ], [ -8.380171843170642, 40.234241479953383 ], [ -8.3802909616916, 40.234392835879476 ], [ -8.380390149952303, 40.234552411200148 ], [ -8.380468452605374, 40.234718669169894 ], [ -8.38052511541866, 40.234890008676473 ], [ -8.380559592544079, 40.235064779658913 ], [ -8.380571551780363, 40.235241298997344 ], [ -8.380560877778782, 40.235417866721406 ], [ -8.380527673160723, 40.235592782381822 ], [ -8.380472257536129, 40.235764361426661 ], [ -8.380395164431954, 40.235930951425338 ], [ -8.380297136160012, 40.236090947983591 ], [ -8.380179116673343, 40.236242810196224 ], [ -8.380042242479789, 40.236385075488812 ], [ -8.379887831700037, 40.236516373705392 ], [ -8.379717371375417, 40.236635440306209 ], [ -8.379532503147605, 40.236741128548466 ], [ -8.37933500744813, 40.236832420532672 ], [ -8.379126786349932, 40.236908437007997 ], [ -8.378909845246243, 40.236968445842173 ], [ -8.37868627353331, 40.237011869074429 ], [ -8.37845822448319, 40.237038288483134 ], [ -8.378227894500631, 40.237047449614771 ], [ -8.37799750196405, 40.2370392642352 ], [ -8.377769265854617, 40.237013811179757 ], [ -8.377545384379527, 40.236971335593758 ], [ -8.377328013795571, 40.236912246570895 ], [ -8.377119247637223, 40.23683711321231 ], [ -8.376921096549497, 40.23674665914421 ], [ -8.376735468919998, 40.236641755547012 ], [ -8.376564152496865, 40.236523412763155 ], [ -8.376408797169766, 40.236392770564443 ], [ -8.376270899079829, 40.236251087173052 ], [ -8.37615178621158, 40.236099727141415 ], [ -8.376052605605638, 40.235940148208527 ], [ -8.376052297566531, 40.235939494068944 ], [ -8.376041457001058, 40.235932005395917 ], [ -8.375886104032222, 40.2358013624753 ], [ -8.375748208234429, 40.235659678439902 ], [ -8.375629097570128, 40.235508317848371 ], [ -8.375529919058714, 40.235348738445083 ], [ -8.375451627733224, 40.235182477118926 ], [ -8.375394977447085, 40.235011135100258 ], [ -8.375360513619286, 40.234836362538537 ], [ -8.375348567987604, 40.234659842609247 ], [ -8.375359255420257, 40.234483275303191 ], [ -8.375392472816355, 40.234308361054403 ], [ -8.375447900105554, 40.234136784364225 ], [ -8.375525003336998, 40.233970197579396 ], [ -8.375623039827529, 40.23381020498018 ], [ -8.375741065319394, 40.233658347331868 ], [ -8.375877943078308, 40.233516087048365 ], [ -8.37603235484405, 40.23338479411052 ], [ -8.376202813528053, 40.233265732874976 ], [ -8.376387677535606, 40.233160049900185 ], [ -8.376585166574708, 40.233068762907024 ] ] ] ] } }
]
}
