{
"type": "FeatureCollection",
"name": "iso_400m",
"crs": { "type": "name", "properties": { "name": "urn:ogc:def:crs:OGC:1.3:CRS84" } },
"features": [
{ "type": "Feature", "properties": { }, "geometry": { "type": "MultiPolygon", "coordinates": [ [ [ [ -8.492045710229824, 40.129307156354244 ], [ -8.49249290492453, 40.129391668186798 ], [ -8.49292715613198, 40.129509417591535 ], [ -8.493344282322333, 40.12965927074152 ], [ -8.49374026679345, 40.129839784670651 ], [ -8.494111296336596, 40.130049221162558 ], [ -8.494453797946733, 40.130285563481578 ], [ -8.494764473224341, 40.130546535785371 ], [ -8.495040330137815, 40.130829625032469 ], [ -8.4952787118406, 40.131132105173926 ], [ -8.495477322265527, 40.131451063397037 ], [ -8.495634248249521, 40.131783428168085 ], [ -8.495747977975148, 40.132125998804938 ], [ -8.495817415550794, 40.132475476294786 ], [ -8.495841891588203, 40.132828495060394 ], [ -8.49583144563687, 40.13300652419467 ], [ -8.495990219082172, 40.133207979940984 ], [ -8.496188838939833, 40.133526936787916 ], [ -8.496345773233251, 40.133859300439042 ], [ -8.496459510064938, 40.134201870223045 ], [ -8.496528953474778, 40.134551347135343 ], [ -8.496553434018271, 40.13490436560425 ], [ -8.496532715239246, 40.135257525900194 ], [ -8.496466995973774, 40.135607426875694 ], [ -8.496356908462069, 40.135950698721132 ], [ -8.496203512285499, 40.136284035420552 ], [ -8.496008284186127, 40.136604226595125 ], [ -8.495773103865906, 40.136908188427036 ], [ -8.495500235901481, 40.137192993366206 ], [ -8.495192307948086, 40.137455898333023 ], [ -8.494852285441954, 40.137694371145429 ], [ -8.494483443044567, 40.137906114915289 ], [ -8.494089333103622, 40.138089090178973 ], [ -8.493673751434518, 40.138241534548179 ], [ -8.493325123554817, 40.138338499190489 ], [ -8.49309124982547, 40.138502516417859 ], [ -8.49272239756889, 40.138714254592287 ], [ -8.49232827820666, 40.13889722387821 ], [ -8.491912687644971, 40.139049661945002 ], [ -8.491479628684521, 40.139170100522321 ], [ -8.491033272454571, 40.139257379548447 ], [ -8.490577918222151, 40.139310658349025 ], [ -8.490117951964205, 40.139329423738069 ], [ -8.489657804102627, 40.139313494963474 ], [ -8.489618812138529, 40.139309178482172 ], [ -8.489430075872876, 40.139378401121903 ], [ -8.48937252871637, 40.139394404280033 ], [ -8.489210088775661, 40.139533070080859 ], [ -8.488870034925743, 40.13977152537845 ], [ -8.488501162633911, 40.139983250147701 ], [ -8.488107024535932, 40.140166205107889 ], [ -8.487691416718553, 40.140318628066339 ], [ -8.48725834214877, 40.14043905089823 ], [ -8.486811972106278, 40.140526313693549 ], [ -8.486356605991222, 40.140579575934275 ], [ -8.485896629895061, 40.140598324593974 ], [ -8.485436474334488, 40.1405823790817 ], [ -8.484980571556394, 40.140531892982374 ], [ -8.484533312826102, 40.140447352576871 ], [ -8.484099006111238, 40.140329572156098 ], [ -8.483869339785544, 40.140247055379966 ], [ -8.483791526046454, 40.140275589976312 ], [ -8.483358444758286, 40.140395998252579 ], [ -8.482912069898834, 40.140483246036041 ], [ -8.482456700914678, 40.140536492953352 ], [ -8.481996723924944, 40.140555226125663 ], [ -8.481536569454937, 40.140539265111258 ], [ -8.481080669741031, 40.140488763644385 ], [ -8.480633416019016, 40.140404208153996 ], [ -8.480199116208231, 40.140286413076325 ], [ -8.479781953400076, 40.140136513006794 ], [ -8.479731068706155, 40.140113312072828 ], [ -8.479551681206829, 40.140216254364162 ], [ -8.47915751754342, 40.140399178964245 ], [ -8.47874188808081, 40.140551569887663 ], [ -8.478308795994639, 40.140671959318254 ], [ -8.477862412733456, 40.140759187667712 ], [ -8.477407037824829, 40.140812414749909 ], [ -8.47694705744499, 40.140831127877107 ], [ -8.476486902151915, 40.140815146800698 ], [ -8.476273060879921, 40.140791449734841 ], [ -8.475936686384097, 40.140947541196951 ], [ -8.475521046310767, 40.141099920589916 ], [ -8.475087944979435, 40.141220298001521 ], [ -8.474940769068487, 40.141249053470105 ], [ -8.474940752336305, 40.141249080893409 ], [ -8.474705461964886, 40.141553000157515 ], [ -8.474432487240058, 40.141837755673095 ], [ -8.474124456845709, 40.142100604836386 ], [ -8.47378433720518, 40.142339016002666 ], [ -8.473415403915988, 40.142550692877492 ], [ -8.473021210201752, 40.142733596641492 ], [ -8.472605552685236, 40.142885965595049 ], [ -8.472513783928026, 40.142911468956271 ], [ -8.472444651684256, 40.143024762612761 ], [ -8.472446163808444, 40.143029321570268 ], [ -8.472515493601382, 40.143378812826107 ], [ -8.472539853397254, 40.143731836339065 ], [ -8.472519007902376, 40.14408499233064 ], [ -8.472453157172914, 40.144434879694458 ], [ -8.472342934715034, 40.144778128751639 ], [ -8.472189401409731, 40.145111433705353 ], [ -8.471994035319852, 40.145431584482147 ], [ -8.471758717476579, 40.145735497652986 ], [ -8.471661261079165, 40.14583714703182 ], [ -8.471469729206531, 40.146084507250414 ], [ -8.471196722912953, 40.146369255045855 ], [ -8.470888659642366, 40.146632095531722 ], [ -8.470548506134797, 40.146870497146821 ], [ -8.470179538314024, 40.147082163688665 ], [ -8.469849505679083, 40.147235274451297 ], [ -8.469993535752188, 40.147418105116017 ], [ -8.470192076211946, 40.147737106101417 ], [ -8.470348917265071, 40.148069504557625 ], [ -8.470462547911191, 40.148412099477909 ], [ -8.470531873212051, 40.148761591615376 ], [ -8.470556224859921, 40.149114615251349 ], [ -8.470535367639389, 40.149467770606158 ], [ -8.470469501719364, 40.149817656579515 ], [ -8.47035926075214, 40.150160903505885 ], [ -8.470205705796824, 40.150494205608908 ], [ -8.470010315124654, 40.150814352842538 ], [ -8.469774970003465, 40.151118261811817 ], [ -8.4695019365974, 40.151403005475458 ], [ -8.4691938441555, 40.151665841343686 ], [ -8.468853659698752, 40.151904237899743 ], [ -8.468484659449054, 40.152115898989834 ], [ -8.468360887336559, 40.152173313586317 ], [ -8.468397731542655, 40.152359076871051 ], [ -8.468422073558374, 40.152712100776149 ], [ -8.468420011371832, 40.152746997783339 ], [ -8.468438594509845, 40.153016500022495 ], [ -8.468417725265134, 40.153369654807278 ], [ -8.468351844839441, 40.15371953939983 ], [ -8.468241587024638, 40.154062784147825 ], [ -8.468088013041992, 40.154396083295858 ], [ -8.467892601345913, 40.154716226826295 ], [ -8.467657233406664, 40.155020131379779 ], [ -8.467384175608121, 40.155304869957504 ], [ -8.46707605743425, 40.155567700118667 ], [ -8.466735846153897, 40.155806090401406 ], [ -8.466658000486746, 40.155850738644105 ], [ -8.466825063432783, 40.155991108942374 ], [ -8.467100908516555, 40.156274263554891 ], [ -8.467339256450396, 40.15657680002527 ], [ -8.467537811491272, 40.156895804998314 ], [ -8.467694661008345, 40.157228206490046 ], [ -8.467808293919434, 40.157570803464516 ], [ -8.467877615264161, 40.157920296655035 ], [ -8.467901956772561, 40.158273320332825 ], [ -8.467881083326553, 40.158626474717721 ], [ -8.467815195250987, 40.158976358718803 ], [ -8.467704926411239, 40.159319602689386 ], [ -8.467551338134593, 40.159652900881575 ], [ -8.467355909012985, 40.159973043286847 ], [ -8.467120520684389, 40.160276946556699 ], [ -8.46707084203924, 40.160328745911045 ], [ -8.467047674547498, 40.160379019461672 ], [ -8.466852240996074, 40.160699160994739 ], [ -8.466849978275857, 40.160702082275705 ], [ -8.466854313056412, 40.160723937316263 ], [ -8.466878650368033, 40.161076961055471 ], [ -8.466857770860676, 40.161430115109717 ], [ -8.466794952548089, 40.161763657381606 ], [ -8.466787002638682, 40.161898117811674 ], [ -8.466721105896026, 40.162248001027869 ], [ -8.466610826360203, 40.162591243806197 ], [ -8.466457225461419, 40.16292454041016 ], [ -8.466261781913095, 40.163244680846546 ], [ -8.466249606003325, 40.163260399705209 ], [ -8.466277967449606, 40.16328422730313 ], [ -8.466553839994381, 40.163567382751211 ], [ -8.466792211235038, 40.163869919872354 ], [ -8.466834932474837, 40.163938551043287 ], [ -8.467112544300811, 40.163927285124728 ], [ -8.46757285370448, 40.163943302761133 ], [ -8.468028900763171, 40.163993856603206 ], [ -8.468476294167337, 40.164078459862225 ], [ -8.468910725895949, 40.164196297883443 ], [ -8.469328012681189, 40.164346235986969 ], [ -8.469724136274591, 40.164526830389057 ], [ -8.469783331100363, 40.164560246015455 ], [ -8.47012860054422, 40.164400107419461 ], [ -8.470544394507634, 40.164247747361784 ], [ -8.470977649997607, 40.164127386787456 ], [ -8.471424195062662, 40.164040184662383 ], [ -8.471879729843209, 40.1639869806612 ], [ -8.472339867957968, 40.163968287085751 ], [ -8.472588398414382, 40.163976924314149 ], [ -8.472631152556239, 40.163975187198801 ], [ -8.473091463426684, 40.163991182889035 ], [ -8.47354751474694, 40.164041714976214 ], [ -8.473994915166466, 40.164126296881093 ], [ -8.474429356596739, 40.164244114154478 ], [ -8.474846655676606, 40.164394032316267 ], [ -8.474975303370513, 40.164452675253713 ], [ -8.475106956899593, 40.164437294984815 ], [ -8.475567097077958, 40.164418588576687 ], [ -8.476027411550387, 40.164434572578351 ], [ -8.476483467934901, 40.164485093076223 ], [ -8.476930874832219, 40.164569663602556 ], [ -8.477365324091485, 40.164687469817785 ], [ -8.47778263227621, 40.164837377348178 ], [ -8.478178780932021, 40.165017942704381 ], [ -8.478549955269221, 40.165227427175118 ], [ -8.478892580888299, 40.165463813563072 ], [ -8.479125179998611, 40.16565916647405 ], [ -8.479520446239025, 40.165766337629563 ], [ -8.479937765732124, 40.165916237316722 ], [ -8.480333926337158, 40.16609679521504 ], [ -8.480705113149421, 40.166306272685048 ], [ -8.481047751649323, 40.166542652596839 ], [ -8.481092197352838, 40.166579978890525 ], [ -8.481291750889518, 40.166717645707159 ], [ -8.481602543091745, 40.166978651186533 ], [ -8.481878494112781, 40.167261769609361 ], [ -8.482116946199072, 40.167564274646018 ], [ -8.482264420638201, 40.167801071711082 ], [ -8.482637003672838, 40.16793488745877 ], [ -8.483033183137232, 40.168115435978123 ], [ -8.483404389225083, 40.168324904639398 ], [ -8.483747047231253, 40.16856127639754 ], [ -8.484057857249912, 40.168822275127049 ], [ -8.484333825951415, 40.169105387532333 ], [ -8.484497128927945, 40.169312538593793 ], [ -8.484614336236893, 40.169432778167639 ], [ -8.484852808094914, 40.169735277371913 ], [ -8.485051483676724, 40.170054251074419 ], [ -8.485208449190687, 40.170386627592507 ], [ -8.48532219243746, 40.170729206131121 ], [ -8.485324952033404, 40.170743097858526 ], [ -8.485548692006923, 40.170897425771074 ], [ -8.485859519613033, 40.17115841948344 ], [ -8.486135505301856, 40.171441527407275 ], [ -8.486373990986031, 40.171744023314155 ], [ -8.486572679596126, 40.172062994239781 ], [ -8.486729657215019, 40.172395368528321 ], [ -8.48675531801916, 40.172472647657123 ], [ -8.48683127126527, 40.172633464572691 ], [ -8.486868653139881, 40.172746041436895 ], [ -8.486915463813705, 40.172758728733179 ], [ -8.487332842319621, 40.172908601330924 ], [ -8.487729063126459, 40.173089133448698 ], [ -8.488100310750033, 40.173298586695331 ], [ -8.488443010085369, 40.173534944174214 ], [ -8.488753860828757, 40.173795929897423 ], [ -8.489029869258459, 40.174079030694656 ], [ -8.489268377068164, 40.174381520406122 ], [ -8.489467086975385, 40.17470048612725 ], [ -8.489624084857894, 40.175032856252372 ], [ -8.489737858204583, 40.175375430048007 ], [ -8.489797252710686, 40.175674297835144 ], [ -8.489867467296055, 40.175706286883688 ], [ -8.490238735764848, 40.175915733088239 ], [ -8.490581455704895, 40.176152084041078 ], [ -8.490892326614116, 40.176413063817172 ], [ -8.491168354576621, 40.176696159303489 ], [ -8.491406881098008, 40.176998644391439 ], [ -8.491605608715599, 40.17731760622101 ], [ -8.491762623136596, 40.17764997322405 ], [ -8.491876411690578, 40.177992544697183 ], [ -8.491945877917921, 40.178342021619699 ], [ -8.491970352152872, 40.178695038419868 ], [ -8.491949597998481, 40.179048195384169 ], [ -8.491883814629986, 40.17939809139709 ], [ -8.49177363490351, 40.179741356696631 ], [ -8.491620119287189, 40.180074685329664 ], [ -8.491555457446335, 40.180180654643976 ], [ -8.49152172880285, 40.180253888940065 ], [ -8.491326354216376, 40.180574070433373 ], [ -8.491091002651411, 40.180878021198978 ], [ -8.490817940333152, 40.181162813792973 ], [ -8.490694734750045, 40.181267926496702 ], [ -8.490962536762188, 40.181542566693174 ], [ -8.491201079503732, 40.181845051881751 ], [ -8.491399820468377, 40.182164013739843 ], [ -8.49155684523468, 40.182496380699121 ], [ -8.491670641032453, 40.182838952056613 ], [ -8.491740111332158, 40.183188428792747 ], [ -8.491764586428667, 40.183541445337625 ], [ -8.491743829916551, 40.183894601980143 ], [ -8.491678040993595, 40.184244497607928 ], [ -8.491567852569245, 40.184587762462648 ], [ -8.491555369198721, 40.184614865631929 ], [ -8.491492966116372, 40.184809265275689 ], [ -8.491339437883793, 40.185142593300171 ], [ -8.49116308668286, 40.185431577031245 ], [ -8.491279095550464, 40.185528953315306 ], [ -8.491555162339974, 40.185812047265244 ], [ -8.491793722799866, 40.186114530932741 ], [ -8.491992479140471, 40.18643349147154 ], [ -8.492149516792182, 40.186765857325994 ], [ -8.492263322860614, 40.18710842780385 ], [ -8.492332800717197, 40.187457903894021 ], [ -8.49235728058388, 40.187810920032845 ], [ -8.492336526009156, 40.188164076513146 ], [ -8.492270736171998, 40.188513972224115 ], [ -8.492242852253996, 40.1886008351483 ], [ -8.492186661490049, 40.188899675417353 ], [ -8.492076468274375, 40.189242940501522 ], [ -8.491922933068256, 40.189576269075346 ], [ -8.491727533951304, 40.189896450837914 ], [ -8.491697056793182, 40.189935806542358 ], [ -8.491732336949944, 40.190010473147247 ], [ -8.49184614646658, 40.190353043828509 ], [ -8.491915625618091, 40.190702519967857 ], [ -8.49194010461385, 40.191055536001151 ], [ -8.49191934701062, 40.191408692222254 ], [ -8.491853552016423, 40.191758587522827 ], [ -8.491743352598929, 40.19210185214768 ], [ -8.491589809415526, 40.192435180150127 ], [ -8.491394400622578, 40.192755361234653 ], [ -8.491159007661047, 40.193059311680216 ], [ -8.490885897154589, 40.193344104045863 ], [ -8.490577699093775, 40.193606995372576 ], [ -8.490521731961836, 40.193646211348813 ], [ -8.4903989995606, 40.19375090045542 ], [ -8.490058680637436, 40.193989358166498 ], [ -8.489976999234395, 40.194036205771745 ], [ -8.490126391411943, 40.194161590634913 ], [ -8.490402488697162, 40.194444686779804 ], [ -8.490641074585033, 40.194747172261813 ], [ -8.490815002798707, 40.195026262255389 ], [ -8.490860989427325, 40.195084564444045 ], [ -8.491059767907524, 40.195403525994514 ], [ -8.491216822029742, 40.195735892528361 ], [ -8.491330638740715, 40.196078463346851 ], [ -8.491371372003682, 40.196283339664767 ], [ -8.491366642521186, 40.196215132863287 ], [ -8.491387404273139, 40.195861977015973 ], [ -8.491452959161848, 40.195513391964255 ], [ -8.491450992943939, 40.195485036066145 ], [ -8.49147175406357, 40.195131880162002 ], [ -8.491537554153249, 40.194781985259795 ], [ -8.49164775884797, 40.194438720966538 ], [ -8.491801306193016, 40.19410539298427 ], [ -8.491996716895098, 40.193785211279106 ], [ -8.492232108589844, 40.193481259173709 ], [ -8.492505213987357, 40.193196463661039 ], [ -8.492813402720508, 40.192933567224749 ], [ -8.493153706684959, 40.192695101437224 ], [ -8.493522848626649, 40.192483362589329 ], [ -8.493917273701262, 40.19230038958608 ], [ -8.494333183701844, 40.192147944320638 ], [ -8.49476657362524, 40.192027494715475 ], [ -8.495213270225642, 40.191940200593493 ], [ -8.495668972184641, 40.191886902514867 ], [ -8.496129291511675, 40.191868113687065 ], [ -8.496589795777105, 40.191884015025472 ], [ -8.496882419873792, 40.191916364448339 ], [ -8.497060241727155, 40.19173090676523 ], [ -8.497368406189254, 40.191467998243084 ], [ -8.497708686812572, 40.19122951910829 ], [ -8.498077806567712, 40.191017765780259 ], [ -8.498472210823889, 40.190834777303429 ], [ -8.498888101574511, 40.190682315720004 ], [ -8.499321474001684, 40.190561849109564 ], [ -8.499768155027979, 40.190474537458719 ], [ -8.50022384348487, 40.190421221496422 ], [ -8.500684151511742, 40.190402414602303 ], [ -8.501144646787719, 40.190418297865691 ], [ -8.501600895190546, 40.1904687183428 ], [ -8.502048503472768, 40.19055319052891 ], [ -8.502483161545205, 40.190670901031226 ], [ -8.502900683961514, 40.190820716397774 ], [ -8.50329097555789, 40.190998428072142 ], [ -8.503385520525109, 40.190954557210212 ], [ -8.503486034472626, 40.190641280212738 ], [ -8.503639515317431, 40.190307936607873 ], [ -8.503834859433038, 40.189987735008295 ], [ -8.504070185096177, 40.189683758928439 ], [ -8.504343225652661, 40.189398935592251 ], [ -8.50465135135955, 40.189136007751422 ], [ -8.504991594719181, 40.188897507280842 ], [ -8.505360679060821, 40.188685730805403 ], [ -8.505755050094534, 40.188502717592478 ], [ -8.505829032671761, 40.188475589800412 ], [ -8.505845192568884, 40.18846809051486 ], [ -8.505962803534496, 40.188212622956321 ], [ -8.506158130759495, 40.187892417397173 ], [ -8.506393438845604, 40.187588436564425 ], [ -8.506666461307892, 40.187303607727834 ], [ -8.506868156018077, 40.187131484866512 ], [ -8.506844136754808, 40.187059233885691 ], [ -8.506774584914666, 40.186709766814701 ], [ -8.506750030771254, 40.18635675399296 ], [ -8.506770710097451, 40.186003595158361 ], [ -8.506836423041152, 40.185653691402884 ], [ -8.506946536076809, 40.185310412419028 ], [ -8.507099988132522, 40.184977064050564 ], [ -8.507295300832684, 40.184656856460116 ], [ -8.507530592756622, 40.1843528732199 ], [ -8.507803597575089, 40.184068041622893 ], [ -8.508111685889281, 40.183805104500401 ], [ -8.508451890561583, 40.183566593816735 ], [ -8.508820935293731, 40.18335480629522 ], [ -8.509215266177106, 40.183171781309632 ], [ -8.509631085911353, 40.183019281253735 ], [ -8.510064390362109, 40.182898774577602 ], [ -8.510511007106205, 40.182811421653611 ], [ -8.510966635593812, 40.182758063608112 ], [ -8.511426888541511, 40.182739214225869 ], [ -8.511887334158565, 40.182755055005273 ], [ -8.512343538800723, 40.182805433411488 ], [ -8.512791109641791, 40.182889864344823 ], [ -8.513225736953059, 40.183007534809597 ], [ -8.513643235584404, 40.183157311739208 ], [ -8.514039585248499, 40.183337752901814 ], [ -8.514410969220984, 40.183547120782123 ], [ -8.514753811084557, 40.183783399305611 ], [ -8.515064809163619, 40.184044313244819 ], [ -8.515340968318192, 40.184327350120867 ], [ -8.515579628790977, 40.18462978438977 ], [ -8.515778491829721, 40.184948703681165 ], [ -8.515823357348026, 40.185043583443935 ], [ -8.51597789004053, 40.185072729194673 ], [ -8.516412536724062, 40.185190387560866 ], [ -8.516830055692889, 40.185340152846649 ], [ -8.516852503330869, 40.185350371193103 ], [ -8.517057347698737, 40.18542384861761 ], [ -8.51745371955472, 40.185604277917371 ], [ -8.517825126351948, 40.185813634656661 ], [ -8.518167991453414, 40.186049902868277 ], [ -8.518479012959832, 40.186310807424057 ], [ -8.518586785988179, 40.186421252273483 ], [ -8.519031283663077, 40.18640301970882 ], [ -8.519491755586852, 40.186418830109709 ], [ -8.519947990180679, 40.186469178376854 ], [ -8.520395594330092, 40.186553579700693 ], [ -8.520830257985811, 40.186671221370624 ], [ -8.521247795647923, 40.186820970597296 ], [ -8.521644186653459, 40.18700138541562 ], [ -8.521717479878786, 40.187042695009588 ], [ -8.521748036598748, 40.187039113800608 ], [ -8.522208315143237, 40.187020221448208 ], [ -8.522668791877733, 40.187036019187609 ], [ -8.523125032858477, 40.187086354898369 ], [ -8.523572644909542, 40.187170743891812 ], [ -8.523972678395859, 40.187278999628184 ], [ -8.524271884446227, 40.187195750620447 ], [ -8.524718510661975, 40.187108342905155 ], [ -8.52517415628933, 40.187054928900785 ], [ -8.525358645091771, 40.187047351216947 ], [ -8.525420243457724, 40.187040129975458 ], [ -8.525880520871974, 40.187021223027863 ], [ -8.526340998346665, 40.187037006156849 ], [ -8.52679724193092, 40.187087327382635 ], [ -8.527244858423765, 40.187171702156 ], [ -8.52767953765715, 40.187289318021946 ], [ -8.528097093981273, 40.187439042439536 ], [ -8.528493506553591, 40.187619433682578 ], [ -8.528864958044316, 40.187828754716428 ], [ -8.529207871386321, 40.188064989917713 ], [ -8.529518944216038, 40.188325864476212 ], [ -8.529795180673975, 40.188608866292363 ], [ -8.530033920258687, 40.188911270159913 ], [ -8.530200369575642, 40.189178078518026 ], [ -8.530459008354866, 40.189443044120424 ], [ -8.530697753831719, 40.189745446547036 ], [ -8.530896702598325, 40.190064339174974 ], [ -8.531053938232652, 40.190396651102994 ], [ -8.531167945934207, 40.190739182158616 ], [ -8.53120379738178, 40.190918977808714 ], [ -8.531419076297125, 40.191139512089336 ], [ -8.531657832032288, 40.191441912397899 ], [ -8.531856790304417, 40.191760803236605 ], [ -8.532014034599916, 40.192093113721477 ], [ -8.532081336026486, 40.192295303940512 ], [ -8.532159556469441, 40.192460608040669 ], [ -8.532273573266, 40.192803137841544 ], [ -8.53234326233378, 40.193152588565944 ], [ -8.532367951860792, 40.193505594895058 ], [ -8.532347403376304, 40.193858757216766 ], [ -8.532281814074233, 40.194208674364582 ], [ -8.532274370678362, 40.194231904957057 ], [ -8.532345283350288, 40.194444934664766 ], [ -8.532414974535927, 40.194794385236875 ], [ -8.532439665100302, 40.195147391445815 ], [ -8.532419116562629, 40.195500553680631 ], [ -8.532353526117284, 40.195850470775646 ], [ -8.532243524761569, 40.196193772766343 ], [ -8.532090171244803, 40.196527153346651 ], [ -8.531894941895965, 40.196847401715196 ], [ -8.531659716426944, 40.197151433503258 ], [ -8.531386759847328, 40.197436320486773 ], [ -8.531078700664199, 40.197699318795628 ], [ -8.530738505576425, 40.197937895348304 ], [ -8.530369450906756, 40.198149752257009 ], [ -8.529975091046845, 40.198332848967787 ], [ -8.529559224219073, 40.19848542192203 ], [ -8.529125855885239, 40.198606001549599 ], [ -8.528679160154985, 40.198693426429614 ], [ -8.528244417887173, 40.198744395054135 ], [ -8.528015827159841, 40.198789131898486 ], [ -8.527560105389012, 40.198842557344491 ], [ -8.527099748595774, 40.198861471311567 ], [ -8.526639190965049, 40.198845691616093 ], [ -8.526591031288293, 40.198840380851522 ], [ -8.526453376131546, 40.198936906403169 ], [ -8.526084302622523, 40.199148749703703 ], [ -8.525689925351367, 40.199331831867532 ], [ -8.525274042708261, 40.199484389476133 ], [ -8.524840660307422, 40.199604953107198 ], [ -8.524690135069601, 40.199634406951532 ], [ -8.524642151174852, 40.199647755497573 ], [ -8.524195442719929, 40.199735163120195 ], [ -8.523739711501031, 40.19978857356196 ], [ -8.523279347127449, 40.199807472368455 ], [ -8.522818783857154, 40.199791677502169 ], [ -8.522362457865656, 40.199741341096725 ], [ -8.522133362745965, 40.199698155422759 ], [ -8.522123790564095, 40.199749177052951 ], [ -8.522013731395557, 40.200092469366083 ], [ -8.521860319037463, 40.200425836449064 ], [ -8.521665030385535, 40.20074606763032 ], [ -8.521429745722903, 40.201050078706551 ], [ -8.5211567306294, 40.201334941653045 ], [ -8.520848614175852, 40.201597912831112 ], [ -8.520508363612922, 40.201836459420441 ], [ -8.520139255797911, 40.202048283821831 ], [ -8.519744845634593, 40.202231345794353 ], [ -8.519328931830101, 40.202383882113978 ], [ -8.518895520298948, 40.202504423563454 ], [ -8.518448785567074, 40.202591809089682 ], [ -8.517993030548274, 40.20264519699198 ], [ -8.517532645081184, 40.20266407303312 ], [ -8.517255653866012, 40.202654560610945 ], [ -8.51724803001197, 40.20265487315914 ], [ -8.516787448677269, 40.202639054387852 ], [ -8.516331107850236, 40.202588694299905 ], [ -8.515883403017176, 40.202504277962355 ], [ -8.515448646444243, 40.202386618471131 ], [ -8.515031025623999, 40.20223684911587 ], [ -8.514634562926449, 40.202056412459378 ], [ -8.514263076844012, 40.201847046437202 ], [ -8.514042551479292, 40.201695105458697 ], [ -8.513631724487805, 40.201775449763133 ], [ -8.513175971002816, 40.201828818699951 ], [ -8.51271558956978, 40.20184767556654 ], [ -8.512255014611059, 40.201831838729397 ], [ -8.512061816640427, 40.201810510356047 ], [ -8.512041562120309, 40.201843713320969 ], [ -8.511806230562829, 40.202147704995497 ], [ -8.511533170645881, 40.202432545397279 ], [ -8.511225011872209, 40.202695491104713 ], [ -8.510884721900291, 40.202934009542766 ], [ -8.510515577967222, 40.2031458033833 ], [ -8.510121135324866, 40.20332883267978 ], [ -8.509705192993403, 40.203481334522934 ], [ -8.509271757162299, 40.203601840027588 ], [ -8.508825002591712, 40.203689188486898 ], [ -8.50836923238665, 40.2037425385573 ], [ -8.507908836532124, 40.203761376366032 ], [ -8.50744824958946, 40.203745520463201 ], [ -8.506991907962252, 40.203695123570498 ], [ -8.506712008865476, 40.20364232477143 ], [ -8.506708426231082, 40.203650105245138 ], [ -8.506513056954732, 40.203970311053624 ], [ -8.506277693336258, 40.204274291522715 ], [ -8.506004601716182, 40.204559118922376 ], [ -8.505696411902679, 40.2048220499561 ], [ -8.505356091853304, 40.20506055219019 ], [ -8.505271974807441, 40.205108806223556 ], [ -8.505247790348983, 40.205125754968442 ], [ -8.504878616898807, 40.205337530886119 ], [ -8.504484146290448, 40.205520541031362 ], [ -8.504068177813579, 40.205673022679342 ], [ -8.503941702036196, 40.205708178082062 ], [ -8.503815698002978, 40.205839587346567 ], [ -8.503507493926618, 40.206102512558559 ], [ -8.503167159787269, 40.206341008367829 ], [ -8.502797973247599, 40.206552777664143 ], [ -8.502403489970037, 40.206735780737333 ], [ -8.502107821655757, 40.206844155696174 ], [ -8.50198489821495, 40.206972344537832 ], [ -8.501676681930626, 40.207235264878435 ], [ -8.501336335698637, 40.207473755312279 ], [ -8.50096713729816, 40.207685518780906 ], [ -8.500579985479757, 40.207865109418805 ], [ -8.500578322333753, 40.207866274800033 ], [ -8.500209119435546, 40.208078035856644 ], [ -8.49981462031756, 40.208261030129485 ], [ -8.49939862454419, 40.208413495046592 ], [ -8.498965138819905, 40.208533962078469 ], [ -8.49851833838567, 40.208621270888898 ], [ -8.498062526788477, 40.208674580516238 ], [ -8.497997080397715, 40.208677252450293 ], [ -8.497719141077788, 40.208806170583451 ], [ -8.497303137228887, 40.208958627991073 ], [ -8.496869644270092, 40.209079087196052 ], [ -8.4964228375121, 40.209166387937572 ], [ -8.495967020562839, 40.209219689331725 ], [ -8.495506583857775, 40.209238477974687 ], [ -8.495210257465915, 40.209228246148882 ], [ -8.495189867085957, 40.209229078106709 ], [ -8.49472924570833, 40.20921317176132 ], [ -8.494272876426816, 40.209162724894888 ], [ -8.493825155001803, 40.209078223410529 ], [ -8.493390393859173, 40.20896048122448 ], [ -8.492972780535299, 40.208810632423081 ], [ -8.492692211914447, 40.208682881634708 ], [ -8.492614621618742, 40.208704439199309 ], [ -8.492167811736063, 40.208791723535498 ], [ -8.491711993837031, 40.208845008181399 ], [ -8.491251558366271, 40.208863779894514 ], [ -8.490790940266871, 40.208847857861755 ], [ -8.490334576242619, 40.208797395441898 ], [ -8.489886862003228, 40.208712878687884 ], [ -8.48945210990532, 40.208595121663073 ], [ -8.489034507398086, 40.208445258596726 ], [ -8.488638076674777, 40.208264732954454 ], [ -8.488266635919368, 40.208055283528985 ], [ -8.488174241402318, 40.207991592691961 ], [ -8.487795165642803, 40.208096898202001 ], [ -8.487348353425263, 40.20818416395398 ], [ -8.486892535679692, 40.208237429626315 ], [ -8.486432102849264, 40.20825618215931 ], [ -8.486309439531199, 40.208251937116493 ], [ -8.485966778468702, 40.208347120251538 ], [ -8.485519962214203, 40.208434378959325 ], [ -8.485140655445328, 40.208478697600484 ], [ -8.484994172972206, 40.208562683579721 ], [ -8.484599629757408, 40.208745626171847 ], [ -8.484183596538767, 40.208898036556228 ], [ -8.483871037126423, 40.208984850903164 ], [ -8.483534290462124, 40.209220717914555 ], [ -8.483165026806901, 40.209432424817862 ], [ -8.48277047360294, 40.209615361190281 ], [ -8.482354430935942, 40.209767765017531 ], [ -8.481920905962371, 40.209888168358638 ], [ -8.481474074301518, 40.209975411490895 ], [ -8.481219007909294, 40.210005204106288 ], [ -8.481153569996303, 40.21002337758793 ], [ -8.480706736443617, 40.210110617764002 ], [ -8.480250900416308, 40.210163857341904 ], [ -8.479826456907494, 40.210181119300898 ], [ -8.479823317146023, 40.210183796181575 ], [ -8.479482879181433, 40.210422222627571 ], [ -8.479113596334063, 40.210633916643125 ], [ -8.478719025194488, 40.210816839243137 ], [ -8.478302966021252, 40.210969228545999 ], [ -8.477869426129899, 40.211089616750613 ], [ -8.477422581283486, 40.211176844280125 ], [ -8.476966735457074, 40.211230070955914 ], [ -8.476506279364441, 40.211248784094003 ], [ -8.476268261334432, 40.211240526780081 ], [ -8.476168111126336, 40.211244596478693 ], [ -8.476091764369265, 40.211369601465677 ], [ -8.475856239049836, 40.21167352037142 ], [ -8.475582990100968, 40.211958276297288 ], [ -8.475274648846701, 40.212221126634951 ], [ -8.474934184703837, 40.212459539727661 ], [ -8.47456487658782, 40.21267121926185 ], [ -8.474170281332711, 40.212854126391818 ], [ -8.473754199429445, 40.213006499384981 ], [ -8.473320638412607, 40.213126870597335 ], [ -8.473214223554658, 40.213147638699624 ], [ -8.473061343858879, 40.213254687968067 ], [ -8.472692025574878, 40.213466361539673 ], [ -8.472297420643034, 40.213649262299761 ], [ -8.471881329647532, 40.21380162857708 ], [ -8.471447760210571, 40.213921992792336 ], [ -8.47144323692506, 40.213922875478424 ], [ -8.47143245851896, 40.213934106297302 ], [ -8.471124092250159, 40.214196945591631 ], [ -8.470783603637452, 40.214435346495101 ], [ -8.470414271832063, 40.214647012811426 ], [ -8.470108017866464, 40.214788952101614 ], [ -8.470106115443, 40.214793077536832 ], [ -8.469910541854148, 40.21511322179947 ], [ -8.46967497599022, 40.215417128097407 ], [ -8.469401686140147, 40.215701869414545 ], [ -8.469093304021991, 40.215964703283149 ], [ -8.468752799446239, 40.216203098205121 ], [ -8.46838345171791, 40.216414758041751 ], [ -8.467988818052751, 40.216597644137103 ], [ -8.467572699311811, 40.216749994961155 ], [ -8.467139103384659, 40.216870343083428 ], [ -8.466692206574347, 40.216957529313163 ], [ -8.46623631335669, 40.217010713869612 ], [ -8.465775814902161, 40.217029384474557 ], [ -8.465315146760766, 40.217013361288963 ], [ -8.464858746118455, 40.216962798646165 ], [ -8.464411009037681, 40.216878183564646 ], [ -8.463976248094973, 40.216760331055106 ], [ -8.463694011813743, 40.216658983212866 ], [ -8.463325008402402, 40.2167613894308 ], [ -8.462878107318041, 40.216848560953181 ], [ -8.462831407931368, 40.216854007429554 ], [ -8.462637216437304, 40.21701948958863 ], [ -8.46229668385212, 40.217257865586902 ], [ -8.461927310190623, 40.217469504887369 ], [ -8.461532652918493, 40.217652369031875 ], [ -8.461116513124297, 40.217804696701819 ], [ -8.460682898900513, 40.217925020689783 ], [ -8.460235986726548, 40.218012182037491 ], [ -8.45978008122629, 40.218065341203896 ], [ -8.459319573688584, 40.218083986155364 ], [ -8.458897814451721, 40.218069293072894 ], [ -8.458817108986134, 40.218098832983536 ], [ -8.458383488765532, 40.218219148374963 ], [ -8.457936571655642, 40.218306300859389 ], [ -8.457480662327923, 40.218359450981168 ], [ -8.457141424812404, 40.218373179338947 ], [ -8.456963322627704, 40.218407908839481 ], [ -8.456581203271243, 40.218452453267126 ], [ -8.456256739145529, 40.218602771008783 ], [ -8.455840581609621, 40.218755079755034 ], [ -8.455406951874126, 40.218875384019128 ], [ -8.455276051274559, 40.2189009070784 ], [ -8.455267357688721, 40.218904088746108 ], [ -8.454833725976934, 40.219024390867304 ], [ -8.454650679475247, 40.219060080269493 ], [ -8.454483721365071, 40.219202324307318 ], [ -8.454143149169951, 40.219440676382554 ], [ -8.453773738158459, 40.219652289729254 ], [ -8.453379046156204, 40.219835126139216 ], [ -8.452962874586458, 40.219987424561012 ], [ -8.452529231847937, 40.220107718068924 ], [ -8.452082294694852, 40.2201948479983 ], [ -8.451626367991832, 40.220247975110773 ], [ -8.451165843232056, 40.220266587681508 ], [ -8.450705156219021, 40.220250506430617 ], [ -8.450248744320504, 40.220199886250818 ], [ -8.449801003707353, 40.220115214714944 ], [ -8.449366246990037, 40.219997307377561 ], [ -8.448948661661875, 40.219847299916069 ], [ -8.448552269750099, 40.219666637187096 ], [ -8.44818088906416, 40.219457059304005 ], [ -8.447838096415113, 40.219220584869703 ], [ -8.447527193160836, 40.218959491526604 ], [ -8.447251173409173, 40.218676294011594 ], [ -8.447012695185377, 40.21837371992752 ], [ -8.446814054841399, 40.218054683465006 ], [ -8.446774134087148, 40.217970097708125 ], [ -8.446403856628473, 40.21786966332057 ], [ -8.445986290856302, 40.217719645042038 ], [ -8.44558991918233, 40.217538972024762 ], [ -8.445421257088279, 40.217443783090268 ], [ -8.445061525650951, 40.217314538449607 ], [ -8.444876079466509, 40.217472503527709 ], [ -8.444535482044472, 40.217710827500383 ], [ -8.444166050305288, 40.217922410325478 ], [ -8.443771342274413, 40.21810521408878 ], [ -8.443355159529689, 40.218257478053296 ], [ -8.443256507731457, 40.218284835905216 ], [ -8.443269920979729, 40.218480203755476 ], [ -8.443248903315977, 40.218833350578684 ], [ -8.443210766053712, 40.219035299958428 ], [ -8.443283225788628, 40.219188847299293 ], [ -8.443396841502727, 40.219531464636539 ], [ -8.443466102819073, 40.219880968935648 ], [ -8.443490342043534, 40.220233994360719 ], [ -8.44347686449246, 40.220460456807785 ], [ -8.443538073776681, 40.220523261960913 ], [ -8.443776544187855, 40.220825843121119 ], [ -8.44397517849456, 40.221144884666643 ], [ -8.444132063300671, 40.22147731426152 ], [ -8.444150450915929, 40.221532759694419 ], [ -8.44428681065793, 40.221751773019797 ], [ -8.444443698403447, 40.222084202146341 ], [ -8.444557324886246, 40.222426818132483 ], [ -8.444626595205555, 40.222776321528428 ], [ -8.444650841580456, 40.223129346506951 ], [ -8.444629829806724, 40.223482493275128 ], [ -8.444563761539165, 40.223832360814953 ], [ -8.444453272376499, 40.224175579637837 ], [ -8.444299425766106, 40.224508844237413 ], [ -8.444103702786435, 40.224828944928092 ], [ -8.443981749426481, 40.224986152185345 ], [ -8.44395472422247, 40.225070098676333 ], [ -8.443872253500745, 40.225248742762446 ], [ -8.443946747783988, 40.225368385742804 ], [ -8.444103642327011, 40.225700815097028 ], [ -8.444217273258525, 40.226043431186234 ], [ -8.444286545634801, 40.226392934559627 ], [ -8.444310791654987, 40.226745959390229 ], [ -8.444289777118142, 40.227099105886531 ], [ -8.444223703705562, 40.227448973033127 ], [ -8.444113207065394, 40.227792191345209 ], [ -8.44395935071692, 40.228125455321297 ], [ -8.443763615832284, 40.228445555281823 ], [ -8.443613041328261, 40.228639645247739 ], [ -8.44357026394602, 40.228772512078258 ], [ -8.443416402744464, 40.229105775294457 ], [ -8.443220662505514, 40.229425874302684 ], [ -8.442984927862307, 40.229729726171612 ], [ -8.442711468729595, 40.230014404409012 ], [ -8.442685471567044, 40.230036543815068 ], [ -8.442729520094462, 40.230258796683934 ], [ -8.442751668130041, 40.230581362346534 ], [ -8.442812530844895, 40.230632471052573 ], [ -8.443088581031185, 40.230915678453378 ], [ -8.443327086190681, 40.231218259865926 ], [ -8.443396395554997, 40.231329567271779 ], [ -8.443624865491556, 40.231372779162257 ], [ -8.444059685250984, 40.231490707595896 ], [ -8.44447733157771, 40.231640732163974 ], [ -8.444873782761686, 40.231821408250767 ], [ -8.445245221100048, 40.232030996079409 ], [ -8.445568933839501, 40.232254278513942 ], [ -8.446024924187601, 40.23230486137733 ], [ -8.446472740558185, 40.232389547054318 ], [ -8.446907571702356, 40.232507464724733 ], [ -8.447325230507206, 40.232657478942258 ], [ -8.447721695142601, 40.232838145190826 ], [ -8.448093147776214, 40.233047723788317 ], [ -8.448436011328319, 40.233284196631637 ], [ -8.44874698391286, 40.23354528662248 ], [ -8.449023070633453, 40.233828479586862 ], [ -8.449261612428177, 40.234131048477757 ], [ -8.449460311685323, 40.23445007962831 ], [ -8.449617254383082, 40.234782500802787 ], [ -8.449730928539495, 40.235125110776011 ], [ -8.449800238794349, 40.235474610156182 ], [ -8.449824516981737, 40.235827633154898 ], [ -8.44980352859063, 40.236180779998357 ], [ -8.449737475050197, 40.236530649667898 ], [ -8.449626991816851, 40.236873872654471 ], [ -8.449601986681165, 40.236928039322663 ], [ -8.44959798371611, 40.236995388052264 ], [ -8.449531928352796, 40.237345257562261 ], [ -8.449469269908827, 40.237539906074204 ], [ -8.449548218165342, 40.237640038487982 ], [ -8.449746929128802, 40.237959068908246 ], [ -8.44990388143925, 40.23829148945574 ], [ -8.449934478911175, 40.238383703369685 ], [ -8.450088401246997, 40.238489850923308 ], [ -8.450399404094156, 40.238750936123346 ], [ -8.450675518957858, 40.239034124783089 ], [ -8.450914086505145, 40.239336689897051 ], [ -8.451112808876248, 40.239655717834772 ], [ -8.451269771826679, 40.239988136391545 ], [ -8.451383463179326, 40.240330744367412 ], [ -8.451452787408224, 40.240680242389885 ], [ -8.451477076212726, 40.241033264683665 ], [ -8.451456094979381, 40.241386411481777 ], [ -8.451390045068235, 40.241736281766002 ], [ -8.451279561900565, 40.242079506021383 ], [ -8.451125708865373, 40.242412778689257 ], [ -8.450929967102379, 40.242732890006266 ], [ -8.450694221258935, 40.243036756922528 ], [ -8.450420741357254, 40.243321452800842 ], [ -8.450273124613377, 40.243447161534455 ], [ -8.450232245419906, 40.243574146189431 ], [ -8.450078383904058, 40.243907417411535 ], [ -8.449882632937456, 40.244227526909839 ], [ -8.449646877256072, 40.244531391651947 ], [ -8.449373386976864, 40.244816085021561 ], [ -8.449064795748345, 40.245078865012374 ], [ -8.448724075395276, 40.245317200644841 ], [ -8.448354507301355, 40.245528796351017 ], [ -8.447959650805375, 40.245711614092379 ], [ -8.447543308915323, 40.245863892997065 ], [ -8.447109491670876, 40.245984166327226 ], [ -8.446738178355316, 40.246056507804028 ], [ -8.446757408594834, 40.246087380697006 ], [ -8.446914365339241, 40.246419804815311 ], [ -8.447028045733223, 40.246762416731045 ], [ -8.44703056915945, 40.246775141594327 ], [ -8.447173828352073, 40.247078549257857 ], [ -8.447603022278898, 40.246959559365976 ], [ -8.44805014105005, 40.246872446442417 ], [ -8.448506249090942, 40.246819332968201 ], [ -8.448966954502444, 40.246800730373423 ], [ -8.449021660268576, 40.246802640076368 ], [ -8.449468198887693, 40.246750637086798 ], [ -8.449928903545237, 40.246732030665221 ], [ -8.450389769918218, 40.246748114242791 ], [ -8.450846360312372, 40.246798732947362 ], [ -8.451294278188199, 40.246883399366034 ], [ -8.45172921047608, 40.247001298236384 ], [ -8.451891424800504, 40.247059541480958 ], [ -8.451899092147825, 40.247059808943753 ], [ -8.452355685723024, 40.247110421678471 ], [ -8.45280360749806, 40.247195082235727 ], [ -8.453238544365796, 40.247312975409571 ], [ -8.45365630819566, 40.247462965989605 ], [ -8.453740119523991, 40.247501143722467 ], [ -8.454159746394486, 40.247452257859379 ], [ -8.454620454399523, 40.247433632750273 ], [ -8.455081326518755, 40.247449697620176 ], [ -8.45553792500262, 40.24750029777708 ], [ -8.455985853233768, 40.24758494598661 ], [ -8.456420798042934, 40.24770282716166 ], [ -8.456838571223138, 40.247852806207362 ], [ -8.456845578448434, 40.247855997862828 ], [ -8.457019073821705, 40.24790301815213 ], [ -8.457436849541761, 40.248052995022924 ], [ -8.457833430910547, 40.248233625694716 ], [ -8.458204998972031, 40.248443170828075 ], [ -8.45854797553527, 40.24867961264227 ], [ -8.458859057626187, 40.248940674337945 ], [ -8.459135249294009, 40.249223842013798 ], [ -8.45937389046623, 40.249526388866528 ], [ -8.459478040214483, 40.249693524088414 ], [ -8.459629346482219, 40.249587665958472 ], [ -8.45999890121662, 40.249376034447671 ], [ -8.460393746274157, 40.249193175789657 ], [ -8.460810079404942, 40.24904085077614 ], [ -8.461243891532792, 40.248920526171375 ], [ -8.461691005347959, 40.248833360594475 ], [ -8.462147115516213, 40.24878019336785 ], [ -8.462607830117896, 40.248761536439069 ], [ -8.463068712918743, 40.248777569453701 ], [ -8.463525326066378, 40.248828138026369 ], [ -8.463973272802336, 40.248912755226804 ], [ -8.464080009972252, 40.248941675052087 ], [ -8.464159150567314, 40.248770179794384 ], [ -8.4643548470589, 40.248450046615872 ], [ -8.464590550244891, 40.248146152326271 ], [ -8.464863989835296, 40.247861423361101 ], [ -8.465172532244649, 40.247598601562473 ], [ -8.465513205963056, 40.247360217783474 ], [ -8.465882730176428, 40.247148567524661 ], [ -8.466092901945128, 40.247051216341653 ], [ -8.46609472472165, 40.247050172307567 ], [ -8.466489539760056, 40.246867292898685 ], [ -8.466905844860442, 40.246714946006975 ], [ -8.467339631216399, 40.246594598607324 ], [ -8.467786721766204, 40.246507409538324 ], [ -8.46824281139954, 40.246454218348561 ], [ -8.468703508394375, 40.2464355372163 ], [ -8.469164376685912, 40.246451546020118 ], [ -8.469620978561441, 40.246502090607727 ], [ -8.470068917371025, 40.246586684279748 ], [ -8.470503879843669, 40.246704512474089 ], [ -8.470921677602488, 40.246854440605972 ], [ -8.471318287479956, 40.247035024988271 ], [ -8.471689890245779, 40.247244526727208 ], [ -8.472032907375139, 40.247480928459943 ], [ -8.472344035503628, 40.247741953773051 ], [ -8.472620278237484, 40.248025089115643 ], [ -8.472858975012759, 40.248327607995819 ], [ -8.473057826725535, 40.248646597228628 ], [ -8.473214917885951, 40.248978984982379 ], [ -8.473328735082301, 40.249321570354063 ], [ -8.473398181576686, 40.249671054189193 ], [ -8.473422587890848, 40.250024070849449 ], [ -8.473401718279407, 40.250377220622397 ], [ -8.473335773027062, 40.250727102461532 ], [ -8.473225386546691, 40.251070346740846 ], [ -8.473071621295599, 40.251403647709111 ], [ -8.472875957567478, 40.251723795330619 ], [ -8.472640279257501, 40.252027706205979 ], [ -8.472366855736828, 40.252312453274705 ], [ -8.472058320010378, 40.25257529401339 ], [ -8.471717643367752, 40.252813696857388 ], [ -8.471348106771098, 40.253025365591391 ], [ -8.471137924177441, 40.25312272626234 ], [ -8.471136101316697, 40.25312377037509 ], [ -8.4707412626551, 40.253306665535327 ], [ -8.470324925962746, 40.253459026179847 ], [ -8.469891101228939, 40.253579384783301 ], [ -8.469443966961212, 40.253666582053732 ], [ -8.468987829923318, 40.253719778103871 ], [ -8.468527083635063, 40.253738460544646 ], [ -8.468386323239153, 40.253733571077021 ], [ -8.468374593377952, 40.253770034628026 ], [ -8.468220798265968, 40.254103329116916 ], [ -8.46802510393487, 40.254423468511796 ], [ -8.467789394574597, 40.254727369492414 ], [ -8.467515939855407, 40.255012105093556 ], [ -8.467207373082775, 40.255274932902182 ], [ -8.466866665845414, 40.255513321478134 ], [ -8.466839010379246, 40.255529160041867 ], [ -8.466766048120805, 40.255648513181626 ], [ -8.466530328897422, 40.255952411573261 ], [ -8.466256863984306, 40.256237144180083 ], [ -8.465948286785121, 40.256499968617852 ], [ -8.465607568989023, 40.256738353478887 ], [ -8.46549702074792, 40.256801662467581 ], [ -8.465450724892504, 40.257047114724514 ], [ -8.465340288470539, 40.25739035130934 ], [ -8.465186470368632, 40.25772364164979 ], [ -8.465001640183345, 40.258025965287615 ], [ -8.464972231255668, 40.258117365336403 ], [ -8.464818409722529, 40.258450655159557 ], [ -8.464622686932953, 40.258770788674731 ], [ -8.464386947350922, 40.259074682618255 ], [ -8.464162340903194, 40.25930852124575 ], [ -8.464330204012045, 40.259577823420166 ], [ -8.464487278197421, 40.25991022246258 ], [ -8.464601070133579, 40.260252815873457 ], [ -8.464670483325436, 40.2606023044208 ], [ -8.46467569496863, 40.260677813960548 ], [ -8.464830279543362, 40.2609258047002 ], [ -8.464987359334012, 40.26125820296398 ], [ -8.465101156094246, 40.261600795783984 ], [ -8.465170573282489, 40.261950283933963 ], [ -8.465191125124612, 40.262248012404207 ], [ -8.465471005442613, 40.26240578990943 ], [ -8.465814077983321, 40.262642209233476 ], [ -8.46612525217841, 40.262903250397194 ], [ -8.466401531190247, 40.263186399697105 ], [ -8.466640254105204, 40.26348893050708 ], [ -8.466839121567222, 40.263807929527317 ], [ -8.466996217934307, 40.264140324831921 ], [ -8.46711002974409, 40.264482915445186 ], [ -8.467179460309994, 40.264832402162149 ], [ -8.467203840306613, 40.265185419316687 ], [ -8.467182934241457, 40.265538567191541 ], [ -8.467116942749783, 40.265888444758367 ], [ -8.467006500689317, 40.266231682432192 ], [ -8.466852671052228, 40.266564974525231 ], [ -8.466656934751969, 40.266885111087106 ], [ -8.466421176382411, 40.267189008824765 ], [ -8.466147666085622, 40.267473740804078 ], [ -8.465839037702219, 40.267736564646789 ], [ -8.465498263414251, 40.267974948950808 ], [ -8.465128625124457, 40.268186597679261 ], [ -8.464733682847443, 40.268369472282693 ], [ -8.464317240417282, 40.268521811341351 ], [ -8.463883308842055, 40.268642147537719 ], [ -8.463436067658744, 40.268729321795625 ], [ -8.462979824661302, 40.26878249444939 ], [ -8.462518974390537, 40.268801153335346 ], [ -8.462517374070439, 40.268801097678079 ], [ -8.462345565195983, 40.268808053393855 ], [ -8.461884546581317, 40.268792018094992 ], [ -8.46142780028492, 40.268741443751658 ], [ -8.460979725699803, 40.268656817495227 ], [ -8.460544638654421, 40.268538954444246 ], [ -8.460126729824854, 40.268388989849797 ], [ -8.459730024355158, 40.268208368155918 ], [ -8.459358343075602, 40.267998829081101 ], [ -8.459015265692925, 40.267762390854898 ], [ -8.458888781874583, 40.267656275760864 ], [ -8.458934817430251, 40.267888134655806 ], [ -8.458959155781269, 40.268241153525814 ], [ -8.458938205994247, 40.268594299897643 ], [ -8.458872169125415, 40.268944172757266 ], [ -8.458761680469465, 40.269287402564942 ], [ -8.458607803467316, 40.269620683708524 ], [ -8.458559887349471, 40.269699030744633 ], [ -8.458776704231822, 40.269821262932375 ], [ -8.459119791239779, 40.270057701743887 ], [ -8.459430973997465, 40.270318760541464 ], [ -8.459707255584584, 40.270601925451892 ], [ -8.459945975062455, 40.270904469698678 ], [ -8.460144833107844, 40.271223479852679 ], [ -8.460301914169134, 40.271555883880758 ], [ -8.460415704931048, 40.271898480723188 ], [ -8.460485108909394, 40.272247971114943 ], [ -8.460509457034513, 40.272600989354444 ], [ -8.460488514120577, 40.272954135713888 ], [ -8.460422481157471, 40.273304009179419 ], [ -8.460311993402113, 40.273647240205456 ], [ -8.460158114286594, 40.27398052316812 ], [ -8.459962325200779, 40.274300648204857 ], [ -8.459726511246863, 40.274604532133452 ], [ -8.459452943102251, 40.274889248152689 ], [ -8.45936729856556, 40.274962163139094 ], [ -8.459388542466259, 40.275270234196036 ], [ -8.45936759298985, 40.275623380215706 ], [ -8.459301551741422, 40.275973252912969 ], [ -8.459191054057603, 40.276316482749586 ], [ -8.45903716346603, 40.276649764113131 ], [ -8.458981471849528, 40.276740816485272 ], [ -8.459068765761796, 40.277003633602675 ], [ -8.459138168207351, 40.277353124500273 ], [ -8.459162511339448, 40.277706142731653 ], [ -8.459141560020168, 40.278059288569104 ], [ -8.459075515320162, 40.278409161003744 ], [ -8.458965012609221, 40.278752390499918 ], [ -8.458846367306627, 40.279009330067616 ], [ -8.458752945809382, 40.279299498531294 ], [ -8.458599046397794, 40.279632779175159 ], [ -8.458403233816631, 40.279952901353724 ], [ -8.458296715860543, 40.280090150215365 ], [ -8.458395202556495, 40.280386659934479 ], [ -8.45846460511255, 40.280736151031469 ], [ -8.458488946073652, 40.28108916920683 ], [ -8.458467990322672, 40.281442314733432 ], [ -8.458401938972823, 40.281792186605323 ], [ -8.458291427457828, 40.282135415292274 ], [ -8.458137519438354, 40.28246869519284 ], [ -8.457941696582429, 40.282788816473875 ], [ -8.457705844317323, 40.283092695989289 ], [ -8.457432233689302, 40.283377406980257 ], [ -8.457123499505288, 40.283640207270452 ], [ -8.45678261496642, 40.283878565684475 ], [ -8.456412863037494, 40.284090186434625 ], [ -8.456017804827912, 40.284273031240787 ], [ -8.455819304260984, 40.284345609782825 ], [ -8.455835674413997, 40.284428056541906 ], [ -8.455860003155816, 40.284781075092937 ], [ -8.455839032709349, 40.285134219975546 ], [ -8.455772964329222, 40.285484090190018 ], [ -8.45566243361306, 40.28582731622199 ], [ -8.455508504406364, 40.286160592495548 ], [ -8.455312658581148, 40.286480709212427 ], [ -8.455076781785863, 40.286784583270439 ], [ -8.454803145303012, 40.287069287963284 ], [ -8.454494384188541, 40.287332081175229 ], [ -8.454153471903004, 40.287570431799004 ], [ -8.453900149585179, 40.287715399594418 ], [ -8.453882022694167, 40.288020498283785 ], [ -8.453815941504272, 40.288370367255972 ], [ -8.453705396271607, 40.288713591303519 ], [ -8.453551450981408, 40.289046864869562 ], [ -8.453355587660537, 40.289366978181874 ], [ -8.453119692125908, 40.289670848171021 ], [ -8.452846035840494, 40.289955548169836 ], [ -8.452537254050974, 40.290218336107763 ], [ -8.452196320417048, 40.290456680928308 ], [ -8.452101242148041, 40.290511086320315 ], [ -8.452053986886837, 40.290761236726055 ], [ -8.451943428914003, 40.291104458997467 ], [ -8.451789469605778, 40.291437730135428 ], [ -8.451593591123988, 40.291757840391085 ], [ -8.451357679431537, 40.292061706724368 ], [ -8.451084006147013, 40.292346402503298 ], [ -8.450775206680818, 40.292609185697962 ], [ -8.450434254862934, 40.292847525297482 ], [ -8.450064434306285, 40.293059125695258 ], [ -8.449669306781452, 40.293241948807164 ], [ -8.449252677907308, 40.293394233709215 ], [ -8.448818560488359, 40.293514513605402 ], [ -8.448371135852298, 40.293601629961763 ], [ -8.447914713560793, 40.293654743670359 ], [ -8.447453689882309, 40.29367334313531 ], [ -8.446992505427792, 40.293657249202887 ], [ -8.446535602358209, 40.293606616888077 ], [ -8.446087381577113, 40.293521933880832 ], [ -8.445652160321503, 40.293404015846555 ], [ -8.445234130560403, 40.293253998566129 ], [ -8.444837318602763, 40.293073326991347 ], [ -8.444465546304459, 40.292863741321355 ], [ -8.444122394248668, 40.292627260234745 ], [ -8.443811167254724, 40.292366161438736 ], [ -8.443534862547942, 40.292082959723373 ], [ -8.44329614089702, 40.291780382732604 ], [ -8.443097300996966, 40.291461344685658 ], [ -8.442997040351642, 40.291249115669402 ], [ -8.442980913782266, 40.291223240328932 ], [ -8.442823871257033, 40.290890813769806 ], [ -8.442710136721285, 40.290548200538545 ], [ -8.442641641792598, 40.290202919182249 ], [ -8.442486733137288, 40.289875000618352 ], [ -8.442373002037346, 40.2895323869827 ], [ -8.442303673005675, 40.289182886487865 ], [ -8.442279413046572, 40.288829865096375 ], [ -8.442300455095989, 40.288476722627856 ], [ -8.442366595805158, 40.28812686001563 ], [ -8.442477197525939, 40.287783646554807 ], [ -8.442631194477732, 40.287450387456865 ], [ -8.44282710303556, 40.287130292023356 ], [ -8.443063036039332, 40.286826442744989 ], [ -8.443336720985636, 40.28654176562334 ], [ -8.443645521926246, 40.286279002000832 ], [ -8.443986464861895, 40.286040682169798 ], [ -8.444356266386491, 40.285829101014684 ], [ -8.444751365305761, 40.285646295921168 ], [ -8.445167956925957, 40.285494027164908 ], [ -8.445582772029542, 40.285379096625832 ], [ -8.445861195658139, 40.28514216552248 ], [ -8.446202125084362, 40.284903839166695 ], [ -8.446455453500107, 40.284758888132096 ], [ -8.446473613013309, 40.284453790310494 ], [ -8.446539728403598, 40.284103925165176 ], [ -8.446650302566251, 40.283760707580775 ], [ -8.446804269986144, 40.283427442808545 ], [ -8.447000147322749, 40.283107340204786 ], [ -8.447236047716654, 40.282803482329314 ], [ -8.447431294419799, 40.282600362032682 ], [ -8.447400366254131, 40.282444491164426 ], [ -8.44737608242281, 40.282091470521024 ], [ -8.447397096080349, 40.281738326822008 ], [ -8.447463204151637, 40.281388461012632 ], [ -8.447573769303039, 40.281045242418919 ], [ -8.447727726106288, 40.280711976301824 ], [ -8.447923591323159, 40.280391872030641 ], [ -8.448159478211005, 40.280088012181288 ], [ -8.448433114710529, 40.279803322857198 ], [ -8.448741865340011, 40.279540545518422 ], [ -8.449082756584602, 40.279302210589464 ], [ -8.449452505535858, 40.279090613100188 ], [ -8.449644238943192, 40.279001881485016 ], [ -8.449637596477787, 40.278981874691738 ], [ -8.449568241191585, 40.278632378012816 ], [ -8.449543947580498, 40.278279357629259 ], [ -8.449564948904946, 40.277926213351073 ], [ -8.449631042208724, 40.277576346129145 ], [ -8.449741590300532, 40.277233125303084 ], [ -8.449860267068338, 40.276976194871644 ], [ -8.449872783597048, 40.276937333966011 ], [ -8.449855672647979, 40.276931192680287 ], [ -8.449458944206887, 40.276750536127572 ], [ -8.449087247471157, 40.276540964428889 ], [ -8.448744162296205, 40.276304496128063 ], [ -8.448432992857333, 40.276043408809038 ], [ -8.448156735825737, 40.275760217151173 ], [ -8.447918051511262, 40.275457648701462 ], [ -8.447719238249723, 40.275138617596731 ], [ -8.447562210281149, 40.274806196489934 ], [ -8.447448479331539, 40.274463586950723 ], [ -8.447379140074849, 40.274114088625943 ], [ -8.4473548596144, 40.273761067457258 ], [ -8.447375871084123, 40.273407923262212 ], [ -8.447441971430266, 40.273058056990855 ], [ -8.447552523393879, 40.272714837973616 ], [ -8.447706461673958, 40.272381571475634 ], [ -8.447902303210899, 40.272061466869879 ], [ -8.44813816149029, 40.271757606735555 ], [ -8.448411764728492, 40.271472917178933 ], [ -8.448720477764203, 40.271210139662337 ], [ -8.449061327444648, 40.27097180461211 ], [ -8.449187056995584, 40.270899844409612 ], [ -8.448828322265804, 40.270771075940615 ], [ -8.44843163263968, 40.270590415525241 ], [ -8.448059972903243, 40.270380840162581 ], [ -8.447965819101361, 40.270315938258143 ], [ -8.447837652735339, 40.270389291671371 ], [ -8.447560752300328, 40.270517447618317 ], [ -8.447401044433015, 40.270629118713998 ], [ -8.447031334958625, 40.27084070980716 ], [ -8.446636328144178, 40.271023522804946 ], [ -8.446219828445754, 40.271175796881018 ], [ -8.445785847423398, 40.271296065343805 ], [ -8.445338565090678, 40.271383169769614 ], [ -8.44488228963816, 40.271436271165541 ], [ -8.444421415919443, 40.271454858054391 ], [ -8.443960383100503, 40.271438751403636 ], [ -8.443503631881196, 40.271388106350742 ], [ -8.443358856514715, 40.271360740666303 ], [ -8.44330509869256, 40.27164519326832 ], [ -8.443194526937496, 40.271988408365232 ], [ -8.443040567349717, 40.272321668963315 ], [ -8.44284470209441, 40.272641765415173 ], [ -8.44260881700772, 40.272945614813757 ], [ -8.442335183452533, 40.273230290690279 ], [ -8.442026436457068, 40.273493051206614 ], [ -8.441685549346289, 40.273731365570463 ], [ -8.441315805110138, 40.273942938418465 ], [ -8.440920764784217, 40.274125731932003 ], [ -8.44050423314753, 40.274277985472366 ], [ -8.440070222067892, 40.274398232545813 ], [ -8.439622911848522, 40.27448531493468 ], [ -8.439166610948719, 40.27453839385835 ], [ -8.438705714467305, 40.27455695805611 ], [ -8.438244661789604, 40.274540828714031 ], [ -8.437787893806808, 40.274490161188226 ], [ -8.437339810120799, 40.274405443507803 ], [ -8.43690472664756, 40.274287491672148 ], [ -8.43648683402853, 40.274137441787616 ], [ -8.436090157251288, 40.273956739119946 ], [ -8.435718516869317, 40.273747124167656 ], [ -8.435458039589545, 40.273567530823406 ], [ -8.435429579135105, 40.273614031855011 ], [ -8.435193657415123, 40.273917866220465 ], [ -8.434919988763047, 40.274202524642185 ], [ -8.434611208545279, 40.274465265450075 ], [ -8.434270290406927, 40.274703558041651 ], [ -8.433900517636948, 40.274915107263197 ], [ -8.433505451545944, 40.27509787552367 ], [ -8.433088897161241, 40.275250102427613 ], [ -8.433044333069562, 40.275262446040074 ], [ -8.433168830035408, 40.275420325484077 ], [ -8.433367575903581, 40.275739381820209 ], [ -8.43352453666907, 40.276071822382427 ], [ -8.433638200174524, 40.276414445758874 ], [ -8.433707471160815, 40.276763952428666 ], [ -8.433731681838697, 40.277116976533108 ], [ -8.433710598345806, 40.277470118287532 ], [ -8.433644423025775, 40.277819976722036 ], [ -8.433533792506553, 40.278163182435414 ], [ -8.433379771595316, 40.278496430047205 ], [ -8.433183843047829, 40.278816510034936 ], [ -8.432947893309832, 40.279120339650007 ], [ -8.43267419436696, 40.279404992614019 ], [ -8.43250299409315, 40.279550648513357 ], [ -8.432539900167889, 40.279597448256425 ], [ -8.432738655438555, 40.279916505408487 ], [ -8.432895622914936, 40.280248946559588 ], [ -8.433009290374931, 40.280591570292195 ], [ -8.433078562521191, 40.280941077082019 ], [ -8.433102771553148, 40.281294101069207 ], [ -8.433081683624142, 40.281647242470214 ], [ -8.433015501120389, 40.281997100318542 ], [ -8.43290486073888, 40.28234030521859 ], [ -8.432750827381646, 40.282673551797686 ], [ -8.432554883924213, 40.282993630543331 ], [ -8.432318916955827, 40.283297458718799 ], [ -8.43204519862801, 40.283582110059541 ], [ -8.431736364785547, 40.28384484296356 ], [ -8.431395389590017, 40.284083126904413 ], [ -8.43102555687998, 40.284294666811604 ], [ -8.430630428543463, 40.284477425183709 ], [ -8.430213810207466, 40.284629641720464 ], [ -8.429779714575215, 40.28474985028447 ], [ -8.429775602614948, 40.284750650299742 ], [ -8.429470800682367, 40.284835053968806 ], [ -8.429023407907257, 40.284922095521004 ], [ -8.428567028342501, 40.284975132830986 ], [ -8.428106057844939, 40.284993655038896 ], [ -8.42764493651311, 40.284977483735375 ], [ -8.427188105899726, 40.284926774680748 ], [ -8.426739966210105, 40.284842016304289 ], [ -8.426304833899774, 40.284724024997452 ], [ -8.425886900080602, 40.284573937246961 ], [ -8.425490190136967, 40.284393198683361 ], [ -8.425118524941691, 40.284183550151027 ], [ -8.424775484045895, 40.283947010933943 ], [ -8.424464371197834, 40.283685859299084 ], [ -8.424188182523038, 40.283402610545288 ], [ -8.423949577672339, 40.283099992769337 ], [ -8.423750854215573, 40.282780920583036 ], [ -8.423593925527225, 40.282448467034818 ], [ -8.423480302376557, 40.282105834006494 ], [ -8.423411078398807, 40.281756321370899 ], [ -8.423386919586646, 40.281403295207213 ], [ -8.423408057902131, 40.281050155380719 ], [ -8.423474289069706, 40.280700302799026 ], [ -8.42358497457046, 40.280357106660404 ], [ -8.423739047817412, 40.280023872009288 ], [ -8.423935024451353, 40.279703807911652 ], [ -8.424171016657134, 40.279399996556307 ], [ -8.424444751361774, 40.279115363579507 ], [ -8.424753592138408, 40.278852649898539 ], [ -8.424853692023918, 40.2787827024272 ], [ -8.424773557889059, 40.278654033739784 ], [ -8.424606732339905, 40.278594115687646 ], [ -8.424210060826386, 40.278413372412807 ], [ -8.423838432416469, 40.278203719422528 ], [ -8.423495426306921, 40.277967176043674 ], [ -8.423184345910931, 40.277706020583267 ], [ -8.422908187041473, 40.277422768376894 ], [ -8.422669609062371, 40.277120147554562 ], [ -8.422470909284739, 40.276801072757337 ], [ -8.422314000855124, 40.276468617058718 ], [ -8.422200394347822, 40.276125982361251 ], [ -8.422131183237958, 40.275776468553715 ], [ -8.42212845422549, 40.275736575543924 ], [ -8.421745346089496, 40.275632659830322 ], [ -8.421327478351881, 40.275482555144393 ], [ -8.420930833735008, 40.275301800436715 ], [ -8.420559232482304, 40.275092136707109 ], [ -8.42021625352888, 40.274855583385857 ], [ -8.419905200026292, 40.274594418875651 ], [ -8.419629067528447, 40.274311158599282 ], [ -8.419390515145137, 40.27400853076437 ], [ -8.419191839940941, 40.273689450079502 ], [ -8.419034954825758, 40.273356989674802 ], [ -8.418921370149379, 40.273014351498091 ], [ -8.418852179176737, 40.272664835471616 ], [ -8.418828047582915, 40.27231180770714 ], [ -8.418849207068151, 40.271958668085297 ], [ -8.418915453153337, 40.271608817511677 ], [ -8.419026147176243, 40.271265625165157 ], [ -8.41918022246816, 40.270932396053638 ], [ -8.419376194650505, 40.270612339189746 ], [ -8.419612175951304, 40.270308536692646 ], [ -8.41988589340286, 40.270023914113338 ], [ -8.420194710744674, 40.269761212269003 ], [ -8.420535653820227, 40.269522960857195 ], [ -8.420905439222654, 40.269311454103587 ], [ -8.421300505913393, 40.269128728677572 ], [ -8.421717049509368, 40.268976544087884 ], [ -8.422151058908765, 40.268856365746629 ], [ -8.422234365337268, 40.268840159849411 ], [ -8.422017470079892, 40.268717776044106 ], [ -8.421674518403641, 40.268481226689474 ], [ -8.421363488663134, 40.268220065728862 ], [ -8.421087376183495, 40.267936808550772 ], [ -8.420848839881828, 40.26763418333298 ], [ -8.420650176667985, 40.267315104758808 ], [ -8.420493299336556, 40.266982645938036 ], [ -8.420379718162568, 40.266640008803179 ], [ -8.420310526377444, 40.26629049326646 ], [ -8.420286389664314, 40.265937465434945 ], [ -8.420307539772946, 40.265584325189877 ], [ -8.420373772314758, 40.265234473442916 ], [ -8.420484448758149, 40.264891279384273 ], [ -8.420638502603895, 40.264558048038367 ], [ -8.420834449680102, 40.264237988439412 ], [ -8.421070402456692, 40.263934182732967 ], [ -8.421344088240748, 40.263649556500994 ], [ -8.421652871076775, 40.26338685059595 ], [ -8.421993777140548, 40.263148594754504 ], [ -8.422363523381586, 40.262937083245085 ], [ -8.422758549138376, 40.262754352782935 ], [ -8.423175050421913, 40.262602162925333 ], [ -8.423609016537707, 40.262481979135138 ], [ -8.424056268694038, 40.262394958675671 ], [ -8.424512500225283, 40.262341939472208 ], [ -8.424694365700059, 40.262334635587791 ], [ -8.424705357535647, 40.262300542834545 ], [ -8.424859384836308, 40.261967305813641 ], [ -8.425055304576226, 40.261647239020391 ], [ -8.425291229488566, 40.261343424669704 ], [ -8.42556488714869, 40.261058788426844 ], [ -8.425873641871879, 40.260796071240712 ], [ -8.426214520104546, 40.260557802956669 ], [ -8.426584239064113, 40.260346277962967 ], [ -8.42697923835167, 40.260163533104745 ], [ -8.427395714232981, 40.26001132807788 ], [ -8.42782965625805, 40.259891128491333 ], [ -8.428276885867019, 40.259804091760515 ], [ -8.428733096611271, 40.259751055967342 ], [ -8.428778541279874, 40.259749229168335 ], [ -8.428985355319035, 40.25953409567424 ], [ -8.42929408986131, 40.259271369364804 ], [ -8.429634948414227, 40.259033091012768 ], [ -8.430004648384646, 40.258821555103317 ], [ -8.430399629556426, 40.258638798586716 ], [ -8.430470348552015, 40.258612950672578 ], [ -8.430379462847688, 40.258466997926043 ], [ -8.430103131792871, 40.258457308573149 ], [ -8.429646477934991, 40.258406608358186 ], [ -8.42928089612165, 40.258337444985692 ], [ -8.429267804710973, 40.258337971307228 ], [ -8.428806864176218, 40.258321803912906 ], [ -8.428399025856464, 40.258276518797622 ], [ -8.428362621647834, 40.258280750941751 ], [ -8.4279018322556, 40.258299271775286 ], [ -8.427440892275609, 40.258283098937916 ], [ -8.426984241513122, 40.258232388204732 ], [ -8.426536278440485, 40.258147628021135 ], [ -8.42617481469447, 40.258049572685167 ], [ -8.425784533090409, 40.25823013686415 ], [ -8.42536806446105, 40.258382336113577 ], [ -8.424934127647326, 40.25850252648226 ], [ -8.424486902237076, 40.258589550298908 ], [ -8.424030695872538, 40.258642569347266 ], [ -8.423569902741699, 40.25866107294349 ], [ -8.423108961234044, 40.258644882857503 ], [ -8.422652311169546, 40.25859415503065 ], [ -8.422204351013812, 40.258509378072922 ], [ -8.421769395492483, 40.258391368554676 ], [ -8.42135163401405, 40.258241263137919 ], [ -8.420955090302467, 40.258060507623185 ], [ -8.420872579716061, 40.258013941920552 ], [ -8.420788923677955, 40.258121664143957 ], [ -8.420515257696696, 40.25840628926597 ], [ -8.420206492971017, 40.258668992298631 ], [ -8.419865602997275, 40.258907243003357 ], [ -8.419495870793524, 40.259118746630037 ], [ -8.41910085727991, 40.259301466026898 ], [ -8.418684366977493, 40.25945364126931 ], [ -8.41825041135615, 40.259573806617858 ], [ -8.417803170184989, 40.259660804642294 ], [ -8.417346951258157, 40.2597137973748 ], [ -8.416886148884711, 40.259732274385101 ], [ -8.4164252015432, 40.259716057699251 ], [ -8.415968549109808, 40.259665303514815 ], [ -8.415520590072939, 40.259580500695762 ], [ -8.415085639147406, 40.259462466061578 ], [ -8.41466788569736, 40.259312336516253 ], [ -8.414271353369323, 40.25913155809274 ], [ -8.413899861324882, 40.258921872019158 ], [ -8.413556987447075, 40.258685297940872 ], [ -8.41324603387528, 40.258424114460347 ], [ -8.412969995200887, 40.25814083718285 ], [ -8.412731529630106, 40.257838194479611 ], [ -8.412532933391571, 40.257519101202213 ], [ -8.412376118634914, 40.257186630601893 ], [ -8.412262595032653, 40.256843984724426 ], [ -8.412193455261967, 40.256494463566135 ], [ -8.412169364505319, 40.25614143328805 ], [ -8.412190554070213, 40.255788293794872 ], [ -8.412256819188439, 40.255438445990883 ], [ -8.412367521015071, 40.255095259028252 ], [ -8.412521592806829, 40.254762037862996 ], [ -8.412717550219396, 40.254441991431243 ], [ -8.412953505623545, 40.254138201751751 ], [ -8.412992975934264, 40.254097155758764 ], [ -8.41299096117346, 40.25409391841341 ], [ -8.412909506029921, 40.253921215696508 ], [ -8.412844094068172, 40.253876078942184 ], [ -8.412533165346431, 40.253614893244894 ], [ -8.412257149292033, 40.253331613955048 ], [ -8.412018703893372, 40.253028969463188 ], [ -8.411870604747977, 40.252790990236889 ], [ -8.411726532813594, 40.253026295179907 ], [ -8.411490575741706, 40.253330082421691 ], [ -8.411216889861395, 40.253614685857578 ], [ -8.41090811070581, 40.25387736434714 ], [ -8.410567211910543, 40.254115587888172 ], [ -8.410437534044268, 40.254189758824687 ], [ -8.41042619427092, 40.254378667482342 ], [ -8.410359920721676, 40.25472851433048 ], [ -8.41024920932899, 40.255071699426509 ], [ -8.410095125679913, 40.255404917588308 ], [ -8.409899153135434, 40.255724959576916 ], [ -8.409663178566015, 40.256028743009622 ], [ -8.409389474197376, 40.256313342052842 ], [ -8.409080675740734, 40.256576015608388 ], [ -8.408739757017603, 40.256814233721556 ], [ -8.408584858711015, 40.25690282244225 ], [ -8.408407305744809, 40.257131385053334 ], [ -8.408133591680972, 40.257415981104231 ], [ -8.407824783360528, 40.257678651291243 ], [ -8.407483854700013, 40.25791686569216 ], [ -8.407114089090381, 40.258128329906469 ], [ -8.406719047773809, 40.258311007162035 ], [ -8.406302535539396, 40.25846313794014 ], [ -8.405868564068474, 40.258583256929761 ], [ -8.405421313282975, 40.258670207147198 ], [ -8.404965091069771, 40.258723151085256 ], [ -8.40450429176963, 40.258741578783699 ], [ -8.404043353831513, 40.258725312743707 ], [ -8.403586717040969, 40.258674509638283 ], [ -8.403138779735635, 40.258589658802755 ], [ -8.40303356474513, 40.258561093216727 ], [ -8.402925685713294, 40.25867324493089 ], [ -8.402616851487432, 40.258935901247995 ], [ -8.402275898191274, 40.259174100334398 ], [ -8.401906109453179, 40.259385547937121 ], [ -8.401511046738205, 40.259568207443998 ], [ -8.401492048667009, 40.259575145344776 ], [ -8.401380190222643, 40.25975776403159 ], [ -8.40114416354756, 40.260061530050784 ], [ -8.400870407216768, 40.260346108915527 ], [ -8.400561557442085, 40.260608759721933 ], [ -8.40022058853946, 40.260846952734305 ], [ -8.399850784287606, 40.261058393758169 ], [ -8.39945570630106, 40.261241046244713 ], [ -8.399039159722296, 40.261393150913797 ], [ -8.398605156563617, 40.261513242705853 ], [ -8.398157877052332, 40.261600164899178 ], [ -8.397701629352142, 40.261653080256565 ], [ -8.397240808049427, 40.261671479093096 ], [ -8.3969965956642, 40.261662846361048 ], [ -8.396625399339856, 40.261734977394205 ], [ -8.396169149507834, 40.261787886715027 ], [ -8.395708326842435, 40.261806279452799 ], [ -8.395247370017767, 40.261789978445442 ], [ -8.394790719001357, 40.261739140702943 ], [ -8.39434277226788, 40.261654255894243 ], [ -8.393907844413453, 40.261536141628753 ], [ -8.393490124579742, 40.261385935577543 ], [ -8.39309363608913, 40.261205084510628 ], [ -8.392722197680563, 40.26099533035589 ], [ -8.392379386720007, 40.260758693414409 ], [ -8.392068504740358, 40.260497452894157 ], [ -8.391792545642954, 40.260214124949705 ], [ -8.391554166867065, 40.25991143844017 ], [ -8.391355663804907, 40.259592308638865 ], [ -8.391198947708279, 40.259259809148617 ], [ -8.391085527299129, 40.258917142293221 ], [ -8.391016494260487, 40.258567608270724 ], [ -8.390992512746694, 40.25821457336577 ], [ -8.391013813013046, 40.257861437527318 ], [ -8.391080189225201, 40.257511601624159 ], [ -8.391191001468428, 40.25716843469354 ], [ -8.39134518193627, 40.25683524149828 ], [ -8.391541245238111, 40.256515230704885 ], [ -8.391558273973887, 40.256493319104685 ], [ -8.391430043542838, 40.256420898915593 ], [ -8.391087260234391, 40.256184257872704 ], [ -8.390776404234989, 40.255923013593495 ], [ -8.390500469195752, 40.255639682268708 ], [ -8.390262112324264, 40.25533699278995 ], [ -8.390063628801835, 40.255017860459105 ], [ -8.38990692969216, 40.254685358903281 ], [ -8.389793523553696, 40.254342690466153 ], [ -8.389724501932159, 40.253993155360945 ], [ -8.389700528872085, 40.253640119882711 ], [ -8.389721834547512, 40.253286983985923 ], [ -8.389788213072169, 40.252937148539893 ], [ -8.389899024509214, 40.252593982577451 ], [ -8.390053201060121, 40.252260790852127 ], [ -8.390249257372137, 40.251940782016263 ], [ -8.390485304864097, 40.251637037726368 ], [ -8.390506211162643, 40.251615307571456 ], [ -8.390536886171468, 40.251520307010537 ], [ -8.390691057181208, 40.251187114390817 ], [ -8.390887107411775, 40.250867104433887 ], [ -8.391123148340586, 40.250563358807049 ], [ -8.391396906426701, 40.250278802513591 ], [ -8.391705745019234, 40.25001617573237 ], [ -8.392046689757843, 40.249778007438181 ], [ -8.392134911218475, 40.249727566607255 ], [ -8.391903912510365, 40.249568083072376 ], [ -8.391762020399913, 40.249448827249502 ], [ -8.39157512113337, 40.249381604770868 ], [ -8.391178707933213, 40.249200746532019 ], [ -8.390807341232151, 40.248990985571638 ], [ -8.390464597705401, 40.248754342256284 ], [ -8.390153778236332, 40.248493095855167 ], [ -8.389877876124261, 40.2482097625794 ], [ -8.389639548259728, 40.247907071339313 ], [ -8.389441089544794, 40.247587937453659 ], [ -8.389284410804395, 40.247255434564515 ], [ -8.389171020401012, 40.246912765028299 ], [ -8.389102009729047, 40.246563229068791 ], [ -8.389078042727826, 40.246210192989238 ], [ -8.389099349513298, 40.245857056749884 ], [ -8.389165724188764, 40.245507221223356 ], [ -8.389276526854706, 40.245164055443269 ], [ -8.38943068979731, 40.244830864161393 ], [ -8.389626727795092, 40.244510856025876 ], [ -8.389862752443442, 40.24420711268651 ], [ -8.390136490358346, 40.243922559124563 ], [ -8.390445305083279, 40.243659935492673 ], [ -8.390786222487813, 40.243421770735338 ], [ -8.39115595941303, 40.243210358243999 ], [ -8.391327708843853, 40.243130950998214 ], [ -8.391529150599334, 40.243015766629938 ], [ -8.39192414433626, 40.242833140893417 ], [ -8.392093060614238, 40.242771456163283 ], [ -8.392389088906576, 40.242519691036684 ], [ -8.392729993770427, 40.242281520545859 ], [ -8.392837090723699, 40.242220279826931 ], [ -8.392998190537321, 40.242107727408438 ], [ -8.39336791341716, 40.241896307846567 ], [ -8.393762895689566, 40.24171367583515 ], [ -8.394024958590506, 40.241617969044569 ], [ -8.394209410389836, 40.2413168192531 ], [ -8.394445403491412, 40.24101306649959 ], [ -8.394719109368694, 40.240728502042522 ], [ -8.395027891873616, 40.240465866139481 ], [ -8.395368777185935, 40.240227687853185 ], [ -8.395738482455663, 40.240016260705403 ], [ -8.396133447416323, 40.239833620599242 ], [ -8.396199838240198, 40.239809372052306 ], [ -8.396026652912164, 40.23968979671637 ], [ -8.396007534946367, 40.239709674155307 ], [ -8.395698759660535, 40.23997231268347 ], [ -8.395357876785749, 40.240210491944474 ], [ -8.394988169272297, 40.240421917876446 ], [ -8.394593197802996, 40.240604554076171 ], [ -8.394176766494274, 40.240756641420511 ], [ -8.393742886247971, 40.240876715016981 ], [ -8.393349159321135, 40.24095323565934 ], [ -8.393174745936006, 40.241033881309576 ], [ -8.392758308800605, 40.241185963557108 ], [ -8.392324423283323, 40.241306031843472 ], [ -8.391877268478083, 40.241392929673552 ], [ -8.391421151347052, 40.241445820044909 ], [ -8.39096046521853, 40.241464193513444 ], [ -8.390677705868296, 40.241454179472399 ], [ -8.390577044895901, 40.241458193625839 ], [ -8.39011622725304, 40.241441871688068 ], [ -8.389659716793348, 40.241391013081589 ], [ -8.389211910637137, 40.241306107676309 ], [ -8.38877712202599, 40.241187973279949 ], [ -8.388359538759937, 40.241037747757417 ], [ -8.387963182845578, 40.240856878066118 ], [ -8.387591871744608, 40.240647106313162 ], [ -8.38724918159661, 40.24041045296898 ], [ -8.386938412770769, 40.240149197399305 ], [ -8.386662558078624, 40.23986585590346 ], [ -8.386424273954034, 40.23956315747084 ], [ -8.386225854877877, 40.239244017489384 ], [ -8.386069211293465, 40.238911509659765 ], [ -8.385955851224876, 40.238568836385916 ], [ -8.385886865774589, 40.238219297927543 ], [ -8.385862918639289, 40.237866260611874 ], [ -8.385884239743884, 40.237513124410995 ], [ -8.385950623054073, 40.237163290197152 ], [ -8.386061428587494, 40.236820126991255 ], [ -8.386215588603012, 40.236486939520304 ], [ -8.386411617907616, 40.236166936395755 ], [ -8.386647628180672, 40.23586319921916 ], [ -8.386921346176827, 40.235578652912523 ], [ -8.387230135631549, 40.23531603755864 ], [ -8.387571022657898, 40.23507788202236 ], [ -8.387940724389573, 40.234866479606403 ], [ -8.38833568059432, 40.234683865975818 ], [ -8.388752087953325, 40.23453179956315 ], [ -8.389185936676745, 40.234411744642991 ], [ -8.389633049103249, 40.234324857238093 ], [ -8.389728616879079, 40.234313775925592 ], [ -8.389922463235274, 40.234202924362783 ], [ -8.390317410235363, 40.234020303977175 ], [ -8.390731301210602, 40.233869146347644 ], [ -8.390949277611856, 40.23368374413743 ], [ -8.391290143396976, 40.233445577646101 ], [ -8.39165982465094, 40.233234163354489 ], [ -8.392054761338592, 40.233051537042016 ], [ -8.39218777642397, 40.233002955531461 ], [ -8.392293553440904, 40.232954041610036 ], [ -8.392709941296571, 40.232801960973291 ], [ -8.39314377192888, 40.232681891237924 ], [ -8.393590867850607, 40.232594988569346 ], [ -8.39404692390023, 40.232542089758965 ], [ -8.394507548679284, 40.232523704170355 ], [ -8.394968306818173, 40.232540008836907 ], [ -8.395424761664353, 40.2325908467581 ], [ -8.395872517982827, 40.232675728410562 ], [ -8.396307264258732, 40.232793836459706 ], [ -8.396724814195634, 40.232944033626353 ], [ -8.397121147010825, 40.23312487363301 ], [ -8.39749244614028, 40.233334615124491 ], [ -8.397835135981303, 40.233571238429199 ], [ -8.397882746143431, 40.233611257360756 ], [ -8.398302110287403, 40.233529727846502 ], [ -8.398758168836206, 40.23347681047246 ], [ -8.399035410599877, 40.233465733564351 ], [ -8.399170139368211, 40.23345010002717 ], [ -8.399190358984391, 40.233387436971967 ], [ -8.399297009386519, 40.233156812850339 ], [ -8.399206810681644, 40.23296541894581 ], [ -8.399117777974604, 40.232696427573103 ], [ -8.398853346511371, 40.232424866818313 ], [ -8.398615034501548, 40.232122193184381 ], [ -8.398416580215473, 40.231803073804642 ], [ -8.398259894435967, 40.231470582181387 ], [ -8.398146485593886, 40.231127920562585 ], [ -8.39807744526181, 40.230778389095789 ], [ -8.398053437665311, 40.230425354041074 ], [ -8.398074693311868, 40.230072215348926 ], [ -8.398141006797811, 40.229722373915735 ], [ -8.398251738813377, 40.229379198832142 ], [ -8.398361305492138, 40.229142262456307 ], [ -8.398175112528254, 40.22903708060295 ], [ -8.397832444448193, 40.228800458049591 ], [ -8.397521688415413, 40.228539230332032 ], [ -8.397245837118557, 40.228255913481306 ], [ -8.397007546959182, 40.227953236249384 ], [ -8.396809112476724, 40.22763411382001 ], [ -8.396652444263347, 40.22730161972482 ], [ -8.396539050580818, 40.226958956235542 ], [ -8.396470022855826, 40.226609423517715 ], [ -8.396446025192661, 40.226256387843414 ], [ -8.396467288003281, 40.225903249169065 ], [ -8.39653360581517, 40.225553408390844 ], [ -8.396644339277055, 40.225210234593128 ], [ -8.396798421342124, 40.224877032605093 ], [ -8.39699436756821, 40.22455701117817 ], [ -8.397230290434811, 40.224253252090357 ], [ -8.397461238121032, 40.224013067179143 ], [ -8.397494412677309, 40.223838046123866 ], [ -8.397605138539983, 40.223494871329528 ], [ -8.397759212050165, 40.223161667991086 ], [ -8.397955148848101, 40.222841644872965 ], [ -8.398191061504116, 40.222537883769512 ], [ -8.398464677712903, 40.222253309833334 ], [ -8.398773362190052, 40.2219906634135 ], [ -8.399079633464041, 40.221776593745616 ], [ -8.399110878147805, 40.221709018197778 ], [ -8.399306804425725, 40.221388992745098 ], [ -8.399542706026796, 40.221085228846114 ], [ -8.399716873639031, 40.220904076896225 ], [ -8.39927512331311, 40.220820334461571 ], [ -8.398840448599481, 40.220702237085476 ], [ -8.398650074220134, 40.220633749298742 ], [ -8.398228475373383, 40.220553822562849 ], [ -8.397793804161308, 40.22043572123949 ], [ -8.39737632883233, 40.22028552736559 ], [ -8.397164884321787, 40.220189031102926 ], [ -8.396938120870773, 40.220181009651192 ], [ -8.396481748267345, 40.220130177326737 ], [ -8.396034073883651, 40.220045297585884 ], [ -8.395599409691666, 40.219927187988986 ], [ -8.395181942292725, 40.219776986161925 ], [ -8.394785692577225, 40.219596138833694 ], [ -8.394414476983913, 40.219386387895803 ], [ -8.394071870732533, 40.219149753617991 ], [ -8.393761173384409, 40.218888515182186 ], [ -8.393485377062952, 40.218605188722471 ], [ -8.39324713764027, 40.218302503083322 ], [ -8.393048749167248, 40.217983373529307 ], [ -8.393011829740182, 40.217904998626423 ], [ -8.39261258660752, 40.217761338549217 ], [ -8.392278940930757, 40.217609049055007 ], [ -8.392266090651562, 40.217608593943019 ], [ -8.391809738710119, 40.21755774311 ], [ -8.391362087006989, 40.217472845190379 ], [ -8.390927447295574, 40.217354717919655 ], [ -8.3905100059413, 40.217204499093953 ], [ -8.390286795199987, 40.217102610447377 ], [ -8.390175914038165, 40.217283687409164 ], [ -8.389939983598115, 40.217587432507926 ], [ -8.389666350281207, 40.217871986575489 ], [ -8.389357649115302, 40.218134608947096 ], [ -8.389016852985625, 40.218372770161302 ], [ -8.388647244007158, 40.218584176330275 ], [ -8.388252381913718, 40.218766791241272 ], [ -8.388231318585117, 40.218774485014542 ], [ -8.388151452737777, 40.218857533831816 ], [ -8.387842741249063, 40.219120152150374 ], [ -8.387501934872152, 40.219358308895323 ], [ -8.387132315820763, 40.219569710221862 ], [ -8.386737443925762, 40.219752319963909 ], [ -8.386321122344478, 40.219904379253421 ], [ -8.385887360921716, 40.220024423468267 ], [ -8.385440337555833, 40.220111296345351 ], [ -8.38498435794259, 40.220164161122732 ], [ -8.384523814085256, 40.220182508602946 ], [ -8.384063141971438, 40.220166162059982 ], [ -8.383606778825259, 40.220115278942465 ], [ -8.383159120347552, 40.220030349356399 ], [ -8.382724478356938, 40.219912191342345 ], [ -8.382307039240727, 40.219761942992612 ], [ -8.38191082361667, 40.219581051484347 ], [ -8.381539647594893, 40.21937125913464 ], [ -8.38119708601371, 40.219134586612107 ], [ -8.380886438003898, 40.218873313466965 ], [ -8.380610695213374, 40.218589956167619 ], [ -8.380372512998379, 40.218287243855443 ], [ -8.38017418485855, 40.217968092051812 ], [ -8.380017620361775, 40.217635574571055 ], [ -8.379904326770946, 40.217292893909843 ], [ -8.379835394548904, 40.216943350398857 ], [ -8.37981148688038, 40.216590310413835 ], [ -8.379832833310925, 40.216237173952486 ], [ -8.37987269367787, 40.216027149662608 ], [ -8.379439311566516, 40.215944908692194 ], [ -8.379249156024413, 40.215893204842558 ], [ -8.379213767134049, 40.215909568240377 ], [ -8.378797452070785, 40.216061600550482 ], [ -8.378796810467957, 40.21606177807957 ], [ -8.378881399099056, 40.21624144298044 ], [ -8.378889710169179, 40.216254818161417 ], [ -8.379046265948102, 40.216587337273211 ], [ -8.379159554027499, 40.216930018832535 ], [ -8.379228482764937, 40.217279562757234 ], [ -8.379252387668773, 40.217632602828857 ], [ -8.379231037823338, 40.217985739108151 ], [ -8.37916463813961, 40.218335570677183 ], [ -8.379053827408699, 40.218678728392895 ], [ -8.378899672175859, 40.219011907336622 ], [ -8.378717121456301, 40.219309917496197 ], [ -8.378728415248009, 40.219476723729962 ], [ -8.378707062151554, 40.219829859809678 ], [ -8.378640658019323, 40.220179690979833 ], [ -8.378529841685213, 40.220522848101169 ], [ -8.378494897918456, 40.22059836964042 ], [ -8.378682634973767, 40.22072808080604 ], [ -8.378993283055586, 40.220989359781811 ], [ -8.379269028905782, 40.221272720807562 ], [ -8.379507216743523, 40.221575435217396 ], [ -8.379705552364438, 40.221894587942366 ], [ -8.37984824430046, 40.222197626412417 ], [ -8.380007181727519, 40.22245337668847 ], [ -8.380163757383576, 40.222785893872882 ], [ -8.380277061571125, 40.223128573922899 ], [ -8.380346002492418, 40.223478116770927 ], [ -8.380369915538283, 40.223831156208945 ], [ -8.380348569714419, 40.224184292303796 ], [ -8.380282169892862, 40.224534124139353 ], [ -8.380249869296788, 40.224634149044782 ], [ -8.380432393189647, 40.22486610258813 ], [ -8.380630742819676, 40.225185253504144 ], [ -8.38078732787822, 40.225517769659717 ], [ -8.380900639826645, 40.225860448914133 ], [ -8.380903174236622, 40.225873297746354 ], [ -8.380993958284709, 40.226147845180684 ], [ -8.381062906028779, 40.226497387398702 ], [ -8.381086823937462, 40.226850426489655 ], [ -8.381065480969522, 40.227203562523762 ], [ -8.380999081969374, 40.227553394585478 ], [ -8.380888265721227, 40.227896553526989 ], [ -8.380734098823154, 40.228229734417809 ], [ -8.380607476763203, 40.228436425587226 ], [ -8.380632852403243, 40.228477253595727 ], [ -8.38078944513498, 40.22880976953612 ], [ -8.380902762664629, 40.229152448576613 ], [ -8.380971713065778, 40.229501990659358 ], [ -8.380995631637752, 40.229855029583739 ], [ -8.380976486859963, 40.230171774994702 ], [ -8.380979356465412, 40.230214130171873 ], [ -8.380958011972753, 40.230567265985336 ], [ -8.380891609223074, 40.230917097793174 ], [ -8.380780787036578, 40.23126025645 ], [ -8.380626612068424, 40.231593437028067 ], [ -8.380514762635896, 40.231776004590472 ], [ -8.380670375100953, 40.231863944358956 ], [ -8.38101299921192, 40.232100617731469 ], [ -8.381323708395517, 40.232361889755268 ], [ -8.381599510290243, 40.232645244503196 ], [ -8.381833157217113, 40.232942119556704 ], [ -8.381846422114293, 40.232953273577195 ], [ -8.382122228592909, 40.233236627036703 ], [ -8.382360471285892, 40.233539334783167 ], [ -8.382558855460458, 40.233858481811971 ], [ -8.382715470127822, 40.234190994770842 ], [ -8.382828806464, 40.23453367154989 ], [ -8.382897772361323, 40.23488321211309 ], [ -8.382921702969714, 40.235236250274497 ], [ -8.38290036712535, 40.235589386113318 ], [ -8.382833969603746, 40.235939218715927 ], [ -8.382723149174572, 40.236282378929268 ], [ -8.382568972475882, 40.236615561810623 ], [ -8.382372923765768, 40.236935558460573 ], [ -8.382136890649203, 40.237239286932933 ], [ -8.381863145916716, 40.237523821923389 ], [ -8.38155432566916, 40.237786422950656 ], [ -8.381213403938713, 40.238024560758653 ], [ -8.380843664050232, 40.238235941684778 ], [ -8.380448666998671, 40.238418529759279 ], [ -8.38003221714713, 40.238570566322679 ], [ -8.379598325576275, 40.2386905869716 ], [ -8.379151171438474, 40.23877743566991 ], [ -8.37869506168955, 40.238830275888461 ], [ -8.378234389586725, 40.238848598666372 ], [ -8.377773592353353, 40.238832227515587 ], [ -8.377317108419165, 40.238781320121845 ], [ -8.376869334648831, 40.238696366825053 ], [ -8.376434583971806, 40.238578185894319 ], [ -8.376017043822513, 40.238427915642802 ], [ -8.375620735791996, 40.238247003458774 ], [ -8.375249476880473, 40.238037191858645 ], [ -8.374906842724563, 40.237800501696618 ], [ -8.374596133153879, 40.237539212692994 ], [ -8.374320340408975, 40.237255841469057 ], [ -8.374086711294202, 40.236958951418181 ], [ -8.374073446880836, 40.236947796514634 ], [ -8.373797658720351, 40.236664424002804 ], [ -8.373559443046153, 40.236361698714518 ], [ -8.373361093679652, 40.236042536296225 ], [ -8.373204520392616, 40.235710010664555 ], [ -8.373193459354564, 40.235676552702699 ], [ -8.372839427584694, 40.235840178879293 ], [ -8.372422976345529, 40.235992188134425 ], [ -8.371989087633276, 40.236112180301724 ], [ -8.371606959188124, 40.236186375545181 ], [ -8.37153551765153, 40.236302948263074 ], [ -8.371299438185714, 40.236606654801477 ], [ -8.371025650497918, 40.236891164314443 ], [ -8.370716791102959, 40.237153736566036 ], [ -8.37037583441032, 40.237391842577289 ], [ -8.370006064081858, 40.23760318899182 ], [ -8.369611041405944, 40.237785740172306 ], [ -8.369194570992715, 40.237937737814633 ], [ -8.368874486175542, 40.238026245024834 ], [ -8.368866701198797, 40.238031681371304 ], [ -8.368826239077855, 40.238054807036406 ], [ -8.368638098712992, 40.238186187212868 ], [ -8.368268318645484, 40.238397528074159 ], [ -8.367873286668061, 40.238580073324876 ], [ -8.367456807480488, 40.238732064718022 ], [ -8.367289450630153, 40.238778337610569 ], [ -8.36735997437356, 40.238867970834505 ], [ -8.367558303922126, 40.239187143438052 ], [ -8.367714857717685, 40.239519676563795 ], [ -8.367828127522079, 40.239862367907442 ], [ -8.367897021868011, 40.240211917292612 ], [ -8.367920876594194, 40.240564958448154 ], [ -8.367899461267356, 40.240918091424263 ], [ -8.367832981428323, 40.24126791533461 ], [ -8.367722076639462, 40.24161106110968 ], [ -8.367567814351276, 40.241944223945552 ], [ -8.367371679646244, 40.242264195135682 ], [ -8.367231277061762, 40.242444782506489 ], [ -8.367237513218354, 40.242537085826228 ], [ -8.367216093768384, 40.242890218567098 ], [ -8.367199224716812, 40.242978978299341 ], [ -8.367376285678089, 40.242897165000088 ], [ -8.367792790524854, 40.242745173933308 ], [ -8.368226729007803, 40.242625197493467 ], [ -8.368673922601756, 40.242538390947772 ], [ -8.36913006520518, 40.242485590162133 ], [ -8.369590764586585, 40.242467303556438 ], [ -8.370051584658331, 40.242483707211179 ], [ -8.37050808817172, 40.24253464317286 ], [ -8.370955879423201, 40.24261962097431 ], [ -8.371390646561487, 40.242737822355366 ], [ -8.371808203089085, 40.242888109138313 ], [ -8.372204528159511, 40.24306903418293 ], [ -8.372245127413219, 40.243091978302125 ], [ -8.372393323250895, 40.243159630000605 ], [ -8.372764601450488, 40.243369450520916 ], [ -8.373107256348673, 40.243606146736781 ], [ -8.373417988066864, 40.243867439398876 ], [ -8.373693804026294, 40.244150812381392 ], [ -8.373932047770571, 40.244453536903443 ], [ -8.374130424556403, 40.244772697798872 ], [ -8.374287023465751, 40.245105221581881 ], [ -8.374400335825943, 40.245447906038308 ], [ -8.374469269759762, 40.245797451058138 ], [ -8.374493160724533, 40.246150490412404 ], [ -8.374471777937812, 40.246503624168746 ], [ -8.374405326626832, 40.24685345143341 ], [ -8.374402750804535, 40.246861423095048 ], [ -8.374577270505172, 40.246941082738793 ], [ -8.374948576131253, 40.24715089603535 ], [ -8.37529125773731, 40.247387585551891 ], [ -8.375602015187624, 40.24764887210371 ], [ -8.375877855655657, 40.247932239623836 ], [ -8.376116122449007, 40.24823495938405 ], [ -8.376314520602396, 40.248554116264117 ], [ -8.376471138991961, 40.248886636816934 ], [ -8.37658446875737, 40.249229318859499 ], [ -8.37665341785369, 40.249578862305086 ], [ -8.376677321592114, 40.249931900939934 ], [ -8.376655949067052, 40.250285034838647 ], [ -8.376589505406777, 40.250634863106143 ], [ -8.376478629824847, 40.250978016631009 ], [ -8.37632438949009, 40.251311190534778 ], [ -8.376128269273156, 40.251631176004352 ], [ -8.37589215746746, 40.25193489120106 ], [ -8.375618327621252, 40.252219410948243 ], [ -8.375309416655083, 40.252481994911271 ], [ -8.374968399474913, 40.252720113998272 ], [ -8.374598560325053, 40.252931474726793 ], [ -8.374203461156695, 40.253114041321489 ], [ -8.373786907316779, 40.253266055329647 ], [ -8.373352910887888, 40.253386052565098 ], [ -8.372905652032735, 40.253472877217121 ], [ -8.372449438716163, 40.253525692988212 ], [ -8.371988665193355, 40.253543991152945 ], [ -8.371527769664926, 40.253527595460412 ], [ -8.371071191507738, 40.253476663832764 ], [ -8.370623328494332, 40.25339168684345 ], [ -8.370188494414004, 40.253273482989869 ], [ -8.369770877504688, 40.253123190806107 ], [ -8.369640753804859, 40.25306379398409 ], [ -8.369460077902236, 40.253084705951167 ], [ -8.368999306506604, 40.25310299220876 ], [ -8.368538414634004, 40.253086584598947 ], [ -8.368081841626068, 40.253035641158689 ], [ -8.367633985205707, 40.25295065257523 ], [ -8.367199159098671, 40.252832437457677 ], [ -8.366781551466048, 40.252682134448655 ], [ -8.366385184548914, 40.252501191252058 ], [ -8.366013875914616, 40.252291350683151 ], [ -8.365671201678545, 40.252054633875318 ], [ -8.365360462056112, 40.251793320805604 ], [ -8.365084649576991, 40.25150992832716 ], [ -8.364846420267835, 40.251207185920407 ], [ -8.364648068080911, 40.250888009396739 ], [ -8.364491502814644, 40.250555472808621 ], [ -8.364378231738174, 40.250212778836783 ], [ -8.364309345096304, 40.24986322794004 ], [ -8.364292816981376, 40.24961846157138 ], [ -8.364155748205684, 40.249623895624808 ], [ -8.363694881014915, 40.249607468646161 ], [ -8.363238334939227, 40.249556505990967 ], [ -8.362790507442005, 40.249471498531655 ], [ -8.362355711970283, 40.249353265059078 ], [ -8.361938136389934, 40.249202944392692 ], [ -8.36154180263318, 40.249021984406468 ], [ -8.36117052794784, 40.248812128077397 ], [ -8.360827888122193, 40.248575396690562 ], [ -8.360517183040123, 40.248314070363442 ], [ -8.360311603194402, 40.248102805868214 ], [ -8.360029290382096, 40.247865355233181 ], [ -8.359753516099806, 40.247581949751336 ], [ -8.359515324345898, 40.247279196061314 ], [ -8.359317008710903, 40.246960010083107 ], [ -8.359160478641201, 40.246627465960167 ], [ -8.359047241066989, 40.246284766445697 ], [ -8.358978385910472, 40.245935212051798 ], [ -8.35895457561306, 40.24558216925881 ], [ -8.35897603878149, 40.245229038091217 ], [ -8.359030963451501, 40.24494023781638 ], [ -8.358910513486441, 40.24483892103639 ], [ -8.35863475619796, 40.244555512693772 ], [ -8.35839658008808, 40.244252756499939 ], [ -8.358198278596692, 40.243933568398951 ], [ -8.358041761034009, 40.243601022554692 ], [ -8.35792853420984, 40.243258321736867 ], [ -8.357859687942943, 40.242908766470144 ], [ -8.357835884589207, 40.242555723243257 ], [ -8.357857352688599, 40.242202592084794 ], [ -8.357923884791088, 40.241852773818025 ], [ -8.358034839481409, 40.241509637309903 ], [ -8.358189147582175, 40.241176487029954 ], [ -8.358385322474577, 40.24085653123106 ], [ -8.358409158119516, 40.240825879872446 ], [ -8.358398937767367, 40.240773987980141 ], [ -8.358375132412196, 40.240420944739213 ], [ -8.358396597086609, 40.240067813359651 ], [ -8.35846312437363, 40.239717994666819 ], [ -8.358574072904442, 40.239374857531814 ], [ -8.358640735672147, 40.239230926136742 ], [ -8.358449803069229, 40.238923578129842 ], [ -8.358293295928165, 40.238591032309067 ], [ -8.358180076299929, 40.238248331420685 ], [ -8.35811123393413, 40.237898775989976 ], [ -8.358087431149258, 40.237545732507257 ], [ -8.358108896479981, 40.237192601003599 ], [ -8.358175422503106, 40.236842782305573 ], [ -8.358249492938011, 40.236613694178288 ], [ -8.358254439033132, 40.236587685378154 ], [ -8.358365383582544, 40.236244548268246 ], [ -8.358519678229078, 40.23591139728083 ], [ -8.358715836483633, 40.235591440675698 ], [ -8.358951968784305, 40.235287759606138 ], [ -8.359225800711211, 40.235003278453625 ], [ -8.359275511727981, 40.234961027224593 ], [ -8.359413240291952, 40.234663630375415 ], [ -8.359609390760935, 40.234343672208105 ], [ -8.359845514753571, 40.234039989272752 ], [ -8.360119337929987, 40.23375550596878 ], [ -8.360428223013422, 40.233492961772178 ], [ -8.360769195196697, 40.233254884862461 ], [ -8.361138970794125, 40.233043567785217 ], [ -8.361533988862751, 40.232861045383714 ], [ -8.361950445488597, 40.232709075212149 ], [ -8.362384330407869, 40.232589120618485 ], [ -8.362831465611068, 40.2325023366596 ], [ -8.362846479807683, 40.232500599243252 ], [ -8.36288394351098, 40.232474439287294 ], [ -8.363253708270108, 40.232263115455282 ], [ -8.363648716102599, 40.232080585840109 ], [ -8.364065163192985, 40.231928608065424 ], [ -8.364132466457702, 40.231909999506264 ], [ -8.364465014294636, 40.231677779849662 ], [ -8.364834769794509, 40.23146645096331 ], [ -8.36522976873834, 40.23128391595197 ], [ -8.365646207396205, 40.231131932491259 ], [ -8.36608007567725, 40.231011964057075 ], [ -8.366498452005962, 40.230930745840695 ], [ -8.366517933672547, 40.230905684583369 ], [ -8.366585635649589, 40.230795221247398 ], [ -8.366821716165642, 40.230491524015768 ], [ -8.367095495852835, 40.230207024155284 ], [ -8.367404337853092, 40.229944461301443 ], [ -8.367745267773975, 40.229706363813484 ], [ -8.368081634474073, 40.229514097526923 ], [ -8.368109800308249, 40.229453255322269 ], [ -8.368254726890967, 40.229216774842399 ], [ -8.368250914269254, 40.229160343607489 ], [ -8.368272324362794, 40.228807209863071 ], [ -8.368338790066586, 40.228457384986633 ], [ -8.3684496706052, 40.228114237908969 ], [ -8.368603897515655, 40.227781073201577 ], [ -8.368799984961241, 40.227461099256523 ], [ -8.369036044061954, 40.227157397394244 ], [ -8.369309801102766, 40.226872892196596 ], [ -8.369618619443674, 40.226610323350478 ], [ -8.369640269418705, 40.226595202090841 ], [ -8.369672405721246, 40.226561803467348 ], [ -8.369981221250466, 40.226299233647687 ], [ -8.370322123897807, 40.226061128497449 ], [ -8.370691830646967, 40.225849780834224 ], [ -8.371086781217725, 40.22566722579586 ], [ -8.371503172345792, 40.225515221250859 ], [ -8.371510269581266, 40.225513258250658 ], [ -8.371333440622619, 40.225228661002106 ], [ -8.371190780148924, 40.224925612102481 ], [ -8.371031869992681, 40.224669849750299 ], [ -8.370875334541125, 40.224337320204405 ], [ -8.370762075636923, 40.223994630891333 ], [ -8.370693183408543, 40.223645082224998 ], [ -8.370669320655253, 40.22329204063071 ], [ -8.370690716489788, 40.22293890612152 ], [ -8.370757164158706, 40.222589079553124 ], [ -8.370789270373988, 40.222489699199095 ], [ -8.370594030054589, 40.222354783296076 ], [ -8.370283407865513, 40.222093481764702 ], [ -8.370007696001542, 40.221810099274329 ], [ -8.369769549520772, 40.221507365208929 ], [ -8.36957126157839, 40.221188195299362 ], [ -8.369414741354873, 40.220855663534202 ], [ -8.369301495686463, 40.220512972547617 ], [ -8.369232614574248, 40.220163422769623 ], [ -8.369208760710551, 40.219810380636133 ], [ -8.369230163122607, 40.219457246165426 ], [ -8.369296614993756, 40.219107420212801 ], [ -8.369407475682086, 40.218764271719493 ], [ -8.369472861302556, 40.21862300028414 ], [ -8.369528694664114, 40.21845017632112 ], [ -8.369682894599062, 40.218117009696392 ], [ -8.369803496872809, 40.217920178010431 ], [ -8.369780079894529, 40.217801344548924 ], [ -8.36975622407812, 40.217448302389641 ], [ -8.369777622964218, 40.217095167683553 ], [ -8.36979292466706, 40.217014608231416 ], [ -8.36959183332217, 40.216758959430159 ], [ -8.369393560162576, 40.216439788911636 ], [ -8.369237051845694, 40.216107256598988 ], [ -8.369123815093223, 40.215764565131607 ], [ -8.369054939820533, 40.215415014944071 ], [ -8.369031088663863, 40.215061972476292 ], [ -8.369052490624547, 40.214708837749711 ], [ -8.369118938890436, 40.214359011622115 ], [ -8.369229792854505, 40.214015863036416 ], [ -8.369383984310126, 40.213682696578701 ], [ -8.369580027762414, 40.213362720657948 ], [ -8.369816034755345, 40.213059016613776 ], [ -8.370058339372294, 40.212807141826723 ], [ -8.370101134154588, 40.212714669723965 ], [ -8.370006723653084, 40.212812809619798 ], [ -8.36969796919281, 40.213075379944684 ], [ -8.369357129206838, 40.21331348361177 ], [ -8.368987486233022, 40.213524827287486 ], [ -8.368592600333033, 40.213707375361111 ], [ -8.368176274799403, 40.213859369558655 ], [ -8.367742519515247, 40.2139793458851 ], [ -8.367295512319957, 40.214066148731376 ], [ -8.366839558753609, 40.214118942010217 ], [ -8.366379050568566, 40.214137217213008 ], [ -8.365918423408738, 40.214120798310091 ], [ -8.365462114065053, 40.214069843447191 ], [ -8.365014517719858, 40.213984843421521 ], [ -8.36457994559299, 40.213866616952203 ], [ -8.364162583398459, 40.213716302790978 ], [ -8.363766451012705, 40.213535348748927 ], [ -8.363395363743694, 40.213325497745423 ], [ -8.363052895574471, 40.213088771014 ], [ -8.3627423447357, 40.212827448626925 ], [ -8.362466701939017, 40.21254404752672 ], [ -8.362228621577257, 40.212241297276442 ], [ -8.362030396168825, 40.211922113762704 ], [ -8.361873934292001, 40.211589571104973 ], [ -8.361760742221239, 40.211246872042153 ], [ -8.36175468251448, 40.211216099053608 ], [ -8.361426341414964, 40.211066097490033 ], [ -8.361133994158086, 40.210900759174073 ], [ -8.360997416229864, 40.210938528981345 ], [ -8.36055042026595, 40.211025305794308 ], [ -8.360094481707737, 40.211078072490295 ], [ -8.359633992163003, 40.211096320816779 ], [ -8.359173387096059, 40.211079875003058 ], [ -8.358717103084938, 40.211028893454085 ], [ -8.358269535067873, 40.210943867224181 ], [ -8.357834993991702, 40.21082561528489 ], [ -8.357417665271202, 40.21067527663331 ], [ -8.357021568460235, 40.210494299316409 ], [ -8.356650518523947, 40.210284426477763 ], [ -8.356308089085649, 40.210047679561157 ], [ -8.355997578002812, 40.209786338833226 ], [ -8.355721975604023, 40.209502921413105 ], [ -8.355483935892927, 40.209200157020994 ], [ -8.355285750996325, 40.208880961679569 ], [ -8.355129329102272, 40.208548409622153 ], [ -8.355016176100136, 40.208205703678097 ], [ -8.35494738109877, 40.207856144421186 ], [ -8.354923605961503, 40.207503098378453 ], [ -8.354945078957781, 40.207149965605552 ], [ -8.355011592591648, 40.206800146941283 ], [ -8.355122505626902, 40.206457011256482 ], [ -8.35527674928845, 40.206123863012834 ], [ -8.355472837579072, 40.205803910443827 ], [ -8.355708881611395, 40.205500234664079 ], [ -8.355982607816184, 40.205215760004336 ], [ -8.356291379850973, 40.204953225857551 ], [ -8.35663222399752, 40.204715160306755 ], [ -8.357001857803217, 40.204503855788381 ], [ -8.357396721690474, 40.204321347025036 ], [ -8.357813013229782, 40.204169391439841 ], [ -8.358246723746689, 40.20404945224054 ], [ -8.358693676910576, 40.203962684335977 ], [ -8.359149568934322, 40.203909923220245 ], [ -8.359486146044764, 40.203896585574462 ], [ -8.359509756871896, 40.20385805451879 ], [ -8.359745776143827, 40.203554370473036 ], [ -8.360019477641416, 40.203269886239646 ], [ -8.360328225260057, 40.203007341303817 ], [ -8.360669045516552, 40.202769263852488 ], [ -8.361038656188247, 40.202557946436713 ], [ -8.361433497920226, 40.202375423903334 ], [ -8.361849768496219, 40.202223453808038 ], [ -8.362283459443528, 40.202103499498314 ], [ -8.362716726827644, 40.202019369995753 ], [ -8.362718440198943, 40.202010352615609 ], [ -8.362829306650083, 40.201667209391545 ], [ -8.362983501792908, 40.20133405073765 ], [ -8.363179540097462, 40.201014084987733 ], [ -8.363415533157713, 40.20071039338351 ], [ -8.363689207895217, 40.200425900408199 ], [ -8.363997928463007, 40.200163345631211 ], [ -8.364018341617273, 40.200149084466837 ], [ -8.364045049153308, 40.200114714412294 ], [ -8.364318718869352, 40.19983021993351 ], [ -8.364627434310126, 40.199567663465054 ], [ -8.364968222302213, 40.199329573304986 ], [ -8.365337800933565, 40.199118242126801 ], [ -8.36573261115768, 40.198935704909879 ], [ -8.366148851061572, 40.198783719351319 ], [ -8.366152234033132, 40.198782783475949 ], [ -8.366263114822488, 40.198543172852759 ], [ -8.366459129708995, 40.198223201460721 ], [ -8.366695098488858, 40.197919503092827 ], [ -8.366968748317431, 40.197635002297488 ], [ -8.367277443587589, 40.197372438719491 ], [ -8.367618211320112, 40.197134340725391 ], [ -8.367987769797981, 40.196923001064093 ], [ -8.368382560168692, 40.196740454796725 ], [ -8.368798780710359, 40.196588459707556 ], [ -8.369232423431875, 40.19646847938472 ], [ -8.369679312655139, 40.196381669133032 ], [ -8.370135145208431, 40.196328864854323 ], [ -8.370595531844662, 40.196310575002222 ], [ -8.371056039486481, 40.196326975688521 ], [ -8.371512233892446, 40.196377908988275 ], [ -8.371959722334335, 40.196462884459784 ], [ -8.372394195875655, 40.196581083865105 ], [ -8.372446893523232, 40.196600063497492 ], [ -8.372558228940658, 40.196359408572704 ], [ -8.372754207947549, 40.196039426504676 ], [ -8.37299014105818, 40.195735715293878 ], [ -8.373263755771308, 40.195451199612457 ], [ -8.373572416817849, 40.195188619248597 ], [ -8.373913151548013, 40.194950502730499 ], [ -8.374282678562439, 40.194739142985568 ], [ -8.374677439311448, 40.194556575268273 ], [ -8.374812771965818, 40.194507144218186 ], [ -8.374819503218518, 40.194492592782225 ], [ -8.375015466247538, 40.194172606829639 ], [ -8.375251382819284, 40.193868890960822 ], [ -8.375524980591775, 40.193584369892818 ], [ -8.375833624459034, 40.193321783465713 ], [ -8.376174341936666, 40.193083660266154 ], [ -8.376543851791391, 40.192872293285852 ], [ -8.376938595638713, 40.192689717848978 ], [ -8.377354772204518, 40.192537692020721 ], [ -8.377683060874228, 40.192446828431237 ], [ -8.377891899661698, 40.192269142298372 ], [ -8.378232604660756, 40.192031013034743 ], [ -8.378602102396023, 40.191819639482354 ], [ -8.378996834599661, 40.191637057028679 ], [ -8.379413000109627, 40.1914850238065 ], [ -8.379846591464462, 40.191365003771075 ], [ -8.380293433480436, 40.191278152609634 ], [ -8.380389900928908, 40.191266967969547 ], [ -8.380439415037074, 40.19118610019909 ], [ -8.380675297076653, 40.190882373223637 ], [ -8.38094886018045, 40.190597839294064 ], [ -8.381257469576262, 40.190335238374374 ], [ -8.38159815311154, 40.190097099190844 ], [ -8.38196762987973, 40.189885714889087 ], [ -8.382362341814808, 40.189703120960147 ], [ -8.382778487949818, 40.189551075647273 ], [ -8.383212061009781, 40.189431043022196 ], [ -8.383658885987042, 40.189344178893343 ], [ -8.384114660328216, 40.189291319681239 ], [ -8.384552931641672, 40.189273853695141 ], [ -8.384710999995619, 40.189139337428543 ], [ -8.385051665438214, 40.188901188087911 ], [ -8.385421124958182, 40.188689792773232 ], [ -8.385815820655512, 40.188507187081591 ], [ -8.386231951719521, 40.188355129369477 ], [ -8.386665511020279, 40.18823508382804 ], [ -8.387112323682542, 40.188148206390046 ], [ -8.387289659361359, 40.188127634036313 ], [ -8.387380202749437, 40.18809454732402 ], [ -8.387813758346606, 40.187974497488376 ], [ -8.388260567812456, 40.187887615624668 ], [ -8.388716328742877, 40.187834738324199 ], [ -8.38917665258011, 40.187816374743612 ], [ -8.389637106851245, 40.187832701704458 ], [ -8.390093257828575, 40.187883561991555 ], [ -8.390540713201975, 40.187968465866064 ], [ -8.390975164353392, 40.188086595779289 ], [ -8.391392427827292, 40.188236814241264 ], [ -8.39178848559864, 40.188417674769141 ], [ -8.392159523751358, 40.188627435809778 ], [ -8.392501969195497, 40.188864077502913 ], [ -8.39281252406994, 40.189125321123782 ], [ -8.393088197499724, 40.189408651018368 ], [ -8.393326334402131, 40.189711338820331 ], [ -8.393524641064174, 40.190030469716838 ], [ -8.393568292242623, 40.190123172409812 ], [ -8.393724504926482, 40.190105042113672 ], [ -8.393809023730531, 40.189843010338386 ], [ -8.393963040571766, 40.189509810294197 ], [ -8.394158899242731, 40.189189791988255 ], [ -8.394321006583827, 40.188980979780638 ], [ -8.394363081081069, 40.188850531507974 ], [ -8.394517092988494, 40.188517330685194 ], [ -8.394670172310446, 40.188267203188914 ], [ -8.394422569413958, 40.188154143224942 ], [ -8.394051526915886, 40.18794438943398 ], [ -8.393709080753657, 40.187707752289128 ], [ -8.393578558151592, 40.1875979548769 ], [ -8.393341365171725, 40.187607426456729 ], [ -8.39288091161494, 40.187591114226151 ], [ -8.392424760574476, 40.187540264920585 ], [ -8.391977305707448, 40.187455368320173 ], [ -8.391542856870688, 40.187337242147571 ], [ -8.391125598590584, 40.187187024188141 ], [ -8.390729549742794, 40.187006161326025 ], [ -8.390358524830951, 40.186796395602123 ], [ -8.390016097237986, 40.186559747428262 ], [ -8.389705564804414, 40.186298496119903 ], [ -8.389429918065426, 40.186015157934818 ], [ -8.389191811452788, 40.185712461830036 ], [ -8.388993537738783, 40.185393323170672 ], [ -8.388837005968055, 40.18506081564427 ], [ -8.388723723089356, 40.184718141651551 ], [ -8.388654779463481, 40.184368601458928 ], [ -8.388630838386153, 40.184015561410256 ], [ -8.388652129725823, 40.18366242150389 ], [ -8.388718447736727, 40.183312582647844 ], [ -8.388786647750623, 40.183101173981257 ], [ -8.388671704404576, 40.183004464641094 ], [ -8.388396075358346, 40.182721123778137 ], [ -8.388157984923046, 40.182418425324506 ], [ -8.387959725715197, 40.182099284667892 ], [ -8.387803206639791, 40.181766775515037 ], [ -8.387689934523385, 40.1814241002823 ], [ -8.387620999623216, 40.181074559247996 ], [ -8.387597065151077, 40.180721518764067 ], [ -8.387618360911921, 40.180368378833059 ], [ -8.38768468111752, 40.1800185403632 ], [ -8.387795386395151, 40.179675372416604 ], [ -8.387949409970961, 40.179342179766181 ], [ -8.388145267967454, 40.179022171073619 ], [ -8.388381073715042, 40.178718427994539 ], [ -8.388654555938979, 40.178433875508247 ], [ -8.388963080645906, 40.178171253757611 ], [ -8.389303676498713, 40.177933091669608 ], [ -8.389673063435032, 40.177721682610617 ], [ -8.390067684253649, 40.177539062310117 ], [ -8.390483738864729, 40.177386989265408 ], [ -8.390917220874288, 40.177266927815317 ], [ -8.391363956151077, 40.177180034045826 ], [ -8.391819643005096, 40.177127144662897 ], [ -8.392279893591603, 40.177108768939533 ], [ -8.392740276142746, 40.177125083814197 ], [ -8.393196357621159, 40.177175932188014 ], [ -8.393643746385688, 40.177260824436871 ], [ -8.394078134459468, 40.177378943123891 ], [ -8.394495338994199, 40.17752915086713 ], [ -8.394891342532279, 40.177710001286876 ], [ -8.395262331679829, 40.177919752927217 ], [ -8.395604733818805, 40.178156386018301 ], [ -8.395915251505196, 40.178417621918129 ], [ -8.396190894222286, 40.178700945046941 ], [ -8.396429007183331, 40.179003627103434 ], [ -8.396627296906157, 40.179322753330077 ], [ -8.396783853313107, 40.179655250574648 ], [ -8.396897168142985, 40.179997916878413 ], [ -8.396966149497102, 40.180347452306194 ], [ -8.39699013237847, 40.180700490721513 ], [ -8.39696888512179, 40.181053632201298 ], [ -8.396902611651306, 40.181403475777834 ], [ -8.396853169370955, 40.181556802634553 ], [ -8.397006541430788, 40.181550673071705 ], [ -8.397399395531432, 40.181564577939575 ], [ -8.39770156759637, 40.181505788825362 ], [ -8.398157278314581, 40.181452874460589 ], [ -8.398617556276438, 40.181434473468222 ], [ -8.399077969450587, 40.181450763030007 ], [ -8.399534084504909, 40.181501586290743 ], [ -8.399981509475092, 40.181586453868078 ], [ -8.400415936035795, 40.181704548562713 ], [ -8.400832569477668, 40.18185451312312 ], [ -8.401100533541316, 40.181730478853986 ], [ -8.401115741654914, 40.181724918704937 ], [ -8.401129985015272, 40.181701638702037 ], [ -8.401365741924787, 40.181397869474772 ], [ -8.401639180432337, 40.1811132865895 ], [ -8.401947666965215, 40.180850630481871 ], [ -8.402288230553587, 40.180612430409738 ], [ -8.402657591445474, 40.180400980105219 ], [ -8.40305219269017, 40.180218315694987 ], [ -8.403468234386088, 40.180066196100974 ], [ -8.403901710263405, 40.179946086110199 ], [ -8.404348446249783, 40.179859142275959 ], [ -8.404804140648301, 40.179806201786178 ], [ -8.404849539729199, 40.179804384249138 ], [ -8.404884821724194, 40.179788050941276 ], [ -8.405300856667687, 40.179635924772576 ], [ -8.405734326540934, 40.179515807931118 ], [ -8.406181057329368, 40.17942885703615 ], [ -8.406636747386093, 40.179375909343563 ], [ -8.407097008835477, 40.179357474687713 ], [ -8.407557409805092, 40.179373730574383 ], [ -8.408013517080304, 40.179424520472608 ], [ -8.408460938771713, 40.179509355321201 ], [ -8.4088953665856, 40.179627418235881 ], [ -8.40908026556362, 40.179693957268114 ], [ -8.409453156504586, 40.179557590342839 ], [ -8.409886618469129, 40.179437457979652 ], [ -8.410333343352242, 40.179350491081145 ], [ -8.410789029563844, 40.179297527057273 ], [ -8.411249289265298, 40.179279075899593 ], [ -8.411709690600993, 40.179295315272803 ], [ -8.412165800352779, 40.179346088804849 ], [ -8.412613226607432, 40.179430907592121 ], [ -8.413047661027337, 40.179548954905016 ], [ -8.413464920318239, 40.179699094048743 ], [ -8.413860986495642, 40.179879879304075 ], [ -8.414232045562903, 40.180089569842551 ], [ -8.414574524229122, 40.180326146482713 ], [ -8.4148851243138, 40.180587331126219 ], [ -8.4151488616059, 40.180858287575646 ], [ -8.415492371112695, 40.180818348181468 ], [ -8.415952639705225, 40.180799878299915 ], [ -8.41641305233475, 40.180816098926016 ], [ -8.416869175674416, 40.180866853868245 ], [ -8.417316617680228, 40.18095165440193 ], [ -8.417751069862984, 40.181069683973199 ], [ -8.418168348757483, 40.181219806058095 ], [ -8.418564436190573, 40.181400575101648 ], [ -8.418935517961033, 40.181610250431511 ], [ -8.419278020559466, 40.181846813012669 ], [ -8.419588645575018, 40.182107984882165 ], [ -8.419864401457964, 40.182391251076943 ], [ -8.420102632332286, 40.182693883844173 ], [ -8.420301043580745, 40.183012968901181 ], [ -8.420457723955735, 40.183345433492448 ], [ -8.420571164002494, 40.183688075974025 ], [ -8.420640270616618, 40.184037596640451 ], [ -8.420664377594859, 40.184390629497777 ], [ -8.420643252076742, 40.184743774676782 ], [ -8.420577096813913, 40.18509363117446 ], [ -8.420522856825912, 40.185262019857099 ], [ -8.420628382709829, 40.185396065344129 ], [ -8.420826804364012, 40.185715149314753 ], [ -8.42098349359669, 40.186047613008299 ], [ -8.421096940867738, 40.186390254789458 ], [ -8.421143971685849, 40.186628103718604 ], [ -8.421242617479711, 40.186673117479152 ], [ -8.421613736270874, 40.186882783903961 ], [ -8.421956274751469, 40.187119338220448 ], [ -8.422266934165172, 40.18738050254526 ], [ -8.422542722631039, 40.187663761988098 ], [ -8.422780983959274, 40.187966388861163 ], [ -8.422914047255052, 40.188180348116035 ], [ -8.42311338914026, 40.188318005609624 ], [ -8.423424058469287, 40.188579166740325 ], [ -8.423699856616652, 40.188862423333767 ], [ -8.423938127299348, 40.189165047729638 ], [ -8.424136575516743, 40.189484125725969 ], [ -8.42429328966514, 40.189816584635338 ], [ -8.424406759964414, 40.190159222868587 ], [ -8.424475893018659, 40.190508740761231 ], [ -8.424500022369811, 40.190861772346139 ], [ -8.424478914941716, 40.191214917766374 ], [ -8.424412773311568, 40.191564776016669 ], [ -8.424302233785838, 40.191907977697696 ], [ -8.424255113699891, 40.192010024797881 ], [ -8.42432672448364, 40.192059472089213 ], [ -8.424637415604824, 40.192320629717891 ], [ -8.424913234031736, 40.192603883165731 ], [ -8.425151523286058, 40.192906504802778 ], [ -8.425349988188271, 40.19322558045365 ], [ -8.425506716973938, 40.193558037453556 ], [ -8.425620199721887, 40.193900674231784 ], [ -8.425689342916229, 40.194250191137876 ], [ -8.425713480001129, 40.194603222214191 ], [ -8.425692377825822, 40.194956367608789 ], [ -8.425626238916784, 40.19530622631661 ], [ -8.425515699554145, 40.195649428933955 ], [ -8.425361823669871, 40.195982670110418 ], [ -8.425166092625433, 40.196302740385924 ], [ -8.425045712655837, 40.19645790917739 ], [ -8.424882382019605, 40.196724992398309 ], [ -8.424775681597472, 40.197056257160192 ], [ -8.424621798946134, 40.19738949729598 ], [ -8.424573544672143, 40.197468402333833 ], [ -8.424669591616139, 40.197549129816586 ], [ -8.424807798250393, 40.197691051117602 ], [ -8.424819176910772, 40.197696242052125 ], [ -8.425190366941576, 40.197905896359671 ], [ -8.425532973479104, 40.198142439401423 ], [ -8.425613881965248, 40.19821044086067 ], [ -8.425699029340144, 40.198226567330821 ], [ -8.426133606279818, 40.198344564649901 ], [ -8.426551009581868, 40.198494655630448 ], [ -8.426947219875588, 40.198675395017098 ], [ -8.427318421777034, 40.198885042423193 ], [ -8.427572961003611, 40.199060771070648 ], [ -8.427587802374129, 40.198812299272625 ], [ -8.427607758578437, 40.198706725087703 ], [ -8.427568591063419, 40.198643764335536 ], [ -8.427411840365295, 40.198311310497488 ], [ -8.427298341122814, 40.197968675795586 ], [ -8.427229185780559, 40.197619160118393 ], [ -8.427205039673064, 40.197266129574224 ], [ -8.427214750984017, 40.197103555432946 ], [ -8.427134188193051, 40.196974048120978 ], [ -8.426977443507297, 40.196641593577347 ], [ -8.426863949283652, 40.196298958332797 ], [ -8.426794797918417, 40.195949442281098 ], [ -8.426770654707871, 40.195596411534169 ], [ -8.426791751466833, 40.19524326600137 ], [ -8.426857884322954, 40.194893406645434 ], [ -8.426968415706991, 40.194550202730113 ], [ -8.42712228051883, 40.194216959375161 ], [ -8.427317996408892, 40.193896885730936 ], [ -8.427553678075006, 40.193593064078819 ], [ -8.427827055436223, 40.193308420154999 ], [ -8.427899545041706, 40.193246674724527 ], [ -8.42770445442536, 40.193046341506736 ], [ -8.427466153362323, 40.192743725174132 ], [ -8.427446059112185, 40.192711421181578 ], [ -8.427221314849975, 40.192630602407313 ], [ -8.426825139111115, 40.192449863646779 ], [ -8.42645397392679, 40.192240214294998 ], [ -8.426111394031814, 40.192003673643029 ], [ -8.425800698734434, 40.191742519970767 ], [ -8.425524880139267, 40.191459268595828 ], [ -8.425286594334018, 40.191156647639403 ], [ -8.425088135817473, 40.19083757174316 ], [ -8.424931415414656, 40.190505113990582 ], [ -8.424817941891428, 40.190162476303485 ], [ -8.424748807444892, 40.189812958599127 ], [ -8.424724677208584, 40.189459927005245 ], [ -8.424745782872579, 40.189106781439392 ], [ -8.424811920478987, 40.188756922864549 ], [ -8.424908631563728, 40.188456634552402 ], [ -8.424759568419541, 40.188140407207278 ], [ -8.424646099772351, 40.187797769194503 ], [ -8.424576968681187, 40.187448251232858 ], [ -8.424552840247346, 40.187095219452594 ], [ -8.424573946143626, 40.186742073772983 ], [ -8.42464008240999, 40.186392215158151 ], [ -8.424750611444651, 40.186049012864707 ], [ -8.424904468170412, 40.18571577199679 ], [ -8.42510017031584, 40.185395701680825 ], [ -8.425335832711369, 40.185091884166198 ], [ -8.42560918546183, 40.184807245149287 ], [ -8.425917595819753, 40.184544525606377 ], [ -8.426258093548256, 40.184306255406256 ], [ -8.426627399528991, 40.184094728956346 ], [ -8.4269211629266, 40.183958667902417 ], [ -8.426976827896185, 40.183785798557743 ], [ -8.42713066866496, 40.183452554657919 ], [ -8.427326353886087, 40.183132480514026 ], [ -8.427561998552994, 40.182828658412397 ], [ -8.427835332941235, 40.182544014093573 ], [ -8.428143724480146, 40.182281288584967 ], [ -8.428484203114028, 40.182043011812844 ], [ -8.428853489908361, 40.181831478247915 ], [ -8.429248028625381, 40.181648724818572 ], [ -8.429664019965072, 40.181496511303877 ], [ -8.430097458142054, 40.181376303395091 ], [ -8.430544169446648, 40.18128925858823 ], [ -8.430999852419339, 40.181236215043299 ], [ -8.431460119252586, 40.181217683517396 ], [ -8.431920538022107, 40.181233842448876 ], [ -8.432376675341965, 40.181284536240163 ], [ -8.432824139033663, 40.181369276755269 ], [ -8.433258620399359, 40.181487248018144 ], [ -8.433675935693074, 40.181637314066201 ], [ -8.434072066391444, 40.181818029883978 ], [ -8.43442356632977, 40.182016566927992 ], [ -8.434459720042939, 40.181938229562121 ], [ -8.434655366437706, 40.181618143088222 ], [ -8.43489097312122, 40.181314306128279 ], [ -8.435164270734688, 40.181029644566024 ], [ -8.435472627061435, 40.180766899594936 ], [ -8.435813072384681, 40.180528601328753 ], [ -8.436182328090512, 40.180317044445189 ], [ -8.436576838240351, 40.180134266097213 ], [ -8.436992803809105, 40.179982026303811 ], [ -8.437264138527294, 40.179906754631048 ], [ -8.43726429690793, 40.17990591588071 ], [ -8.437374751930351, 40.179562701422292 ], [ -8.437528532329948, 40.179229443684676 ], [ -8.437724156570315, 40.178909351956939 ], [ -8.437959740232042, 40.178605508694844 ], [ -8.437991353715352, 40.178572577155506 ], [ -8.437860038613932, 40.178498409366284 ], [ -8.437517488731627, 40.178261901794848 ], [ -8.437206812901893, 40.178000778042232 ], [ -8.436931003042199, 40.177717553137768 ], [ -8.43669271515656, 40.177414954947665 ], [ -8.436494243764292, 40.177095897894304 ], [ -8.436337499814961, 40.176763454879691 ], [ -8.436223992301755, 40.176420827683756 ], [ -8.436154813749697, 40.176071316122808 ], [ -8.436154000556446, 40.176059445480931 ], [ -8.436144717733814, 40.17603142448521 ], [ -8.436075539996123, 40.175681912850393 ], [ -8.436051356525629, 40.175328882950765 ], [ -8.43607239952561, 40.174975734687692 ], [ -8.436138465642136, 40.174625869050303 ], [ -8.4361571934552, 40.17456767547926 ], [ -8.436004806282051, 40.174512875656433 ], [ -8.435608713097885, 40.174332166085811 ], [ -8.435237620121718, 40.174122543974399 ], [ -8.434895101392993, 40.173886028350665 ], [ -8.434584455631066, 40.173624897253319 ], [ -8.434308674463784, 40.173341665782402 ], [ -8.434070413618814, 40.173039061867286 ], [ -8.433871967355062, 40.172719999985453 ], [ -8.433715246380133, 40.172387553085358 ], [ -8.43360175946604, 40.172044922984256 ], [ -8.433532598939513, 40.171695409526407 ], [ -8.433524008168336, 40.171569925374868 ], [ -8.433201472852549, 40.171453924204492 ], [ -8.432805404878, 40.171273204855716 ], [ -8.432434337190259, 40.171063573556125 ], [ -8.432091843585125, 40.170827049422662 ], [ -8.431781222539911, 40.170565910575974 ], [ -8.431505465444367, 40.170282672190687 ], [ -8.43126722779429, 40.169980062262738 ], [ -8.431068803625188, 40.169660995327447 ], [ -8.431024948034445, 40.169567952829873 ], [ -8.431005169767802, 40.169551324628245 ], [ -8.430652517868182, 40.16948452186142 ], [ -8.430218117625911, 40.169366540280301 ], [ -8.429800885198896, 40.169216461150896 ], [ -8.429404839214204, 40.169035730019857 ], [ -8.429033794148511, 40.168826087659028 ], [ -8.428691323579644, 40.168589553291866 ], [ -8.428380725762967, 40.168328405137558 ], [ -8.428104991864437, 40.168045158460345 ], [ -8.427866777156391, 40.167742541335976 ], [ -8.427668375453345, 40.167423468369044 ], [ -8.427511697033752, 40.167091012614669 ], [ -8.427398250259825, 40.166748375975317 ], [ -8.427329127071809, 40.16639885835805 ], [ -8.427304992495619, 40.166045825889789 ], [ -8.427312754081248, 40.165915834176424 ], [ -8.427309704527589, 40.165871226037595 ], [ -8.427330790222978, 40.165518078633028 ], [ -8.427396892382253, 40.165168217282762 ], [ -8.427507373732793, 40.164825011269834 ], [ -8.427661169657249, 40.164491765734347 ], [ -8.427856798470271, 40.164171689847834 ], [ -8.428092375708948, 40.163867865913488 ], [ -8.428365632298508, 40.163583219689727 ], [ -8.428673936417711, 40.163320492222439 ], [ -8.429014318852822, 40.163082213456931 ], [ -8.429383501595693, 40.162870677883298 ], [ -8.429777929410431, 40.162687922449457 ], [ -8.430014309617677, 40.162601404506773 ], [ -8.4298121861958, 40.162431450912067 ], [ -8.429536470376787, 40.162148207290201 ], [ -8.429298270102073, 40.161845592750801 ], [ -8.429099879047305, 40.161526521873547 ], [ -8.428943207388544, 40.16119406769338 ], [ -8.428829763423074, 40.160851432097594 ], [ -8.428760639064297, 40.160501914983222 ], [ -8.428736499349609, 40.160148882472313 ], [ -8.428742791458875, 40.16004345625646 ], [ -8.428708376657593, 40.160014517036174 ], [ -8.428432675247469, 40.159731270615772 ], [ -8.428194488371222, 40.159428653631132 ], [ -8.427996109575481, 40.159109580685403 ], [ -8.427839448918276, 40.158777124833449 ], [ -8.427726014590984, 40.158434487978639 ], [ -8.427716785756878, 40.158387818320236 ], [ -8.427507178889357, 40.158243022366648 ], [ -8.427196632979994, 40.157981870383217 ], [ -8.426920946102156, 40.157698620211747 ], [ -8.426682773075411, 40.157395999961537 ], [ -8.426484407313009, 40.157076924267194 ], [ -8.426327758747467, 40.15674446621 ], [ -8.426214335453752, 40.156401827714539 ], [ -8.426145229146284, 40.156052308705696 ], [ -8.426121104688743, 40.155699275323727 ], [ -8.426142193716734, 40.155346127503357 ], [ -8.426208292433758, 40.154996266229354 ], [ -8.426318763600698, 40.154653060784021 ], [ -8.42647254269861, 40.154319816302078 ], [ -8.42655549777648, 40.154184075166185 ], [ -8.426422803007686, 40.153970622000166 ], [ -8.426266161971359, 40.153638163654414 ], [ -8.426204304557412, 40.153451290770107 ], [ -8.426143180845546, 40.153321558877352 ], [ -8.426029764277208, 40.152978919974537 ], [ -8.425986716682628, 40.152761184113587 ], [ -8.425787281375449, 40.152593450810372 ], [ -8.425520319528747, 40.152497387821093 ], [ -8.425124382207525, 40.152316641139308 ], [ -8.424753441536513, 40.152106984084597 ], [ -8.424411070087876, 40.151870436021746 ], [ -8.424100565162219, 40.151609275301723 ], [ -8.423824917030846, 40.151326017309621 ], [ -8.423586780140159, 40.151023390229987 ], [ -8.423388447555427, 40.150704308763103 ], [ -8.42323182888973, 40.1503718460458 ], [ -8.42311843193019, 40.150029204047442 ], [ -8.423049348137779, 40.149679682726607 ], [ -8.423025242159529, 40.14932664824574 ], [ -8.423046345453292, 40.148973500550106 ], [ -8.423056051360479, 40.148922135198823 ], [ -8.423044172009289, 40.148912142972151 ], [ -8.422768539221526, 40.148628882279162 ], [ -8.422530416497183, 40.14832625283605 ], [ -8.422332096765121, 40.148007169365876 ], [ -8.422175489514677, 40.14767470502472 ], [ -8.422062102423094, 40.147332061797513 ], [ -8.421993026856377, 40.146982539654687 ], [ -8.421968927382425, 40.146629504766572 ], [ -8.42199003539654, 40.146276357082328 ], [ -8.422056146919704, 40.145926497585329 ], [ -8.422166624589803, 40.145583295540803 ], [ -8.4223204038256, 40.145250056050628 ], [ -8.422516003103077, 40.144929988228157 ], [ -8.422751538244308, 40.144626174299034 ], [ -8.423024740580395, 40.144341539925428 ], [ -8.423332978812926, 40.144078826039276 ], [ -8.423673284362907, 40.143840562455232 ], [ -8.424042379962716, 40.143629043517407 ], [ -8.424436711215646, 40.143446306013672 ], [ -8.424852480819165, 40.143294109570078 ], [ -8.425285685122601, 40.14317391971381 ], [ -8.425732152667653, 40.143086893767276 ], [ -8.426187584341239, 40.143033869709122 ], [ -8.426647594754721, 40.143015358108926 ], [ -8.427107754451963, 40.143031537213282 ], [ -8.427563632540695, 40.143082251230332 ], [ -8.428010839337636, 40.143167011829313 ], [ -8.42844506861773, 40.143285002840599 ], [ -8.428862139061604, 40.143435088111289 ], [ -8.429258034502963, 40.143615822440552 ], [ -8.429628942589197, 40.143825465489982 ], [ -8.429971291483453, 40.144061998535044 ], [ -8.430102822786278, 40.144172625580033 ], [ -8.43017659155589, 40.144223592740872 ], [ -8.430487085849929, 40.144484737539408 ], [ -8.430762733730475, 40.144767980007813 ], [ -8.431000880362282, 40.145070592621451 ], [ -8.431199231940283, 40.145389661291468 ], [ -8.431355877792591, 40.145722113420035 ], [ -8.431469308798112, 40.146064747483081 ], [ -8.431538431940808, 40.146414263856208 ], [ -8.431562580859605, 40.146767296586859 ], [ -8.431554082885564, 40.146909806834394 ], [ -8.431662346265913, 40.147021046597246 ], [ -8.431818152801602, 40.147092166805159 ], [ -8.432189087680397, 40.147301801430885 ], [ -8.4325314629335, 40.147538326668915 ], [ -8.432841981376692, 40.147799464915565 ], [ -8.433117652487056, 40.148082701531294 ], [ -8.433187631042383, 40.148171613778786 ], [ -8.433298958675318, 40.1482859954817 ], [ -8.433537128911828, 40.14858860260918 ], [ -8.433735502664636, 40.148907666659788 ], [ -8.433892169048271, 40.149240115080232 ], [ -8.434005618743864, 40.149582746382201 ], [ -8.434048689857701, 40.149800479295614 ], [ -8.434249948454271, 40.149969721530105 ], [ -8.4345256342221, 40.150252954633963 ], [ -8.434763816811447, 40.150555559090201 ], [ -8.434962202070956, 40.150874620888644 ], [ -8.435118879004326, 40.151207067497673 ], [ -8.435180758747725, 40.151393935610301 ], [ -8.435241897875331, 40.151523662719029 ], [ -8.435355358216269, 40.151866292524325 ], [ -8.435424507330188, 40.152215806132077 ], [ -8.435448678605738, 40.152568837616435 ], [ -8.43542763856437, 40.152921987121609 ], [ -8.435361589135621, 40.153271853603123 ], [ -8.43528434098606, 40.153511953861134 ], [ -8.435390987893459, 40.153647436995691 ], [ -8.435589385168218, 40.153966497505017 ], [ -8.435746072353963, 40.154298943050172 ], [ -8.435859539931387, 40.154641572170576 ], [ -8.43590084974811, 40.154850355874864 ], [ -8.436195287877622, 40.155053724485576 ], [ -8.436505854700064, 40.155314852389665 ], [ -8.436781571558836, 40.155598079746198 ], [ -8.437019782954447, 40.155900679176199 ], [ -8.437218194458087, 40.156219736717922 ], [ -8.437374894820634, 40.15655217988084 ], [ -8.437488374395851, 40.156894807227353 ], [ -8.437554121425134, 40.157227045770419 ], [ -8.437669023751068, 40.157248808598162 ], [ -8.438103359355544, 40.157366762710787 ], [ -8.438520537176869, 40.157516812431105 ], [ -8.438916540015166, 40.157697512900697 ], [ -8.439287554483991, 40.157907124107304 ], [ -8.43963000772237, 40.158143627633116 ], [ -8.439940601795273, 40.158404746083683 ], [ -8.440216345451583, 40.158687965010223 ], [ -8.440454582933791, 40.15899055711494 ], [ -8.440653019561893, 40.159309608506739 ], [ -8.44080974384481, 40.159642046754321 ], [ -8.440883808151408, 40.159865621850344 ], [ -8.440934527611006, 40.159930040094643 ], [ -8.441132969243375, 40.160249090593382 ], [ -8.441289698052264, 40.160581528120439 ], [ -8.441345348913043, 40.160749513202468 ], [ -8.441452421466073, 40.160976621797971 ], [ -8.441565929018809, 40.161319244781616 ], [ -8.441607182200777, 40.161527630724315 ], [ -8.441664918467628, 40.161221684216663 ], [ -8.441775321612115, 40.160878464647148 ], [ -8.441929038871438, 40.160545200226245 ], [ -8.442124589317702, 40.160225100307528 ], [ -8.4423600892425, 40.159921247425814 ], [ -8.442633270315374, 40.159636567618413 ], [ -8.442941501442025, 40.159373802254741 ], [ -8.443281814111305, 40.159135481645151 ], [ -8.443650930986557, 40.158923900682709 ], [ -8.444045297465824, 40.158741096752436 ], [ -8.444461115907105, 40.158588830119847 ], [ -8.444894382189315, 40.15846856698775 ], [ -8.445340924257344, 40.158381465384018 ], [ -8.445796442280626, 40.158328364015517 ], [ -8.446256550039283, 40.158309774196091 ], [ -8.446716817140169, 40.158325874925318 ], [ -8.447172811657232, 40.158376511165862 ], [ -8.447620142786588, 40.158461195335747 ], [ -8.448054503106516, 40.15857911200127 ], [ -8.448471710036392, 40.15872912572533 ], [ -8.448867746096248, 40.158909791996081 ], [ -8.449238797579953, 40.159119371130537 ], [ -8.449581291270325, 40.159355845019768 ], [ -8.449863464770344, 40.15959301256045 ], [ -8.450040742693567, 40.159626568253152 ], [ -8.4504751145806, 40.159744475769706 ], [ -8.450701085183507, 40.15982572036107 ], [ -8.450839609389279, 40.159830560858389 ], [ -8.45129561693553, 40.159881180798884 ], [ -8.451356383102114, 40.159892681986442 ], [ -8.451450054758441, 40.159838979243233 ], [ -8.451844405425614, 40.159656148839275 ], [ -8.452260211829639, 40.159503854268792 ], [ -8.452693469965217, 40.159383562003548 ], [ -8.453115877799551, 40.159301138829825 ], [ -8.453401129443868, 40.159057904536965 ], [ -8.453741403771117, 40.158819553321017 ], [ -8.454110486255923, 40.158607939136623 ], [ -8.454504822627261, 40.158425099688671 ], [ -8.45492061553283, 40.158272795584665 ], [ -8.455353861097244, 40.158152493388236 ], [ -8.455800387464725, 40.158065351503289 ], [ -8.456255894955769, 40.158012209024534 ], [ -8.45639908484636, 40.158006410898651 ], [ -8.456539506589602, 40.157925894119131 ], [ -8.456933832457137, 40.157743046418489 ], [ -8.457349615727209, 40.15759073361194 ], [ -8.457782852617164, 40.157470422346911 ], [ -8.458229371354701, 40.157383271114604 ], [ -8.458542180431939, 40.15734676989576 ], [ -8.45855456355199, 40.157326489032805 ], [ -8.45878998008858, 40.157022602910175 ], [ -8.458839662657965, 40.156970807063587 ], [ -8.458862835073061, 40.156920535106138 ], [ -8.459058295524937, 40.156600406742356 ], [ -8.459293707323527, 40.156296519576294 ], [ -8.459566802986727, 40.156011799975559 ], [ -8.459874952242389, 40.155748989692931 ], [ -8.460215187367393, 40.155510619471379 ], [ -8.460293036896646, 40.155465975542185 ], [ -8.460125988630528, 40.155325595747954 ], [ -8.459850176269454, 40.155042424341957 ], [ -8.459611866876591, 40.154739872221569 ], [ -8.459413355179294, 40.154420853365494 ], [ -8.459256552516267, 40.154088440307895 ], [ -8.459142968447152, 40.153745834540331 ], [ -8.459073696235235, 40.153396335672909 ], [ -8.459049402342298, 40.153043309652375 ], [ -8.459051469334153, 40.153008412794698 ], [ -8.459032923293966, 40.15273890890073 ], [ -8.45905384099018, 40.152385755575786 ], [ -8.459119767924689, 40.152035876007503 ], [ -8.459230068512586, 40.151692639654854 ], [ -8.45938367987738, 40.15135935195061 ], [ -8.459579122110958, 40.151039222472818 ], [ -8.459814512546902, 40.150735334041208 ], [ -8.460087583908935, 40.150450613035652 ], [ -8.460395706158982, 40.150187801222501 ], [ -8.460735911834009, 40.149949429359509 ], [ -8.461085719103844, 40.149748807662768 ], [ -8.46104437134797, 40.14954021429002 ], [ -8.46102006876375, 40.149187188482735 ], [ -8.461040975200538, 40.148834034627313 ], [ -8.461106888620437, 40.148484153767164 ], [ -8.461217173568789, 40.14814091537373 ], [ -8.461370767319814, 40.147807624899485 ], [ -8.46156619013508, 40.147487491949192 ], [ -8.461801559535232, 40.147183599376064 ], [ -8.462074608446585, 40.146898873599923 ], [ -8.46238270704726, 40.14663605643306 ], [ -8.462722888101945, 40.14639767868487 ], [ -8.463091875540936, 40.146186035798827 ], [ -8.463486116008195, 40.146003165756298 ], [ -8.463560424464317, 40.145975934847876 ], [ -8.463425403335552, 40.145804508361955 ], [ -8.463226900137691, 40.145485495517732 ], [ -8.463070099762025, 40.145153087102635 ], [ -8.462956511746471, 40.144810484563472 ], [ -8.462887229392646, 40.144460987479299 ], [ -8.462862919260333, 40.144107961779703 ], [ -8.462873532519714, 40.143928587831283 ], [ -8.46244877571592, 40.143978177632533 ], [ -8.461988769480113, 40.143996831435246 ], [ -8.461528595921648, 40.143980790999848 ], [ -8.461072687460806, 40.143930210825793 ], [ -8.460625435417576, 40.143845578100297 ], [ -8.460423522318001, 40.143790777089308 ], [ -8.460256851352158, 40.143837075935238 ], [ -8.459810423842089, 40.143924234826841 ], [ -8.459355013247141, 40.143977391033232 ], [ -8.458895006087472, 40.143996032549509 ], [ -8.45843483317913, 40.143979979816955 ], [ -8.458115960490865, 40.143944594398349 ], [ -8.45776606325178, 40.144072799952752 ], [ -8.457332911291653, 40.144193111097607 ], [ -8.456886477641762, 40.144280258735513 ], [ -8.456431062315321, 40.144333403457843 ], [ -8.455971051878098, 40.144352033370339 ], [ -8.455510877177721, 40.144335969026059 ], [ -8.455054970645469, 40.144285365154808 ], [ -8.454607723582722, 40.144200709172075 ], [ -8.454173443844486, 40.144082816482253 ], [ -8.453756314328514, 40.143932822621153 ], [ -8.453360352670709, 40.14375217231386 ], [ -8.452989372535772, 40.143542605553414 ], [ -8.452646946876563, 40.143306140834895 ], [ -8.452336373516482, 40.143045055706466 ], [ -8.452273610556869, 40.142980594763053 ], [ -8.452181231295439, 40.142938446409218 ], [ -8.451810259201249, 40.142728875810519 ], [ -8.451467841711093, 40.14249240754031 ], [ -8.451157276569671, 40.142231319180922 ], [ -8.450881554628952, 40.141948125420527 ], [ -8.450643331046949, 40.141645553825128 ], [ -8.450558627179667, 40.141509368475063 ], [ -8.45048092999197, 40.141506652488829 ], [ -8.45039942154154, 40.141497601494002 ], [ -8.450322451638511, 40.141551526314878 ], [ -8.44995344928309, 40.141763128738141 ], [ -8.449559196660644, 40.141945952888349 ], [ -8.449143490961806, 40.142098237832791 ], [ -8.448710336097065, 40.142218516776182 ], [ -8.448263904120116, 40.142305631194624 ], [ -8.448210894552741, 40.142311813382697 ], [ -8.448074591521211, 40.142389971170324 ], [ -8.447680330208394, 40.14257278893723 ], [ -8.447264616459206, 40.142725067151069 ], [ -8.446831454261716, 40.142845339081369 ], [ -8.446385015740287, 40.1429324462718 ], [ -8.445929600955148, 40.142985549703411 ], [ -8.445469596466888, 40.14300413787975 ], [ -8.445009433065827, 40.142988031755955 ], [ -8.444553543074356, 40.142937386464354 ], [ -8.444106317634436, 40.142852689819478 ], [ -8.443672064392656, 40.142734757617447 ], [ -8.443254965991382, 40.142584725774711 ], [ -8.442859039766622, 40.142404039382178 ], [ -8.442488099041565, 40.14219443878055 ], [ -8.442167332162752, 40.141972873660556 ], [ -8.442049030920799, 40.141950466758075 ], [ -8.441614786941162, 40.141832526787788 ], [ -8.44119769854802, 40.141682487473844 ], [ -8.441162675386041, 40.141666503206011 ], [ -8.440912988606522, 40.141576682164931 ], [ -8.440517074403425, 40.141395987688398 ], [ -8.440146146329477, 40.141186379500795 ], [ -8.439803776835802, 40.140949876496173 ], [ -8.43949326320455, 40.140688756591402 ], [ -8.439217595791309, 40.140405534778424 ], [ -8.438979429228683, 40.140102938893328 ], [ -8.438781056868237, 40.139783883336008 ], [ -8.438624388706677, 40.139451440993803 ], [ -8.438510933008358, 40.139108813639979 ], [ -8.438441781800471, 40.138759301092193 ], [ -8.438417600379781, 40.138406269428621 ], [ -8.438438620931123, 40.138053118567598 ], [ -8.438504640318037, 40.137703249523327 ], [ -8.438615022065886, 40.13736003165323 ], [ -8.438768702517264, 40.137026770211833 ], [ -8.438964201099452, 40.136706674524156 ], [ -8.439199634604115, 40.136402827084382 ], [ -8.439472735340926, 40.136118153877611 ], [ -8.439780872989596, 40.135855396209884 ], [ -8.440121079939392, 40.135617084317616 ], [ -8.440490079871806, 40.135405513010213 ], [ -8.440884319310953, 40.135222719579879 ], [ -8.441300001837996, 40.135070464191259 ], [ -8.441733124640329, 40.134950212939088 ], [ -8.442179517044051, 40.134863123736942 ], [ -8.442634880659265, 40.134810035172478 ], [ -8.443094830752365, 40.134791458436275 ], [ -8.443554938447804, 40.134807572402032 ], [ -8.444010773353863, 40.134858221904913 ], [ -8.444457946202986, 40.134942919235257 ], [ -8.444892151097005, 40.135060848832516 ], [ -8.445309206951441, 40.135210875134959 ], [ -8.445344227752884, 40.135226858175493 ], [ -8.445593897010388, 40.135316669827077 ], [ -8.445604817232772, 40.135321653632943 ], [ -8.446016403472905, 40.13520736490954 ], [ -8.446462791982469, 40.135120259215121 ], [ -8.446918153870431, 40.135067153816784 ], [ -8.447378104419798, 40.135048560067226 ], [ -8.44783821475062, 40.135064657003866 ], [ -8.447874811013923, 40.135068722021202 ], [ -8.448170264172999, 40.134899287803613 ], [ -8.448564479947688, 40.13471646830159 ], [ -8.448980142078023, 40.134564185409495 ], [ -8.44941324794766, 40.134443905486876 ], [ -8.449859627045626, 40.134356786723366 ], [ -8.450314981110051, 40.134303667991162 ], [ -8.450774925499227, 40.13428506077134 ], [ -8.4512350313925, 40.13430114423101 ], [ -8.451690868415508, 40.134351763499055 ], [ -8.452138047280346, 40.134436431156836 ], [ -8.452234087614913, 40.134462508819972 ], [ -8.45227064120292, 40.134469429658488 ], [ -8.452592879216416, 40.134556925526347 ], [ -8.452673820403421, 40.134500209701386 ], [ -8.453042775126509, 40.134288598529885 ], [ -8.453436974216849, 40.134105762486655 ], [ -8.453852621643861, 40.133953462146629 ], [ -8.454099926257859, 40.133884769858206 ], [ -8.454140849818481, 40.133831932004661 ], [ -8.454413877757526, 40.133547223718608 ], [ -8.45472194605302, 40.133284426447879 ], [ -8.455062087761755, 40.133046070810337 ], [ -8.455431027193118, 40.132834452036654 ], [ -8.455510899309282, 40.132797403180163 ], [ -8.455612053009515, 40.13257790096965 ], [ -8.455768816106664, 40.132321084981811 ], [ -8.455660750445578, 40.132210086722935 ], [ -8.455422540022754, 40.131907524399089 ], [ -8.455224115030676, 40.131588496763172 ], [ -8.455067385973443, 40.13125607643375 ], [ -8.454953861702371, 40.130913464972167 ], [ -8.454884634905506, 40.13056396204324 ], [ -8.454860371607989, 40.130210933632718 ], [ -8.454881304783498, 40.129857779627812 ], [ -8.454947232137304, 40.129507901073261 ], [ -8.455057518081246, 40.129164667418316 ], [ -8.455211099880611, 40.128831384069798 ], [ -8.455406497912701, 40.12851126056389 ], [ -8.455641829937383, 40.128207379662939 ], [ -8.455914829241381, 40.12792266767444 ], [ -8.456222866480926, 40.127659866278094 ], [ -8.456562975011877, 40.127421506131569 ], [ -8.456931879463085, 40.127209882508957 ], [ -8.457326027277695, 40.127027033206403 ], [ -8.457741622918743, 40.126874718926494 ], [ -8.458174664409857, 40.126754406331074 ], [ -8.458620981859706, 40.126667253924374 ], [ -8.459076277599772, 40.126614100902522 ], [ -8.459536167549725, 40.126595459076718 ], [ -8.459851503606259, 40.126606459650731 ], [ -8.45990824790214, 40.126604159215816 ], [ -8.460368303901461, 40.126620206607626 ], [ -8.460824096109064, 40.126670790170522 ], [ -8.461271235668448, 40.126755422829561 ], [ -8.461705417002001, 40.126873289646788 ], [ -8.462122459252209, 40.127023255664852 ], [ -8.462518346524616, 40.127203876830961 ], [ -8.46288926654579, 40.127413413896171 ], [ -8.462997328910431, 40.127488037971418 ], [ -8.46317499842475, 40.127438667341544 ], [ -8.463621313826351, 40.12735149568234 ], [ -8.464076610098802, 40.127298323005952 ], [ -8.464536503156625, 40.127279661312741 ], [ -8.464996564673225, 40.127295690294282 ], [ -8.465452364701402, 40.127346255603896 ], [ -8.465899514309402, 40.12743087034238 ], [ -8.466333707822914, 40.127548719744325 ], [ -8.46675076426722, 40.127698669020006 ], [ -8.466826798955568, 40.127733355101824 ], [ -8.466827765971047, 40.12773177026974 ], [ -8.467063044311727, 40.127427866336362 ], [ -8.467335992683196, 40.127143127592333 ], [ -8.467643982231909, 40.12688029597507 ], [ -8.467984046772711, 40.126641902433313 ], [ -8.468352911357794, 40.126430242562805 ], [ -8.468747023813938, 40.126247354508678 ], [ -8.469162588944409, 40.126094999346684 ], [ -8.469503734658264, 40.12600017933994 ], [ -8.469774588279524, 40.125717603677089 ], [ -8.47008256199603, 40.125454765574815 ], [ -8.470422610899764, 40.12521636487795 ], [ -8.470791460193444, 40.125004697251207 ], [ -8.471185557851037, 40.124821800914347 ], [ -8.471601108818247, 40.124669437022938 ], [ -8.472034111548599, 40.124549072716484 ], [ -8.472480396523753, 40.124461866997052 ], [ -8.472935666387695, 40.124408659574065 ], [ -8.473395537309106, 40.124389962782416 ], [ -8.473855581174453, 40.124405956651536 ], [ -8.47431136820645, 40.124456487172807 ], [ -8.47459832942554, 40.124510768558586 ], [ -8.474874570296867, 40.124317080014521 ], [ -8.475243400842324, 40.124105398253654 ], [ -8.475637481286254, 40.123922486810308 ], [ -8.476053016740019, 40.123770106985511 ], [ -8.476486005806432, 40.123649726072173 ], [ -8.476932279098643, 40.123562503232236 ], [ -8.477387539373067, 40.123509278339959 ], [ -8.477847402890674, 40.123490563898436 ], [ -8.478307441609184, 40.123506540106987 ], [ -8.478763225800861, 40.123557053127023 ], [ -8.478955321668218, 40.123593382600134 ], [ -8.479194571910128, 40.123526858832349 ], [ -8.479640840863782, 40.123439625571415 ], [ -8.480096098130595, 40.123386390043095 ], [ -8.480555960000473, 40.123367664852843 ], [ -8.481015998446995, 40.123383630303508 ], [ -8.481471783745047, 40.123434132660016 ], [ -8.481918927104713, 40.123518685629215 ], [ -8.48235312291194, 40.123636475040321 ], [ -8.482770190170081, 40.123786366681188 ], [ -8.483166112744197, 40.1239669172151 ], [ -8.483537078021307, 40.124176388073188 ], [ -8.483879513614957, 40.124412762188797 ], [ -8.484190121761102, 40.124673763413362 ], [ -8.484465911074377, 40.124956878426779 ], [ -8.484704225359046, 40.125259380931894 ], [ -8.484902769197054, 40.125578357900515 ], [ -8.485059630066495, 40.125910737618241 ], [ -8.485066770639076, 40.125932258793107 ], [ -8.48530593903892, 40.125997131399949 ], [ -8.485723027169092, 40.126147012255984 ], [ -8.486118971222092, 40.126327552528942 ], [ -8.486489958378195, 40.126537013748745 ], [ -8.486832416040343, 40.126773378941579 ], [ -8.486945878731143, 40.126868711215401 ], [ -8.487182426092925, 40.126913427399138 ], [ -8.487616652481526, 40.127031196875066 ], [ -8.488033751962284, 40.127181069333083 ], [ -8.488429708090129, 40.127361601621203 ], [ -8.488800707929119, 40.12757105534623 ], [ -8.489143178760118, 40.127807413606568 ], [ -8.489453822479881, 40.128068400406327 ], [ -8.48972964736058, 40.128351502564399 ], [ -8.489967996864047, 40.128653993907463 ], [ -8.49016657523312, 40.128972961514876 ], [ -8.490321118917302, 40.129300353965959 ], [ -8.490669899718396, 40.129259539936946 ], [ -8.491129797943142, 40.129240772619909 ], [ -8.491589878155992, 40.129256695868584 ], [ -8.492045710229824, 40.129307156354244 ] ], [ [ -8.434124194484157, 40.249456303183173 ], [ -8.434464986978064, 40.249218010440437 ], [ -8.434834618593579, 40.24900645899077 ], [ -8.435229529772634, 40.24882368593412 ], [ -8.435645917629151, 40.248671451238003 ], [ -8.436079772560431, 40.248551220797111 ], [ -8.436526916844928, 40.248464152323976 ], [ -8.436983044855294, 40.248411084206147 ], [ -8.437443764500228, 40.248392527437097 ], [ -8.437884218840862, 40.248407945897412 ], [ -8.437884202867293, 40.248407713082251 ], [ -8.437812856167755, 40.248192600100452 ], [ -8.437743594126298, 40.247843094130026 ], [ -8.437719373986344, 40.247490069114249 ], [ -8.437740428301794, 40.247136924907522 ], [ -8.437806553607214, 40.246787062459916 ], [ -8.437917112404245, 40.246443851064939 ], [ -8.438071039327015, 40.246110595914345 ], [ -8.438266851426178, 40.245790506271859 ], [ -8.438502662471619, 40.245486664572695 ], [ -8.438776201135264, 40.245201996745713 ], [ -8.439007967033442, 40.245004683815978 ], [ -8.438839927885484, 40.244832308214484 ], [ -8.438601394485826, 40.244529718371055 ], [ -8.438441267946761, 40.244272577844413 ], [ -8.438251526466058, 40.244141705514025 ], [ -8.438021375305222, 40.243948457644713 ], [ -8.437742830898456, 40.244185593454858 ], [ -8.437402075086355, 40.244423895922303 ], [ -8.437032476352096, 40.244635455618969 ], [ -8.436637594329843, 40.24481823485317 ], [ -8.436630092213678, 40.244820977939881 ], [ -8.436569336212946, 40.245009577978173 ], [ -8.436415404373383, 40.245342831212852 ], [ -8.436219584810518, 40.245662917774894 ], [ -8.435983762921198, 40.245966754852589 ], [ -8.435710209460298, 40.246251416095994 ], [ -8.43540155868514, 40.246514159808122 ], [ -8.435060782994315, 40.246752455358767 ], [ -8.434691164304821, 40.246964007565985 ], [ -8.434335351078158, 40.247128687638458 ], [ -8.434281383940235, 40.247245510675036 ], [ -8.43408554887562, 40.247565593577498 ], [ -8.433849710867118, 40.247869426265517 ], [ -8.433576140824862, 40.248154082431348 ], [ -8.433267473165897, 40.248416820426883 ], [ -8.432926680451461, 40.248655109676967 ], [ -8.432895312211826, 40.248673062061826 ], [ -8.432893446133789, 40.248675003704122 ], [ -8.432584773469848, 40.248937739873284 ], [ -8.432243975747417, 40.249176027109634 ], [ -8.431874335095753, 40.249387570311313 ], [ -8.431618561008076, 40.249505937008202 ], [ -8.431538375762239, 40.249754772035203 ], [ -8.431384408601593, 40.250088018432763 ], [ -8.431188551749727, 40.250408096354462 ], [ -8.43100456182535, 40.250645105312785 ], [ -8.43122336245758, 40.250492126884986 ], [ -8.431593011136737, 40.25028058577395 ], [ -8.431987938488152, 40.250097823760782 ], [ -8.432404341470088, 40.24994560070666 ], [ -8.43283821033428, 40.249825382394164 ], [ -8.433285367225094, 40.249738326419056 ], [ -8.433741506393851, 40.249685271048563 ], [ -8.433860841338152, 40.249680468112416 ], [ -8.434124194484157, 40.249456303183173 ] ], [ [ -8.460723837828903, 40.188195147929115 ], [ -8.460769051614815, 40.188193316117896 ], [ -8.461144136931109, 40.188019448812007 ], [ -8.461560095035233, 40.187867120984009 ], [ -8.461993516584787, 40.187746793854778 ], [ -8.462113991015981, 40.187723285605706 ], [ -8.462255918860025, 40.187415477762784 ], [ -8.462451449859431, 40.187095345073232 ], [ -8.462686950939128, 40.186791452249714 ], [ -8.462960153756603, 40.186506725714132 ], [ -8.463192354253557, 40.186308763393825 ], [ -8.463282958747426, 40.186214335734348 ], [ -8.463591229430579, 40.185951516443438 ], [ -8.463931601606241, 40.185713135992735 ], [ -8.464300797364201, 40.185501489851355 ], [ -8.464695261342548, 40.185318616031687 ], [ -8.465111194960251, 40.18516627547195 ], [ -8.465264197268558, 40.185123791994165 ], [ -8.465327580194794, 40.184926591767635 ], [ -8.465481235503145, 40.184593297707707 ], [ -8.465676743291267, 40.184273159508379 ], [ -8.465912220260549, 40.183969260073191 ], [ -8.466185398300642, 40.183684525887749 ], [ -8.466493646345599, 40.183421698845052 ], [ -8.46683399572062, 40.18318330984922 ], [ -8.466836904722276, 40.183181642061264 ], [ -8.466841095501051, 40.183110780510539 ], [ -8.466858665123818, 40.183017520699366 ], [ -8.466785833166744, 40.183014986799257 ], [ -8.466329659557905, 40.182964428739965 ], [ -8.465882144563439, 40.182879817954202 ], [ -8.465447598620024, 40.182761969411054 ], [ -8.465030207190363, 40.182612018221313 ], [ -8.46463399043383, 40.18243140869928 ], [ -8.464262764472787, 40.182221880445461 ], [ -8.46392010462823, 40.181985451584389 ], [ -8.463609310979336, 40.181724399319251 ], [ -8.463333376578944, 40.181441237990974 ], [ -8.463094958631109, 40.181138694853644 ], [ -8.462896352908277, 40.180819683799641 ], [ -8.462739471654171, 40.180487277288258 ], [ -8.462625825184652, 40.180144676748192 ], [ -8.462556507363196, 40.179795181739372 ], [ -8.462532185089973, 40.179442158171497 ], [ -8.46255309190494, 40.179089005885324 ], [ -8.462619025765493, 40.178739125909132 ], [ -8.462729351019103, 40.178395887705797 ], [ -8.46282192202758, 40.178195091680067 ], [ -8.46284676766798, 40.178117792151838 ], [ -8.463000420006157, 40.177784501004822 ], [ -8.463195920158688, 40.177464366649474 ], [ -8.463431384900698, 40.177160471952305 ], [ -8.463704546239768, 40.176875743353357 ], [ -8.464012773270923, 40.176612922691852 ], [ -8.464353097521835, 40.176374540810563 ], [ -8.464722241543797, 40.176162893192462 ], [ -8.465116650473034, 40.175980017864241 ], [ -8.465532526258512, 40.175827675778734 ], [ -8.465965864226824, 40.175707333865127 ], [ -8.466412491632585, 40.175620150909566 ], [ -8.466868107823634, 40.175566966402123 ], [ -8.467328325635094, 40.175548292456931 ], [ -8.467788713614485, 40.175564308883445 ], [ -8.468244838672288, 40.175614861455912 ], [ -8.468692308748173, 40.175699463397891 ], [ -8.469126815083083, 40.175817300067351 ], [ -8.469544173691025, 40.17596723679749 ], [ -8.469940365632104, 40.176147829817886 ], [ -8.470311575699757, 40.176357340150972 ], [ -8.470620987562201, 40.17657081577817 ], [ -8.47093405417163, 40.176581698138733 ], [ -8.471390188294315, 40.17663223827315 ], [ -8.471837668882973, 40.176716828000195 ], [ -8.472272187077371, 40.176834652795428 ], [ -8.472689558777386, 40.176984578106392 ], [ -8.473085764917126, 40.177165160272594 ], [ -8.473456990153377, 40.177374660420995 ], [ -8.473799659596438, 40.177611061203436 ], [ -8.473879060014559, 40.177677742897139 ], [ -8.473848818967499, 40.177586622031349 ], [ -8.473779446305496, 40.177237133814046 ], [ -8.473755066891995, 40.176884112683702 ], [ -8.473775914817365, 40.176530958457775 ], [ -8.473841788606208, 40.176181072183361 ], [ -8.473900518243999, 40.175998249836304 ], [ -8.473908703276967, 40.175954774759141 ], [ -8.47401896715942, 40.175611525885735 ], [ -8.474172559166146, 40.175278220016168 ], [ -8.474367999574557, 40.174958066903493 ], [ -8.474603405734973, 40.174654149594986 ], [ -8.474876510218927, 40.174369394748553 ], [ -8.475184682668733, 40.174106544456251 ], [ -8.475524955137416, 40.173868129846277 ], [ -8.475894050674652, 40.173656446716791 ], [ -8.476288414883296, 40.173473533436464 ], [ -8.476704250142685, 40.173321151323563 ], [ -8.476714925495576, 40.173318185431384 ], [ -8.476662543377003, 40.173251729333515 ], [ -8.476545343425782, 40.173131481757999 ], [ -8.476306896334179, 40.172828965515869 ], [ -8.47615943153826, 40.172592161027332 ], [ -8.475786835544531, 40.172458324595979 ], [ -8.475390649771354, 40.172277751442053 ], [ -8.475019446515526, 40.172068257218214 ], [ -8.474676800879548, 40.171831859721166 ], [ -8.474632355226722, 40.171794530998305 ], [ -8.474545853123447, 40.171734851097575 ], [ -8.474430895020951, 40.171713121325638 ], [ -8.473996405876328, 40.171595304407795 ], [ -8.473579064431954, 40.171445383543372 ], [ -8.47318289036575, 40.171264802754465 ], [ -8.473007775122241, 40.171165967454442 ], [ -8.472667050678341, 40.171179810546285 ], [ -8.472418493935441, 40.171171173606012 ], [ -8.472375735273834, 40.171172910659337 ], [ -8.4719153760247, 40.171156912342944 ], [ -8.471459278212089, 40.17110637408048 ], [ -8.471011834980539, 40.171021782655451 ], [ -8.470577356075305, 40.170903952850416 ], [ -8.470160026313238, 40.170754019595535 ], [ -8.46976386525966, 40.170573427032267 ], [ -8.469704665199133, 40.170540011452033 ], [ -8.469359363739789, 40.170700148745205 ], [ -8.468943527825088, 40.170852504549103 ], [ -8.468510226011974, 40.17097285756126 ], [ -8.468063631769761, 40.171060048544071 ], [ -8.46760804665894, 40.171113237671207 ], [ -8.467434923450821, 40.171120263425891 ], [ -8.467130185141839, 40.171179756185893 ], [ -8.46667459847721, 40.171232941645151 ], [ -8.466214409609792, 40.171251612888284 ], [ -8.465754051106508, 40.171235590070218 ], [ -8.465297957169719, 40.171185027520629 ], [ -8.464850520906593, 40.171100412257061 ], [ -8.464807136744582, 40.171088644068121 ], [ -8.464484082551419, 40.171126351218206 ], [ -8.464023893743814, 40.171145013754682 ], [ -8.463563536416494, 40.171128982221589 ], [ -8.463107444760489, 40.171078411032639 ], [ -8.462660011860981, 40.170993787288509 ], [ -8.462225547363621, 40.170875926083163 ], [ -8.461808235946361, 40.170725962649257 ], [ -8.461566425535135, 40.170615708445155 ], [ -8.461540772314644, 40.170606489650503 ], [ -8.461513855480822, 40.17064123078152 ], [ -8.461240709770269, 40.170925954455669 ], [ -8.460932497574154, 40.171188767935881 ], [ -8.460592187066913, 40.171427139920795 ], [ -8.460380295970893, 40.171548624021327 ], [ -8.46028574379234, 40.171842785846671 ], [ -8.460132091352497, 40.172176073733034 ], [ -8.459936591774552, 40.172496203204631 ], [ -8.459701127374887, 40.172800091037324 ], [ -8.459427965466224, 40.173084810393107 ], [ -8.45911973653519, 40.173347619016113 ], [ -8.458905476040757, 40.173497688115631 ], [ -8.458851809243111, 40.173782410112537 ], [ -8.458741471742067, 40.174125644942713 ], [ -8.458690209073271, 40.174236829449974 ], [ -8.458623691023952, 40.174443749387194 ], [ -8.458470024658256, 40.174777034973317 ], [ -8.458420014595784, 40.174858919380029 ], [ -8.458445766254451, 40.174936572691436 ], [ -8.458515057890112, 40.175286070558371 ], [ -8.458539357721662, 40.17563909531237 ], [ -8.45851843103175, 40.175992247162789 ], [ -8.458452478657421, 40.176342125042922 ], [ -8.458342135082763, 40.176685359364924 ], [ -8.458188462354373, 40.177018644473563 ], [ -8.45799293987719, 40.177338770486159 ], [ -8.457757450188055, 40.177642654211823 ], [ -8.457484260843211, 40.17792736885206 ], [ -8.457176002593505, 40.178190172196338 ], [ -8.456835644056966, 40.178428533040851 ], [ -8.456632869369356, 40.178544768210152 ], [ -8.45663153284314, 40.178548925125519 ], [ -8.456477847587006, 40.178882207905701 ], [ -8.456282311760841, 40.179202330978875 ], [ -8.456046808030038, 40.179506211182463 ], [ -8.456035980214786, 40.17951749509416 ], [ -8.456062931778307, 40.179551702720033 ], [ -8.456261501838002, 40.179870725707083 ], [ -8.456418350096781, 40.180203141162139 ], [ -8.456531965483777, 40.180545747914834 ], [ -8.456601253206516, 40.180895246604251 ], [ -8.456625545317982, 40.18124827144856 ], [ -8.45660460717497, 40.181601422656243 ], [ -8.456538639724631, 40.181951299166748 ], [ -8.45642827759607, 40.182294531405368 ], [ -8.456274583014419, 40.182627813736907 ], [ -8.456079035594954, 40.182947936305347 ], [ -8.455995458732525, 40.183055772859525 ], [ -8.456004879683139, 40.183192696110815 ], [ -8.455983937790652, 40.183545847102437 ], [ -8.455917965332784, 40.183895723161513 ], [ -8.455807596986812, 40.184238954717657 ], [ -8.455653895037692, 40.184572236142209 ], [ -8.455458339171606, 40.184892357587927 ], [ -8.455222812246832, 40.185196235907767 ], [ -8.454949582178145, 40.185480944355277 ], [ -8.45464128010857, 40.185743740779458 ], [ -8.454300875078188, 40.185982094043069 ], [ -8.453931645433627, 40.186193708408929 ], [ -8.453537147253506, 40.186376545659321 ], [ -8.453121180093936, 40.186528844734987 ], [ -8.452687750384303, 40.186649138704162 ], [ -8.452241032826342, 40.186736268897953 ], [ -8.451785330168819, 40.186789396075582 ], [ -8.451325031746114, 40.186808008511726 ], [ -8.450864571180805, 40.186791926927768 ], [ -8.450408383658681, 40.186741306219623 ], [ -8.449960863188599, 40.18665663396515 ], [ -8.44952632025989, 40.186538725725647 ], [ -8.449108940306056, 40.186388717186993 ], [ -8.448712743375712, 40.186208053215992 ], [ -8.448489554896677, 40.186082040757874 ], [ -8.448317499435843, 40.186180636576111 ], [ -8.447922986133111, 40.186363454753845 ], [ -8.447507006366084, 40.18651573370586 ], [ -8.447073566685686, 40.186636006694265 ], [ -8.446626841889771, 40.186723115252256 ], [ -8.446403892132244, 40.186749096579064 ], [ -8.446381153551954, 40.186798383850522 ], [ -8.44631816283864, 40.186901467494856 ], [ -8.446302734494795, 40.186949423501844 ], [ -8.446148979915408, 40.187282692352319 ], [ -8.445953371563421, 40.187602797792991 ], [ -8.445717792802713, 40.187906656830897 ], [ -8.445674649638976, 40.187951600767377 ], [ -8.445607791078974, 40.188061009974689 ], [ -8.445528791898301, 40.188162905088106 ], [ -8.445533832254339, 40.188236319599611 ], [ -8.44551449729485, 40.188561505744303 ], [ -8.445523663899101, 40.188695019894574 ], [ -8.445502666133372, 40.189048168867927 ], [ -8.445436634638547, 40.189398038846917 ], [ -8.445326204660354, 40.189741260319565 ], [ -8.445172439077259, 40.190074527754177 ], [ -8.444990360619892, 40.190372471426286 ], [ -8.445068502008807, 40.190305883135117 ], [ -8.445408961048532, 40.190067556990755 ], [ -8.445778238282525, 40.189855969767329 ], [ -8.446172777564737, 40.18967315890982 ], [ -8.446588779589431, 40.189520884750202 ], [ -8.447022238468154, 40.189400613563542 ], [ -8.447468980291776, 40.189313503455018 ], [ -8.447924703306898, 40.189260393213296 ], [ -8.448385019320476, 40.189241794237503 ], [ -8.448845495934831, 40.18925788561539 ], [ -8.449301699207268, 40.189308512399649 ], [ -8.449749236324529, 40.189393187099434 ], [ -8.450183797882099, 40.189511094372328 ], [ -8.450601199362218, 40.189661098871866 ], [ -8.450997421412026, 40.189841756175255 ], [ -8.451368648534782, 40.190051326686095 ], [ -8.45171130582218, 40.19028779237879 ], [ -8.452022093374532, 40.190548876223488 ], [ -8.452298018077636, 40.190832064104995 ], [ -8.4525364224304, 40.191134629024873 ], [ -8.452735010145526, 40.191453657354138 ], [ -8.452891868276435, 40.191786076883979 ], [ -8.452921586411396, 40.191875691304119 ], [ -8.452873040992751, 40.191630793617037 ], [ -8.452848764268852, 40.191277768558109 ], [ -8.452869724536791, 40.190924618533465 ], [ -8.452935719238793, 40.190574744549437 ], [ -8.453046112136064, 40.190231516011032 ], [ -8.453199839462, 40.189898238275532 ], [ -8.453395420190768, 40.189578120824663 ], [ -8.453630970321429, 40.189274246362011 ], [ -8.453904221039254, 40.188989541132528 ], [ -8.454212540578629, 40.188726746750262 ], [ -8.45455295957653, 40.188488393804768 ], [ -8.454922199672085, 40.188276777500242 ], [ -8.455316705076656, 40.188093935561739 ], [ -8.455732676810525, 40.1879416286205 ], [ -8.456166109276724, 40.187821323267251 ], [ -8.456612828820294, 40.187734177936093 ], [ -8.457068533902238, 40.187681031754785 ], [ -8.457528836502092, 40.187662396468511 ], [ -8.457989304351273, 40.187678451514493 ], [ -8.458445503591468, 40.187729042295253 ], [ -8.458893041448267, 40.187813681666519 ], [ -8.459327608510101, 40.187931554626005 ], [ -8.459745020206309, 40.188081526157575 ], [ -8.459760311838718, 40.18808849694603 ], [ -8.460008980881915, 40.188155944378124 ], [ -8.460266789773273, 40.188248570432457 ], [ -8.46026813225907, 40.188248308496398 ], [ -8.460723837828903, 40.188195147929115 ] ], [ [ -8.482419106808782, 40.132826755510393 ], [ -8.48218254196969, 40.13278202971712 ], [ -8.482162808781521, 40.132776677212824 ], [ -8.482129254184491, 40.132800205341191 ], [ -8.481760398353044, 40.13301190882261 ], [ -8.481366282151278, 40.133194840966638 ], [ -8.480950701455123, 40.133347239800386 ], [ -8.480517658970367, 40.133467637431522 ], [ -8.480125436249486, 40.133544298271865 ], [ -8.480105758688996, 40.13356972170088 ], [ -8.479984181390805, 40.133696577287182 ], [ -8.48016525154253, 40.133630178975267 ], [ -8.48059829568826, 40.133509782658287 ], [ -8.481044628007991, 40.133422543869393 ], [ -8.481499950689924, 40.133369302636325 ], [ -8.481959879394299, 40.133350571619452 ], [ -8.482419985451392, 40.133366531177685 ], [ -8.482875838485302, 40.133417027632682 ], [ -8.483323049054135, 40.133501574748159 ], [ -8.483757310896902, 40.133619358409696 ], [ -8.48398695471842, 40.133701875598611 ], [ -8.484027517716363, 40.133686999487409 ], [ -8.483642043907203, 40.133548488160429 ], [ -8.483246064304993, 40.133367939795534 ], [ -8.482875049738366, 40.13315846854762 ], [ -8.482532573492431, 40.132922091991702 ], [ -8.482419106808782, 40.132826755510393 ] ], [ [ -8.477648135548657, 40.193525028308052 ], [ -8.477988495892358, 40.193286606888144 ], [ -8.478357688539189, 40.193074916206484 ], [ -8.478752158156912, 40.192891994704254 ], [ -8.47916810610997, 40.19273960377874 ], [ -8.479601527030036, 40.192619210829228 ], [ -8.480048247373066, 40.19253197513315 ], [ -8.480503965592213, 40.192478736688201 ], [ -8.480964293540461, 40.19246000812776 ], [ -8.481424798705213, 40.192475969787012 ], [ -8.481881046869002, 40.192526467967483 ], [ -8.482328644786602, 40.192611016416414 ], [ -8.48276328246846, 40.192728801006837 ], [ -8.482821345971502, 40.192749646889794 ], [ -8.482731615328539, 40.192605624682948 ], [ -8.482574609879464, 40.192273246250366 ], [ -8.482460843665562, 40.191930666383023 ], [ -8.482391411703398, 40.191581184442079 ], [ -8.482366981992151, 40.19122816621168 ], [ -8.482387789106109, 40.190875011481459 ], [ -8.482453631962388, 40.190525121303544 ], [ -8.482563875784329, 40.190181865239282 ], [ -8.482717458240639, 40.189848548911407 ], [ -8.482912899700164, 40.189528382173677 ], [ -8.483096611172527, 40.189291203455632 ], [ -8.483086815642205, 40.189270465779082 ], [ -8.482973051981139, 40.188927886226793 ], [ -8.482903620565473, 40.188578404409697 ], [ -8.482879189389225, 40.188225386110751 ], [ -8.482899993040903, 40.187872231120252 ], [ -8.482965830471064, 40.187522340492833 ], [ -8.482993725807635, 40.187435479738262 ], [ -8.483049955786589, 40.187136643688433 ], [ -8.483160191235985, 40.18679338689126 ], [ -8.483313763245233, 40.186460069621894 ], [ -8.483490150473532, 40.186171097745266 ], [ -8.483374151586139, 40.186073713624154 ], [ -8.483098117595191, 40.185790600037954 ], [ -8.482859596774359, 40.185488098265466 ], [ -8.482660885887217, 40.185169121800897 ], [ -8.482503898190595, 40.184836742770614 ], [ -8.482390145025681, 40.184494162338922 ], [ -8.4823207212836, 40.184144679872368 ], [ -8.482296294884618, 40.183791661160136 ], [ -8.482317100371382, 40.183438505996499 ], [ -8.48238293667694, 40.18308861543774 ], [ -8.482493169087968, 40.182745359048937 ], [ -8.482505655734709, 40.182718256834121 ], [ -8.482568082632993, 40.182523861863153 ], [ -8.482721648069395, 40.182190545161703 ], [ -8.482917067792652, 40.181870378086366 ], [ -8.48315245935196, 40.181566443818966 ], [ -8.483425555459153, 40.18128166918067 ], [ -8.483548772341377, 40.181176564164943 ], [ -8.483281001548649, 40.180901906668133 ], [ -8.483042497195797, 40.180599404947294 ], [ -8.482843799882696, 40.18028042846997 ], [ -8.482686822735555, 40.179948049362622 ], [ -8.482573076994106, 40.179605468790221 ], [ -8.482547606749288, 40.179477242900582 ], [ -8.482276943579276, 40.179426106882488 ], [ -8.481887093804625, 40.179320436591958 ], [ -8.481785074311562, 40.179407459190294 ], [ -8.481444796353241, 40.179645891994888 ], [ -8.481075685871843, 40.179857592664973 ], [ -8.480681297797613, 40.180040522151614 ], [ -8.480265430625531, 40.180192918507139 ], [ -8.479832089821345, 40.180313313862762 ], [ -8.479385449229934, 40.180400548572869 ], [ -8.478929810858295, 40.180453782389861 ], [ -8.478469563421266, 40.180472502561017 ], [ -8.478009140050105, 40.180456528769817 ], [ -8.477603120906629, 40.1804115678664 ], [ -8.477605129208655, 40.180415820942727 ], [ -8.477718851380619, 40.180758406447211 ], [ -8.477788247952947, 40.181107891991601 ], [ -8.477812649930504, 40.181460911920951 ], [ -8.477791821612072, 40.181814066491405 ], [ -8.477725962887071, 40.18216395461031 ], [ -8.477615707337355, 40.18250720659146 ], [ -8.477462116161377, 40.182840516609808 ], [ -8.477266667978192, 40.183160674542933 ], [ -8.477031244608622, 40.183464596892662 ], [ -8.476758112969662, 40.183749356488654 ], [ -8.476729078480469, 40.183774118443047 ], [ -8.476595459788367, 40.183946611401957 ], [ -8.476366639624501, 40.184185169126614 ], [ -8.476325107718873, 40.184314456016814 ], [ -8.476171506201455, 40.184647764262138 ], [ -8.475976046809343, 40.184967919963299 ], [ -8.475740611471293, 40.185271839643605 ], [ -8.475467467219563, 40.185556596158349 ], [ -8.475276987328114, 40.185719036689136 ], [ -8.475273981516898, 40.185769966881587 ], [ -8.4752081061645, 40.186119853398573 ], [ -8.475097831643907, 40.186463102826458 ], [ -8.474944219336184, 40.186796409364725 ], [ -8.474748748063824, 40.187116562924444 ], [ -8.47471351927493, 40.18716203653738 ], [ -8.474603293245755, 40.187505121610485 ], [ -8.474449676198198, 40.187838427452299 ], [ -8.474254199638219, 40.188158580141355 ], [ -8.474185527761627, 40.188247219823239 ], [ -8.474206840988611, 40.188555756205233 ], [ -8.474185992056539, 40.188908909780267 ], [ -8.474120108186538, 40.189258795523955 ], [ -8.474009823202415, 40.189602043772943 ], [ -8.473927129839097, 40.189781456260441 ], [ -8.473924842512213, 40.189793603096199 ], [ -8.473814555695188, 40.190136851135065 ], [ -8.473756938993077, 40.190261855259699 ], [ -8.473764701173263, 40.190300952278122 ], [ -8.473789085929623, 40.190653972567084 ], [ -8.47376823426444, 40.191007125950343 ], [ -8.473702346291665, 40.191357011346604 ], [ -8.473592055874544, 40.191700259095803 ], [ -8.473438424547087, 40.19203356341356 ], [ -8.473242931314847, 40.192353714232254 ], [ -8.473007458432363, 40.192657628122127 ], [ -8.472734273293414, 40.192942377994186 ], [ -8.472426006607789, 40.193205221298548 ], [ -8.472085627074295, 40.193443626446417 ], [ -8.471716412793565, 40.193655297200856 ], [ -8.471321919695864, 40.193838194800946 ], [ -8.470905947288051, 40.193990557606035 ], [ -8.470472502049853, 40.194110918070436 ], [ -8.470025758832442, 40.194198116884593 ], [ -8.4695700206317, 40.194251314146641 ], [ -8.469109677124409, 40.194269997455997 ], [ -8.468649162367553, 40.194253986851265 ], [ -8.468192912069112, 40.194203436544541 ], [ -8.4677453208429, 40.194118833435425 ], [ -8.467310699860123, 40.194000992419141 ], [ -8.466908942424178, 40.193856690217046 ], [ -8.466722633421369, 40.193987165657646 ], [ -8.46635339941229, 40.194198819367486 ], [ -8.465958888641401, 40.194381698746064 ], [ -8.465730449785363, 40.19446535817324 ], [ -8.46574403383179, 40.194487171423816 ], [ -8.465900962450821, 40.194819572869136 ], [ -8.466014650377204, 40.195162169158905 ], [ -8.466084002119553, 40.195511661033166 ], [ -8.466088680112714, 40.195579490375472 ], [ -8.466138032905224, 40.195658738821578 ], [ -8.466244381122751, 40.195718749625243 ], [ -8.466587118435299, 40.195955170732674 ], [ -8.466897988781492, 40.196216214051596 ], [ -8.467173998250153, 40.196499365857171 ], [ -8.467412488524179, 40.196801899498503 ], [ -8.467611162489073, 40.197120901648013 ], [ -8.467611856507872, 40.19712237155025 ], [ -8.467722135704365, 40.19719843876409 ], [ -8.468033016092594, 40.197459478938121 ], [ -8.46827662418336, 40.197709379736715 ], [ -8.468323353072902, 40.197730673645665 ], [ -8.468645661984798, 40.197912532361656 ], [ -8.468987186935582, 40.197950368309272 ], [ -8.469434804897809, 40.198034966451623 ], [ -8.469869455306025, 40.19815279929076 ], [ -8.470286952787355, 40.198302732196886 ], [ -8.470683277064994, 40.198483321436541 ], [ -8.471054611658303, 40.198692828068786 ], [ -8.471397380624573, 40.198929234683199 ], [ -8.47170828298915, 40.199190264818924 ], [ -8.471984324532624, 40.199473404878134 ], [ -8.472222846629091, 40.199775928323092 ], [ -8.472421551857648, 40.200094921924446 ], [ -8.472433318973646, 40.200119838827185 ], [ -8.472492615623848, 40.200153291905011 ], [ -8.472629809040049, 40.200247908909496 ], [ -8.472611772761969, 40.199986772906847 ], [ -8.472612738826323, 40.19997041791477 ], [ -8.47260936017028, 40.199966132759641 ], [ -8.472410654444015, 40.19964713947563 ], [ -8.472253682805555, 40.199314747308712 ], [ -8.472139956440872, 40.198972157549655 ], [ -8.472070569982414, 40.198622669654775 ], [ -8.472046190990817, 40.198269649465452 ], [ -8.47206705355163, 40.197916496790057 ], [ -8.472132956047771, 40.197566612660708 ], [ -8.472243263128048, 40.197223366580396 ], [ -8.472396911851868, 40.196890064075539 ], [ -8.472592421949868, 40.196569914866579 ], [ -8.472827910100767, 40.196266001963096 ], [ -8.47310110808616, 40.195981251980299 ], [ -8.473409384647711, 40.195718406963287 ], [ -8.473749770835756, 40.195479997989175 ], [ -8.474118988604909, 40.195268320801709 ], [ -8.474513482381116, 40.195085413712086 ], [ -8.474929453296303, 40.194933037978842 ], [ -8.475362895761139, 40.19481266085495 ], [ -8.475565713814447, 40.194773063888917 ], [ -8.475584728237713, 40.194759745283569 ], [ -8.475953936369528, 40.19454806225734 ], [ -8.476348421011478, 40.19436514892989 ], [ -8.476764383383401, 40.194212766619778 ], [ -8.477011283193432, 40.194144191862485 ], [ -8.477066713856807, 40.194072644586001 ], [ -8.477339885304701, 40.193787884602592 ], [ -8.477648135548657, 40.193525028308052 ] ], [ [ -8.491493987939931, 40.19754708193247 ], [ -8.491557512874174, 40.197209296375313 ], [ -8.491460604262011, 40.196917624699239 ], [ -8.491419870337056, 40.196712748438003 ], [ -8.491424599911131, 40.196780955231056 ], [ -8.491403838107196, 40.197134111029285 ], [ -8.491338035145564, 40.197484005726032 ], [ -8.491227824070444, 40.197827269571917 ], [ -8.491074265651323, 40.198160596627687 ], [ -8.490931625953955, 40.198394291726608 ], [ -8.490976508142769, 40.198529377005087 ], [ -8.491004116888178, 40.198668239473115 ], [ -8.491065996087901, 40.198639538433916 ], [ -8.491481951174636, 40.198487103382874 ], [ -8.491520761401455, 40.198476319239603 ], [ -8.491509356193358, 40.198311848558888 ], [ -8.49149770585883, 40.198253253381921 ], [ -8.491473226291824, 40.197900237695798 ], [ -8.491493987939931, 40.19754708193247 ] ], [ [ -8.519308732204323, 40.193614297097582 ], [ -8.518848408199762, 40.193633178112989 ], [ -8.518387887600115, 40.193617365400691 ], [ -8.518023126598253, 40.193577111393566 ], [ -8.517672918643271, 40.1936456215875 ], [ -8.517217222830592, 40.193699006241097 ], [ -8.516756897607442, 40.193717878945009 ], [ -8.516296376854553, 40.193702057913178 ], [ -8.515840096337744, 40.193651695531329 ], [ -8.515392450962192, 40.193567276888587 ], [ -8.514957752421161, 40.193449615102992 ], [ -8.514540187648079, 40.193299843486308 ], [ -8.51414377847297, 40.193119404623012 ], [ -8.513772342872649, 40.19291003646984 ], [ -8.513502413363778, 40.192724029037215 ], [ -8.513405372499694, 40.192934858752345 ], [ -8.513210065172682, 40.193255076169763 ], [ -8.512974768241785, 40.193559070510148 ], [ -8.512752837844845, 40.193790611342166 ], [ -8.512968805315129, 40.19397177994982 ], [ -8.51324499638671, 40.194254821194114 ], [ -8.513483682729404, 40.194557259146961 ], [ -8.513577501852144, 40.194707705128316 ], [ -8.513592225800068, 40.194709330594044 ], [ -8.514039876518758, 40.194793756156905 ], [ -8.514474582101551, 40.194911421329351 ], [ -8.514892156644875, 40.195061193095789 ], [ -8.515288579130619, 40.195241629274179 ], [ -8.515660032133344, 40.195450992397312 ], [ -8.515880540745639, 40.195602930535756 ], [ -8.516291327824725, 40.195522578350271 ], [ -8.516747036587629, 40.195469197297925 ], [ -8.517207373652028, 40.195450324583689 ], [ -8.517484335538269, 40.195459837270086 ], [ -8.517491958585531, 40.195459524709705 ], [ -8.517952491470401, 40.19547534092375 ], [ -8.518408785717194, 40.195525694899374 ], [ -8.518637864469436, 40.195568888052392 ], [ -8.518647438703601, 40.195517866664083 ], [ -8.518757507662247, 40.195174577234965 ], [ -8.518910923619432, 40.194841213945523 ], [ -8.519106208546727, 40.194520987102166 ], [ -8.519341481290459, 40.194216980462542 ], [ -8.519614475705653, 40.193932121544997 ], [ -8.519855659121117, 40.193726259194925 ], [ -8.51963630264637, 40.193626426324734 ], [ -8.519563003553918, 40.193585115487537 ], [ -8.519532443779324, 40.193588696130085 ], [ -8.519524423534705, 40.193589025126215 ], [ -8.519308732204323, 40.193614297097582 ] ], [ [ -8.457121025604438, 40.265050837584432 ], [ -8.456809875962145, 40.264789772207607 ], [ -8.456533630220569, 40.264506599954743 ], [ -8.456294948581158, 40.26420404818586 ], [ -8.456096129354348, 40.263885030877141 ], [ -8.455939086838038, 40.263552620548666 ], [ -8.455825332898781, 40.263210018666264 ], [ -8.455785923737379, 40.263011472669582 ], [ -8.455545138169962, 40.26280943313958 ], [ -8.455268905792053, 40.262526257718498 ], [ -8.45503023678812, 40.262223703188262 ], [ -8.454831429346912, 40.261904683551577 ], [ -8.45481236689645, 40.261864331431994 ], [ -8.454628062604559, 40.261630688877702 ], [ -8.454429258802206, 40.261311668503254 ], [ -8.454272230463209, 40.260979255709778 ], [ -8.45415848931763, 40.260636651986843 ], [ -8.454089130138126, 40.260287156925308 ], [ -8.454064820220408, 40.25993413643549 ], [ -8.454085792982598, 40.259580990328452 ], [ -8.454151845744192, 40.259231119572753 ], [ -8.45426234170492, 40.258887893542173 ], [ -8.454278620369124, 40.258852635809525 ], [ -8.45428117112573, 40.258839124583822 ], [ -8.454391665807579, 40.258495898411475 ], [ -8.454545538695173, 40.258162622250168 ], [ -8.454741307358955, 40.257842505566074 ], [ -8.454977085986496, 40.257538631054913 ], [ -8.455250603561332, 40.257253924961567 ], [ -8.455559225747114, 40.256991128907785 ], [ -8.455781576389473, 40.256835596487804 ], [ -8.455786980492661, 40.256744558236477 ], [ -8.455853021824309, 40.256394686382968 ], [ -8.455963504659749, 40.256051458611104 ], [ -8.456117364364138, 40.25571818027052 ], [ -8.456302227974062, 40.255415870571049 ], [ -8.456331647436967, 40.255324472641639 ], [ -8.456485503709173, 40.254991193783162 ], [ -8.456681254168974, 40.254671073713077 ], [ -8.456683707463082, 40.254667911587568 ], [ -8.456594151432485, 40.254692745443528 ], [ -8.456146992434904, 40.254779891417023 ], [ -8.455690837164823, 40.254833035116555 ], [ -8.45523007931777, 40.254851664657387 ], [ -8.454769156943206, 40.254835600596088 ], [ -8.454312509676782, 40.254784997659826 ], [ -8.453864535957269, 40.254700343255394 ], [ -8.453429550641212, 40.254582452772482 ], [ -8.453011743424474, 40.254432461726317 ], [ -8.452899128486694, 40.254381167746011 ], [ -8.452854027883394, 40.254368944114333 ], [ -8.452436223239872, 40.254218950974817 ], [ -8.452353259980431, 40.254181162113092 ], [ -8.451901732981138, 40.254233751921177 ], [ -8.451440978059319, 40.254252366366053 ], [ -8.450980060548739, 40.25423628719237 ], [ -8.450523420038181, 40.254185669272886 ], [ -8.450075454901301, 40.254101000158784 ], [ -8.449665578201333, 40.25398989860583 ], [ -8.449341394365531, 40.254139981536817 ], [ -8.448925004078427, 40.254292265375817 ], [ -8.448593369483266, 40.25438420245618 ], [ -8.44861674976417, 40.254454652528501 ], [ -8.448686074657715, 40.254804151353262 ], [ -8.448710354619262, 40.255157173400441 ], [ -8.448689355120013, 40.255510318905408 ], [ -8.448623277695443, 40.255860186862343 ], [ -8.448584326101138, 40.255981152184283 ], [ -8.44854529919855, 40.256187789851758 ], [ -8.448434778617724, 40.256531010677641 ], [ -8.448280879339146, 40.256864278908346 ], [ -8.448085082947529, 40.257184384823148 ], [ -8.447849274616061, 40.257488245424042 ], [ -8.447575724968576, 40.257772934134508 ], [ -8.447267068225241, 40.258035708992971 ], [ -8.44692627684176, 40.258274039069192 ], [ -8.446556632885979, 40.258485628848618 ], [ -8.446161696427463, 40.258668440349688 ], [ -8.445745271244533, 40.258820712760553 ], [ -8.44557011521615, 40.25886926170336 ], [ -8.445819113103486, 40.259124590533261 ], [ -8.446057730218488, 40.259427164420586 ], [ -8.446256489219268, 40.259746199451428 ], [ -8.446413475508027, 40.260078623352861 ], [ -8.446527176682267, 40.260421234873519 ], [ -8.446596497120751, 40.260770734606822 ], [ -8.446620768558622, 40.261123756760973 ], [ -8.446599756548961, 40.261476901570305 ], [ -8.446533662747514, 40.26182676803564 ], [ -8.446423122997604, 40.2621699866787 ], [ -8.446269201232584, 40.262503251994708 ], [ -8.446073379253608, 40.262823354290944 ], [ -8.4458375424802, 40.263127210604189 ], [ -8.445785588878332, 40.2631812729486 ], [ -8.445677647988763, 40.263414973844654 ], [ -8.445481820613901, 40.263735075109807 ], [ -8.445425979232292, 40.263807020373669 ], [ -8.445655625751998, 40.263815041634281 ], [ -8.446112327547363, 40.263865678445789 ], [ -8.44656035232642, 40.263950362532341 ], [ -8.446995385990496, 40.264068278461451 ], [ -8.447413239477171, 40.264218290803782 ], [ -8.447809889082134, 40.264398955061566 ], [ -8.448181515192234, 40.264608531572094 ], [ -8.448275661250188, 40.264673433394513 ], [ -8.448403816391778, 40.26460007946649 ], [ -8.448452145935015, 40.264577709083916 ], [ -8.448565337720607, 40.264459917825405 ], [ -8.448874018453246, 40.264197139704081 ], [ -8.44921483255086, 40.263958804048826 ], [ -8.449584497847923, 40.263747205896649 ], [ -8.44997945446176, 40.263564382797128 ], [ -8.450395899068615, 40.263412095199463 ], [ -8.450829821519269, 40.263291809507578 ], [ -8.451277043442071, 40.263204683965853 ], [ -8.451733258462236, 40.263151557511208 ], [ -8.45219407365089, 40.263132941698622 ], [ -8.452655051805593, 40.263149015777891 ], [ -8.453111754156144, 40.263199624968294 ], [ -8.45355978308541, 40.263284281948586 ], [ -8.453994824454814, 40.263402171547263 ], [ -8.45441268912783, 40.263552158588482 ], [ -8.454809353292548, 40.263732798818054 ], [ -8.455180997195754, 40.263942352804641 ], [ -8.455524041916197, 40.264178802682387 ], [ -8.455835183823385, 40.264439871574467 ], [ -8.456111426390354, 40.264723045510372 ], [ -8.456350109054176, 40.265025597626675 ], [ -8.456355579147615, 40.265034374547291 ], [ -8.456458241766001, 40.265071220687112 ], [ -8.456854920225018, 40.265251853801431 ], [ -8.457226578741125, 40.265461401106073 ], [ -8.457569638252407, 40.265697844799597 ], [ -8.457696116350622, 40.265803961393907 ], [ -8.457650086481717, 40.265572101900382 ], [ -8.457637182705671, 40.265384877176722 ], [ -8.457464082666645, 40.265287281617262 ], [ -8.457121025604438, 40.265050837584432 ] ], [ [ -8.449658851219557, 40.21025576596616 ], [ -8.44958956823292, 40.209906264874689 ], [ -8.449565301394875, 40.209553240202993 ], [ -8.449586283710417, 40.209200091802288 ], [ -8.449652312408812, 40.208850220663201 ], [ -8.449762750923265, 40.208506996163287 ], [ -8.449916535047331, 40.208173723620753 ], [ -8.449957012147779, 40.208107496993975 ], [ -8.449910108721452, 40.207966075631631 ], [ -8.449840826853483, 40.207616574548076 ], [ -8.449816559606454, 40.207263549791058 ], [ -8.449837539989378, 40.20691040121261 ], [ -8.449903565250212, 40.20656052980511 ], [ -8.450013998855344, 40.206217304948666 ], [ -8.450167776645673, 40.205884031964949 ], [ -8.450363417108981, 40.205563920289848 ], [ -8.450599035668755, 40.205260052571141 ], [ -8.450872362851054, 40.204975354988704 ], [ -8.451180766153783, 40.204712569082794 ], [ -8.451521275407252, 40.204474225361118 ], [ -8.451890611381508, 40.204262618938962 ], [ -8.452285217364786, 40.204079787446048 ], [ -8.452701293409067, 40.203927491412919 ], [ -8.453134832913237, 40.203807197325126 ], [ -8.453581661191983, 40.203720063508243 ], [ -8.454037475659661, 40.203666928979118 ], [ -8.454497887242921, 40.203648305370677 ], [ -8.454623465623396, 40.203652686209097 ], [ -8.454560963146466, 40.203464259803646 ], [ -8.454491662147385, 40.203114761306573 ], [ -8.454467372540634, 40.202761737337227 ], [ -8.454488327550743, 40.202408587740138 ], [ -8.45452665380156, 40.202205407079042 ], [ -8.454353164358357, 40.202268914531182 ], [ -8.453919636818767, 40.202389213167308 ], [ -8.453476126014237, 40.202475703120669 ], [ -8.453375348328802, 40.202580683816961 ], [ -8.453066963144888, 40.20284347559619 ], [ -8.452726467456035, 40.203081823879153 ], [ -8.452357140482063, 40.203293432976487 ], [ -8.451962539239124, 40.203476264721047 ], [ -8.4515464642762, 40.203628558106487 ], [ -8.451112923061295, 40.203748846255728 ], [ -8.450666091370483, 40.203835970555815 ], [ -8.450210273052242, 40.203889091822724 ], [ -8.44974985855541, 40.203907698387965 ], [ -8.449289282621031, 40.203891611029519 ], [ -8.448832981546545, 40.203840984698928 ], [ -8.448385350434952, 40.203756307028264 ], [ -8.448085417906713, 40.20367494040844 ], [ -8.448038114590668, 40.20377745395929 ], [ -8.448193587993671, 40.203937003506731 ], [ -8.448432020439533, 40.204239576087176 ], [ -8.448630627601096, 40.204558610661103 ], [ -8.448787496344126, 40.204891034959623 ], [ -8.448901115399682, 40.205233647727255 ], [ -8.448970389939108, 40.205583149545156 ], [ -8.448994652141453, 40.205936174601334 ], [ -8.448973667650675, 40.206289323102169 ], [ -8.448907637859431, 40.206639194013029 ], [ -8.448797197996432, 40.206982417812966 ], [ -8.448643411034762, 40.20731568894783 ], [ -8.448488839035287, 40.207568584424671 ], [ -8.448636190737519, 40.207719789151355 ], [ -8.448874638509167, 40.208022360563767 ], [ -8.449073258896989, 40.208341394119174 ], [ -8.449230138639297, 40.20867381755852 ], [ -8.44934376636113, 40.209016429634637 ], [ -8.449413047150257, 40.20936593093537 ], [ -8.449437313125417, 40.20971895565372 ], [ -8.449416329894106, 40.210072103999302 ], [ -8.449350298836714, 40.210421974939003 ], [ -8.449309011055778, 40.210550284757517 ], [ -8.449381484485167, 40.210642242673522 ], [ -8.449505709564775, 40.210841768522371 ], [ -8.449843171069105, 40.210748153358786 ], [ -8.449772483791202, 40.210598377509214 ], [ -8.449658851219557, 40.21025576596616 ] ], [ [ -8.44371400482517, 40.172523916074631 ], [ -8.444056547123839, 40.172760405575112 ], [ -8.444367225064909, 40.173021511175229 ], [ -8.444643046589638, 40.173304718550142 ], [ -8.444881355190574, 40.173607300513474 ], [ -8.445079855502669, 40.173926343271901 ], [ -8.445236635421304, 40.174258774477437 ], [ -8.445350184533728, 40.174601392807887 ], [ -8.445419408685774, 40.174950898790648 ], [ -8.44542022347861, 40.17496276936366 ], [ -8.445429509963194, 40.174990789606994 ], [ -8.445498734930466, 40.175340295515717 ], [ -8.445522967349939, 40.175693323256077 ], [ -8.445501973153444, 40.176046473008491 ], [ -8.445435953828166, 40.176396343726246 ], [ -8.445325544503078, 40.176739565890315 ], [ -8.445171807858143, 40.177072833962363 ], [ -8.444976223914074, 40.177392938223676 ], [ -8.444740675799929, 40.177696795692668 ], [ -8.444709065995092, 40.177729729066058 ], [ -8.444840387016685, 40.177803889074333 ], [ -8.445182959871397, 40.178040374910722 ], [ -8.445493666320578, 40.178301477141936 ], [ -8.445697881205158, 40.1785111385554 ], [ -8.445681957435333, 40.178279174351395 ], [ -8.445702951311885, 40.177926024703694 ], [ -8.445768970696614, 40.177576153925848 ], [ -8.445879379113508, 40.177232931391927 ], [ -8.446033112646996, 40.176899662401333 ], [ -8.446228690211935, 40.176579556351591 ], [ -8.446436928102765, 40.176310914626526 ], [ -8.446380820371983, 40.17614163102526 ], [ -8.446311590041823, 40.175792125712711 ], [ -8.446287353498274, 40.175439098159153 ], [ -8.44630834345576, 40.175085948243428 ], [ -8.446374357071148, 40.174736076970795 ], [ -8.446484757924081, 40.174392853720086 ], [ -8.44663848217191, 40.174059583797636 ], [ -8.446834048818989, 40.173739476609946 ], [ -8.447069574000489, 40.173435614761814 ], [ -8.447342789142374, 40.173150924376813 ], [ -8.447651062821979, 40.172888146926141 ], [ -8.447991426118175, 40.172649812836397 ], [ -8.448360601206655, 40.172438217130377 ], [ -8.448755032924844, 40.172255397334929 ], [ -8.448774232919925, 40.172248367059225 ], [ -8.448933587067234, 40.172157030020941 ], [ -8.449328015612291, 40.171974208276758 ], [ -8.449743902683606, 40.171821922755989 ], [ -8.449869571649005, 40.171787040886123 ], [ -8.449897766736639, 40.171725905236549 ], [ -8.450093311407661, 40.171405792499058 ], [ -8.450328814010939, 40.171101923985212 ], [ -8.450602006189838, 40.170817225882828 ], [ -8.450894687466819, 40.170567712742304 ], [ -8.450898936848134, 40.170496132199027 ], [ -8.450961898845483, 40.170162290871666 ], [ -8.450868376392835, 40.169964016931061 ], [ -8.450754807447874, 40.169621403814737 ], [ -8.450685561541221, 40.169271900784359 ], [ -8.450661304880729, 40.168918873826613 ], [ -8.450682270374802, 40.168565722814755 ], [ -8.450748255416119, 40.168215848764611 ], [ -8.450858623859691, 40.167872621081855 ], [ -8.451006577463735, 40.167551781005869 ], [ -8.450778773685213, 40.167489953814389 ], [ -8.450361507973238, 40.167339948857084 ], [ -8.449965418851843, 40.16715928816317 ], [ -8.449729176392912, 40.167025871193815 ], [ -8.449684499771703, 40.167020911795042 ], [ -8.449237109876133, 40.16693623595188 ], [ -8.448983610221614, 40.166867429726068 ], [ -8.448862589733602, 40.166872321812733 ], [ -8.44840226444949, 40.166856229860308 ], [ -8.447946212273061, 40.166805598756746 ], [ -8.447498825909028, 40.166720916180012 ], [ -8.447064414554557, 40.166602997790747 ], [ -8.446647162375434, 40.166452979372501 ], [ -8.446251088189234, 40.166272305887091 ], [ -8.445880006744579, 40.166062717551 ], [ -8.445537491970049, 40.165826233067357 ], [ -8.445306113753912, 40.165631758419288 ], [ -8.445208031274255, 40.165613190548896 ], [ -8.444773630901729, 40.165495263500368 ], [ -8.444356390510258, 40.165345236753247 ], [ -8.443960328803824, 40.165164555349591 ], [ -8.443589260410789, 40.164954959582182 ], [ -8.443246759133972, 40.164718468225651 ], [ -8.442936123524841, 40.164457359084928 ], [ -8.442865911622922, 40.164385254904687 ], [ -8.442654027200403, 40.164207150352553 ], [ -8.442378250976372, 40.163923937623743 ], [ -8.442139987595262, 40.163621349832198 ], [ -8.441941531340751, 40.163302301300071 ], [ -8.441784793017035, 40.162969864847263 ], [ -8.441671281563597, 40.16262724219046 ], [ -8.441630027498794, 40.162418856313479 ], [ -8.441572290095365, 40.162724802744762 ], [ -8.441461882995776, 40.163068022026117 ], [ -8.441308157837076, 40.163401285711323 ], [ -8.441112594529793, 40.163721384123882 ], [ -8.440877076004641, 40.164025234338652 ], [ -8.440603870096194, 40.164309909879869 ], [ -8.440295607715393, 40.164572668913607 ], [ -8.439955257520557, 40.164810980662899 ], [ -8.439586097330542, 40.165022549790564 ], [ -8.439364762494469, 40.165125126133361 ], [ -8.439486697822126, 40.165138673204133 ], [ -8.439934064027497, 40.165223386838761 ], [ -8.440368454405144, 40.165341332087699 ], [ -8.440785686085038, 40.165491373238758 ], [ -8.441181741348837, 40.165672065516034 ], [ -8.441552806305404, 40.165881668986209 ], [ -8.441895307607677, 40.166118165306116 ], [ -8.442205946857838, 40.166379277150689 ], [ -8.442481732369723, 40.166662490134868 ], [ -8.442720007982711, 40.166965077018197 ], [ -8.442918478649503, 40.167284123959909 ], [ -8.443075232551079, 40.16761655857168 ], [ -8.443188759525395, 40.167959179498396 ], [ -8.443257965631652, 40.16830868724243 ], [ -8.443282183709156, 40.168661715934526 ], [ -8.443261179828097, 40.169014865745901 ], [ -8.443195155569184, 40.169364735629259 ], [ -8.443084746109145, 40.169707956073594 ], [ -8.442931014129499, 40.170041221557149 ], [ -8.442760994212518, 40.170319496827993 ], [ -8.442804831844045, 40.170451794426093 ], [ -8.442874038596063, 40.170801302246772 ], [ -8.442898255653624, 40.171154330871097 ], [ -8.442893940822529, 40.171226869500686 ], [ -8.442900166907156, 40.17131763075205 ], [ -8.442879160315167, 40.17167078034241 ], [ -8.442813131606995, 40.172020649864265 ], [ -8.442794410172212, 40.172078844513592 ], [ -8.442946797292848, 40.172133635423094 ], [ -8.443342896961456, 40.172314319933108 ], [ -8.44371400482517, 40.172523916074631 ] ], [ [ -8.413616877945936, 40.242450506483664 ], [ -8.413959669785811, 40.242687081327176 ], [ -8.414270553724949, 40.242948263837441 ], [ -8.414546535719712, 40.24323153894953 ], [ -8.414784957715762, 40.243534178825229 ], [ -8.414983523254138, 40.243853269113878 ], [ -8.415140319599887, 40.244185737009985 ], [ -8.415253836179648, 40.244528380838112 ], [ -8.415307794250719, 40.244801141021128 ], [ -8.415500429803783, 40.244793418109353 ], [ -8.415961275691553, 40.244809638867899 ], [ -8.416417828214502, 40.244860393553829 ], [ -8.416865691197524, 40.244945193445147 ], [ -8.417300552099162, 40.24506322199445 ], [ -8.417718223519769, 40.245213342688025 ], [ -8.418114683507389, 40.24539410998473 ], [ -8.418131658530537, 40.245403692466184 ], [ -8.418465347271679, 40.245415430038243 ], [ -8.418921905679245, 40.24546617482001 ], [ -8.419369775726683, 40.245550964987459 ], [ -8.419804644804557, 40.245668984086834 ], [ -8.420222325434539, 40.245819095695374 ], [ -8.420618795576042, 40.245999854359439 ], [ -8.420990237343293, 40.246209519507183 ], [ -8.421333073760655, 40.246446072202218 ], [ -8.421644003202724, 40.2467072345774 ], [ -8.421796228922899, 40.246863447480287 ], [ -8.421921416153129, 40.24680552591326 ], [ -8.422337821772542, 40.24665333898399 ], [ -8.422771687686977, 40.246533158353465 ], [ -8.423049765734163, 40.246479043336251 ], [ -8.423237254023784, 40.246319486007536 ], [ -8.42357806922406, 40.246081225115041 ], [ -8.423947717939431, 40.24586970826271 ], [ -8.424342640447398, 40.245686972217399 ], [ -8.424682486222824, 40.24556275558826 ], [ -8.424746281232908, 40.245364837382773 ], [ -8.424900270439707, 40.245031599466628 ], [ -8.425096141632945, 40.244711531838981 ], [ -8.425332008013697, 40.244407716722868 ], [ -8.425605597721304, 40.24412307979108 ], [ -8.425914275725649, 40.243860361999303 ], [ -8.42625506921204, 40.24362209319888 ], [ -8.426286436893445, 40.243604142600169 ], [ -8.42628830302254, 40.243602201062536 ], [ -8.426596976023042, 40.24333948144394 ], [ -8.426937764502824, 40.24310121062954 ], [ -8.42730738654361, 40.242889683032068 ], [ -8.427625023830425, 40.242742689061799 ], [ -8.427632513531996, 40.242719448737716 ], [ -8.427786482647729, 40.242386206900477 ], [ -8.42798233266989, 40.242066134317156 ], [ -8.428218177003446, 40.241762313258604 ], [ -8.428491744000043, 40.241477669454888 ], [ -8.428722871202005, 40.241280935357317 ], [ -8.428394999006995, 40.241319061749387 ], [ -8.428245965530563, 40.241325053580709 ], [ -8.428158750780842, 40.241342031420942 ], [ -8.427702663078485, 40.241395064679715 ], [ -8.427241987962734, 40.241413582532459 ], [ -8.426781162685911, 40.241397406611753 ], [ -8.426324625948023, 40.241346692722459 ], [ -8.425876775122731, 40.241261929340254 ], [ -8.425441923882266, 40.241143932904627 ], [ -8.425024260630432, 40.240993839951443 ], [ -8.424627808144889, 40.24081309616102 ], [ -8.424256384818236, 40.240603442427769 ], [ -8.424178747738962, 40.240549872930664 ], [ -8.424008294689779, 40.240517608279561 ], [ -8.423573451420886, 40.240399604780087 ], [ -8.423155796838554, 40.240249505034029 ], [ -8.4227593536369, 40.240068754787181 ], [ -8.422387940119059, 40.239859094996085 ], [ -8.422045133411826, 40.239622545052768 ], [ -8.421734235007849, 40.239361383327065 ], [ -8.42145823896751, 40.239078125214597 ], [ -8.421219803086837, 40.238775498901852 ], [ -8.421021223309049, 40.238456419082468 ], [ -8.42086441162585, 40.238123958878028 ], [ -8.420750877680819, 40.237781320234156 ], [ -8.42068171425144, 40.23743180307752 ], [ -8.420657586748735, 40.237078773530691 ], [ -8.420678726834781, 40.236725631491439 ], [ -8.420744930218531, 40.236375777888689 ], [ -8.420855558650162, 40.236032581930623 ], [ -8.421009546093728, 40.235699348660127 ], [ -8.421205409017608, 40.235379287130066 ], [ -8.42129245857026, 40.235267156364365 ], [ -8.421309970244897, 40.235229259751264 ], [ -8.421505830410089, 40.234909197696425 ], [ -8.421741679130669, 40.234605389444674 ], [ -8.422015244716311, 40.234320760602728 ], [ -8.422323892369393, 40.234058052048454 ], [ -8.422611867752231, 40.233856698930673 ], [ -8.422570285097638, 40.233646578661201 ], [ -8.422546149250424, 40.23329354930641 ], [ -8.422567278464179, 40.232940406729298 ], [ -8.422633468552686, 40.232590551864035 ], [ -8.422744081394288, 40.23224735393098 ], [ -8.422898051103262, 40.231914117992055 ], [ -8.423093894318859, 40.231594053125896 ], [ -8.423151178572549, 40.231520256166206 ], [ -8.423248404763967, 40.231361358564357 ], [ -8.423484233463835, 40.231057546645737 ], [ -8.42375777754313, 40.230772913586165 ], [ -8.424066402411345, 40.230510200304138 ], [ -8.42440713576562, 40.230271936607707 ], [ -8.424557745067727, 40.230185734924788 ], [ -8.424615552691025, 40.230006352925969 ], [ -8.424666041993151, 40.229739431912506 ], [ -8.424776640011487, 40.229396231920163 ], [ -8.424930593370139, 40.229062993170892 ], [ -8.425126418865863, 40.228742924770437 ], [ -8.425362230140182, 40.228439108949424 ], [ -8.425635755863418, 40.228154471387569 ], [ -8.425944361621816, 40.227891753046734 ], [ -8.426078007653818, 40.227798291482742 ], [ -8.426048916720173, 40.227651318029686 ], [ -8.426024765131521, 40.227298289090392 ], [ -8.426045874599145, 40.226945145582405 ], [ -8.426111001165644, 40.22660078729885 ], [ -8.426060241582592, 40.226619346410978 ], [ -8.426048897278502, 40.226622490086157 ], [ -8.425820466300101, 40.226916810346417 ], [ -8.425546946299857, 40.227201448385365 ], [ -8.425238342116399, 40.227464165692297 ], [ -8.424897625699957, 40.227702431891466 ], [ -8.424528078396898, 40.227913952083789 ], [ -8.424133259346236, 40.228096688958267 ], [ -8.423716971195615, 40.228248882422122 ], [ -8.423283223467291, 40.228369066560717 ], [ -8.422836193927308, 40.228456083762886 ], [ -8.422380188330671, 40.228509095876269 ], [ -8.421919598930852, 40.228527592283932 ], [ -8.421458862154248, 40.22851139482507 ], [ -8.421297733240024, 40.228493485099577 ], [ -8.42120210994714, 40.228512097178218 ], [ -8.420964389953408, 40.228539729668725 ], [ -8.420916119273773, 40.228689494510029 ], [ -8.42076214704365, 40.229022728006846 ], [ -8.420566300162569, 40.22934278908243 ], [ -8.420330464291157, 40.22964659517055 ], [ -8.420056910319587, 40.229931220219697 ], [ -8.419748272510681, 40.230193922881561 ], [ -8.419407523138632, 40.230432172921383 ], [ -8.419398092403265, 40.230437569969823 ], [ -8.419356915428413, 40.230526680205244 ], [ -8.419161057628363, 40.2308467388577 ], [ -8.418925210284224, 40.231150542043252 ], [ -8.418651644396665, 40.231435163738354 ], [ -8.418342994343282, 40.23169786262693 ], [ -8.418140124208984, 40.231839700944448 ], [ -8.418059794168544, 40.231908070693166 ], [ -8.417719030294959, 40.232146315741403 ], [ -8.4176919552286, 40.232161809327366 ], [ -8.417583921754654, 40.232496922748702 ], [ -8.417429924654233, 40.232830151679167 ], [ -8.417333495252182, 40.232987716794973 ], [ -8.417353855094776, 40.233285852414888 ], [ -8.417332698698047, 40.233638994113015 ], [ -8.417266480324734, 40.233988845981045 ], [ -8.417155837019015, 40.234332038680918 ], [ -8.417001833712778, 40.234665266957471 ], [ -8.416805952993723, 40.234985321474525 ], [ -8.416786454638002, 40.235010435058946 ], [ -8.416752982848442, 40.235114254056533 ], [ -8.416598975814797, 40.235447481764787 ], [ -8.416403090962728, 40.235767535570957 ], [ -8.416167214318488, 40.236071332978696 ], [ -8.41589361716491, 40.236355948020048 ], [ -8.415584934180712, 40.236618639442966 ], [ -8.415244138075245, 40.236856877120879 ], [ -8.414874510962614, 40.237068366429348 ], [ -8.41447961275078, 40.237251070354709 ], [ -8.414063246850139, 40.237403229121519 ], [ -8.413629423532118, 40.237523377149287 ], [ -8.41330088968073, 40.237587290869769 ], [ -8.413362810208898, 40.237900381223739 ], [ -8.413386900151131, 40.23825341236919 ], [ -8.413365721745841, 40.238606553113875 ], [ -8.413299478252137, 40.238956402497294 ], [ -8.413188806955981, 40.239299591205253 ], [ -8.413144139178982, 40.239396221737159 ], [ -8.413252832252947, 40.239724360930794 ], [ -8.413321959909469, 40.240073882510387 ], [ -8.413346050475159, 40.240426913529625 ], [ -8.413324871245619, 40.24078005413697 ], [ -8.413258625487822, 40.24112990337327 ], [ -8.413217442954576, 40.241257605408514 ], [ -8.413183945437185, 40.241434506246939 ], [ -8.413073269594189, 40.241777694712852 ], [ -8.412926437795271, 40.242095324377296 ], [ -8.41324547940164, 40.242240817387398 ], [ -8.413616877945936, 40.242450506483664 ] ], [ [ -8.412265405025813, 40.225844041712314 ], [ -8.411930819908603, 40.225691418888303 ], [ -8.411874542022888, 40.225659635673303 ], [ -8.411668802076528, 40.225754832498964 ], [ -8.411441534940247, 40.225837893644815 ], [ -8.411744240549011, 40.226008848752173 ], [ -8.41203080367077, 40.226206675235488 ], [ -8.412205609542948, 40.22592105871324 ], [ -8.412265405025813, 40.225844041712314 ] ], [ [ -8.422781332088789, 40.219822420093791 ], [ -8.422873875173387, 40.219811660139179 ], [ -8.423005074313403, 40.219699962955936 ], [ -8.423345757472704, 40.219461702115581 ], [ -8.423715262708319, 40.219250185537554 ], [ -8.424110031679275, 40.219067449986326 ], [ -8.424449320035921, 40.218943389376363 ], [ -8.424653313632273, 40.218848960392542 ], [ -8.424808501977571, 40.218792214958548 ], [ -8.425072892772642, 40.218517047960788 ], [ -8.425381457210671, 40.218254330829708 ], [ -8.425722124793943, 40.21801606299055 ], [ -8.426091614768435, 40.217804538827679 ], [ -8.426486368940076, 40.217621795178594 ], [ -8.42649157712993, 40.217619890645913 ], [ -8.426455966558866, 40.2176131484389 ], [ -8.426021265790245, 40.217495153163078 ], [ -8.425743968147959, 40.217395468941852 ], [ -8.425631289452816, 40.217399998044428 ], [ -8.425170627274753, 40.217383815065595 ], [ -8.424714253013017, 40.217333094038274 ], [ -8.424266562475708, 40.217248323506894 ], [ -8.423831867790632, 40.217130319979674 ], [ -8.423819452584199, 40.217125856614203 ], [ -8.423668670667697, 40.217180990587536 ], [ -8.423234993316887, 40.217301174527293 ], [ -8.422788036372019, 40.217388191454553 ], [ -8.422332104888616, 40.217441203219614 ], [ -8.421871590406042, 40.217459699208923 ], [ -8.421499840953034, 40.217446627773988 ], [ -8.4214860389603, 40.217454528318044 ], [ -8.421091272221698, 40.217637254962987 ], [ -8.420675041076214, 40.217789437561912 ], [ -8.420241354496939, 40.217909610304908 ], [ -8.419794389660799, 40.217996615690666 ], [ -8.419338451699373, 40.218049615680712 ], [ -8.419032171959147, 40.218061909184506 ], [ -8.419090287687315, 40.21808280487253 ], [ -8.419486592697167, 40.21826356885412 ], [ -8.419857878986521, 40.218473239180824 ], [ -8.420200571076755, 40.218709796866179 ], [ -8.420511368732274, 40.218970963994671 ], [ -8.420787278740644, 40.219254225649294 ], [ -8.42102564374119, 40.219556854121265 ], [ -8.421224167824393, 40.219875935169561 ], [ -8.42138093865519, 40.220208396077588 ], [ -8.421387056440537, 40.220226863649202 ], [ -8.421484416974831, 40.220181799735826 ], [ -8.421900660899922, 40.22002961424451 ], [ -8.422334358005285, 40.219909435291505 ], [ -8.422781332088789, 40.219822420093791 ] ], [ [ -8.403453702928296, 40.246223340695678 ], [ -8.403470330374288, 40.246215651053603 ], [ -8.403740296656791, 40.246061247130292 ], [ -8.404135275003439, 40.245878579862982 ], [ -8.404506657508366, 40.245742916180532 ], [ -8.404384056357326, 40.245617050565791 ], [ -8.404249879643386, 40.245446694540263 ], [ -8.40424718443613, 40.245447679085643 ], [ -8.403813292288339, 40.24556779037772 ], [ -8.403676106902795, 40.245594463339351 ], [ -8.403497177856943, 40.24564399414416 ], [ -8.403050009064437, 40.245730935122992 ], [ -8.402593871775224, 40.24578386955374 ], [ -8.402133159511795, 40.245802287567798 ], [ -8.40167230988445, 40.245786011759655 ], [ -8.401573677303503, 40.245775034314576 ], [ -8.401445694780508, 40.245834219401701 ], [ -8.40150063714705, 40.245859280929601 ], [ -8.401872019500384, 40.246069007638781 ], [ -8.401993199076836, 40.24615265671855 ], [ -8.402183814969108, 40.246260299740143 ], [ -8.402526586489577, 40.246496908359063 ], [ -8.402739638949644, 40.246675936257581 ], [ -8.4027430989742, 40.246672993062141 ], [ -8.403083988136757, 40.246434792293883 ], [ -8.403453702928296, 40.246223340695678 ] ], [ [ -8.387302678129934, 40.204095462687469 ], [ -8.387456758744834, 40.203762271922848 ], [ -8.387652688716459, 40.203442265192017 ], [ -8.387888580681521, 40.203138524131553 ], [ -8.388162162534554, 40.202853973701117 ], [ -8.388470799322477, 40.202591354023539 ], [ -8.388529220300256, 40.202550518426094 ], [ -8.388545951803481, 40.202462282156489 ], [ -8.388656688636685, 40.202119114619769 ], [ -8.388810758190191, 40.201785921973332 ], [ -8.38900667614309, 40.201465912878753 ], [ -8.389242555247856, 40.201162168995332 ], [ -8.389516123522878, 40.20087761530997 ], [ -8.389824746145822, 40.20061499197687 ], [ -8.390165450836482, 40.200376827938022 ], [ -8.390534956484375, 40.200165416578386 ], [ -8.390929704745227, 40.199982793649426 ], [ -8.391345894302209, 40.199830717673528 ], [ -8.391779517462213, 40.199710653017576 ], [ -8.392226398735222, 40.199623755798299 ], [ -8.392682235025898, 40.199570862754776 ], [ -8.39303546822361, 40.199556761611447 ], [ -8.393023964183106, 40.199387323578854 ], [ -8.393015044627676, 40.199387007643921 ], [ -8.392558814402957, 40.199336159220188 ], [ -8.392111281760158, 40.199251263555787 ], [ -8.391676757305506, 40.199133138364424 ], [ -8.391259426293958, 40.198982921422051 ], [ -8.390863308301874, 40.198802059603118 ], [ -8.390492218498997, 40.198592294938564 ], [ -8.390149730893317, 40.198355647830141 ], [ -8.389839143903346, 40.198094397583134 ], [ -8.389563448589657, 40.197811060445225 ], [ -8.389325299851699, 40.197508365363454 ], [ -8.389290247192502, 40.197451955536799 ], [ -8.389001041080169, 40.197252115420518 ], [ -8.388690463539781, 40.196990862012406 ], [ -8.388414777486336, 40.196707522056052 ], [ -8.388176637730091, 40.196404824525622 ], [ -8.387978337362323, 40.196085684800046 ], [ -8.387821785684105, 40.195753176577206 ], [ -8.38777216683612, 40.195603099990009 ], [ -8.387522794313133, 40.195777422863443 ], [ -8.387153303006372, 40.195988824724459 ], [ -8.386758567650819, 40.19617143486213 ], [ -8.386342390088465, 40.196323494404787 ], [ -8.385908778776614, 40.196443538728055 ], [ -8.385461910167335, 40.19653041156792 ], [ -8.385335647730843, 40.196545055228327 ], [ -8.385135945157444, 40.196802206180692 ], [ -8.384862374807332, 40.19708674972162 ], [ -8.384685371413038, 40.19723736253686 ], [ -8.384627978283847, 40.197297056997904 ], [ -8.384319350514989, 40.19755966664269 ], [ -8.383978639329214, 40.197797813611331 ], [ -8.383609126023522, 40.198009204153379 ], [ -8.383214369410272, 40.198191802206821 ], [ -8.382798171536297, 40.198343849016382 ], [ -8.382434939784101, 40.198444393502719 ], [ -8.382264660138492, 40.198563407608688 ], [ -8.382244133683356, 40.198607790272327 ], [ -8.382048192034564, 40.198927788151749 ], [ -8.381812288440779, 40.199231517567213 ], [ -8.381538694445801, 40.19951605320562 ], [ -8.381230044699205, 40.199778654579802 ], [ -8.3808893115913, 40.200016792430702 ], [ -8.380519776630301, 40.200228173095645 ], [ -8.380124998837216, 40.200410760607745 ], [ -8.379929143218822, 40.200482302763966 ], [ -8.379893492722569, 40.200507217974739 ], [ -8.379523951997969, 40.200718595460124 ], [ -8.37912916867848, 40.200901179577201 ], [ -8.378712945068269, 40.201053211704924 ], [ -8.37827929006837, 40.20117322748294 ], [ -8.377832380551855, 40.201260070922231 ], [ -8.377376521117567, 40.201312905544505 ], [ -8.376916102610814, 40.201331222442889 ], [ -8.376455559811376, 40.201314845186033 ], [ -8.375999328697326, 40.201263931518412 ], [ -8.375551803697258, 40.201178971840321 ], [ -8.375122156570345, 40.201062106759295 ], [ -8.375119902349073, 40.201069088048357 ], [ -8.374965767286328, 40.201402262708299 ], [ -8.374769783379136, 40.201722248238006 ], [ -8.374745140105009, 40.20175396974944 ], [ -8.374718386718094, 40.201797650048526 ], [ -8.374482440458701, 40.202101364501793 ], [ -8.374286521227241, 40.202305075453197 ], [ -8.37426655816591, 40.202634943755498 ], [ -8.37420014752789, 40.202984773437542 ], [ -8.374187579349439, 40.203023694049222 ], [ -8.37449158303578, 40.203195592038718 ], [ -8.374834040873536, 40.203432285363377 ], [ -8.375144594934218, 40.203693575725872 ], [ -8.375420254350173, 40.203976947022149 ], [ -8.375658364173049, 40.204279670487189 ], [ -8.375856630949992, 40.204598830964741 ], [ -8.376013144823325, 40.204931354972693 ], [ -8.376079100192589, 40.205130925520848 ], [ -8.376179410400182, 40.205258452018171 ], [ -8.376377682490856, 40.205577611533556 ], [ -8.376534201181734, 40.205910134766498 ], [ -8.376647458573789, 40.206252819507924 ], [ -8.376716363320419, 40.206602365644905 ], [ -8.376740251161367, 40.206955406937652 ], [ -8.376722174455212, 40.207254264835022 ], [ -8.377098314148467, 40.207080330250939 ], [ -8.377514578189489, 40.206928303967231 ], [ -8.377948271173862, 40.206808291060497 ], [ -8.37839521693955, 40.206721447149192 ], [ -8.37885111177051, 40.206668608459154 ], [ -8.379311565820162, 40.206650283775261 ], [ -8.379772145362258, 40.206666649544616 ], [ -8.380228415463305, 40.206717548178425 ], [ -8.380675982666506, 40.206802489568759 ], [ -8.381110537277289, 40.206920655805824 ], [ -8.381527894844099, 40.207070909050046 ], [ -8.381924036435953, 40.20725180248386 ], [ -8.38229514732962, 40.207461594237422 ], [ -8.382637653734557, 40.207698264154914 ], [ -8.382723025549646, 40.207770076310403 ], [ -8.382751428853192, 40.207756940215226 ], [ -8.383167684291264, 40.207604893646447 ], [ -8.383601371502456, 40.207484859591254 ], [ -8.384048314380253, 40.207397993871687 ], [ -8.384504209236372, 40.207345132923578 ], [ -8.384964666223961, 40.207326785746012 ], [ -8.385425251588499, 40.207343129002702 ], [ -8.385479856977815, 40.207349217750583 ], [ -8.385480117596217, 40.207344899824875 ], [ -8.385546474355575, 40.206995064099246 ], [ -8.385657233584986, 40.206651899632028 ], [ -8.385811327990195, 40.206318711162517 ], [ -8.386007273010888, 40.205998707311934 ], [ -8.38624318113882, 40.205694969689056 ], [ -8.38651678011286, 40.205410423220393 ], [ -8.386825434815062, 40.20514780799062 ], [ -8.387116165358821, 40.204944605105155 ], [ -8.387125585427501, 40.204788465632504 ], [ -8.387191931299228, 40.204438628842546 ], [ -8.387302678129934, 40.204095462687469 ] ] ], [ [ [ -8.542392944052237, 40.176300770064444 ], [ -8.542787143093301, 40.176117631153517 ], [ -8.543202843725805, 40.1759650109163 ], [ -8.543636042961539, 40.175844378960036 ], [ -8.544082569389843, 40.175756896863319 ], [ -8.544538123330025, 40.17570340699605 ], [ -8.54499831821609, 40.175684424412118 ], [ -8.54545872281612, 40.175700131892192 ], [ -8.545914903880711, 40.175750378184745 ], [ -8.546362468810747, 40.175834679461872 ], [ -8.546797107934644, 40.175952223976147 ], [ -8.547214635988881, 40.176101879873464 ], [ -8.547611032403312, 40.176282206087251 ], [ -8.547982480004011, 40.176491466208937 ], [ -8.548325401761689, 40.176727645201559 ], [ -8.548636495232198, 40.176988468796097 ], [ -8.548912764357803, 40.177271425383672 ], [ -8.548985165332114, 40.177363104855722 ], [ -8.549022862840818, 40.177367255858606 ], [ -8.549470442154099, 40.177451545024326 ], [ -8.549905096880812, 40.177569077758605 ], [ -8.550322641607272, 40.177718722320819 ], [ -8.550719055602867, 40.177899037753484 ], [ -8.551090521524459, 40.178108287751854 ], [ -8.551311870959921, 40.17826072263891 ], [ -8.551393660379064, 40.178276123630845 ], [ -8.551828323635581, 40.178393649084377 ], [ -8.552245877597153, 40.178543286641847 ], [ -8.552642301444283, 40.178723595413238 ], [ -8.553013777739018, 40.178932839157945 ], [ -8.553356729175883, 40.179169002996744 ], [ -8.553667853025049, 40.179429812806546 ], [ -8.553944152936344, 40.179712757111282 ], [ -8.554182967797951, 40.180015111258605 ], [ -8.55438199737176, 40.180333963649964 ], [ -8.554539324458229, 40.180666243771789 ], [ -8.554653433376799, 40.181008751758107 ], [ -8.554723224583284, 40.181358189200438 ], [ -8.554748025282619, 40.181711190908139 ], [ -8.55474132198125, 40.181827072650883 ], [ -8.554775850396346, 40.181862429395977 ], [ -8.555014676555649, 40.182164781657789 ], [ -8.555213716380143, 40.182483632448701 ], [ -8.555371052571532, 40.182815911270531 ], [ -8.555485169361537, 40.183158418269883 ], [ -8.555554967130107, 40.183507855047786 ], [ -8.555579773018909, 40.183860856420033 ], [ -8.555559347436997, 40.184214022822601 ], [ -8.555493886394947, 40.184563953049995 ], [ -8.555384019644048, 40.184907277011575 ], [ -8.55523080463737, 40.185240688190071 ], [ -8.555035716369879, 40.1855609754897 ], [ -8.554800633194555, 40.185865054167152 ], [ -8.554527818750261, 40.186149995547041 ], [ -8.554219900174777, 40.186413055235562 ], [ -8.55387984281225, 40.186651699560272 ], [ -8.553510921658422, 40.186863629980728 ], [ -8.553116689818401, 40.187046805235049 ], [ -8.552994522588957, 40.187091663507772 ], [ -8.552836059154757, 40.187296620027958 ], [ -8.552563230766484, 40.187581556778966 ], [ -8.552255298130987, 40.187844611248771 ], [ -8.552237405486816, 40.187857167134226 ], [ -8.552232234933118, 40.187862567069068 ], [ -8.551924299749951, 40.188125620658667 ], [ -8.551772093224582, 40.188232427750897 ], [ -8.551714897450905, 40.188411118148437 ], [ -8.551561656702392, 40.188744524400775 ], [ -8.551366541227797, 40.189064805462351 ], [ -8.551131429642117, 40.18936887664983 ], [ -8.550858585857853, 40.189653809359953 ], [ -8.550550637295393, 40.189916859282349 ], [ -8.550210549587769, 40.190155492838535 ], [ -8.550063276842115, 40.190240083798351 ], [ -8.55000154679378, 40.19028339820197 ], [ -8.54963259388318, 40.19049531629129 ], [ -8.54938926414798, 40.190608359752964 ], [ -8.549195202176156, 40.190926882509139 ], [ -8.548960074497368, 40.191230949270555 ], [ -8.548687214187588, 40.191515876855078 ], [ -8.548379248826397, 40.191778921001685 ], [ -8.548039144208653, 40.192017548187529 ], [ -8.547670175785358, 40.192229460037218 ], [ -8.547512463165955, 40.192302723023793 ], [ -8.547432470052451, 40.192348665400523 ], [ -8.5472423278439, 40.192436992323017 ], [ -8.547152298673378, 40.192553409877142 ], [ -8.546879425508985, 40.192838333200328 ], [ -8.546571447183863, 40.193101372542841 ], [ -8.546231329617768, 40.193339994428037 ], [ -8.545862348386452, 40.193551900531602 ], [ -8.545468057173869, 40.193735049825776 ], [ -8.545052253540844, 40.193887678245474 ], [ -8.544618942340147, 40.194008315686276 ], [ -8.544172297130807, 40.194095800170409 ], [ -8.543716619963872, 40.194149289043878 ], [ -8.543256299927732, 40.194168267096721 ], [ -8.542795770853104, 40.194152551527935 ], [ -8.542339468586025, 40.194102293707161 ], [ -8.541891788241353, 40.194017977716193 ], [ -8.541839305992898, 40.194003785827086 ], [ -8.541736781013524, 40.193984475974034 ], [ -8.541596676366019, 40.193946589541106 ], [ -8.541481912880368, 40.19406640322066 ], [ -8.541173908064327, 40.194329428279069 ], [ -8.54083376534688, 40.194568034379948 ], [ -8.540464760546151, 40.19477992335095 ], [ -8.540070447573228, 40.194963054329321 ], [ -8.539654624198652, 40.195115663426392 ], [ -8.539221295465456, 40.195236280723897 ], [ -8.538774635101641, 40.19532374443807 ], [ -8.53831894530431, 40.195377212115048 ], [ -8.537858615283573, 40.195396168749063 ], [ -8.537398078966365, 40.195380431745413 ], [ -8.536941772268507, 40.19533015268032 ], [ -8.536494090347521, 40.195245815840195 ], [ -8.536417723807343, 40.195225161696072 ], [ -8.536217877441739, 40.195187512733483 ], [ -8.535783133184776, 40.195069929405712 ], [ -8.535365513248621, 40.194920233218767 ], [ -8.53496903999503, 40.194739866030538 ], [ -8.534597532018431, 40.194530565107371 ], [ -8.534254567357719, 40.194294346384297 ], [ -8.53394344902955, 40.194033485040706 ], [ -8.53366717321545, 40.193750493579088 ], [ -8.533428400409166, 40.193448097618003 ], [ -8.533229429802114, 40.193129209633042 ], [ -8.533072177153253, 40.192796900898998 ], [ -8.532958156356068, 40.192454371903743 ], [ -8.532888464879544, 40.192104921519196 ], [ -8.532863773222516, 40.191751915226256 ], [ -8.532884318482086, 40.19139875270038 ], [ -8.53294990209703, 40.191048835069424 ], [ -8.533059891786934, 40.190705532159889 ], [ -8.533213227667286, 40.190372150046272 ], [ -8.533408432480734, 40.190051899216463 ], [ -8.533643625844947, 40.189747863659278 ], [ -8.533916542379156, 40.189462971171665 ], [ -8.534224553534058, 40.189199965171419 ], [ -8.534564692914403, 40.188961378286166 ], [ -8.534933684850039, 40.188749507973021 ], [ -8.535327975940184, 40.188566394402933 ], [ -8.535743769267182, 40.188413800822552 ], [ -8.536177060950552, 40.188293196582372 ], [ -8.536623678689773, 40.188205742994043 ], [ -8.53707932192526, 40.188152282153006 ], [ -8.537539603231536, 40.188133328833651 ], [ -8.538000090544861, 40.188149065534915 ], [ -8.538456349819677, 40.188199340723962 ], [ -8.538903987704025, 40.188283670294759 ], [ -8.538980347181621, 40.188304322858208 ], [ -8.539180174800057, 40.188341967188798 ], [ -8.539320266568829, 40.188379856646577 ], [ -8.539435024375848, 40.188260045020748 ], [ -8.539743008690225, 40.187997024415353 ], [ -8.540083122625195, 40.187758421391777 ], [ -8.540452090755506, 40.187546533562568 ], [ -8.540846359909485, 40.187363401267326 ], [ -8.54092701124258, 40.187333797651419 ], [ -8.541160130198817, 40.187090398845505 ], [ -8.541468102559199, 40.18682737365684 ], [ -8.541808204599429, 40.186588765575955 ], [ -8.542177161008764, 40.186376872264042 ], [ -8.542334865759374, 40.1863036165106 ], [ -8.54241485527532, 40.186257677626472 ], [ -8.542658181227923, 40.186144648758905 ], [ -8.542852260432408, 40.185826136612903 ], [ -8.543087397033229, 40.185522081929598 ], [ -8.543360257082725, 40.185237167251373 ], [ -8.543668212575373, 40.184974136209824 ], [ -8.544008297651747, 40.184735521673794 ], [ -8.54403572228145, 40.184719770431087 ], [ -8.544086635597013, 40.184560758586322 ], [ -8.544239903787465, 40.184227361851242 ], [ -8.544435039216731, 40.183907092434509 ], [ -8.5446701621706, 40.183603034504102 ], [ -8.544798842319935, 40.183468660998017 ], [ -8.544646477972016, 40.183340919071881 ], [ -8.544370201648903, 40.183057952635039 ], [ -8.544366315769661, 40.18305303189991 ], [ -8.544235305534269, 40.182918848127592 ], [ -8.54416290495856, 40.182827165770725 ], [ -8.544125204707798, 40.182823013202935 ], [ -8.543677596478947, 40.182738703594346 ], [ -8.543242919233078, 40.182621147696054 ], [ -8.542825359698712, 40.182471477799623 ], [ -8.542428939655768, 40.182291135509608 ], [ -8.542057477186194, 40.18208185785241 ], [ -8.541714549890688, 40.181845660538819 ], [ -8.54140346042621, 40.181584818541978 ], [ -8.541127204696544, 40.181301844177895 ], [ -8.540888443002336, 40.180999462900409 ], [ -8.540689474428362, 40.180680587043653 ], [ -8.540532214714428, 40.180348287765568 ], [ -8.540418177822529, 40.180005765462994 ], [ -8.540348461377127, 40.179656318943408 ], [ -8.540323736117996, 40.1793033136506 ], [ -8.540344239466304, 40.178950149250447 ], [ -8.540409773264875, 40.178600226888982 ], [ -8.540519705713409, 40.178256916438407 ], [ -8.54067297747897, 40.177923524046015 ], [ -8.540868111921867, 40.17760326029881 ], [ -8.541103229337613, 40.177299209310171 ], [ -8.541376065076896, 40.177014299025842 ], [ -8.541683991368455, 40.176751273035116 ], [ -8.542024042634166, 40.176512664158324 ], [ -8.542392944052237, 40.176300770064444 ] ] ], [ [ [ -8.527653647359763, 40.223525665631847 ], [ -8.528048159025184, 40.223342576897039 ], [ -8.528464180790117, 40.223190009281666 ], [ -8.528897706575011, 40.223069431885946 ], [ -8.529344561825885, 40.222982005762894 ], [ -8.529800443696951, 40.222928572743363 ], [ -8.530260962465761, 40.222909647333843 ], [ -8.53072168378292, 40.2229254117645 ], [ -8.531178171350483, 40.222975714235631 ], [ -8.531626029619028, 40.223060070378622 ], [ -8.532060946093246, 40.223177667918044 ], [ -8.532478732839634, 40.2233273744896 ], [ -8.532875366797457, 40.22350774853917 ], [ -8.533213460352002, 40.223698149090716 ], [ -8.533372994123743, 40.223606596788784 ], [ -8.5337674906987, 40.223423488634772 ], [ -8.534183499956857, 40.223270900524433 ], [ -8.534617015938997, 40.223150301755325 ], [ -8.535063864185442, 40.223062853586256 ], [ -8.535519741917792, 40.223009398060313 ], [ -8.53598025945341, 40.222990449900614 ], [ -8.536440982454765, 40.223006191556408 ], [ -8.536897474607711, 40.223056471447194 ], [ -8.537345340318709, 40.223140805421743 ], [ -8.537780267020844, 40.223258381418063 ], [ -8.53819806668222, 40.223408067279266 ], [ -8.53859471611784, 40.223588421650625 ], [ -8.53896639571764, 40.223797707852825 ], [ -8.539309526218322, 40.224033910598244 ], [ -8.539620803165374, 40.224294755389529 ], [ -8.539897228733695, 40.224577730414126 ], [ -8.540136140600527, 40.2248801107242 ], [ -8.540335237592481, 40.225198984469515 ], [ -8.540492601859466, 40.225531280931037 ], [ -8.540606717361403, 40.22587380008558 ], [ -8.540676484489143, 40.226223243417095 ], [ -8.540701230677897, 40.226576245678196 ], [ -8.540680716910114, 40.226929407296097 ], [ -8.540615140044197, 40.227279327111177 ], [ -8.540505130945551, 40.227622635132718 ], [ -8.540351748436978, 40.227956024996594 ], [ -8.540156469125662, 40.22827628581188 ], [ -8.539921173203776, 40.228580333089845 ], [ -8.53964812635868, 40.228865238457068 ], [ -8.539339957966218, 40.229128257866115 ], [ -8.538999635776655, 40.229366858032002 ], [ -8.53863043733668, 40.229578740839216 ], [ -8.538235918422622, 40.229761865484072 ], [ -8.53781987878895, 40.229914468138617 ], [ -8.537386325562194, 40.230035078946358 ], [ -8.536939434633318, 40.230122536185881 ], [ -8.536483510420991, 40.230175997465501 ], [ -8.536022944394047, 40.230194947840992 ], [ -8.535562172753508, 40.230179204777968 ], [ -8.535105633682699, 40.23012891991101 ], [ -8.534657724578189, 40.230044577582532 ], [ -8.534222759674474, 40.22992699017562 ], [ -8.533804928471524, 40.229777290285654 ], [ -8.533408255366455, 40.229596919806447 ], [ -8.533070131805497, 40.229406520162946 ], [ -8.532910584079461, 40.229498072023553 ], [ -8.532516050065523, 40.229681177246491 ], [ -8.532099997916836, 40.229833759402418 ], [ -8.531666434880579, 40.229954348832344 ], [ -8.531219536942281, 40.230041784020749 ], [ -8.530763608588186, 40.230095222788442 ], [ -8.530303041327061, 40.230114150408042 ], [ -8.52984227137183, 40.2300983845644 ], [ -8.529385736889573, 40.230048077111555 ], [ -8.528937835232616, 40.22996371260956 ], [ -8.528502880563662, 40.229846103655078 ], [ -8.528085062284017, 40.229696383051085 ], [ -8.527688404666218, 40.229515992890946 ], [ -8.527316728080645, 40.229306670662567 ], [ -8.526973612190172, 40.229070432506504 ], [ -8.526662361467825, 40.228809553789667 ], [ -8.526385973369846, 40.228526547182156 ], [ -8.526147109470818, 40.228224138448674 ], [ -8.525948069838694, 40.227905240188058 ], [ -8.525790770896259, 40.227572923774261 ], [ -8.525676726981777, 40.22723038976924 ], [ -8.525607035785695, 40.226880937093235 ], [ -8.525582367802926, 40.226527931249208 ], [ -8.525602959901336, 40.226174771908205 ], [ -8.525668613067424, 40.2258248601673 ], [ -8.525778694349832, 40.225481565796052 ], [ -8.525932142980977, 40.22514819478652 ], [ -8.526127480616815, 40.224827957519317 ], [ -8.526362825595234, 40.224523937852346 ], [ -8.526635911074916, 40.224239063429209 ], [ -8.526944106879338, 40.22397607749334 ], [ -8.527284444835033, 40.223737512478834 ], [ -8.527653647359763, 40.223525665631847 ] ] ], [ [ [ -8.51737279209738, 40.226214631922808 ], [ -8.517767347262691, 40.226031578112647 ], [ -8.518183408788939, 40.22587904733556 ], [ -8.518616970213928, 40.225758508337066 ], [ -8.519063856640697, 40.225671121800524 ], [ -8.519519764923428, 40.225617729175632 ], [ -8.519980305085488, 40.225598844579991 ], [ -8.52044104257158, 40.225614649850883 ], [ -8.520897540928116, 40.22566499279543 ], [ -8.52134540450178, 40.225749388655359 ], [ -8.52178032074613, 40.225867024772946 ], [ -8.522198101729778, 40.226016768412435 ], [ -8.522594724447336, 40.226197177662876 ], [ -8.522966369545717, 40.226406515316562 ], [ -8.523309458093507, 40.226642765590476 ], [ -8.523620686039804, 40.226903653529547 ], [ -8.523897056030979, 40.22718666690573 ], [ -8.524135906279062, 40.227489080401782 ], [ -8.524334936203669, 40.227807981847789 ], [ -8.524492228600208, 40.22814030025782 ], [ -8.524606268120403, 40.228482835397138 ], [ -8.524675955886563, 40.228832288595576 ], [ -8.524700620097976, 40.229185294510494 ], [ -8.524680022526439, 40.229538453533713 ], [ -8.524614360837374, 40.229888364530339 ], [ -8.524504266713116, 40.230231657594366 ], [ -8.524350799795423, 40.230565026505502 ], [ -8.524155437504584, 40.230885260574397 ], [ -8.523920060832181, 40.231189275569754 ], [ -8.523646936243582, 40.231474143428898 ], [ -8.523338693863723, 40.231737120465553 ], [ -8.522998302155825, 40.231975673802715 ], [ -8.522629039336518, 40.232187505775883 ], [ -8.522234461802579, 40.232370576070956 ], [ -8.521818369873442, 40.232523121383501 ], [ -8.521384771179667, 40.232643672409367 ], [ -8.52093784205044, 40.232731068003048 ], [ -8.520481887272604, 40.232784466366731 ], [ -8.520021298609574, 40.232803353162332 ], [ -8.519560512480512, 40.232787546467954 ], [ -8.519103967208331, 40.232737198531261 ], [ -8.518656060249286, 40.232652794302297 ], [ -8.518221105817096, 40.232535146760483 ], [ -8.517803293310685, 40.232385389080505 ], [ -8.517406646946844, 40.232204963712967 ], [ -8.517034986987374, 40.231995608484894 ], [ -8.516691892934793, 40.231759339854719 ], [ -8.516380669051545, 40.231498433482891 ], [ -8.516104312535125, 40.231215402305835 ], [ -8.51586548465567, 40.230912972324873 ], [ -8.515666485133949, 40.230594056343421 ], [ -8.515509230006197, 40.230261725905997 ], [ -8.51539523318846, 40.229919181709569 ], [ -8.515325591917406, 40.229569722772318 ], [ -8.515300976206962, 40.229216714657461 ], [ -8.515321622421467, 40.2288635570577 ], [ -8.515387331026178, 40.228513651053234 ], [ -8.515497468535818, 40.228170366358214 ], [ -8.51565097364135, 40.22783700887134 ], [ -8.51584636745495, 40.227516788842912 ], [ -8.516081767773635, 40.227212789964661 ], [ -8.516354907223326, 40.226927939679896 ], [ -8.516663155107977, 40.226664980999523 ], [ -8.517003542752825, 40.226426446095104 ], [ -8.51737279209738, 40.226214631922808 ] ] ], [ [ [ -8.508391749017672, 40.23006269800387 ], [ -8.508807856433084, 40.229910200827 ], [ -8.509241460399618, 40.229789696838985 ], [ -8.509688385610881, 40.229702346386077 ], [ -8.510144328547792, 40.229648990570603 ], [ -8.510604898900187, 40.229630143155759 ], [ -8.51106566182219, 40.229645985620898 ], [ -8.511522180615369, 40.229696365415073 ], [ -8.511970059429659, 40.229780797425299 ], [ -8.51240498557185, 40.229898468645786 ], [ -8.512822771015186, 40.230048246002902 ], [ -8.51321939271123, 40.230228687261061 ], [ -8.513591031316579, 40.230438054904432 ], [ -8.513934107962148, 40.230674332861234 ], [ -8.51424531871143, 40.230935245909869 ], [ -8.514521666376144, 40.231218281580468 ], [ -8.514760489383056, 40.231520714341102 ], [ -8.514959487413842, 40.231839631836309 ], [ -8.515116743570774, 40.232171962925506 ], [ -8.515230742854316, 40.232514507251793 ], [ -8.515300386774031, 40.232863966056442 ], [ -8.515325003951258, 40.233216973942675 ], [ -8.515304356610594, 40.233570131283187 ], [ -8.515238642896644, 40.233920036959198 ], [ -8.515128494992702, 40.234263321115762 ], [ -8.514974973058452, 40.234596677618242 ], [ -8.514779555044059, 40.23491689589666 ], [ -8.514544122477865, 40.235220891871663 ], [ -8.514270942363671, 40.235505737663686 ], [ -8.51396264536136, 40.235768689798846 ], [ -8.51362220046043, 40.236007215639951 ], [ -8.513252886390051, 40.236219017787235 ], [ -8.512858260040861, 40.236402056213876 ], [ -8.512442122202701, 40.236554567922333 ], [ -8.512008480948545, 40.236675083932177 ], [ -8.511561513017728, 40.236762443435197 ], [ -8.511105523571024, 40.236815804981241 ], [ -8.510644904705938, 40.236834654586914 ], [ -8.510184093132661, 40.236818810688654 ], [ -8.509727527419271, 40.236768425892507 ], [ -8.509279605218946, 40.236683985503646 ], [ -8.508844640892198, 40.23656630284988 ], [ -8.508426823933194, 40.236416511444183 ], [ -8.508030178601501, 40.236236054062026 ], [ -8.507658525148827, 40.23602666883891 ], [ -8.50731544301483, 40.235790372522182 ], [ -8.507004236346937, 40.235529441038985 ], [ -8.50672790217658, 40.235246387567614 ], [ -8.506489101558415, 40.234943938324086 ], [ -8.506290133950376, 40.234625006297307 ], [ -8.50613291508107, 40.234292663186253 ], [ -8.506018958517076, 40.233950109809847 ], [ -8.505949361107156, 40.233600645274649 ], [ -8.50592479244262, 40.233247635197586 ], [ -8.505945488434556, 40.232894479290174 ], [ -8.506011249068717, 40.232544578616171 ], [ -8.506121440358696, 40.23220130283822 ], [ -8.506275000477503, 40.23186795776904 ], [ -8.50647045000756, 40.231547753539203 ], [ -8.506705906209406, 40.231243773688171 ], [ -8.506979101170925, 40.230958945475905 ], [ -8.507287403661664, 40.23069601170068 ], [ -8.507627844481206, 40.230457504294137 ], [ -8.507997145057226, 40.230245719947611 ], [ -8.508391749017672, 40.23006269800387 ] ] ], [ [ [ -8.487579112856007, 40.233182694360799 ], [ -8.487995286549589, 40.233030271806406 ], [ -8.488428947838365, 40.232909845608269 ], [ -8.48887592086434, 40.232822575363691 ], [ -8.489331901648317, 40.232769301402776 ], [ -8.489792499515918, 40.232750536700699 ], [ -8.490253279356452, 40.232766461940585 ], [ -8.490709804308613, 40.232816923774557 ], [ -8.491157678462969, 40.232901436299898 ], [ -8.491592589171029, 40.233019185735664 ], [ -8.492010348554411, 40.233169038255234 ], [ -8.492406933815287, 40.233349550899383 ], [ -8.492778525960709, 40.233558985464953 ], [ -8.493121546568524, 40.233795325235775 ], [ -8.493432692241353, 40.234056294395046 ], [ -8.493708966417067, 40.234339379932521 ], [ -8.493947708229605, 40.234641855835939 ], [ -8.494146618142038, 40.234960809334247 ], [ -8.49430378010476, 40.235293168939982 ], [ -8.494417680024934, 40.235635734021386 ], [ -8.494487220368676, 40.235985205619592 ], [ -8.494511730754544, 40.236338218214343 ], [ -8.494490974435427, 40.236691372132704 ], [ -8.494425150605389, 40.237041266288514 ], [ -8.494314892508255, 40.237384530937526 ], [ -8.494161261365084, 40.237717860132619 ], [ -8.493965736178058, 40.238038043566618 ], [ -8.493730199508004, 40.238341997495482 ], [ -8.493456919361737, 40.238626794444414 ], [ -8.493148527363008, 40.238889691409796 ], [ -8.492807993416729, 40.23912815628568 ], [ -8.492438597110194, 40.239339892259444 ], [ -8.492043896126587, 40.239522859941587 ], [ -8.49162769197507, 40.239675297016021 ], [ -8.49119399336776, 40.239795735221229 ], [ -8.490746977596778, 40.239883014498481 ], [ -8.490290950283988, 40.239936294170569 ], [ -8.489830303891845, 40.239955061042821 ], [ -8.489369475395808, 40.239939134348724 ], [ -8.488912903526993, 40.239888667492039 ], [ -8.488464985997807, 40.23980414656851 ], [ -8.488030037123613, 40.239686385681807 ], [ -8.487612246249499, 40.2395365190986 ], [ -8.487215637383459, 40.239355990318572 ], [ -8.48684403042558, 40.239146538164981 ], [ -8.486501004367243, 40.238910180029912 ], [ -8.486189862815296, 40.238649192435872 ], [ -8.485913602173495, 40.238366089101547 ], [ -8.485674882787805, 40.238063596723116 ], [ -8.485476003333305, 40.237744628704768 ], [ -8.485318878689119, 40.237412257091968 ], [ -8.485205021513954, 40.237069682977875 ], [ -8.485135527699024, 40.236720205668504 ], [ -8.485111065837698, 40.236367190903572 ], [ -8.485131870812316, 40.236014038439428 ], [ -8.485197741559007, 40.235664149306324 ], [ -8.485308043030972, 40.235320893055508 ], [ -8.485461712340275, 40.234987575311358 ], [ -8.485657269018033, 40.234667405941011 ], [ -8.485892829293253, 40.234363468148004 ], [ -8.486166124251977, 40.234078688787086 ], [ -8.486474521701227, 40.233815810185959 ], [ -8.486815051526627, 40.233577363744843 ], [ -8.48718443429925, 40.233365645567936 ], [ -8.487579112856007, 40.233182694360799 ] ] ], [ [ [ -8.491318894801479, 40.242562946506659 ], [ -8.491713615349617, 40.242379981308126 ], [ -8.492129835824148, 40.242227543924869 ], [ -8.492563548233024, 40.242107102203072 ], [ -8.493010576226116, 40.242019815889435 ], [ -8.493466615295091, 40.241966525468762 ], [ -8.493927274204532, 40.241947744074636 ], [ -8.494388117256189, 40.241963652550858 ], [ -8.494844706980333, 40.242014097710971 ], [ -8.495292646844081, 40.242098593812763 ], [ -8.495727623566468, 40.242216327233479 ], [ -8.496145448633676, 40.242366164300726 ], [ -8.496542098615601, 40.242546662204127 ], [ -8.496913753896248, 40.242756082882536 ], [ -8.497256835445643, 40.242992409753576 ], [ -8.497568039279651, 40.243253367124758 ], [ -8.497844368276105, 40.243536442099455 ], [ -8.498083161041006, 40.243838908767252 ], [ -8.498282117546673, 40.244157854446108 ], [ -8.498439321294667, 40.24449020772402 ], [ -8.498553257789561, 40.244832768030228 ], [ -8.498622829145006, 40.24518223645196 ], [ -8.498647364680627, 40.245535247499632 ], [ -8.498626627406797, 40.245888401515309 ], [ -8.49856081633383, 40.2462382974119 ], [ -8.498450564582351, 40.246581565428436 ], [ -8.49829693331197, 40.246914899585406 ], [ -8.498101401525771, 40.247235089527798 ], [ -8.497865851847839, 40.247539051448911 ], [ -8.497592552410014, 40.247823857796881 ], [ -8.497284135021626, 40.248086765477545 ], [ -8.496943569831958, 40.248325242281673 ], [ -8.496574136729112, 40.248536991281668 ], [ -8.496179393750625, 40.248719972962483 ], [ -8.495763142810143, 40.248872424873099 ], [ -8.495329393070497, 40.24899287860903 ], [ -8.494882322316423, 40.249080173961879 ], [ -8.49442623669953, 40.249133470099501 ], [ -8.493965529244047, 40.249152253668591 ], [ -8.493504637513821, 40.24913634374176 ], [ -8.493048000849271, 40.249085893561251 ], [ -8.492600017587172, 40.249001389062144 ], [ -8.49216500267627, 40.248883644189945 ], [ -8.491747146097937, 40.248733793057106 ], [ -8.491350472493238, 40.248553279014537 ], [ -8.490978802385976, 40.248343840743601 ], [ -8.490635715375902, 40.248107495502744 ], [ -8.490324515657004, 40.247846519690412 ], [ -8.490048200193309, 40.247563426911896 ], [ -8.489809429858758, 40.247260943761823 ], [ -8.489610503819044, 40.246941983555608 ], [ -8.489453337401818, 40.246609618263562 ], [ -8.489339443667907, 40.246267048918128 ], [ -8.489269918860378, 40.245917574779462 ], [ -8.489245431870797, 40.245564561556805 ], [ -8.489266217823198, 40.245211408991743 ], [ -8.48933207583657, 40.24486151811557 ], [ -8.489442370986398, 40.244518258496342 ], [ -8.489596040445296, 40.244184935790855 ], [ -8.489791603742617, 40.243864759914047 ], [ -8.490027177043325, 40.24356081413211 ], [ -8.490300491307766, 40.243276025376666 ], [ -8.490608914156832, 40.243013136065812 ], [ -8.490949475231391, 40.242774677702833 ], [ -8.491318894801479, 40.242562946506659 ] ] ], [ [ [ -8.49519080633455, 40.250740040781743 ], [ -8.495585563696073, 40.250557062473696 ], [ -8.496001825332135, 40.250404611199151 ], [ -8.496435582854382, 40.25028415493798 ], [ -8.496882659478372, 40.250196853576817 ], [ -8.49733875022763, 40.25014354774526 ], [ -8.497799463369276, 40.250124750725284 ], [ -8.498260362683048, 40.25014064351106 ], [ -8.498717010157673, 40.250191073067214 ], [ -8.499165008704415, 40.250275553801778 ], [ -8.49960004447745, 40.250393272239975 ], [ -8.499710118283446, 40.250432736868696 ], [ -8.499837734699103, 40.25046726866713 ], [ -8.500255619590209, 40.250617090416327 ], [ -8.500652328713587, 40.250797573712596 ], [ -8.501024041883909, 40.251006980635523 ], [ -8.501367179513892, 40.251243294735282 ], [ -8.50167843707945, 40.251504240442415 ], [ -8.501954816941042, 40.25178730497273 ], [ -8.50219365721483, 40.252089762516484 ], [ -8.502392657415566, 40.252408700479606 ], [ -8.502549900623906, 40.252741047524488 ], [ -8.50266387196425, 40.25308360314051 ], [ -8.502733473214462, 40.253433068460133 ], [ -8.502758033406026, 40.253786078023758 ], [ -8.502737315311585, 40.254139232187782 ], [ -8.502671517756445, 40.254489129863749 ], [ -8.502561273730738, 40.254832401273596 ], [ -8.502407644319364, 40.255165740405133 ], [ -8.502212108507207, 40.255485936855465 ], [ -8.501976548956849, 40.255789906755176 ], [ -8.50170323389497, 40.256074722475518 ], [ -8.501394795281177, 40.256337640832029 ], [ -8.501054203469025, 40.256576129512567 ], [ -8.500684738602915, 40.256787891475106 ], [ -8.500289959026258, 40.256970887079646 ], [ -8.499873667005199, 40.257123353740994 ], [ -8.499439872098289, 40.257243822912507 ], [ -8.4989927525254, 40.257331134237027 ], [ -8.498536614908497, 40.257384446728516 ], [ -8.498075852772841, 40.257403246876088 ], [ -8.497614904209152, 40.257387353592641 ], [ -8.497158209105491, 40.257336919960025 ], [ -8.496710166361739, 40.25725243175399 ], [ -8.496275091499793, 40.257134702763075 ], [ -8.496165008776055, 40.257095234951841 ], [ -8.496037381720463, 40.257060699189445 ], [ -8.4956194662738, 40.256910862508498 ], [ -8.495222734570431, 40.256730362248369 ], [ -8.494851007693912, 40.256520936957763 ], [ -8.494507865790899, 40.256284603770141 ], [ -8.494196613584165, 40.256023638967932 ], [ -8.493920248543301, 40.255740556050498 ], [ -8.493681432019727, 40.255438081517582 ], [ -8.493482463623918, 40.255119128601706 ], [ -8.493325259091341, 40.254786769203065 ], [ -8.493211331849738, 40.254444204297435 ], [ -8.493141778464677, 40.254094733102299 ], [ -8.493117268102692, 40.253741721298645 ], [ -8.493138036112631, 40.25338856861444 ], [ -8.493203881785989, 40.25303867608217 ], [ -8.493314170316783, 40.252695413285892 ], [ -8.493467838941067, 40.252362085912992 ], [ -8.493663407195942, 40.252041903923377 ], [ -8.493898991198366, 40.251737950642067 ], [ -8.494172321805388, 40.251453153072845 ], [ -8.494480766480327, 40.251190253718676 ], [ -8.494821354653721, 40.250951784179485 ], [ -8.49519080633455, 40.250740040781743 ] ] ], [ [ [ -8.48765721704285, 40.271735482626362 ], [ -8.48805211652466, 40.271552530069393 ], [ -8.488468523621865, 40.271400105819659 ], [ -8.488902428545863, 40.271279677596709 ], [ -8.489349653093345, 40.271192405017125 ], [ -8.489805890864005, 40.271139128433319 ], [ -8.490266748709828, 40.2711203608456 ], [ -8.490727789017733, 40.271136282964839 ], [ -8.491184572419312, 40.271186741473244 ], [ -8.49163270051743, 40.271271250500206 ], [ -8.492067858219185, 40.271388996298661 ], [ -8.492485855268567, 40.271538845077231 ], [ -8.49288266657978, 40.271719353912978 ], [ -8.493254470983544, 40.271928784639762 ], [ -8.493597688013965, 40.272165120578698 ], [ -8.493909012382165, 40.272426085950272 ], [ -8.49418544580498, 40.272709167781052 ], [ -8.494424325882347, 40.27301164009485 ], [ -8.494623351745156, 40.273330590155503 ], [ -8.494780606226302, 40.273662946508935 ], [ -8.494894574340918, 40.27400550855495 ], [ -8.494964157897194, 40.274354977364084 ], [ -8.49498868609624, 40.27470798744308 ], [ -8.494967922018056, 40.275061139143247 ], [ -8.494902064930077, 40.275411031399784 ], [ -8.494791748395123, 40.27575429448661 ], [ -8.494638034195836, 40.276087622471522 ], [ -8.494442402133208, 40.276407805058746 ], [ -8.494206735796457, 40.276711758512143 ], [ -8.4939333044405, 40.276996555361166 ], [ -8.493624741144899, 40.277259452602827 ], [ -8.493284017464088, 40.277497918128148 ], [ -8.492914414812709, 40.277709655117903 ], [ -8.492519492861533, 40.277892624172424 ], [ -8.492103055248366, 40.278045062962107 ], [ -8.491669112934524, 40.278165503208633 ], [ -8.491221845560185, 40.278252784833391 ], [ -8.490765561171468, 40.27830606713632 ], [ -8.490425491052529, 40.278319916187399 ], [ -8.490229775686778, 40.278486650317426 ], [ -8.4898890338767, 40.278725105873214 ], [ -8.489551668457871, 40.278918356052245 ], [ -8.489634442163535, 40.279003121231646 ], [ -8.489873324387631, 40.279305602603337 ], [ -8.489984797902235, 40.279484252131326 ], [ -8.490091786944744, 40.279532918798239 ], [ -8.490463625780475, 40.279742358061803 ], [ -8.490806872864377, 40.279978701830437 ], [ -8.491118222618091, 40.28023967424928 ], [ -8.491394676513881, 40.280522762277116 ], [ -8.491633571954369, 40.280825239878133 ], [ -8.491832607922293, 40.281144194265281 ], [ -8.491989867153, 40.281476553942852 ], [ -8.492103834615625, 40.281819118278683 ], [ -8.492173412124355, 40.282168588321213 ], [ -8.492197928938261, 40.282521598565317 ], [ -8.492177148246702, 40.28287474936068 ], [ -8.492111269476842, 40.283224639651166 ], [ -8.492000926400065, 40.283567899729576 ], [ -8.491965934787197, 40.283643762773721 ], [ -8.491975887261397, 40.283664796048186 ], [ -8.492115456267753, 40.283728275245025 ], [ -8.492487324382525, 40.28393770772648 ], [ -8.492830599796555, 40.284174045197496 ], [ -8.493141976658723, 40.284435011863906 ], [ -8.493418456180267, 40.284718094739937 ], [ -8.493657375517024, 40.285020567839425 ], [ -8.493856433421586, 40.285339518418752 ], [ -8.494013712417983, 40.28567187501892 ], [ -8.494127697284918, 40.286014437037416 ], [ -8.494197289668865, 40.286363905545095 ], [ -8.49422181868551, 40.286716915051613 ], [ -8.494201047406552, 40.287070065913817 ], [ -8.49413517516836, 40.287419957074924 ], [ -8.494024835679246, 40.287763218819386 ], [ -8.493871090942559, 40.288096545227859 ], [ -8.493675421053061, 40.288416726019662 ], [ -8.493439709964003, 40.288720677475872 ], [ -8.49316622736111, 40.289005472145035 ], [ -8.49285760681737, 40.289268367045082 ], [ -8.492516820438523, 40.289506830089451 ], [ -8.492147150243085, 40.289718564482676 ], [ -8.491752156552449, 40.289901530850052 ], [ -8.491335643695527, 40.290053966887704 ], [ -8.490901623358553, 40.290174404343752 ], [ -8.490454275933452, 40.290261683166385 ], [ -8.489997910237657, 40.290314962682515 ], [ -8.489536921994125, 40.290333729698844 ], [ -8.489075751472308, 40.290317803447472 ], [ -8.488618840698974, 40.290267337327876 ], [ -8.488170590652077, 40.290182817428878 ], [ -8.487735318850875, 40.290065057844494 ], [ -8.487317217751801, 40.28991519282917 ], [ -8.486920314351623, 40.289734665867854 ], [ -8.486548431387796, 40.289525215766702 ], [ -8.486205150510319, 40.289288859898477 ], [ -8.485893777780269, 40.289027874764358 ], [ -8.485617311827619, 40.288744774059786 ], [ -8.485378414975079, 40.288442284456103 ], [ -8.485309819927298, 40.288332353082794 ], [ -8.484957786482827, 40.288172222734289 ], [ -8.484585918129843, 40.287962766206569 ], [ -8.484242651990668, 40.287726404389254 ], [ -8.483931293984387, 40.287465413840799 ], [ -8.483654842599123, 40.287182308308779 ], [ -8.483415960017263, 40.286879814510989 ], [ -8.483216946484708, 40.286560845865672 ], [ -8.483059718170699, 40.286228474424654 ], [ -8.482945788730984, 40.285885901279748 ], [ -8.482876254751192, 40.285536425727805 ], [ -8.482870136419347, 40.285448159378724 ], [ -8.482792537184801, 40.285349892328732 ], [ -8.482593531113595, 40.285030922495352 ], [ -8.482436309445658, 40.284698550091356 ], [ -8.482322385772761, 40.284355976217782 ], [ -8.482252856625033, 40.284006500178528 ], [ -8.4822283909345, 40.283653487701137 ], [ -8.482236870314834, 40.283509748303409 ], [ -8.482096880053005, 40.28341334430921 ], [ -8.481785550166123, 40.283152347673536 ], [ -8.481509125395327, 40.282869236691745 ], [ -8.481436038610907, 40.282776677136404 ], [ -8.481385633500807, 40.282753745142394 ], [ -8.48122924866747, 40.282665646346302 ], [ -8.481193628933092, 40.282649440905082 ], [ -8.48082180249753, 40.282439971903244 ], [ -8.48047857746241, 40.282203598520397 ], [ -8.48016725935083, 40.281942597426358 ], [ -8.479890846266629, 40.281659482470232 ], [ -8.479652000023284, 40.281356980460451 ], [ -8.47945302051674, 40.281038004894299 ], [ -8.479295823588592, 40.2807056278902 ], [ -8.479281681731161, 40.280663093961877 ], [ -8.478921152172436, 40.28067773982854 ], [ -8.478460049473538, 40.280661770953266 ], [ -8.47800321135877, 40.280611262523472 ], [ -8.477555038105926, 40.280526701035576 ], [ -8.477119846494269, 40.280408900984199 ], [ -8.47670182820751, 40.280258997013561 ], [ -8.476305009444456, 40.280078432983821 ], [ -8.475933212127043, 40.279868948058102 ], [ -8.475590017080071, 40.27963255994451 ], [ -8.475278729537704, 40.279371545454687 ], [ -8.475077649484753, 40.279165558671757 ], [ -8.475076433652452, 40.279164539183391 ], [ -8.474800053113434, 40.278881411795105 ], [ -8.474759483255744, 40.278830020926073 ], [ -8.474419647934086, 40.27879243644869 ], [ -8.473971491073955, 40.278707860986025 ], [ -8.473536317271243, 40.278590047345837 ], [ -8.473118318038042, 40.278440130303231 ], [ -8.472721519389545, 40.278259553844265 ], [ -8.472349743053861, 40.278050057251789 ], [ -8.472013897376861, 40.27781870615992 ], [ -8.47185123648805, 40.277727044640343 ], [ -8.471508066454554, 40.277490644229353 ], [ -8.471196804412834, 40.277229618556859 ], [ -8.470926082822084, 40.276952254885899 ], [ -8.470532469541897, 40.276908708101701 ], [ -8.470084329873798, 40.276824117485504 ], [ -8.469649174815823, 40.27670628911099 ], [ -8.469231195699431, 40.276556357895181 ], [ -8.468904709999348, 40.276407760796047 ], [ -8.468639234722643, 40.276335873922982 ], [ -8.468221260098225, 40.276185939031095 ], [ -8.467824487579604, 40.276005345602272 ], [ -8.467452738643091, 40.275795833082775 ], [ -8.467109593647285, 40.275559419446438 ], [ -8.466908626355934, 40.275390866048134 ], [ -8.466585099442895, 40.275303251899601 ], [ -8.466544682401397, 40.275298778826418 ], [ -8.466096558238522, 40.275214172679391 ], [ -8.465661420339018, 40.275096329205802 ], [ -8.465243459868981, 40.274946383468134 ], [ -8.464846702470053, 40.274765779728838 ], [ -8.464474969472837, 40.274556257533511 ], [ -8.464131841082347, 40.27431983494921 ], [ -8.463820621890473, 40.274058789119493 ], [ -8.463544309047984, 40.273775634324188 ], [ -8.463305563402635, 40.2734730977553 ], [ -8.463106683881286, 40.273154093242752 ], [ -8.462949585362455, 40.272821693183495 ], [ -8.462835780251901, 40.272479098944636 ], [ -8.46276636393805, 40.272129610025878 ], [ -8.462742004266515, 40.271776592278528 ], [ -8.46276293513419, 40.271423445487351 ], [ -8.462828954263598, 40.271073570627635 ], [ -8.462939425177899, 40.270730337112759 ], [ -8.46309328335651, 40.270397050347668 ], [ -8.463289046511044, 40.270076919900731 ], [ -8.463524828881672, 40.269773028600156 ], [ -8.463798359415479, 40.269488302852466 ], [ -8.464107003650964, 40.269225484468649 ], [ -8.46444778909753, 40.268987104268646 ], [ -8.464817433865187, 40.268775457718355 ], [ -8.465212378268623, 40.268592582833357 ], [ -8.46562881910139, 40.268440240561432 ], [ -8.466062746250408, 40.268319897832882 ], [ -8.46650998129865, 40.268232713441172 ], [ -8.466966217744879, 40.268179526889732 ], [ -8.467427062453929, 40.268160850312157 ], [ -8.467888077939191, 40.26817686354314 ], [ -8.46834482507116, 40.26822741238778 ], [ -8.468792905801724, 40.268312010105795 ], [ -8.469155969992746, 40.268410333866314 ], [ -8.469196383096277, 40.26841480604871 ], [ -8.469644466103196, 40.268499400457188 ], [ -8.470079568453841, 40.268617229230991 ], [ -8.47049750042482, 40.268767157779877 ], [ -8.470894237556555, 40.268947742412848 ], [ -8.471265959393591, 40.269157244233917 ], [ -8.471609086264605, 40.269393645879624 ], [ -8.471810047313435, 40.269562191314115 ], [ -8.472205591119675, 40.26966929738861 ], [ -8.472623534223558, 40.269819218185795 ], [ -8.472949996205889, 40.269967805058187 ], [ -8.473215451030164, 40.270039682203901 ], [ -8.473633398623987, 40.270189599325484 ], [ -8.474030152358933, 40.270370173093859 ], [ -8.474401891619744, 40.270579664717644 ], [ -8.47474503656739, 40.270816056931594 ], [ -8.475056282606676, 40.271077073414212 ], [ -8.475326997406981, 40.271354427731183 ], [ -8.475720581419791, 40.271397958368254 ], [ -8.476168692091221, 40.271482527354422 ], [ -8.476603824744803, 40.271600331409509 ], [ -8.477021789365505, 40.271750236181241 ], [ -8.477418561179515, 40.271930798207613 ], [ -8.477790319397572, 40.272140278810305 ], [ -8.47812615641292, 40.272371613398782 ], [ -8.478288812828795, 40.272463266200511 ], [ -8.478631980795145, 40.272699646714777 ], [ -8.478943250390584, 40.272960652558851 ], [ -8.47921962385904, 40.273243770369525 ], [ -8.479260193713611, 40.273295159724299 ], [ -8.479600004072713, 40.273332730124842 ], [ -8.48004813225719, 40.273417283985602 ], [ -8.480483283962847, 40.273535073332667 ], [ -8.480901268991294, 40.273684963955397 ], [ -8.481005701602019, 40.273732483015557 ], [ -8.481055075272293, 40.27371878376492 ], [ -8.481502326170974, 40.273631541441247 ], [ -8.48195858670071, 40.273578295725244 ], [ -8.482419463494455, 40.27355955932007 ], [ -8.482880518756753, 40.273575512636363 ], [ -8.483100965271898, 40.273599878802571 ], [ -8.483140396089835, 40.273558817645132 ], [ -8.483448983474478, 40.273295948092311 ], [ -8.483789720931304, 40.273057511296642 ], [ -8.484159327031978, 40.272845803269071 ], [ -8.484554242463112, 40.272662862617061 ], [ -8.484970664296883, 40.272510450921644 ], [ -8.485404582602861, 40.272390035781484 ], [ -8.485851819048957, 40.272302776687162 ], [ -8.486308067120351, 40.272249513861283 ], [ -8.486768933569895, 40.272230760171709 ], [ -8.486889081814509, 40.272234913255218 ], [ -8.48694690839808, 40.272185648860344 ], [ -8.48728762795076, 40.271947201794937 ], [ -8.48765721704285, 40.271735482626362 ] ] ], [ [ [ -8.478722140541089, 40.240147756531968 ], [ -8.479116881328338, 40.239964834135634 ], [ -8.479533115629549, 40.239812441934298 ], [ -8.479966835319733, 40.239692047339176 ], [ -8.480413863978784, 40.239604809643239 ], [ -8.480869897092049, 40.239551568863256 ], [ -8.481330543481489, 40.23953283765492 ], [ -8.481791367569381, 40.239548796378919 ], [ -8.482247932068509, 40.239599291364996 ], [ -8.48269584068875, 40.239683836391357 ], [ -8.483130780449795, 40.239801617364151 ], [ -8.483548563193507, 40.239951500153211 ], [ -8.483945165897065, 40.240132041507898 ], [ -8.484316769399452, 40.240341502948681 ], [ -8.484659795168998, 40.240577867500669 ], [ -8.48497093975841, 40.240838859108472 ], [ -8.485247206615748, 40.241121964545705 ], [ -8.485485934945144, 40.241424457608495 ], [ -8.485684825339204, 40.241743425360532 ], [ -8.485841961935968, 40.242075796177076 ], [ -8.48595583088656, 40.242418369318315 ], [ -8.486025334955031, 40.2427678457477 ], [ -8.48604980410899, 40.243120859898347 ], [ -8.486029001998155, 40.243474012082245 ], [ -8.485963128257366, 40.243823901229767 ], [ -8.485852816610949, 40.244167157644782 ], [ -8.485699128795572, 40.24450047545934 ], [ -8.485503544359153, 40.244820644475702 ], [ -8.485267946433146, 40.245124581088589 ], [ -8.484994603614378, 40.245409357989814 ], [ -8.484686148130319, 40.24567223236874 ], [ -8.484345550497478, 40.245910672336883 ], [ -8.483976090916732, 40.246122381321427 ], [ -8.483581327680922, 40.246305320192754 ], [ -8.48316506289904, 40.246457726912233 ], [ -8.482731305867434, 40.246578133510745 ], [ -8.482284234441217, 40.246665380234006 ], [ -8.481828154778558, 40.246718626718355 ], [ -8.481367459846366, 40.246737360088844 ], [ -8.480906587087837, 40.246721399901759 ], [ -8.480449975660568, 40.246670899883483 ], [ -8.480002023658106, 40.246586346449298 ], [ -8.479567045727913, 40.246468554016104 ], [ -8.479149231494949, 40.246318657154518 ], [ -8.478752605192145, 40.246138099655951 ], [ -8.478380986887426, 40.245928620620347 ], [ -8.478037955681307, 40.245692237698748 ], [ -8.477726815230005, 40.245431227652489 ], [ -8.477450561926435, 40.245148104416522 ], [ -8.477211856045601, 40.244845594878726 ], [ -8.477012996132212, 40.244526612608517 ], [ -8.47685589687687, 40.244194229788619 ], [ -8.476742070693444, 40.243851647620041 ], [ -8.476672613174367, 40.243502165486305 ], [ -8.476648192563156, 40.243149149173476 ], [ -8.476669043344632, 40.242795998452706 ], [ -8.476734964013563, 40.242446114337348 ], [ -8.476845319042198, 40.242102866330171 ], [ -8.476999045026721, 40.241769559975992 ], [ -8.477194660952392, 40.241449405032178 ], [ -8.477430282477647, 40.24114548456317 ], [ -8.477703640098746, 40.240860725256773 ], [ -8.478012101019379, 40.240597869247452 ], [ -8.478352694514109, 40.240359447717772 ], [ -8.478722140541089, 40.240147756531968 ] ] ], [ [ [ -8.481301832062439, 40.2534516859833 ], [ -8.481718143809744, 40.253299285951556 ], [ -8.48215194548796, 40.25317888310154 ], [ -8.482599059887722, 40.25309163680565 ], [ -8.483055181669032, 40.253038387163357 ], [ -8.483515918800364, 40.253019646915668 ], [ -8.483976834830569, 40.253035596510216 ], [ -8.484433491587454, 40.253086082364753 ], [ -8.484881491892876, 40.253170618345337 ], [ -8.485316521883993, 40.253288390445292 ], [ -8.485734392534113, 40.253438264619973 ], [ -8.486131079974177, 40.253618797701762 ], [ -8.48650276422739, 40.253828251290898 ], [ -8.486845865984607, 40.254064608488214 ], [ -8.487157081066844, 40.254325593309311 ], [ -8.487433412243291, 40.254608692593244 ], [ -8.487672198098577, 40.254911180195556 ], [ -8.487871138671137, 40.255230143232652 ], [ -8.488028317615512, 40.255562510125287 ], [ -8.488142220674671, 40.255905080171608 ], [ -8.48821175028379, 40.256254554364901 ], [ -8.488236236164077, 40.256607567159925 ], [ -8.488215441803696, 40.256960718881736 ], [ -8.48814956676237, 40.257310608465197 ], [ -8.488039244776477, 40.257653866209971 ], [ -8.487885537681812, 40.257987186235269 ], [ -8.487689925211555, 40.258307358322007 ], [ -8.487454290766788, 40.258611298835255 ], [ -8.48718090329576, 40.258896080429174 ], [ -8.486872395455761, 40.259158960247831 ], [ -8.486531738267409, 40.259397406350196 ], [ -8.486162212505114, 40.259609122104266 ], [ -8.485767377099155, 40.259792068315114 ], [ -8.485351034853734, 40.259944482873294 ], [ -8.484917195811468, 40.26006489773404 ], [ -8.484470038617594, 40.260152153063437 ], [ -8.484013870256668, 40.260205408414812 ], [ -8.483553084550245, 40.26022415082781 ], [ -8.483092119816186, 40.260208199771526 ], [ -8.482635416098349, 40.260157708884435 ], [ -8.482187372379554, 40.260073164493868 ], [ -8.481752304191003, 40.259955380929661 ], [ -8.481334402027288, 40.259805492677053 ], [ -8.480937690968519, 40.259624943444678 ], [ -8.480565991899145, 40.259415472252911 ], [ -8.480222884697683, 40.259179096677414 ], [ -8.479911673752346, 40.258918093408838 ], [ -8.47963535613496, 40.258634976317069 ], [ -8.479396592739825, 40.258332472230883 ], [ -8.479197682665379, 40.258013494667352 ], [ -8.479040541085057, 40.257681115763965 ], [ -8.47892668082001, 40.257338536684152 ], [ -8.478857197790507, 40.256989056781769 ], [ -8.478832760485309, 40.256636041821444 ], [ -8.478853603549544, 40.256282891561369 ], [ -8.478919525551822, 40.255933007010455 ], [ -8.479029890951084, 40.255589757675679 ], [ -8.479183636243185, 40.255256449114611 ], [ -8.479379280227038, 40.2549362911058 ], [ -8.47961493829051, 40.254632366743152 ], [ -8.479888340577702, 40.254347602751864 ], [ -8.480196853861942, 40.254084741311381 ], [ -8.480537506913398, 40.253846313656503 ], [ -8.480907019116634, 40.253634615710276 ], [ -8.481301832062439, 40.2534516859833 ] ] ], [ [ [ -8.442101922692185, 40.122142240971016 ], [ -8.442496081386386, 40.121959441939545 ], [ -8.442911679683359, 40.121807180735111 ], [ -8.44334471558135, 40.121686923508527 ], [ -8.443791019243021, 40.121599828231005 ], [ -8.44424629313267, 40.121546733548719 ], [ -8.444706153380352, 40.1215281507112 ], [ -8.445166171975311, 40.121544258650886 ], [ -8.445621919383454, 40.121594902260973 ], [ -8.446069007179446, 40.12167959388843 ], [ -8.446503130283835, 40.121797518027606 ], [ -8.446920108399491, 40.121947539169199 ], [ -8.447315926249187, 40.122128212729706 ], [ -8.447686772227623, 40.122337798955634 ], [ -8.448029075096317, 40.122574279669443 ], [ -8.448339538368474, 40.122835377695971 ], [ -8.448615172052994, 40.12311857878283 ], [ -8.448853321452024, 40.123421155803761 ], [ -8.449051692734621, 40.123740195012672 ], [ -8.449208375039976, 40.124072624095433 ], [ -8.449321858896829, 40.124415241749986 ], [ -8.449391050781044, 40.124764748510096 ], [ -8.449415283670396, 40.125117778515957 ], [ -8.449394323493959, 40.125470931926181 ], [ -8.449328371413049, 40.125820807658918 ], [ -8.449218061910701, 40.126164036147053 ], [ -8.449064456707058, 40.126497311791617 ], [ -8.448869034558294, 40.126817424801267 ], [ -8.44863367703635, 40.127121292110637 ], [ -8.448360650425695, 40.127405987079669 ], [ -8.448052583910721, 40.127668767687716 ], [ -8.447712444263386, 40.127907102950381 ], [ -8.447343507274534, 40.128118697304366 ], [ -8.446949326203946, 40.128301512725272 ], [ -8.446533697553008, 40.128453788364567 ], [ -8.446100624489954, 40.128574057516708 ], [ -8.445654278280363, 40.128661161752206 ], [ -8.445198958095022, 40.128714262080628 ], [ -8.444739049582996, 40.128732847035479 ], [ -8.444278982609816, 40.128716737602929 ], [ -8.443823188568716, 40.128666088947192 ], [ -8.443376057677117, 40.128581388915151 ], [ -8.442941896670607, 40.128463453335485 ], [ -8.442524887302874, 40.128313418157113 ], [ -8.442129046052145, 40.128132728502983 ], [ -8.441758185423007, 40.12792312474506 ], [ -8.441415877216961, 40.127686625734619 ], [ -8.441105418125916, 40.127425509349941 ], [ -8.440829797980289, 40.127142290548939 ], [ -8.440591670957648, 40.126839697138578 ], [ -8.440393330029018, 40.126520643494814 ], [ -8.440236684888722, 40.126188202486496 ], [ -8.440123243579793, 40.125845575873967 ], [ -8.440054097991268, 40.125496063467715 ], [ -8.440029913366258, 40.125143031344521 ], [ -8.440050921920918, 40.124789879427155 ], [ -8.440116920634781, 40.124440008740073 ], [ -8.440227273232736, 40.124096788656523 ], [ -8.4403809163385, 40.123763524452464 ], [ -8.440576369739343, 40.123443425479564 ], [ -8.44081175066232, 40.123139574263831 ], [ -8.441084791923677, 40.122854896826794 ], [ -8.441392863776002, 40.122592134515379 ], [ -8.441732999242229, 40.122353817610872 ], [ -8.442101922692185, 40.122142240971016 ] ] ], [ [ [ -8.432943043496186, 40.130515948689869 ], [ -8.433377200536974, 40.13063392172814 ], [ -8.433794204210406, 40.130783989807327 ], [ -8.434016991121638, 40.130885703296642 ], [ -8.434244903901417, 40.130893703938547 ], [ -8.434700705959782, 40.130944390243599 ], [ -8.435147841795903, 40.13102912371842 ], [ -8.435582005867825, 40.13114708845454 ], [ -8.435999017483953, 40.131297148551887 ], [ -8.436394861044416, 40.131477859051927 ], [ -8.436765724696206, 40.131687479845581 ], [ -8.437108037030454, 40.131923992422529 ], [ -8.437418501468949, 40.1321851193009 ], [ -8.43769412800904, 40.132468345950471 ], [ -8.437932262021306, 40.13277094499886 ], [ -8.438130609822574, 40.133090002487833 ], [ -8.438287260777741, 40.133422445927174 ], [ -8.438400705717026, 40.133765073876546 ], [ -8.438434026959641, 40.133933504067954 ], [ -8.438454494555904, 40.133976939425096 ], [ -8.438567941273607, 40.134319567171218 ], [ -8.438637088483297, 40.134669079926425 ], [ -8.438661269592567, 40.135022111773075 ], [ -8.438640251028787, 40.135375262851916 ], [ -8.438574234515256, 40.135725132103396 ], [ -8.438463855155279, 40.136068350022583 ], [ -8.438310175341591, 40.136401611112177 ], [ -8.438114674548812, 40.136721705720809 ], [ -8.437879235106269, 40.137025550960139 ], [ -8.437606124087459, 40.137310220402512 ], [ -8.437297971489841, 40.13757297227297 ], [ -8.436957744914643, 40.137811275863761 ], [ -8.436588720990194, 40.138022835916566 ], [ -8.436194453813885, 40.138205614737224 ], [ -8.435778740716763, 40.138357851829696 ], [ -8.43534558568077, 40.138478080859706 ], [ -8.434899160761377, 40.138565143784191 ], [ -8.434443765887831, 40.138618202010704 ], [ -8.433983787428907, 40.138636744478283 ], [ -8.433523655924139, 40.138620592582477 ], [ -8.433500200472356, 40.138617984387878 ], [ -8.433394433935561, 40.138847294650105 ], [ -8.433198903087005, 40.139167380934872 ], [ -8.432963433313109, 40.139471216162647 ], [ -8.432690291979549, 40.139755874002141 ], [ -8.432382109375832, 40.140018612790108 ], [ -8.432041853392285, 40.140256901944745 ], [ -8.431672800940593, 40.140468446346745 ], [ -8.43127850639303, 40.140651208452681 ], [ -8.430862767344403, 40.140803427927501 ], [ -8.430429588026731, 40.140923638606587 ], [ -8.42998314072949, 40.141010682623708 ], [ -8.429527725597573, 40.141063721568486 ], [ -8.429067729194974, 40.141082244565766 ], [ -8.428607582234132, 40.141066073198658 ], [ -8.428151716878999, 40.141015363228 ], [ -8.427704524034082, 40.140930603091498 ], [ -8.427270311031807, 40.140812609196885 ], [ -8.426853260126679, 40.140662518054938 ], [ -8.426457388196907, 40.140481775327814 ], [ -8.426086508042376, 40.140272121898796 ], [ -8.425744191652354, 40.14003557709772 ], [ -8.425433735797188, 40.13977441924397 ], [ -8.425158130275683, 40.13949116369492 ], [ -8.424920029124035, 40.139188538611513 ], [ -8.42472172506355, 40.138869458674726 ], [ -8.42456512743289, 40.138536997006561 ], [ -8.424451743816944, 40.13819435556622 ], [ -8.424382665548553, 40.137844834306883 ], [ -8.424371452118121, 40.137680628760002 ], [ -8.424365978584417, 40.137652933599185 ], [ -8.424341870417965, 40.137299898666939 ], [ -8.424362963547106, 40.136946750033943 ], [ -8.424429054136491, 40.136596888692786 ], [ -8.424539505025908, 40.136253683926476 ], [ -8.424693251892288, 40.135920440863181 ], [ -8.424810107649705, 40.135729185542871 ], [ -8.42478842006515, 40.135619450251149 ], [ -8.424764310495231, 40.13526641528788 ], [ -8.424785400871937, 40.13491326646372 ], [ -8.424851487386499, 40.134563404773111 ], [ -8.424961932918013, 40.134220199502444 ], [ -8.425115673195068, 40.133886955784746 ], [ -8.425311227069104, 40.133566882774211 ], [ -8.425546710799651, 40.133263062746551 ], [ -8.42581985621305, 40.132978421422756 ], [ -8.426128032559134, 40.132715699801828 ], [ -8.426468271854874, 40.132477427773026 ], [ -8.426837297470607, 40.132265899761897 ], [ -8.427231555683422, 40.132083152643759 ], [ -8.427594586562849, 40.131950228945151 ], [ -8.427779056554911, 40.131757982487585 ], [ -8.428087219841567, 40.131495255644481 ], [ -8.428427446200576, 40.131256977855884 ], [ -8.428796459126804, 40.13104544360278 ], [ -8.429190705019492, 40.130862689820667 ], [ -8.429351218427016, 40.13080391368193 ], [ -8.429369598940589, 40.130795393244895 ], [ -8.429785280506886, 40.130643179075683 ], [ -8.430218395814187, 40.13052297082529 ], [ -8.430664774260853, 40.130435925993346 ], [ -8.431120117591417, 40.130382882740307 ], [ -8.431580041267567, 40.130364351820603 ], [ -8.432040116668045, 40.130380511666836 ], [ -8.432495913711973, 40.130431206672526 ], [ -8.432943043496186, 40.130515948689869 ] ] ], [ [ [ -8.424963165433129, 40.310249973614681 ], [ -8.425358458894927, 40.310067234827969 ], [ -8.425775244154119, 40.309915035853791 ], [ -8.426209507782367, 40.309794842242432 ], [ -8.42665706812398, 40.309707811351529 ], [ -8.427113615546771, 40.309654781206497 ], [ -8.427574753922412, 40.309636262435092 ], [ -8.428036042937702, 40.309652433352795 ], [ -8.428493040830254, 40.309703138246718 ], [ -8.428941347138093, 40.309787888874368 ], [ -8.429376645052484, 40.309905869162932 ], [ -8.429794742967092, 40.310055943063695 ], [ -8.430191614824306, 40.310236665486542 ], [ -8.430563438870927, 40.310446296209115 ], [ -8.430906634450679, 40.310682816627114 ], [ -8.431217896479728, 40.310943949184804 ], [ -8.431494227273461, 40.311227179298974 ], [ -8.431732965418187, 40.311529779565483 ], [ -8.431931811409552, 40.311848836015784 ], [ -8.432088849810535, 40.312181276170961 ], [ -8.432202567715114, 40.312523898623269 ], [ -8.432271869339127, 40.312873403860891 ], [ -8.432296086597045, 40.313226426038966 ], [ -8.432274985561858, 40.313579565391429 ], [ -8.432208768744882, 40.313929420971434 ], [ -8.432098073172488, 40.314272623405152 ], [ -8.431943964277236, 40.314605867343545 ], [ -8.431747925661256, 40.314925943299279 ], [ -8.431511844829521, 40.31522976856229 ], [ -8.431237995029596, 40.315514416895809 ], [ -8.430929013372095, 40.315777146726496 ], [ -8.430587875442043, 40.316015427557218 ], [ -8.430217866645336, 40.316226964347116 ], [ -8.429822550566152, 40.316409719624531 ], [ -8.429405734640103, 40.316561933118685 ], [ -8.428971433474032, 40.316682138721291 ], [ -8.428523830166197, 40.316769178613953 ], [ -8.428067235999945, 40.316822214425265 ], [ -8.42760604889993, 40.316840735309739 ], [ -8.427144711051808, 40.3168245628707 ], [ -8.42668766609458, 40.316773852879493 ], [ -8.42623931629889, 40.316689093774478 ], [ -8.425803980144691, 40.316571101954288 ], [ -8.425385850707849, 40.316421013910769 ], [ -8.424988955257355, 40.316240275277529 ], [ -8.42461711645309, 40.316030626899888 ], [ -8.424273915518453, 40.31579408806062 ], [ -8.423962657743067, 40.315532937023391 ], [ -8.423686340648073, 40.315249689081547 ], [ -8.423447625120735, 40.314947072324365 ], [ -8.423248809796229, 40.31462800135408 ], [ -8.423091808933066, 40.314295549207642 ], [ -8.422978133994709, 40.313952917753582 ], [ -8.422908879114157, 40.313603406849694 ], [ -8.422884710580611, 40.31325038255855 ], [ -8.422905860448632, 40.312897244727417 ], [ -8.422972124330281, 40.312547394244696 ], [ -8.423082863390524, 40.312204200288321 ], [ -8.423237010525586, 40.311870967881568 ], [ -8.4234330806638, 40.311550906068589 ], [ -8.423669185088812, 40.311247097015965 ], [ -8.423943049646384, 40.310962466337529 ], [ -8.424252036658771, 40.310699754928081 ], [ -8.424593170335163, 40.310461492576927 ], [ -8.424963165433129, 40.310249973614681 ] ] ], [ [ [ -8.410784666699374, 40.158944351406554 ], [ -8.411179122091031, 40.158761659111825 ], [ -8.411595014764194, 40.158609510253569 ], [ -8.412028339883573, 40.1584893699007 ], [ -8.412474924827992, 40.15840239489895 ], [ -8.412930469354382, 40.1583494227364 ], [ -8.413390586987894, 40.158330963483039 ], [ -8.413850847240377, 40.158347194881465 ], [ -8.414306818251656, 40.158397960636428 ], [ -8.414754109443972, 40.158482771919111 ], [ -8.415188413779809, 40.158600812072031 ], [ -8.415605549217153, 40.158750944469261 ], [ -8.416001498963865, 40.158931723456327 ], [ -8.416372450144285, 40.159141408264986 ], [ -8.416714830506363, 40.159377979768749 ], [ -8.4170253428163, 40.159639159918498 ], [ -8.417300996609784, 40.159922433671241 ], [ -8.417539136994133, 40.160225073201133 ], [ -8.41773747022388, 40.160544164160179 ], [ -8.417894085803223, 40.160876633735818 ], [ -8.418007474901975, 40.161219280235954 ], [ -8.418076544907047, 40.161568803916282 ], [ -8.418100629968492, 40.161921838753706 ], [ -8.418079497437679, 40.162274984859913 ], [ -8.418013350134578, 40.162624841222929 ], [ -8.417902824421322, 40.162968038461599 ], [ -8.417748984099532, 40.163301271277376 ], [ -8.417553310189218, 40.163621330290802 ], [ -8.417317686686745, 40.163925132955946 ], [ -8.41704438243824, 40.164209753254831 ], [ -8.416736029302314, 40.164472449885409 ], [ -8.416395596811938, 40.16471069267164 ], [ -8.416026363579151, 40.164922186940579 ], [ -8.41563188571789, 40.165104895631423 ], [ -8.415215962589146, 40.165257058923459 ], [ -8.414782600198594, 40.165377211193103 ], [ -8.414335972599723, 40.165464195136629 ], [ -8.413880381674788, 40.165517172922357 ], [ -8.413420215681709, 40.165535634264202 ], [ -8.412959906967069, 40.16551940133931 ], [ -8.412503889253413, 40.165468630501586 ], [ -8.412056554913251, 40.165383810775168 ], [ -8.411622212642245, 40.165265759142017 ], [ -8.41120504594023, 40.165115612669275 ], [ -8.410809072800838, 40.164934817552293 ], [ -8.410438106998692, 40.164725115179209 ], [ -8.410095721347748, 40.164488525351487 ], [ -8.409785213285051, 40.164227326822406 ], [ -8.409509573111697, 40.163944035341295 ], [ -8.409271455196951, 40.163641379415282 ], [ -8.409073152422788, 40.163322274022462 ], [ -8.408916574114619, 40.162989792530041 ], [ -8.408803227670315, 40.162647137088129 ], [ -8.408734204063787, 40.162297607784616 ], [ -8.408710167361908, 40.161944570858708 ], [ -8.408731348354879, 40.161591426278967 ], [ -8.408797542360354, 40.161241574998733 ], [ -8.408908111221457, 40.16089838620379 ], [ -8.409061989478419, 40.160565164868231 ], [ -8.4092576946534, 40.160245119930337 ], [ -8.409493341548554, 40.159941333395089 ], [ -8.409766660418788, 40.159656730660643 ], [ -8.41007501884358, 40.159394052354038 ], [ -8.410415447086715, 40.159155827947117 ], [ -8.410784666699374, 40.158944351406554 ] ] ], [ [ [ -8.385486304655812, 40.162116263540881 ], [ -8.385902275598124, 40.161964206811774 ], [ -8.386335667809229, 40.161844162471887 ], [ -8.386782308022353, 40.16175728644258 ], [ -8.387237895462597, 40.161704415259088 ], [ -8.387698043242141, 40.161686058019228 ], [ -8.388158320582704, 40.161702391483558 ], [ -8.388614295459604, 40.161753258374226 ], [ -8.389061577257761, 40.161838168888806 ], [ -8.389495859029921, 40.161956305414513 ], [ -8.38991295895103, 40.162106530397566 ], [ -8.39030886057053, 40.16228739729214 ], [ -8.390679751475703, 40.162497164483582 ], [ -8.391022059994363, 40.162733812052139 ], [ -8.391332489583924, 40.162995061216265 ], [ -8.39160805057602, 40.163278396268289 ], [ -8.391846088970997, 40.16358108879195 ], [ -8.392044312004941, 40.163900223928728 ], [ -8.392200810242681, 40.164232728440432 ], [ -8.392314075983561, 40.164575400298233 ], [ -8.392383017802064, 40.164924939513291 ], [ -8.392406971082428, 40.165277979912588 ], [ -8.392385704444955, 40.165631121553844 ], [ -8.392319422001082, 40.165980963467739 ], [ -8.392208761414503, 40.16632413641188 ], [ -8.392054787785957, 40.166657335321354 ], [ -8.391858983419617, 40.16697735114294 ], [ -8.391623233568662, 40.167281101746404 ], [ -8.391349808296578, 40.167565661614908 ], [ -8.391041340628117, 40.167828290028304 ], [ -8.390700801199943, 40.168066457467418 ], [ -8.390331469654658, 40.168277869984905 ], [ -8.389936903053702, 40.168460491307421 ], [ -8.389520901613338, 40.168612562455742 ], [ -8.389087472094042, 40.168732618693916 ], [ -8.388640789196325, 40.16881950364332 ], [ -8.388185155335428, 40.168872380425945 ], [ -8.387724959183089, 40.168890739728766 ], [ -8.387264633376532, 40.168874404712 ], [ -8.386808611802961, 40.168823532713098 ], [ -8.386361286871978, 40.168738613730838 ], [ -8.385926967188411, 40.168620465703412 ], [ -8.385509836034228, 40.16847022662656 ], [ -8.385113911060253, 40.168289343587766 ], [ -8.384743005576707, 40.168079558822086 ], [ -8.384400691816015, 40.167842892924618 ], [ -8.384090266522211, 40.167581625381324 ], [ -8.383814719198574, 40.16729827260616 ], [ -8.383576703319488, 40.16699556369646 ], [ -8.383378510783597, 40.166676414140454 ], [ -8.383222049854048, 40.166343897730457 ], [ -8.383108826797761, 40.166001216952573 ], [ -8.383039931399912, 40.165651672138374 ], [ -8.38301602649234, 40.165298629676116 ], [ -8.383037341595806, 40.164945489587296 ], [ -8.38310367073635, 40.164595652781642 ], [ -8.383214374455756, 40.164252488305173 ], [ -8.383368385995707, 40.16391930089744 ], [ -8.383564221595122, 40.163599299169633 ], [ -8.383799994800551, 40.163295564710388 ], [ -8.384073434651011, 40.163011022416121 ], [ -8.384381907561503, 40.162748412331624 ], [ -8.384722442693922, 40.162510263271685 ], [ -8.385091760570749, 40.162298868477336 ], [ -8.385486304655812, 40.162116263540881 ] ] ] ] } }
]
}
