{
"type": "FeatureCollection",
"name": "iso_200m_lisboa",
"crs": { "type": "name", "properties": { "name": "urn:ogc:def:crs:OGC:1.3:CRS84" } },
"features": [
{ "type": "Feature", "properties": { }, "geometry": { "type": "MultiPolygon", "coordinates": [ [ [ [ -9.212233337979207, 38.69195507745723 ], [ -9.21243610275012, 38.691877615069593 ], [ -9.212647578675744, 38.691816101361844 ], [ -9.212865729248698, 38.691771128701753 ], [ -9.213088453699921, 38.691743130167552 ], [ -9.213313607224844, 38.6917323753785 ], [ -9.213539021633126, 38.691738967899127 ], [ -9.213762526223311, 38.691762844242163 ], [ -9.213981968681631, 38.691803774480007 ], [ -9.214195235803915, 38.691861364458362 ], [ -9.214400273841251, 38.691935059591195 ], [ -9.21459510827372, 38.692024150200311 ], [ -9.214777862821938, 38.692127778348137 ], [ -9.214946777513466, 38.692244946098072 ], [ -9.215100225630247, 38.692374525122858 ], [ -9.215236729373906, 38.692515267568687 ], [ -9.215354974098119, 38.692665818070175 ], [ -9.21545382097093, 38.692824726801042 ], [ -9.215532317945033, 38.692990463434406 ], [ -9.215589708930278, 38.693161431878792 ], [ -9.215625441079894, 38.693335985647678 ], [ -9.215635569537131, 38.693466165856769 ], [ -9.215810908244876, 38.693546337528268 ], [ -9.215993668428315, 38.69364996366761 ], [ -9.216162588701122, 38.693767129550402 ], [ -9.216316042291497, 38.693896706867399 ], [ -9.216452551348366, 38.694037447781206 ], [ -9.216570801174235, 38.694187996941238 ], [ -9.216669652888017, 38.6943469045341 ], [ -9.216748154395786, 38.694512640243886 ], [ -9.216759434238824, 38.69454624051663 ], [ -9.216838850952623, 38.694613299007351 ], [ -9.216975362415154, 38.694754039259138 ], [ -9.217014420330813, 38.694803764570949 ], [ -9.217019152934739, 38.694798638066587 ], [ -9.217168655948852, 38.694666253387446 ], [ -9.217333995991401, 38.694545990072719 ], [ -9.217513580756513, 38.694439006260914 ], [ -9.217705680785379, 38.69434633220326 ], [ -9.217908446120328, 38.694268860344266 ], [ -9.218119924118227, 38.6942073367292 ], [ -9.21833807825173, 38.694162353821199 ], [ -9.218560807717482, 38.694134344797178 ], [ -9.218785967662633, 38.694123579377425 ], [ -9.219011389835019, 38.69413016122877 ], [ -9.219234903458439, 38.69415402696675 ], [ -9.219454356132159, 38.694194946765833 ], [ -9.219667634553653, 38.694252526572221 ], [ -9.219693951195181, 38.694261983549872 ], [ -9.219775371000294, 38.694264360246436 ], [ -9.219890261917685, 38.694276627025005 ], [ -9.220015634047252, 38.694201934704417 ], [ -9.220207730122807, 38.694109256588291 ], [ -9.22041049199232, 38.694031780436028 ], [ -9.220621967046016, 38.693970252334253 ], [ -9.220840118784892, 38.693925264789264 ], [ -9.22106284642865, 38.693897251022676 ], [ -9.22128800514197, 38.693886480800373 ], [ -9.221513426684558, 38.69389305783551 ], [ -9.221736940286268, 38.693916918789938 ], [ -9.221956393546582, 38.693957833884191 ], [ -9.222169673157332, 38.694015409109802 ], [ -9.222374725249381, 38.694089090022821 ], [ -9.222569575167508, 38.694178167081965 ], [ -9.222752346483244, 38.694281782480139 ], [ -9.222921279062723, 38.694398938403509 ], [ -9.223074746015666, 38.694528506638747 ], [ -9.223211269362352, 38.694669239435946 ], [ -9.223329534267709, 38.694819781522682 ], [ -9.223428401705462, 38.694978683153678 ], [ -9.223506919430285, 38.695144414070484 ], [ -9.223564331152208, 38.6953153782367 ], [ -9.223600083824763, 38.695489929207021 ], [ -9.223613832976513, 38.695666385982186 ], [ -9.223605446034398, 38.695843049196995 ], [ -9.223575003606696, 38.696018217485779 ], [ -9.223522798712953, 38.69619020386763 ], [ -9.223449333968109, 38.696357351993399 ], [ -9.223355316747687, 38.696518052098348 ], [ -9.223241652380374, 38.6966707565064 ], [ -9.223109435433383, 38.696813994536939 ], [ -9.222959939174361, 38.696946386670326 ], [ -9.222794603311188, 38.697066657835684 ], [ -9.222688735406251, 38.697129731762629 ], [ -9.222617954523322, 38.697290766772142 ], [ -9.222523934253699, 38.697451466228216 ], [ -9.222410266668545, 38.69760416985131 ], [ -9.222278046366064, 38.697747406968368 ], [ -9.222128546646221, 38.697879798068541 ], [ -9.22196320725023, 38.69800006809087 ], [ -9.221831923982679, 38.698078281476214 ], [ -9.221771146384457, 38.698132103049637 ], [ -9.221605805806817, 38.698252372578622 ], [ -9.221426217884771, 38.698359362657449 ], [ -9.221234112188814, 38.698452042851848 ], [ -9.221031338872423, 38.698529520543509 ], [ -9.220819850851377, 38.698591049528801 ], [ -9.220601684992321, 38.698636037207052 ], [ -9.220378942491983, 38.698664050289239 ], [ -9.220153768636097, 38.698674818972073 ], [ -9.22013987269216, 38.69867441342722 ], [ -9.220144633855849, 38.698735552754663 ], [ -9.220136238192458, 38.69891221575871 ], [ -9.220105786155814, 38.699087383195753 ], [ -9.220053570857988, 38.699259368093017 ], [ -9.219994609326886, 38.699393496394016 ], [ -9.220017537740372, 38.699379837385806 ], [ -9.220209647508216, 38.699287159145939 ], [ -9.220412423865465, 38.699209682845265 ], [ -9.220623914062839, 38.699148154571787 ], [ -9.220842081455524, 38.699103166833495 ], [ -9.221064825112503, 38.699075152853844 ], [ -9.221290000044286, 38.699064382400778 ], [ -9.221515437854418, 38.699070959189626 ], [ -9.221738967616139, 38.699094819884664 ], [ -9.221949780763882, 38.699134121009763 ], [ -9.221953677458709, 38.699127461054516 ], [ -9.222067348360239, 38.698974757865216 ], [ -9.22219957129086, 38.698831520976995 ], [ -9.222349072817645, 38.698699129780259 ], [ -9.222514413136361, 38.698578859212361 ], [ -9.222693999938439, 38.698471867481587 ], [ -9.222886103745434, 38.69837918491541 ], [ -9.223087928818588, 38.698302065420542 ], [ -9.223152571894781, 38.698232035488118 ], [ -9.223263586992552, 38.698133723183247 ], [ -9.223270677279256, 38.697984390296341 ], [ -9.22330112117098, 38.697809222121791 ], [ -9.223353327683098, 38.697637235860896 ], [ -9.223426793891635, 38.697470087809108 ], [ -9.223520812146704, 38.69730938765661 ], [ -9.223634476892583, 38.697156682987483 ], [ -9.223766693392857, 38.697013444377525 ], [ -9.223916188276526, 38.696881051233738 ], [ -9.224081521803326, 38.696760778512179 ], [ -9.22426110173009, 38.696653784441935 ], [ -9.224453198644563, 38.696561099373007 ], [ -9.224655962619048, 38.696483615855939 ], [ -9.224867441023481, 38.696422080048251 ], [ -9.225085597326592, 38.696377084530496 ], [ -9.225308330704125, 38.696349062600994 ], [ -9.225533496265557, 38.696338284104279 ], [ -9.225758925704653, 38.696344852833114 ], [ -9.225982448175245, 38.696368705529373 ], [ -9.22620191119143, 38.69640961249312 ], [ -9.226415201351109, 38.696467179794148 ], [ -9.226620264683591, 38.696540853064825 ], [ -9.226815126425436, 38.696629922837481 ], [ -9.226997910034333, 38.696733531375152 ], [ -9.227046524067202, 38.696767241255785 ], [ -9.227216853630795, 38.696759085246725 ], [ -9.227442284468589, 38.696765650707782 ], [ -9.227665808734955, 38.696789500156733 ], [ -9.227885273926697, 38.696830403924864 ], [ -9.228098566620782, 38.696887968112797 ], [ -9.228303632822108, 38.696961638382845 ], [ -9.228498497739624, 38.69705070529622 ], [ -9.22868128480045, 38.697154311143528 ], [ -9.228850233719127, 38.697271458202934 ], [ -9.228863993609407, 38.697283073360033 ], [ -9.229029533214629, 38.697397855773268 ], [ -9.229183017537119, 38.69752741566996 ], [ -9.22931955852777, 38.697668141004549 ], [ -9.229437841181623, 38.697818676576546 ], [ -9.229536726301491, 38.697977572703401 ], [ -9.229615261471784, 38.698143299179698 ], [ -9.229672690234526, 38.698314260011806 ], [ -9.229708459379136, 38.698488808786578 ], [ -9.22972222427553, 38.698665264525893 ], [ -9.229713852199003, 38.698841927874554 ], [ -9.22968342361464, 38.699017097465664 ], [ -9.229631231408634, 38.699189086305744 ], [ -9.229557778073699, 38.699356238022006 ], [ -9.229463770875428, 38.69951694281513 ], [ -9.229350115045948, 38.699669652963941 ], [ -9.229217905070202, 38.6998128977325 ], [ -9.229127718951009, 38.699892773061414 ], [ -9.229090992495415, 38.699976346266894 ], [ -9.228996983464508, 38.700137050695133 ], [ -9.228883325681117, 38.700289760403145 ], [ -9.228751113649011, 38.700433004659274 ], [ -9.228601620588453, 38.700565403883907 ], [ -9.228436286176485, 38.700685682937873 ], [ -9.22825670268292, 38.700792683405112 ], [ -9.228064599635561, 38.700885374751216 ], [ -9.227861827162355, 38.700962864250535 ], [ -9.227650338170934, 38.701024405585692 ], [ -9.227432169537275, 38.701069406037028 ], [ -9.227209422484824, 38.701097432192491 ], [ -9.226984242343157, 38.701108214122904 ], [ -9.226758797881393, 38.70110164798232 ], [ -9.226535260415551, 38.70107779700858 ], [ -9.226315782891344, 38.70103689091416 ], [ -9.22610247914408, 38.700979323673366 ], [ -9.226020278763103, 38.700949793034404 ], [ -9.225852727610956, 38.701013819061203 ], [ -9.225788084763879, 38.701083850451887 ], [ -9.225638584821997, 38.701216245972972 ], [ -9.225473243873129, 38.70133652091797 ], [ -9.22529365425005, 38.701443516910402 ], [ -9.225101545539626, 38.701536203459007 ], [ -9.224898767924355, 38.70161368788429 ], [ -9.224687274361408, 38.701675223917732 ], [ -9.224469101770806, 38.701720218890785 ], [ -9.224246351414115, 38.701748239444157 ], [ -9.224021168652749, 38.701759015702592 ], [ -9.223795722281055, 38.701752443874817 ], [ -9.223572183633458, 38.701728587253456 ], [ -9.223558126380816, 38.701725966934191 ], [ -9.223477571469237, 38.701863646985458 ], [ -9.223363899171563, 38.702016351494542 ], [ -9.223231672880335, 38.702159589674395 ], [ -9.223082165953171, 38.702291982003914 ], [ -9.222916818200689, 38.70241225341033 ], [ -9.222737222021209, 38.702519245551187 ], [ -9.22254510706475, 38.702611927972342 ], [ -9.222342323573985, 38.702689408034033 ], [ -9.222130824562685, 38.702750939509819 ], [ -9.221912647003363, 38.702795929774993 ], [ -9.221689892205447, 38.702823945515625 ], [ -9.221464705573137, 38.702834716902828 ], [ -9.221239255938075, 38.702828140192246 ], [ -9.221015714666111, 38.702804278723526 ], [ -9.220796234739623, 38.702763362310222 ], [ -9.22058293001705, 38.702705785026048 ], [ -9.22037785486963, 38.702632101408675 ], [ -9.220182984391698, 38.702543021117819 ], [ -9.220000195375265, 38.702439402099088 ], [ -9.219831248232301, 38.702322242319426 ], [ -9.219677770038949, 38.702192670153813 ], [ -9.219632468046955, 38.702145972840107 ], [ -9.219660968963337, 38.702230850318628 ], [ -9.219696716016463, 38.702405402367297 ], [ -9.219710457312591, 38.702581859516279 ], [ -9.219702060354262, 38.702758522396792 ], [ -9.219671605846154, 38.702933689646379 ], [ -9.219619386924112, 38.703105674294115 ], [ -9.219545906338137, 38.70327282000752 ], [ -9.219514310941964, 38.7033268138373 ], [ -9.219513278887465, 38.703348525812629 ], [ -9.219482823701304, 38.70352369300597 ], [ -9.219430603929238, 38.703695677565086 ], [ -9.219357122329454, 38.703862823158396 ], [ -9.219263086439758, 38.704023520045489 ], [ -9.219149401768616, 38.704176220581282 ], [ -9.219017163078771, 38.704319454122441 ], [ -9.218867643847267, 38.704451841192515 ], [ -9.218702284003243, 38.704572106769369 ], [ -9.218522676061495, 38.704679092566714 ], [ -9.218355925978241, 38.704759527552113 ], [ -9.218359503258029, 38.70476321498225 ], [ -9.218477775235499, 38.704913761627182 ], [ -9.21857664646193, 38.705072667045023 ], [ -9.218655164655434, 38.705238400940864 ], [ -9.218712573521447, 38.705409367249622 ], [ -9.21874832004092, 38.705583919505344 ], [ -9.218762059801582, 38.705760376696354 ], [ -9.218753660320738, 38.705937039453467 ], [ -9.218723202327332, 38.706112206415419 ], [ -9.218670978990749, 38.706284190614028 ], [ -9.218597493103486, 38.706451335721155 ], [ -9.218503452244629, 38.706612032001082 ], [ -9.218389761970489, 38.70676473181458 ], [ -9.218257517097758, 38.706907964525229 ], [ -9.218248608236085, 38.70691585220456 ], [ -9.21820759966276, 38.707050899005395 ], [ -9.218134111946776, 38.7072180438267 ], [ -9.218040069077698, 38.707378739742765 ], [ -9.217926376631187, 38.70753143911783 ], [ -9.217794129444863, 38.707674671319694 ], [ -9.217644601077595, 38.707807056884846 ], [ -9.217479231546507, 38.707927320805616 ], [ -9.2172996134597, 38.708034304811676 ], [ -9.217107476678212, 38.708126978527162 ], [ -9.216904671654957, 38.708204449396192 ], [ -9.216762884405156, 38.708245689129413 ], [ -9.216890537501703, 38.708318052119076 ], [ -9.217059494289019, 38.708435215895086 ], [ -9.21721298145153, 38.708564791236761 ], [ -9.217349520814839, 38.708705530325716 ], [ -9.21746779738956, 38.708856077828983 ], [ -9.21756667203695, 38.709014983949167 ], [ -9.217645192442156, 38.709180718384566 ], [ -9.217702602289283, 38.709351685064931 ], [ -9.217738348549801, 38.709526237520727 ], [ -9.217752086813904, 38.70970269473834 ], [ -9.217743684613275, 38.709879357348342 ], [ -9.21771322270302, 38.710054523990863 ], [ -9.217660994290217, 38.710226507700803 ], [ -9.217587502216224, 38.710393652154721 ], [ -9.21749345411969, 38.710554347623187 ], [ -9.217379755626604, 38.710707046474752 ], [ -9.21724750163281, 38.71085027808229 ], [ -9.217097965762731, 38.710982662987945 ], [ -9.217036068480763, 38.711027674978872 ], [ -9.217046754006819, 38.711050228885519 ], [ -9.217104164035902, 38.711221195804917 ], [ -9.217139909883736, 38.71139574839632 ], [ -9.217153647144473, 38.711572205644856 ], [ -9.217145243359445, 38.711748868180727 ], [ -9.217114779299003, 38.711924034644824 ], [ -9.217062548190919, 38.712096018073737 ], [ -9.216989052902491, 38.712263162146741 ], [ -9.216895001103319, 38.712423857138063 ], [ -9.216781298455045, 38.712576555420853 ], [ -9.216649039893523, 38.712719786373434 ], [ -9.216499499087167, 38.712852170544302 ], [ -9.216334116172895, 38.712972432939196 ], [ -9.216154483887703, 38.713079415302467 ], [ -9.215962332229392, 38.713172087274081 ], [ -9.215759511794168, 38.713249556314928 ], [ -9.215547975951679, 38.713311076304656 ], [ -9.215504709903067, 38.713319994373208 ], [ -9.215456974631669, 38.713348423129318 ], [ -9.21526482133344, 38.713441093973678 ], [ -9.215061999363236, 38.713518561822745 ], [ -9.214850462105492, 38.713580080567638 ], [ -9.214632246901155, 38.713625057706309 ], [ -9.214409455422292, 38.713653060051236 ], [ -9.21418423342646, 38.713663817902557 ], [ -9.213958750085959, 38.713657227646287 ], [ -9.213735177091332, 38.713633352752559 ], [ -9.213515667730533, 38.713592423164243 ], [ -9.213302336145524, 38.71353483308198 ], [ -9.213097236966291, 38.713461137166703 ], [ -9.212964656261295, 38.713400529763774 ], [ -9.212886940002951, 38.713438008173121 ], [ -9.21283418747854, 38.7135281280854 ], [ -9.212720474402033, 38.71368082254012 ], [ -9.212588205643828, 38.713824049018172 ], [ -9.212438654970555, 38.713956428111125 ], [ -9.212273262614183, 38.714076684873646 ], [ -9.212272316649612, 38.714077248196517 ], [ -9.212220068358938, 38.714196048815964 ], [ -9.212126003358627, 38.714356740108819 ], [ -9.212012287487338, 38.714509433894023 ], [ -9.211880015808291, 38.714652659593192 ], [ -9.211730462116249, 38.71478503780542 ], [ -9.211565066672257, 38.714905293593809 ], [ -9.211385422334011, 38.715012268766351 ], [ -9.211193259215419, 38.715104933032265 ], [ -9.210990428023093, 38.715182393926632 ], [ -9.210778882230311, 38.715243905407576 ], [ -9.210560659260244, 38.715288875043008 ], [ -9.210337860859774, 38.715316869717668 ], [ -9.210112632853132, 38.715327619805606 ], [ -9.209887144470532, 38.7153210217676 ], [ -9.209663567451079, 38.715297139148717 ], [ -9.209444055121498, 38.715256201966284 ], [ -9.209230721652341, 38.715198604494056 ], [ -9.209025621691733, 38.715124901464179 ], [ -9.208830730572988, 38.715035802723392 ], [ -9.208647925286883, 38.714932166395009 ], [ -9.208627310713661, 38.714917869881461 ], [ -9.208622128176875, 38.71491550054759 ], [ -9.208439323494963, 38.714811863882183 ], [ -9.208270365231567, 38.714694687787052 ], [ -9.208213156537553, 38.714646386606262 ], [ -9.208191147468586, 38.714696422648622 ], [ -9.208097072740401, 38.714857110825143 ], [ -9.207983347436016, 38.715009800812929 ], [ -9.207851066709516, 38.715153022070147 ], [ -9.20770150444282, 38.715285395238659 ], [ -9.207536100979576, 38.71540564543016 ], [ -9.207356449254734, 38.715512614506515 ], [ -9.207164279453366, 38.715605272235649 ], [ -9.206961442346467, 38.715682726215633 ], [ -9.2067498914643, 38.715744230471181 ], [ -9.206531664279067, 38.715789192639775 ], [ -9.206308862578261, 38.715817179678112 ], [ -9.206173551977479, 38.715823633365751 ], [ -9.206158090751446, 38.715837317044212 ], [ -9.2059926834, 38.715957565096048 ], [ -9.205813027956244, 38.71606453184333 ], [ -9.205620854641076, 38.716157187076412 ], [ -9.205418014259337, 38.716234638417383 ], [ -9.205206460372843, 38.716296139916366 ], [ -9.204988230482737, 38.716341099237432 ], [ -9.204765426402572, 38.716369083364661 ], [ -9.204540194011297, 38.716379822773696 ], [ -9.204314702581367, 38.716373214028188 ], [ -9.204091123881238, 38.716349320776345 ], [ -9.203871611253819, 38.716308373137892 ], [ -9.203658278872526, 38.716250765487331 ], [ -9.203453181374993, 38.716177052654821 ], [ -9.203258294070787, 38.716087944581531 ], [ -9.203075493913927, 38.715984299480681 ], [ -9.202906541423607, 38.715867115570433 ], [ -9.202753063727373, 38.715737521458195 ], [ -9.202616538890121, 38.71559676526919 ], [ -9.202498281679873, 38.715446202623838 ], [ -9.202399430907425, 38.715287283580075 ], [ -9.202359948307416, 38.715203912093948 ], [ -9.20215508213799, 38.715182014717605 ], [ -9.201935574117314, 38.71514106336884 ], [ -9.201741776298249, 38.715088726291334 ], [ -9.201660725791886, 38.715136979708994 ], [ -9.20146854941235, 38.715229628171656 ], [ -9.201265706979761, 38.71530707234637 ], [ -9.201054152075697, 38.715368566352304 ], [ -9.200835922211111, 38.71541351792569 ], [ -9.200613119199319, 38.715441494125251 ], [ -9.200387888908987, 38.715452225502986 ], [ -9.200162400592321, 38.715445608699902 ], [ -9.199938825987795, 38.715421707441827 ], [ -9.199719318398861, 38.715380751925601 ], [ -9.199505991950389, 38.715323136601597 ], [ -9.199300901222855, 38.715249416373901 ], [ -9.199106021460608, 38.71516030125489 ], [ -9.198923229545001, 38.715056649525657 ], [ -9.198884050646262, 38.715029472603717 ], [ -9.198853529212107, 38.715051657872777 ], [ -9.198673865107798, 38.715158613784105 ], [ -9.198657929028364, 38.715166296044465 ], [ -9.198563646294534, 38.715249726111033 ], [ -9.198398227298265, 38.715369963591137 ], [ -9.198218561713096, 38.715476918817977 ], [ -9.198026379857632, 38.715569561692888 ], [ -9.197823532619012, 38.715646999956974 ], [ -9.197611973625117, 38.71570848778633 ], [ -9.197393740426305, 38.715753432976669 ], [ -9.197170934868014, 38.715781402648211 ], [ -9.196945702843445, 38.71579212741581 ], [ -9.196720213621511, 38.715785503984172 ], [ -9.196496638949407, 38.715761596142954 ], [ -9.196277132131229, 38.715720634152433 ], [ -9.196063807284421, 38.715663012525312 ], [ -9.195858718974023, 38.715589286226411 ], [ -9.195663842421084, 38.715500165326588 ], [ -9.195481054476042, 38.715396508162598 ], [ -9.195312115540435, 38.715279313068798 ], [ -9.195158652611219, 38.715149708760286 ], [ -9.195022143611034, 38.715008943460496 ], [ -9.194903903155334, 38.714858372877565 ], [ -9.194805069893516, 38.714699447145868 ], [ -9.194726595545816, 38.714533696858162 ], [ -9.194669235741497, 38.71436271832318 ], [ -9.194669073117911, 38.714361922998485 ], [ -9.194630440083968, 38.714344254546738 ], [ -9.194447656577438, 38.714240595683776 ], [ -9.194278722060067, 38.714123399011179 ], [ -9.194125263486256, 38.713993793259313 ], [ -9.193988758736687, 38.713853026665461 ], [ -9.193870522385879, 38.713702454950237 ], [ -9.193771693043697, 38.713543528258903 ], [ -9.193693222392623, 38.713377777193458 ], [ -9.193635866026327, 38.713206798070125 ], [ -9.193600176177538, 38.713032237544375 ], [ -9.193586496405153, 38.712855776751354 ], [ -9.193587397358748, 38.712836967272956 ], [ -9.193499980495368, 38.71274681860794 ], [ -9.193452791360803, 38.712686722552462 ], [ -9.193431611698024, 38.712687730427987 ], [ -9.193206132405397, 38.712681100071755 ], [ -9.192982568444844, 38.712657185343694 ], [ -9.192763073017277, 38.712616216570389 ], [ -9.192549760130406, 38.712558588329877 ], [ -9.19234468423406, 38.7124848556507 ], [ -9.192149820429703, 38.712395728665136 ], [ -9.19196704544496, 38.712292065768565 ], [ -9.191965465853688, 38.712290969854486 ], [ -9.191787386634688, 38.712313317371056 ], [ -9.191562164439473, 38.712324031629848 ], [ -9.191336686379982, 38.712317397648889 ], [ -9.191113124095873, 38.71229347931942 ], [ -9.190893630771907, 38.712252507002752 ], [ -9.190680320395526, 38.712194875311056 ], [ -9.190475247392373, 38.71212113930607 ], [ -9.190280386836035, 38.712032009152161 ], [ -9.190097615422848, 38.711928343275183 ], [ -9.189928693395101, 38.71181114009341 ], [ -9.189775247586882, 38.711681528399851 ], [ -9.189638755755908, 38.711540756489015 ], [ -9.189520532352262, 38.71139018013271 ], [ -9.189421715861105, 38.711231249520893 ], [ -9.18934325784115, 38.711065495293305 ], [ -9.189285913764412, 38.710894513796624 ], [ -9.189250235745268, 38.710719951709116 ], [ -9.189236567228701, 38.710543490180996 ], [ -9.189245039688636, 38.710366828643139 ], [ -9.189275571367984, 38.710191668440302 ], [ -9.189327868072258, 38.710019696446288 ], [ -9.189401426008887, 38.709852568819038 ], [ -9.189495536644646, 38.709691895051918 ], [ -9.189609293534229, 38.709539222474824 ], [ -9.189682604658294, 38.709459875333721 ], [ -9.189670379034636, 38.709400059355389 ], [ -9.189656709812201, 38.709223597848151 ], [ -9.18966518115618, 38.709046936257351 ], [ -9.189695711320239, 38.708871775928223 ], [ -9.189748006124493, 38.708699803735804 ], [ -9.189821561794679, 38.70853267583994 ], [ -9.189915184647127, 38.708372830091122 ], [ -9.189888240924008, 38.708360505084514 ], [ -9.18970547953497, 38.708256838390241 ], [ -9.189536566913795, 38.70813963443824 ], [ -9.189396760078486, 38.708021535912032 ], [ -9.189356003341233, 38.708017174502878 ], [ -9.189136524078592, 38.707976198658812 ], [ -9.188923227827955, 38.707918563520153 ], [ -9.188718168878886, 38.707844824181841 ], [ -9.188523322169596, 38.707755690840301 ], [ -9.188400311424395, 38.707685913419944 ], [ -9.188324481564281, 38.707695427670792 ], [ -9.188099273174014, 38.70770613506938 ], [ -9.187873809798523, 38.707699494195118 ], [ -9.187650262936014, 38.70767556900573 ], [ -9.187430785622688, 38.707634589928539 ], [ -9.187217491691756, 38.70757695164086 ], [ -9.187012435410436, 38.707503209267948 ], [ -9.186817591691232, 38.70741407303548 ], [ -9.186634837068295, 38.707310401427875 ], [ -9.186465931622182, 38.707193192918574 ], [ -9.186397551241251, 38.707135425593378 ], [ -9.186393426806706, 38.707138423045379 ], [ -9.186213763231097, 38.707245359932593 ], [ -9.186021587223248, 38.707337983108715 ], [ -9.185818749614016, 38.707415400504615 ], [ -9.185607203938572, 38.707476866497402 ], [ -9.185388987619008, 38.707521789093128 ], [ -9.185166202338188, 38.707549735629641 ], [ -9.184940993793983, 38.707560436944661 ], [ -9.184715531029132, 38.707553789968799 ], [ -9.184491985535956, 38.707529858718488 ], [ -9.184272510337459, 38.707488873679495 ], [ -9.184059219246478, 38.707431229586518 ], [ -9.183854166502869, 38.707357481620754 ], [ -9.183659326985047, 38.707268340061731 ], [ -9.183476577186685, 38.707164663445184 ], [ -9.183307677141856, 38.707047450292798 ], [ -9.183154253472892, 38.706917829493584 ], [ -9.18301778372426, 38.706777049429746 ], [ -9.182899582133347, 38.706626465951601 ], [ -9.182800786975221, 38.706467529317649 ], [ -9.182725950014875, 38.706309378874586 ], [ -9.182592365582261, 38.706427559445551 ], [ -9.182426939305001, 38.706547774595577 ], [ -9.182247271138925, 38.706654705459989 ], [ -9.182055091427575, 38.706747322174799 ], [ -9.181852251037498, 38.706824732733118 ], [ -9.181640703530656, 38.706886191577887 ], [ -9.181437430993824, 38.706928030771977 ], [ -9.181413780518294, 38.70693942835161 ], [ -9.181210938873026, 38.707016837812027 ], [ -9.181192550434924, 38.707022179917402 ], [ -9.181182700124399, 38.70705456015591 ], [ -9.181192333330943, 38.707179114671455 ], [ -9.181183841233629, 38.707355775993442 ], [ -9.181153290806369, 38.707530934426885 ], [ -9.181100976108782, 38.707702903085604 ], [ -9.181027400813317, 38.707870025790996 ], [ -9.180933273360248, 38.708030693022984 ], [ -9.180870002983855, 38.708115591248657 ], [ -9.18088029899679, 38.708120302090272 ], [ -9.181063047602297, 38.708223982767038 ], [ -9.181231946868037, 38.708341199151626 ], [ -9.181385370224312, 38.708470822448461 ], [ -9.181521840110989, 38.708611604377381 ], [ -9.181640042207563, 38.708762189192804 ], [ -9.18173883809235, 38.708921126737906 ], [ -9.181817276208848, 38.709086886408308 ], [ -9.181874601033496, 38.7092578718906 ], [ -9.181910260356462, 38.709432436534073 ], [ -9.181923910605127, 38.709608899207645 ], [ -9.181915420158777, 38.709785560489188 ], [ -9.181884870622396, 38.709960719031507 ], [ -9.181832556047, 38.7101326879474 ], [ -9.181758980103847, 38.710299811055769 ], [ -9.181664851239425, 38.710460478832665 ], [ -9.18155107585774, 38.710613143913243 ], [ -9.181418749595307, 38.710756335995526 ], [ -9.181269146772753, 38.710888676002305 ], [ -9.181103708124473, 38.711008889364649 ], [ -9.181098832349171, 38.711011790964029 ], [ -9.180944007529529, 38.711124291367618 ], [ -9.180764325800935, 38.711231220061933 ], [ -9.180572132000483, 38.711323834465944 ], [ -9.180369277130429, 38.711401242595024 ], [ -9.180157714892218, 38.711462698915504 ], [ -9.1799394828675, 38.711507611526613 ], [ -9.179716682890431, 38.711535547862368 ], [ -9.179491460800461, 38.711546238858737 ], [ -9.179265985770813, 38.711539581545715 ], [ -9.179042429411961, 38.711515640039345 ], [ -9.178822944851568, 38.711474644924131 ], [ -9.178609645992648, 38.711416991031882 ], [ -9.178404587149867, 38.711343233638154 ], [ -9.17820974326038, 38.71125408311331 ], [ -9.178026990859944, 38.711150398079447 ], [ -9.177858090007669, 38.711033177139306 ], [ -9.177704667333634, 38.71090354925694 ], [ -9.177568200372683, 38.710762762882759 ], [ -9.177450003335323, 38.710612173927863 ], [ -9.17735121445272, 38.710453232703493 ], [ -9.177272785017646, 38.710287469951574 ], [ -9.1772672009762, 38.71027081105742 ], [ -9.177206674283251, 38.710336301775577 ], [ -9.177057064429007, 38.710468636497822 ], [ -9.176891619542065, 38.710588843992944 ], [ -9.176711932956499, 38.710695766534023 ], [ -9.17663174606381, 38.710734403533436 ], [ -9.176650559959105, 38.710758373868153 ], [ -9.176749347738843, 38.7109173156922 ], [ -9.176756921750203, 38.710933323739575 ], [ -9.176922084779724, 38.711027032458119 ], [ -9.177090984119225, 38.711144254772229 ], [ -9.177244406227578, 38.711273883462994 ], [ -9.177380873556638, 38.711414670198302 ], [ -9.177499071810502, 38.711565259186301 ], [ -9.177597862604463, 38.71172420022998 ], [ -9.177676294431004, 38.711889962691238 ], [ -9.17773361182711, 38.712060950229798 ], [ -9.177769262654458, 38.712235516175156 ], [ -9.177782903422214, 38.712411979383646 ], [ -9.177774402600948, 38.712588640428002 ], [ -9.177743841895532, 38.712763797963284 ], [ -9.177691515464543, 38.712935765111972 ], [ -9.177617927093392, 38.713102885709986 ], [ -9.177614127599183, 38.713109370032591 ], [ -9.177593655894983, 38.713226700647432 ], [ -9.177541328790252, 38.713398667725201 ], [ -9.177467739617017, 38.713565788227136 ], [ -9.177373596949176, 38.713726452654335 ], [ -9.17725980732367, 38.713879113674253 ], [ -9.177130058504856, 38.714019496602809 ], [ -9.177260474981942, 38.714129682806323 ], [ -9.177396947900295, 38.714270469378832 ], [ -9.177515151027595, 38.714421058211933 ], [ -9.177613945932185, 38.714579999110093 ], [ -9.177692381066951, 38.714745761436632 ], [ -9.177749700936999, 38.71491674885258 ], [ -9.177785353380161, 38.715091314688593 ], [ -9.177788630300123, 38.715133704186066 ], [ -9.177804367796419, 38.715153753095016 ], [ -9.177903164381741, 38.715312693706103 ], [ -9.177981601019589, 38.715478455797594 ], [ -9.178038922200587, 38.715649443032802 ], [ -9.178074575749941, 38.715824008744129 ], [ -9.178088218150576, 38.716000471790203 ], [ -9.178079717857306, 38.716177132745287 ], [ -9.178049156569893, 38.71635229026532 ], [ -9.177996828452482, 38.716524257472919 ], [ -9.177923237306707, 38.716691378203421 ], [ -9.177829091725446, 38.716852042955765 ], [ -9.177715298273677, 38.717004704394213 ], [ -9.177582952761938, 38.717147892251845 ], [ -9.177433329696241, 38.717280227492118 ], [ -9.177267870005949, 38.717400435591991 ], [ -9.177088167167705, 38.717507358818679 ], [ -9.176895951859018, 38.717599967381716 ], [ -9.176877318543536, 38.717607076431882 ], [ -9.176943043424695, 38.717674875986269 ], [ -9.177061251380517, 38.717825465126907 ], [ -9.177160050147288, 38.717984406266041 ], [ -9.177238488140679, 38.718150168764652 ], [ -9.177295809838244, 38.718321156282123 ], [ -9.17733146306019, 38.718495722148148 ], [ -9.177345104292572, 38.718672185219837 ], [ -9.177336602001432, 38.718848846071232 ], [ -9.177306037905756, 38.719024003359252 ], [ -9.177253706196712, 38.719195970208744 ], [ -9.177180110710507, 38.719363090458508 ], [ -9.177085960081802, 38.719523754612091 ], [ -9.177050271288365, 38.719571630945111 ], [ -9.177032057369384, 38.719676008351911 ], [ -9.17697972456078, 38.719847975075631 ], [ -9.176906127798139, 38.72001509515276 ], [ -9.176811975728407, 38.720175759088484 ], [ -9.176698174979045, 38.720328419554939 ], [ -9.176565821430856, 38.720471606294559 ], [ -9.17641618966725, 38.720603940281563 ], [ -9.176250720701361, 38.720724147004965 ], [ -9.176071008099163, 38.720831068745241 ], [ -9.175878782632212, 38.720923675726212 ], [ -9.175675895607792, 38.721001076034703 ], [ -9.175464301037083, 38.7210625242124 ], [ -9.175246036813194, 38.721107428436923 ], [ -9.175023205080453, 38.721135356223044 ], [ -9.174797951984225, 38.721146038589133 ], [ -9.174572446996418, 38.721139372648253 ], [ -9.174348862016091, 38.721115422599581 ], [ -9.174295897337863, 38.721105529146698 ], [ -9.174191365177551, 38.72119797180531 ], [ -9.174119460073795, 38.721250205157219 ], [ -9.174307261177415, 38.721211570246467 ], [ -9.174530093455846, 38.721183643818264 ], [ -9.174755346721607, 38.721172961966218 ], [ -9.174980851824062, 38.721179627552516 ], [ -9.175204437188546, 38.721203576386422 ], [ -9.175423949723555, 38.721244577842327 ], [ -9.175637275550148, 38.721302237080195 ], [ -9.175842360354098, 38.721375998847186 ], [ -9.176037229165072, 38.721465152823498 ], [ -9.17622000537251, 38.721568840461408 ], [ -9.176388928795227, 38.721686063251511 ], [ -9.176542372630868, 38.721815692336584 ], [ -9.176678859122035, 38.721956479380736 ], [ -9.176797073788251, 38.722107068589153 ], [ -9.176895878086711, 38.722266009762713 ], [ -9.176974320379786, 38.722431772262141 ], [ -9.177031645103597, 38.722602759746749 ], [ -9.177067300049174, 38.722777325546559 ], [ -9.17708094168594, 38.722953788519355 ], [ -9.177075103128061, 38.723075089118126 ], [ -9.177104562200055, 38.723162958138936 ], [ -9.177140217631973, 38.723337523893662 ], [ -9.177153859585756, 38.723513986837297 ], [ -9.177145356520459, 38.72369064754507 ], [ -9.177114790162483, 38.723865804675327 ], [ -9.17706245472475, 38.724037771354425 ], [ -9.176988854079335, 38.724204891422772 ], [ -9.176894696910564, 38.724365555385667 ], [ -9.176780889894967, 38.724518215914991 ], [ -9.176648528973688, 38.72466140275251 ], [ -9.176498888801127, 38.724793736871518 ], [ -9.176333410471395, 38.724913943759745 ], [ -9.176153687640648, 38.725020865696081 ], [ -9.17596145117896, 38.725113472902457 ], [ -9.175758552499511, 38.725190873463525 ], [ -9.175546945725745, 38.725252321918475 ], [ -9.175328668868321, 38.725297226442301 ], [ -9.175105824193265, 38.725325154546887 ], [ -9.17488055797061, 38.725335837247492 ], [ -9.174655039798715, 38.72532917165401 ], [ -9.174431441703646, 38.72530522196223 ], [ -9.174211917215112, 38.725264218835541 ], [ -9.17399858062074, 38.725206557182908 ], [ -9.173793486598679, 38.725132792354678 ], [ -9.173598610424937, 38.72504363479284 ], [ -9.173415828946212, 38.724939943187294 ], [ -9.173246902501662, 38.724822716204109 ], [ -9.17309345796782, 38.724693082865556 ], [ -9.17295697309002, 38.724552291674627 ], [ -9.17287827399816, 38.724452034125399 ], [ -9.17286183641299, 38.724474081272966 ], [ -9.172729467647766, 38.724617263781489 ], [ -9.172579820221836, 38.72474959298367 ], [ -9.172414335299187, 38.724869794414623 ], [ -9.172234606599497, 38.724976710405763 ], [ -9.172156289634232, 38.725014434970696 ], [ -9.172202122501478, 38.725053156275855 ], [ -9.172338606892872, 38.725193948343581 ], [ -9.172456818036279, 38.725344541911504 ], [ -9.172555617422779, 38.725503486738511 ], [ -9.172634053462016, 38.725669252150105 ], [ -9.172691370650297, 38.725840241777604 ], [ -9.172727016851187, 38.726014808930351 ], [ -9.172740648618293, 38.7261912724531 ], [ -9.172732134508751, 38.72636793291548 ], [ -9.1727015563553, 38.726543088978204 ], [ -9.172649208484444, 38.726715053777852 ], [ -9.172575594887995, 38.72688217117296 ], [ -9.172481424374997, 38.727042831694519 ], [ -9.1723726672525, 38.727188696888796 ], [ -9.172446571327583, 38.727307588174881 ], [ -9.172525009183625, 38.727473353585317 ], [ -9.172582327652119, 38.727644343197831 ], [ -9.172617974584293, 38.727818910321943 ], [ -9.172631606526695, 38.727995373802656 ], [ -9.172623092034758, 38.72817203421004 ], [ -9.17259251294489, 38.728347190205298 ], [ -9.172540163592597, 38.728519154925671 ], [ -9.17246654798395, 38.728686272230476 ], [ -9.172372374947356, 38.728846932651543 ], [ -9.172258551312165, 38.728999588894872 ], [ -9.172126173179583, 38.729142770743501 ], [ -9.171976515369778, 38.729275099218739 ], [ -9.171811019146739, 38.729395299862674 ], [ -9.171631278338984, 38.7295022150143 ], [ -9.171439023989741, 38.729594814960876 ], [ -9.171236107684507, 38.729672207856979 ], [ -9.171024483716511, 38.729733648315651 ], [ -9.170806190262054, 38.729778544588868 ], [ -9.170583329747043, 38.729806464267966 ], [ -9.170524759864186, 38.729809239444741 ], [ -9.170530828280695, 38.729887821273813 ], [ -9.170613370417659, 38.729992972265165 ], [ -9.170712172390182, 38.730151918493547 ], [ -9.170790609523118, 38.730317685000735 ], [ -9.17084792630221, 38.730488675407486 ], [ -9.17087130718318, 38.730603183168327 ], [ -9.170876503896045, 38.730573421621443 ], [ -9.170928858642363, 38.730401457629668 ], [ -9.171002479526171, 38.730234341267597 ], [ -9.171096657407974, 38.730073681920004 ], [ -9.171210485194829, 38.729921026777873 ], [ -9.1713428665803, 38.729777845939807 ], [ -9.171492526605686, 38.729645518256319 ], [ -9.171658023940608, 38.729525318053 ], [ -9.171837764764687, 38.729418402860418 ], [ -9.171884780548243, 38.729395757327744 ], [ -9.172023562915847, 38.729313204926363 ], [ -9.172215815741971, 38.7292206040349 ], [ -9.172418729684866, 38.729143209464553 ], [ -9.172630350670618, 38.729081766516252 ], [ -9.172848640795232, 38.729036866876399 ], [ -9.173071497946077, 38.729008942920053 ], [ -9.17329677604098, 38.728998263548384 ], [ -9.173522305690252, 38.729004931599697 ], [ -9.17374591508289, 38.729028882859552 ], [ -9.173965450896048, 38.729069886678921 ], [ -9.174178799026652, 38.729127548195081 ], [ -9.174383904945724, 38.729201312133227 ], [ -9.174578793479613, 38.729290468152712 ], [ -9.17476158782784, 38.729394157686102 ], [ -9.17493052763453, 38.729511382205793 ], [ -9.175083985939533, 38.729641012837895 ], [ -9.175220484846097, 38.729781801231653 ], [ -9.175338709754147, 38.729932391579254 ], [ -9.175437522022213, 38.730091333670664 ], [ -9.175515969935864, 38.73025709685772 ], [ -9.175573297877039, 38.730428084793154 ], [ -9.175608953605723, 38.730602650802631 ], [ -9.175622593583737, 38.730779113741946 ], [ -9.175614086289105, 38.730955774186349 ], [ -9.175583513488895, 38.731130930796716 ], [ -9.175531169458022, 38.731302896704392 ], [ -9.175457558151271, 38.731470015757218 ], [ -9.175363388355592, 38.73163067847026 ], [ -9.1752495668691, 38.731783337527382 ], [ -9.175117189772273, 38.73192652268456 ], [ -9.174969155051507, 38.732057419671094 ], [ -9.174986504576925, 38.732142362322328 ], [ -9.175000143403711, 38.732318825305676 ], [ -9.17499163447804, 38.732495485682762 ], [ -9.17496105958268, 38.73267064211511 ], [ -9.174908713012702, 38.732842607735748 ], [ -9.174835098747341, 38.733009726395323 ], [ -9.174740925602034, 38.733170388612649 ], [ -9.174627100407143, 38.733323047076389 ], [ -9.174494719278863, 38.733466231548206 ], [ -9.174345057066187, 38.733598563024145 ], [ -9.174179555075492, 38.733718767017379 ], [ -9.173999807190816, 38.733825685834631 ], [ -9.173807544523552, 38.733918289727875 ], [ -9.173604618739294, 38.733995686813635 ], [ -9.173589480071866, 38.734000082110747 ], [ -9.173723320523521, 38.734138124391308 ], [ -9.173841549711112, 38.734288716086439 ], [ -9.17394036491098, 38.734447659289394 ], [ -9.174018814380437, 38.734613423341301 ], [ -9.174076142486401, 38.734784411886586 ], [ -9.174111796987239, 38.734958978245047 ], [ -9.174125434356556, 38.73513544126908 ], [ -9.174116923097467, 38.735312101533133 ], [ -9.174086345015185, 38.735487257699816 ], [ -9.174033994435458, 38.735659222904737 ], [ -9.173960375376117, 38.735826341002507 ], [ -9.173866196698752, 38.735987002517341 ], [ -9.173752365286992, 38.736139660144687 ], [ -9.173686858984064, 38.736210508229803 ], [ -9.17361806792783, 38.736302762296205 ], [ -9.173485679392339, 38.736445945657614 ], [ -9.173336009193399, 38.73657827588724 ], [ -9.173170498714299, 38.736698478510242 ], [ -9.172990741920843, 38.736805395846559 ], [ -9.172798470010221, 38.736897998162398 ], [ -9.172595534737068, 38.736975393589489 ], [ -9.172383890577322, 38.737036836716456 ], [ -9.17216557590177, 38.7370817357696 ], [ -9.171942693340746, 38.737109658313493 ], [ -9.171717389529237, 38.737120335416925 ], [ -9.171491834427703, 38.737113664243715 ], [ -9.171268200417954, 38.73708970904341 ], [ -9.171048641375668, 38.737048700532462 ], [ -9.170835271921314, 38.736991033671707 ], [ -9.170630147049573, 38.736917263861663 ], [ -9.170435242333593, 38.736828101592359 ], [ -9.17025243489498, 38.736724405599013 ], [ -9.17014918642715, 38.736652763456739 ], [ -9.170138631511168, 38.736652451142163 ], [ -9.170139486263793, 38.736663519009873 ], [ -9.170130965081267, 38.736840179076637 ], [ -9.170100376671087, 38.737015334299251 ], [ -9.170048015458454, 38.737187297822381 ], [ -9.1699743855636, 38.737354413516833 ], [ -9.169920971864817, 38.73744552090163 ], [ -9.169930290896174, 38.737491158843596 ], [ -9.169943918607862, 38.73766762241592 ], [ -9.169935396879623, 38.737844282446822 ], [ -9.169908291605593, 38.737999488207826 ], [ -9.169984173868958, 38.738063587321456 ], [ -9.169997265965341, 38.738077090767476 ], [ -9.170084539564682, 38.738117015241542 ], [ -9.170267350362517, 38.738220711427331 ], [ -9.170436304090849, 38.738337942081856 ], [ -9.170589773655442, 38.738467578272235 ], [ -9.170726281051063, 38.738608371594154 ], [ -9.170835867634334, 38.738747956086357 ], [ -9.170999636905801, 38.738685502367382 ], [ -9.171211287143201, 38.738624061680184 ], [ -9.171429607131072, 38.738579164347819 ], [ -9.171652494469257, 38.73855124272319 ], [ -9.171877802784941, 38.738540565684971 ], [ -9.172103362397467, 38.738547236049023 ], [ -9.172327001207346, 38.738571189578593 ], [ -9.172373209690495, 38.738579819550438 ], [ -9.172470505055987, 38.738542714153525 ], [ -9.172682153553964, 38.738481270824686 ], [ -9.172900472125862, 38.738436370762649 ], [ -9.173012974081047, 38.738422275954825 ], [ -9.173220341947028, 38.738362074142543 ], [ -9.173438659797876, 38.738317173084056 ], [ -9.173661545454827, 38.738289247649178 ], [ -9.173886852561253, 38.738278566753287 ], [ -9.174112411448135, 38.738285233249378 ], [ -9.174336050022978, 38.738309182937954 ], [ -9.174555614681966, 38.738350185185176 ], [ -9.174768991044294, 38.738407845143456 ], [ -9.174974124309154, 38.738481607552977 ], [ -9.1751690390396, 38.738570762087811 ], [ -9.175351858182902, 38.738674450194907 ], [ -9.175364830471542, 38.738683450135113 ], [ -9.175399289255237, 38.73860522655368 ], [ -9.175493467775476, 38.738444563874438 ], [ -9.175607298989885, 38.738291904611465 ], [ -9.175739686558966, 38.738148718903084 ], [ -9.175889355464417, 38.738016385646667 ], [ -9.1760548642903, 38.737896179221451 ], [ -9.176234619105552, 38.737789257217919 ], [ -9.176426888814026, 38.737696649292019 ], [ -9.176629821824344, 38.737619247251345 ], [ -9.176841463878979, 38.737557796468806 ], [ -9.177059776871069, 38.737512888706156 ], [ -9.177282658467798, 38.737484956416701 ], [ -9.177507962351626, 38.737474268581842 ], [ -9.177733518884567, 38.737480928121336 ], [ -9.177957155996783, 38.737504870902725 ], [ -9.178176720098547, 38.737545866358651 ], [ -9.178390096814422, 38.737603519706909 ], [ -9.178595231340207, 38.737677275751366 ], [ -9.178790148226824, 38.737766424227345 ], [ -9.178972970400794, 38.737870106640152 ], [ -9.179141937238315, 38.737987324530692 ], [ -9.179295421518953, 38.738116949089004 ], [ -9.179431945095811, 38.738257732022817 ], [ -9.179550193131243, 38.738408317576926 ], [ -9.179649026761034, 38.738567255587469 ], [ -9.179676998469436, 38.738626345090793 ], [ -9.179702004198123, 38.738621200770034 ], [ -9.179924888086347, 38.738593263413613 ], [ -9.180150194939388, 38.73858257044435 ], [ -9.180375755090671, 38.738589224831557 ], [ -9.18059939643552, 38.738613162492271 ], [ -9.180818965343462, 38.738654152908495 ], [ -9.18103234739279, 38.738711801346554 ], [ -9.181237487727953, 38.738785552657561 ], [ -9.181432410843945, 38.738874696622467 ], [ -9.181615239607316, 38.738978374789994 ], [ -9.181784213330818, 38.739095588741947 ], [ -9.181937704727723, 38.739225209706255 ], [ -9.182074235582617, 38.739365989425316 ], [ -9.182192490987774, 38.739516572174857 ], [ -9.182291332008017, 38.739675507818042 ], [ -9.182358357480135, 38.739817082325118 ], [ -9.182486505450765, 38.739875685615736 ], [ -9.18266933828655, 38.73997936205982 ], [ -9.18283831609522, 38.740096574410899 ], [ -9.182991811550709, 38.740226193912349 ], [ -9.183128346398524, 38.740366972320608 ], [ -9.183246605692489, 38.740517553924072 ], [ -9.183345450459981, 38.740676488596918 ], [ -9.183423928673573, 38.740842245762501 ], [ -9.183481284423365, 38.741013229131553 ], [ -9.183516965201484, 38.741187792073802 ], [ -9.183530627228441, 38.741364253474558 ], [ -9.183522138769842, 38.741540913923949 ], [ -9.183491581411266, 38.741716072082831 ], [ -9.183439249278816, 38.741888041067604 ], [ -9.183365646212591, 38.742055164696588 ], [ -9.183271480920087, 38.742215833440696 ], [ -9.183157660155953, 38.742368499925753 ], [ -9.183025279993622, 38.7425116938362 ], [ -9.182875615272716, 38.742644036077131 ], [ -9.182710107323697, 38.742764252058059 ], [ -9.182633866060232, 38.74280960565418 ], [ -9.182656996147916, 38.742858459395912 ], [ -9.182714351800014, 38.743029443086201 ], [ -9.182740685122001, 38.743158277900562 ], [ -9.182742063989735, 38.743157613704696 ], [ -9.182945005255874, 38.743080200649658 ], [ -9.183156657651701, 38.743018738338534 ], [ -9.183374982970763, 38.742973818644039 ], [ -9.183597878761555, 38.742945874134421 ], [ -9.183823198569865, 38.742935173908677 ], [ -9.184048772604381, 38.742941821005942 ], [ -9.184272428626766, 38.7429657514135 ], [ -9.184492012865229, 38.743006734683178 ], [ -9.184705410750469, 38.743064376150095 ], [ -9.184910567274464, 38.743138120732553 ], [ -9.185105506776344, 38.743227258276228 ], [ -9.185288351964889, 38.743330930391743 ], [ -9.185457341994704, 38.74344813871916 ], [ -9.18561084942205, 38.743577754540603 ], [ -9.185747395877149, 38.743718529648 ], [ -9.185865666302053, 38.743869108361508 ], [ -9.185964521616942, 38.74402804058316 ], [ -9.186043009692808, 38.744193795759912 ], [ -9.186100374524766, 38.744364777621698 ], [ -9.186136063517459, 38.744539339552738 ], [ -9.186149732812268, 38.744715800448112 ], [ -9.186141250604781, 38.744892460902818 ], [ -9.186110698420343, 38.745067619577661 ], [ -9.186058370335203, 38.745239589584124 ], [ -9.186017842131523, 38.745331617740767 ], [ -9.186115472921434, 38.74539932964192 ], [ -9.186268985778437, 38.745528944480917 ], [ -9.186368099528394, 38.745631123273085 ], [ -9.186393586714983, 38.745652642612988 ], [ -9.186530138732286, 38.745793416679504 ], [ -9.186648414306765, 38.745943994477024 ], [ -9.186747274309003, 38.746102925916418 ], [ -9.186786916886884, 38.746186640485604 ], [ -9.186835036212248, 38.746122096138926 ], [ -9.186967415167853, 38.745978898013767 ], [ -9.187117079036296, 38.74584655061583 ], [ -9.187282586450072, 38.745726328460535 ], [ -9.18746234349164, 38.745619389289821 ], [ -9.187547117305245, 38.745578550623485 ], [ -9.187607930175613, 38.745474781171772 ], [ -9.187721746143241, 38.745322110496645 ], [ -9.18785412186355, 38.745178911393523 ], [ -9.188003782432249, 38.745046562888781 ], [ -9.188169286513608, 38.744926339508496 ], [ -9.188349040222178, 38.744819399006424 ], [ -9.18854131247242, 38.744726771216627 ], [ -9.188744251648421, 38.74464934813799 ], [ -9.188955903433261, 38.74458787534595 ], [ -9.189174229626353, 38.744542944814199 ], [ -9.189397127767768, 38.744514989215297 ], [ -9.189622451380654, 38.744504277755041 ], [ -9.189848030637073, 38.744510913580733 ], [ -9.189975211499069, 38.744524514770553 ], [ -9.189971080236903, 38.744471219880026 ], [ -9.189979552973218, 38.744294559268489 ], [ -9.190010095394408, 38.744119399697254 ], [ -9.190062413202266, 38.743947428034097 ], [ -9.190136002400733, 38.743780300433691 ], [ -9.190230154155298, 38.743619626389091 ], [ -9.190343961624469, 38.743466953232847 ], [ -9.190476328697333, 38.743323751237071 ], [ -9.190625980552866, 38.743191399456009 ], [ -9.190791475939239, 38.743071172447294 ], [ -9.190971221054721, 38.742964227999629 ], [ -9.191163484896508, 38.742871595985086 ], [ -9.19136641592965, 38.742794168443211 ], [ -9.191578059915617, 38.742732690992462 ], [ -9.191796378728913, 38.74268775565136 ], [ -9.192019269980653, 38.742659795138792 ], [ -9.192244587260324, 38.742649078707856 ], [ -9.192470160800957, 38.742655709553716 ], [ -9.192693818368967, 38.742679623820152 ], [ -9.192856921996739, 38.742710053288626 ], [ -9.193035067350396, 38.742701579184853 ], [ -9.193152234031126, 38.742705022614615 ], [ -9.193223643179744, 38.742670616055129 ], [ -9.193426571341314, 38.742593184973117 ], [ -9.193638212885078, 38.742531703823047 ], [ -9.193856529709052, 38.742486764659105 ], [ -9.194079419443502, 38.742458800236953 ], [ -9.194304735692517, 38.742448079847357 ], [ -9.194530308699056, 38.742454706723585 ], [ -9.194753966234677, 38.742478617047631 ], [ -9.194973554513032, 38.742519580564696 ], [ -9.195186958925934, 38.742577202800099 ], [ -9.195392124402542, 38.742650928857316 ], [ -9.195587075195808, 38.742740048760425 ], [ -9.195769933905829, 38.742843704289882 ], [ -9.195938939557051, 38.742960897245503 ], [ -9.195983953216883, 38.742998896677406 ], [ -9.195987286352215, 38.742929276595618 ], [ -9.196017813552483, 38.742754115630255 ], [ -9.19607011596475, 38.742582141456467 ], [ -9.196143689741218, 38.742415010253175 ], [ -9.196237826195881, 38.742254331548153 ], [ -9.196351618634576, 38.742101652718809 ], [ -9.196483971091109, 38.741958444091928 ], [ -9.196633608885188, 38.741826084785636 ], [ -9.196799090900372, 38.741705849430041 ], [ -9.19697882346366, 38.741598895894221 ], [ -9.197171075693094, 38.741506254137768 ], [ -9.197373996165513, 38.741428816294054 ], [ -9.197585630744063, 38.741367328080713 ], [ -9.197803941393806, 38.741322381619938 ], [ -9.198026825804456, 38.741294409737662 ], [ -9.198167667049523, 38.741287703808929 ], [ -9.198244518339587, 38.741184583799054 ], [ -9.198376865314433, 38.741041373084272 ], [ -9.19852649768251, 38.740909011410899 ], [ -9.198691974379617, 38.740788773431838 ], [ -9.198871701783961, 38.740681817041455 ], [ -9.199063949063252, 38.740589172226805 ], [ -9.199266864841988, 38.740511731150733 ], [ -9.199478495028501, 38.740450239562009 ], [ -9.199696801630143, 38.740405289615282 ], [ -9.199919682375596, 38.74037731417009 ], [ -9.200144990955488, 38.740366582623338 ], [ -9.200370557686613, 38.740373198315702 ], [ -9.200594210400956, 38.740397097536871 ], [ -9.200813795358586, 38.74043805013897 ], [ -9.201027197983302, 38.740495661752355 ], [ -9.201032891942313, 38.740497707597719 ], [ -9.201146564486441, 38.740397148673878 ], [ -9.201312035541548, 38.740276907054351 ], [ -9.20149175767793, 38.740169946699751 ], [ -9.201684000114014, 38.74007729763531 ], [ -9.201886911520925, 38.739999852064798 ], [ -9.202098537849082, 38.739938355780247 ], [ -9.202106170151293, 38.739936784081983 ], [ -9.202210535507421, 38.739906456469321 ], [ -9.202428838629558, 38.739861501463587 ], [ -9.202651716502164, 38.739833520845309 ], [ -9.202877022843525, 38.739822784061175 ], [ -9.203102587991989, 38.739829394502351 ], [ -9.203326239794775, 38.739853288509053 ], [ -9.203545824520734, 38.739894235983606 ], [ -9.203759227595903, 38.739951842605777 ], [ -9.203964393962332, 38.740025553629387 ], [ -9.204159347864437, 38.740114659223295 ], [ -9.204342211872408, 38.740218301305696 ], [ -9.204511224959713, 38.74033548180595 ], [ -9.204664759460677, 38.740465072274112 ], [ -9.204801336744907, 38.740605824746247 ], [ -9.204919641457678, 38.740756383760548 ], [ -9.20501853418908, 38.740915299408776 ], [ -9.205097062449875, 38.741081041297548 ], [ -9.205154469848269, 38.741252013284814 ], [ -9.205190203379054, 38.741426568849917 ], [ -9.205203918754748, 38.741603026949328 ], [ -9.205195483727191, 38.741779688205028 ], [ -9.205164979367385, 38.741954851270194 ], [ -9.205126451864892, 38.742081589509183 ], [ -9.205237642880936, 38.742067628135047 ], [ -9.205243052350939, 38.742067370242019 ], [ -9.205319552058448, 38.742051615087895 ], [ -9.205542435463379, 38.742023628886329 ], [ -9.205767748117406, 38.742012886441444 ], [ -9.205993320298088, 38.742019491198903 ], [ -9.206216979784944, 38.742043379553664 ], [ -9.20643657277285, 38.742084321462471 ], [ -9.206649984608287, 38.742141922658689 ], [ -9.206855160148978, 38.742215628448392 ], [ -9.207050123550999, 38.742304729050808 ], [ -9.207232997293087, 38.742408366432265 ], [ -9.207402020254982, 38.742525542567343 ], [ -9.207555564675928, 38.742655129048146 ], [ -9.207692151830024, 38.742795877949156 ], [ -9.207810466267498, 38.742946433842974 ], [ -9.207909368484795, 38.743105346851429 ], [ -9.207987905901332, 38.743271086606526 ], [ -9.208045322037135, 38.743442056986801 ], [ -9.208081063802844, 38.74361661148712 ], [ -9.208094786831657, 38.743793069074151 ], [ -9.208086358801701, 38.743969730374886 ], [ -9.208055860716565, 38.744144894042023 ], [ -9.208003586131454, 38.744316873139077 ], [ -9.207930038332172, 38.744484011386938 ], [ -9.20789975094633, 38.74453572398405 ], [ -9.2079709251118, 38.744576057449095 ], [ -9.20813995444917, 38.744693232383597 ], [ -9.208293504916373, 38.7448228177619 ], [ -9.208430097729279, 38.744963565669089 ], [ -9.208548417383623, 38.745114120687333 ], [ -9.2086473243256, 38.745273032946898 ], [ -9.208725865929122, 38.745438772087034 ], [ -9.208783285673881, 38.745609741992162 ], [ -9.208819030435748, 38.745784296161737 ], [ -9.208832755819053, 38.745960753565662 ], [ -9.208824329479228, 38.746137414832631 ], [ -9.208793832403567, 38.746312578615715 ], [ -9.208762858293232, 38.746414481775737 ], [ -9.208837444745322, 38.746456746933397 ], [ -9.209006479976923, 38.746573920493603 ], [ -9.209160036092587, 38.7467035046121 ], [ -9.209296634253789, 38.746844251386094 ], [ -9.209414958904761, 38.746994805408683 ], [ -9.209513870443578, 38.747153716819724 ], [ -9.20959241619987, 38.747319455266648 ], [ -9.209613184920794, 38.747381291037584 ], [ -9.20963928210465, 38.747373706293018 ], [ -9.209857602875902, 38.747328737208889 ], [ -9.210080500667711, 38.747300742167901 ], [ -9.210305829006577, 38.747289990755633 ], [ -9.210531418019047, 38.747296586504085 ], [ -9.210755095322584, 38.747320465894944 ], [ -9.210974706940529, 38.747361398971293 ], [ -9.211188138039999, 38.747418991551555 ], [ -9.211393333293239, 38.747492689024732 ], [ -9.211588316666541, 38.747581781690194 ], [ -9.211771210446344, 38.747685411590673 ], [ -9.21194025331946, 38.747802580772813 ], [ -9.212093817333415, 38.747932160895694 ], [ -9.212230423573633, 38.748072904095046 ], [ -9.212348756406559, 38.748223454998367 ], [ -9.212447676151481, 38.748382363775598 ], [ -9.212526230059011, 38.748548100099505 ], [ -9.212583661490351, 38.748719067881666 ], [ -9.212619417208808, 38.748893620642001 ], [ -9.212633152713181, 38.749070077363982 ], [ -9.212624735561407, 38.749246738682899 ], [ -9.212594246652269, 38.749421903251339 ], [ -9.212541979452556, 38.749593884124081 ], [ -9.212468437176893, 38.749761025005007 ], [ -9.212374327947167, 38.749921716199005 ], [ -9.212260557977929, 38.750074410115715 ], [ -9.212128222853243, 38.750217636175428 ], [ -9.211978596978794, 38.750350014973677 ], [ -9.211813121310747, 38.750470271567863 ], [ -9.211633389479413, 38.750577247758088 ], [ -9.211441132441379, 38.750669913243726 ], [ -9.211238201807882, 38.750747375548059 ], [ -9.211026552010045, 38.750808888615538 ], [ -9.210808221472876, 38.750853859998749 ], [ -9.210585312979438, 38.750881856565556 ], [ -9.210359973414493, 38.750892608671776 ], [ -9.210134373082902, 38.750886012758713 ], [ -9.209910684802189, 38.75086213235101 ], [ -9.209691062970867, 38.750821197444687 ], [ -9.209684172449014, 38.750819338098978 ], [ -9.209621447834031, 38.750961876760677 ], [ -9.209606113354788, 38.750988057813686 ], [ -9.20966001477065, 38.751002602618946 ], [ -9.209865218862236, 38.751076302605867 ], [ -9.210060210249956, 38.751165397654269 ], [ -9.210243111143072, 38.751269029783927 ], [ -9.210412160159896, 38.75138620102004 ], [ -9.210565729288772, 38.751515783001928 ], [ -9.210702339565861, 38.751656527847395 ], [ -9.210820675318709, 38.751807080168142 ], [ -9.210919596838465, 38.751965990120389 ], [ -9.210998151358623, 38.752131727365651 ], [ -9.211055582234453, 38.752302695806627 ], [ -9.211091336234587, 38.752477248956865 ], [ -9.211105068874335, 38.752653705796078 ], [ -9.211096647739202, 38.75283036695847 ], [ -9.211066153766295, 38.753005531098076 ], [ -9.211013880471148, 38.753177511273854 ], [ -9.21094033112707, 38.753344651196315 ], [ -9.210846213923995, 38.753505341179618 ], [ -9.210732435153258, 38.75365803364506 ], [ -9.210697930789188, 38.75369537459234 ], [ -9.210692575031203, 38.753726137985581 ], [ -9.210640300350374, 38.753898117993792 ], [ -9.210566749429136, 38.754065257683997 ], [ -9.210472630472616, 38.754225947372554 ], [ -9.210358849789028, 38.754378639483583 ], [ -9.210226503065615, 38.754521863454777 ], [ -9.210076864819763, 38.754654239901726 ], [ -9.209911376126787, 38.754774493904499 ], [ -9.20973163074245, 38.754881467288158 ], [ -9.209539359753883, 38.754974129779058 ], [ -9.209336414906698, 38.755051588929341 ], [ -9.209124750768936, 38.755113098713821 ], [ -9.208906405903743, 38.75515806671671 ], [ -9.208683483232202, 38.755186059838429 ], [ -9.208458129775655, 38.755196808467943 ], [ -9.208232515972782, 38.755190209080091 ], [ -9.208008814770883, 38.755166325232963 ], [ -9.207977744895317, 38.755160534050496 ], [ -9.20790524072132, 38.755224670721248 ], [ -9.207739747016804, 38.755344921708378 ], [ -9.20755999690126, 38.75545189180859 ], [ -9.207367721507399, 38.755544550779867 ], [ -9.207164772623271, 38.75562200620822 ], [ -9.206953104855808, 38.755683512104348 ], [ -9.206806873291363, 38.755713625334302 ], [ -9.206894352225852, 38.755854161218863 ], [ -9.206972901971669, 38.756019901133499 ], [ -9.207030326622659, 38.756190871533491 ], [ -9.207066073007361, 38.756365425913515 ], [ -9.207079796714396, 38.756541883241425 ], [ -9.207071365415247, 38.7567185441467 ], [ -9.207040860144891, 38.756893707285855 ], [ -9.206988574527632, 38.757065685727419 ], [ -9.206915011955431, 38.757232823198649 ], [ -9.206820880745605, 38.757393510037268 ], [ -9.206707087324384, 38.757546198694818 ], [ -9.206694423141986, 38.757559902004431 ], [ -9.206686684410899, 38.757573112305622 ], [ -9.206572890424313, 38.75772580083607 ], [ -9.206440530006383, 38.757869020635731 ], [ -9.206290877806399, 38.758001392360406 ], [ -9.206125375034079, 38.758121641135617 ], [ -9.205945615580806, 38.758228608836752 ], [ -9.20575333066923, 38.758321265244923 ], [ -9.205550372179085, 38.758398717970806 ], [ -9.205338694809836, 38.758460221051124 ], [ -9.205120337252092, 38.758505182134648 ], [ -9.204897402549205, 38.758533168188436 ], [ -9.204672037838424, 38.758543909669541 ], [ -9.204446413666838, 38.758537303121663 ], [ -9.204222703081633, 38.75851341217183 ], [ -9.204003060696165, 38.758472466917638 ], [ -9.203789601933799, 38.758414861710669 ], [ -9.203584382649561, 38.758341151357605 ], [ -9.203389379326117, 38.758252045775812 ], [ -9.203206470034983, 38.758148403154586 ], [ -9.203118313690744, 38.758087296672194 ], [ -9.203057325323201, 38.758141238632497 ], [ -9.202891816699585, 38.758261482907457 ], [ -9.202712051956821, 38.758368445706019 ], [ -9.202519762368521, 38.758461096856458 ], [ -9.202316799859473, 38.758538544020141 ], [ -9.202105119167868, 38.758600041287337 ], [ -9.20188675901632, 38.758644996362818 ], [ -9.201663822473179, 38.758672976271519 ], [ -9.201438456693417, 38.75868371152967 ], [ -9.201212832234429, 38.758677098740911 ], [ -9.20098912214616, 38.758653201592402 ], [ -9.200769481037185, 38.758612250241441 ], [ -9.200556024318564, 38.758554639098335 ], [ -9.200350807825624, 38.758480923026937 ], [ -9.20015580801414, 38.758391811999694 ], [ -9.19997290292179, 38.758288164258353 ], [ -9.199843326449564, 38.758198340714031 ], [ -9.19970660090404, 38.758120861046116 ], [ -9.199537552888438, 38.758003674434043 ], [ -9.199383989188799, 38.757874078016052 ], [ -9.199247388698234, 38.757733319939632 ], [ -9.199129066913244, 38.757582755843487 ], [ -9.199067514818324, 38.757483852996863 ], [ -9.198973378436744, 38.757473795266499 ], [ -9.198753742023392, 38.757432840051116 ], [ -9.198540290376149, 38.757375225141757 ], [ -9.19833507928149, 38.757301505438555 ], [ -9.198140085143178, 38.757212390948936 ], [ -9.197957185944242, 38.757108739947995 ], [ -9.197788143157782, 38.756991550710815 ], [ -9.197634584780955, 38.756861951896205 ], [ -9.197497989655604, 38.756721191674764 ], [ -9.197379673226548, 38.756570625705834 ], [ -9.197280774874713, 38.756411704079426 ], [ -9.197204600098811, 38.756250924093749 ], [ -9.197204061682468, 38.756250778754357 ], [ -9.197170910631751, 38.756266750313557 ], [ -9.196967948287005, 38.756344188210072 ], [ -9.196756269219611, 38.756405675784499 ], [ -9.196537912136552, 38.756450620834926 ], [ -9.196314980076629, 38.756478590482892 ], [ -9.19608962015163, 38.756489315343472 ], [ -9.195864002862553, 38.756482692120422 ], [ -9.195640301190274, 38.756458784601463 ], [ -9.195420669662289, 38.756417823043734 ], [ -9.195207223597357, 38.75636020195585 ], [ -9.195002018728175, 38.756286476297497 ], [ -9.194807031398533, 38.75619735613342 ], [ -9.194746882397522, 38.756163265972781 ], [ -9.194616612360909, 38.756128097852795 ], [ -9.194474129189707, 38.756076905747392 ], [ -9.194383108192147, 38.756232229993117 ], [ -9.194269289772222, 38.756384906918989 ], [ -9.194136906853231, 38.756528113129193 ], [ -9.193987234301238, 38.756660469410377 ], [ -9.193821713522036, 38.756780701036789 ], [ -9.193641938580503, 38.756887650048988 ], [ -9.193562270343143, 38.7569260290161 ], [ -9.193614022989092, 38.75700919937092 ], [ -9.193692543549, 38.757174948596884 ], [ -9.193749937650297, 38.757345925925136 ], [ -9.193777860353961, 38.757482400518036 ], [ -9.193893963359317, 38.757535466548902 ], [ -9.194076857930394, 38.757639123969369 ], [ -9.194245896322744, 38.757756318626399 ], [ -9.194399450626944, 38.75788592193382 ], [ -9.194536042021815, 38.758026685804055 ], [ -9.194654355016636, 38.758177254665554 ], [ -9.194753250121616, 38.758336178515293 ], [ -9.19483177482452, 38.758501926880875 ], [ -9.194889172767674, 38.758672903557873 ], [ -9.194892570954496, 38.75868951084469 ], [ -9.194961663619306, 38.758714333594156 ], [ -9.195156658057655, 38.758803453362731 ], [ -9.195339557689255, 38.75890710871321 ], [ -9.195415555409898, 38.758959795721829 ], [ -9.195463739355029, 38.758972802717423 ], [ -9.195668952438536, 38.759046527415961 ], [ -9.195863948643137, 38.759135645974141 ], [ -9.196046850131658, 38.759239300185321 ], [ -9.196215895516609, 38.759356491862107 ], [ -9.196343686358357, 38.759464343089249 ], [ -9.196516942607483, 38.75942868302338 ], [ -9.196739883732652, 38.759400712875077 ], [ -9.196965252679112, 38.759389986637366 ], [ -9.19719087918245, 38.75939660759984 ], [ -9.197414590499163, 38.759420512001405 ], [ -9.197634232325093, 38.75946146964435 ], [ -9.197847689536495, 38.759519086110537 ], [ -9.198052906554166, 38.759592806559006 ], [ -9.198112918518225, 38.759620231852708 ], [ -9.198129784109417, 38.759624784150212 ], [ -9.198335001711188, 38.759698504093578 ], [ -9.198530002922556, 38.759787618121116 ], [ -9.198712909858148, 38.759891268069872 ], [ -9.198881961078035, 38.760008455793454 ], [ -9.199035528549283, 38.760138052772433 ], [ -9.199172133323938, 38.760278810980203 ], [ -9.19929045978245, 38.760429374899772 ], [ -9.199389368305379, 38.760588294575683 ], [ -9.199467906251286, 38.760754039575772 ], [ -9.199525317134958, 38.760925013728034 ], [ -9.199555445537904, 38.761072201063051 ], [ -9.199565422446653, 38.761101912890645 ], [ -9.199601153424823, 38.761276469633501 ], [ -9.199614859987618, 38.761452927940219 ], [ -9.199606409971585, 38.761629588430807 ], [ -9.199584750081913, 38.761753877720025 ], [ -9.199581516078828, 38.761821488827749 ], [ -9.199550990567239, 38.76199665015254 ], [ -9.19949868345241, 38.762168625403881 ], [ -9.199498627494572, 38.7621687525005 ], [ -9.19949243120649, 38.762298290349023 ], [ -9.199461905300375, 38.76247345164245 ], [ -9.199448567167027, 38.762517304353253 ], [ -9.199447438904286, 38.762540891116515 ], [ -9.199416912798249, 38.762716052394055 ], [ -9.199415441872652, 38.762720888435489 ], [ -9.199413246085509, 38.762766791679852 ], [ -9.199382719812187, 38.762941952944331 ], [ -9.199369204133335, 38.762986388942124 ], [ -9.199367654083721, 38.763018792454609 ], [ -9.199337127605528, 38.763193953702853 ], [ -9.199284819167369, 38.763365928843463 ], [ -9.199224458473632, 38.763503022147063 ], [ -9.199394249148098, 38.763580609112971 ], [ -9.199577167114786, 38.763684257487398 ], [ -9.199746228814499, 38.763801443738537 ], [ -9.199899806113393, 38.763931039361118 ], [ -9.200036419968869, 38.764071796341639 ], [ -9.200154754673919, 38.764222359174916 ], [ -9.20025367052968, 38.764381277915966 ], [ -9.200254797531271, 38.76438365612151 ], [ -9.200289458713081, 38.764427756821618 ], [ -9.200388375159266, 38.764586675434863 ], [ -9.200466919999506, 38.764752419556636 ], [ -9.200524336682182, 38.764923393023388 ], [ -9.200560072112484, 38.765097949300262 ], [ -9.200573781984449, 38.765274407336847 ], [ -9.200565334102729, 38.765451067755727 ], [ -9.200534809661924, 38.765626229218114 ], [ -9.200488143961024, 38.765779656756123 ], [ -9.200496495340424, 38.765820450238735 ], [ -9.200510205235513, 38.765996908261542 ], [ -9.200501757152994, 38.766173568657763 ], [ -9.200471232289399, 38.766348730088801 ], [ -9.200418924457663, 38.766520705639628 ], [ -9.200345337263633, 38.766687839065291 ], [ -9.200251179261718, 38.766848520742428 ], [ -9.200137357136146, 38.767001203172292 ], [ -9.200004966973268, 38.767144415885724 ], [ -9.199855283708846, 38.767276779606739 ], [ -9.199689748851801, 38.767397019537917 ], [ -9.199509956602553, 38.767503977639791 ], [ -9.199317638499656, 38.767596623785892 ], [ -9.19911464674256, 38.767674065685739 ], [ -9.198902936351192, 38.767735557480307 ], [ -9.198684546334261, 38.767780506927046 ], [ -9.198461580047809, 38.767808481105106 ], [ -9.198236184933332, 38.767819210585927 ], [ -9.198010531830807, 38.767812592028783 ], [ -9.197786794066108, 38.767788689176399 ], [ -9.197686381092828, 38.767769967271263 ], [ -9.197748851825763, 38.767834332272429 ], [ -9.197867188175195, 38.767984897306739 ], [ -9.197966104389739, 38.768143817881658 ], [ -9.198044647753838, 38.768309563556357 ], [ -9.198102061730044, 38.768480538152339 ], [ -9.19813779324959, 38.768655095123869 ], [ -9.198151498044137, 38.768831553413825 ], [ -9.198143043967207, 38.76900821364238 ], [ -9.198112512273038, 38.769183374472554 ], [ -9.198060196840332, 38.769355348995084 ], [ -9.197986601348118, 38.769522480974892 ], [ -9.197892434430717, 38.769683160802558 ], [ -9.197778602858209, 38.769835840997118 ], [ -9.197646202807928, 38.769979051110937 ], [ -9.197496509310866, 38.770111411893055 ], [ -9.197330963974498, 38.770231648574324 ], [ -9.197151161100184, 38.770338603146612 ], [ -9.196958832328825, 38.770431245517429 ], [ -9.196755829962637, 38.770508683432631 ], [ -9.196544109123739, 38.770570171071583 ], [ -9.19632570892149, 38.770615116231738 ], [ -9.196102732810047, 38.770643086033566 ], [ -9.196025966050781, 38.770646738751253 ], [ -9.195812725698202, 38.770673486751221 ], [ -9.195693251532118, 38.770679171252404 ], [ -9.19570736775951, 38.770748141726031 ], [ -9.195721067091807, 38.770924600317869 ], [ -9.195712606887586, 38.771101260396598 ], [ -9.195682068460075, 38.771276420626684 ], [ -9.195629745752809, 38.771448394104617 ], [ -9.195556142514871, 38.771615524605423 ], [ -9.19546196745517, 38.771776202533857 ], [ -9.195348127422202, 38.771928880427268 ], [ -9.195215718674786, 38.772072087860167 ], [ -9.195066016327681, 38.772204445607393 ], [ -9.194900462073605, 38.772324678929067 ], [ -9.194720650299814, 38.772431629849336 ], [ -9.19452831273294, 38.77252426831091 ], [ -9.194325301759921, 38.772601702097319 ], [ -9.194113572585797, 38.772663185427653 ], [ -9.19389516440021, 38.772708126140891 ], [ -9.193672180734232, 38.772736091400311 ], [ -9.193446769196774, 38.77274681186325 ], [ -9.193221100786026, 38.772740184275833 ], [ -9.192997348975322, 38.772716272467797 ], [ -9.192777668775143, 38.772675306737625 ], [ -9.192564175973096, 38.772617681634152 ], [ -9.192439417439223, 38.772572866024419 ], [ -9.192370347519404, 38.772729682668043 ], [ -9.192348211048076, 38.772767447112734 ], [ -9.192348154549029, 38.772768625711734 ], [ -9.192317607254541, 38.772943785139425 ], [ -9.192265275306561, 38.773115757193693 ], [ -9.192191662543161, 38.773282885663185 ], [ -9.192097477764987, 38.773443560972275 ], [ -9.191983627914137, 38.773596235683485 ], [ -9.191851209343994, 38.773739439401993 ], [ -9.191701497263931, 38.773871792938401 ], [ -9.191535933460418, 38.773992021593337 ], [ -9.191356112412702, 38.774098967435947 ], [ -9.191163765936748, 38.774191600457804 ], [ -9.190960746505324, 38.774269028494828 ], [ -9.190749009404948, 38.774330505821496 ], [ -9.190530593901626, 38.774375440334602 ], [ -9.190307603596921, 38.774403399257153 ], [ -9.190082186163702, 38.774414113307508 ], [ -9.189856512656954, 38.774407479293586 ], [ -9.189632756599098, 38.774383561106994 ], [ -9.189413073041527, 38.77434258910769 ], [ -9.189199577804187, 38.774284957904868 ], [ -9.188994327093422, 38.774211222555657 ], [ -9.188799297694567, 38.774122093218203 ], [ -9.188616367930248, 38.774018428310626 ], [ -9.188447299567912, 38.773901226241989 ], [ -9.188293720850989, 38.773771615794743 ], [ -9.188157110817134, 38.773630845251525 ], [ -9.188038785054653, 38.77348027037111 ], [ -9.187939883034243, 38.773321341329357 ], [ -9.187861357138001, 38.773155588750996 ], [ -9.187803963491243, 38.772984608966894 ], [ -9.187774199649638, 38.772839110299422 ], [ -9.187745615238255, 38.772856109299909 ], [ -9.187553267257023, 38.772948736416616 ], [ -9.187350247270764, 38.773026158202143 ], [ -9.187138510571355, 38.773087628991192 ], [ -9.186920096420948, 38.773132556743533 ], [ -9.186697108408078, 38.773160508747274 ], [ -9.18647169418354, 38.773171215787414 ], [ -9.186246024771409, 38.773164574739418 ], [ -9.186022273654663, 38.773140649562642 ], [ -9.185802595837096, 38.773099670684381 ], [ -9.185703558955833, 38.77307293266994 ], [ -9.185709445978841, 38.773148896427919 ], [ -9.185700960922359, 38.773325556065913 ], [ -9.185670397121871, 38.77350071397084 ], [ -9.185618048765264, 38.77367268326158 ], [ -9.185544419848648, 38.773839807753397 ], [ -9.185450219328258, 38.77400047790892 ], [ -9.185336354297826, 38.774153146340318 ], [ -9.185203921256955, 38.774296342713221 ], [ -9.185054195554418, 38.774428687908937 ], [ -9.18488861910792, 38.77454890730845 ], [ -9.18470878651851, 38.774655843070036 ], [ -9.184516429713343, 38.77474846528235 ], [ -9.184313401264708, 38.774825881885434 ], [ -9.184140146287724, 38.774876174475779 ], [ -9.184044622187638, 38.774922169817877 ], [ -9.183841592721926, 38.774999585612917 ], [ -9.183629847068413, 38.775061050147443 ], [ -9.183411424575517, 38.775105971441427 ], [ -9.183188428912135, 38.77513391684522 ], [ -9.182963007802773, 38.775144617207381 ], [ -9.182737332337817, 38.7751379694677 ], [ -9.182513576058565, 38.775114037649992 ], [ -9.182293894018523, 38.775073052245517 ], [ -9.182080402023015, 38.775015407992576 ], [ -9.181875156247139, 38.774941660074013 ], [ -9.181680133428676, 38.774852518769009 ], [ -9.181497211826841, 38.774748842611018 ], [ -9.181328153130433, 38.774631630117405 ], [ -9.181174585489748, 38.774502010171034 ], [ -9.181037987835726, 38.774361231146038 ], [ -9.180919675637403, 38.774210648882857 ], [ -9.180820788234806, 38.774051713628467 ], [ -9.180742277869209, 38.773885956067367 ], [ -9.180684900516328, 38.773714972578439 ], [ -9.180649208610541, 38.773540409859194 ], [ -9.180635545730061, 38.773363949065896 ], [ -9.180644043294032, 38.773187289622392 ], [ -9.180674619303089, 38.773012132853189 ], [ -9.180726979135349, 38.77284016559895 ], [ -9.180800618389853, 38.772673043971913 ], [ -9.180894827749871, 38.772512377407523 ], [ -9.18100869981903, 38.772359713166168 ], [ -9.181141137864213, 38.772216521434082 ], [ -9.181290866380882, 38.772084181166576 ], [ -9.181456443378943, 38.771963966810347 ], [ -9.181636274270776, 38.771857036032159 ], [ -9.181828627227624, 38.771764418572403 ], [ -9.18203164985646, 38.77168700633041 ], [ -9.182204898720565, 38.771636716926409 ], [ -9.182300419702054, 38.771590723107515 ], [ -9.182503441314038, 38.771513310057543 ], [ -9.182715177559821, 38.771451847660508 ], [ -9.182933589425605, 38.771406927789982 ], [ -9.183156573626592, 38.771378983015808 ], [ -9.183381982857348, 38.771368282439553 ], [ -9.183607646465608, 38.771374929103708 ], [ -9.183831391350617, 38.771398858999746 ], [ -9.184051062885016, 38.771439841684419 ], [ -9.184150096908761, 38.771466581147045 ], [ -9.184144211717186, 38.771390617263869 ], [ -9.184152700496467, 38.771213957630707 ], [ -9.184183267170072, 38.771038800016889 ], [ -9.18423561720603, 38.770866831271242 ], [ -9.184309246297728, 38.770699707520336 ], [ -9.184403445226312, 38.7705390382201 ], [ -9.184517306695863, 38.770386370657306 ], [ -9.184649734075332, 38.770243175050169 ], [ -9.18479945196288, 38.770110830391324 ], [ -9.184965018470759, 38.769990611169753 ], [ -9.185144839112352, 38.769883675099102 ], [ -9.185337182157589, 38.769791051970707 ], [ -9.185540195308876, 38.769713633738526 ], [ -9.185751923537001, 38.769652165931284 ], [ -9.185970327905361, 38.769607240474613 ], [ -9.186193305201337, 38.769579289992208 ], [ -9.186418708185977, 38.769568583640584 ], [ -9.186644366267153, 38.769575224517823 ], [ -9.186868106397325, 38.769599148671134 ], [ -9.186958614692442, 38.769616032246539 ], [ -9.186930858142846, 38.769480330895206 ], [ -9.186917180803794, 38.769303870921618 ], [ -9.186925662608552, 38.769127211124228 ], [ -9.186956221709563, 38.768952052831004 ], [ -9.186963010503202, 38.768929748231592 ], [ -9.186876339529139, 38.768992684494251 ], [ -9.186696523740657, 38.769099623177866 ], [ -9.186504184341196, 38.76919224850387 ], [ -9.186301173735385, 38.769269668382307 ], [ -9.186089447124747, 38.769331137166255 ], [ -9.185871043674252, 38.769376062834795 ], [ -9.185648066869371, 38.769404012696121 ], [ -9.185422664252931, 38.76941471755589 ], [ -9.185197006737184, 38.769408074310526 ], [ -9.184973267690513, 38.769384146940581 ], [ -9.184753602000431, 38.769343165894462 ], [ -9.184540125314765, 38.76928552586849 ], [ -9.184334893661143, 38.769211782004767 ], [ -9.184139883641324, 38.769122644543451 ], [ -9.183956973391254, 38.769018971980913 ], [ -9.183787924490408, 38.768901762799914 ], [ -9.183634364994754, 38.768772145851365 ], [ -9.183497773756814, 38.768631369480538 ], [ -9.183379466183855, 38.768480789502327 ], [ -9.183300682518686, 38.768354163671674 ], [ -9.183158457706972, 38.768457432866768 ], [ -9.182978637562098, 38.768564365897767 ], [ -9.182786294636259, 38.768656985159694 ], [ -9.182730254218573, 38.768678354665418 ], [ -9.182599733364313, 38.768755970126996 ], [ -9.182407389425311, 38.768848588776287 ], [ -9.182204375194132, 38.768926001590103 ], [ -9.181992645907233, 38.768987462989564 ], [ -9.181916468960605, 38.769003129883089 ], [ -9.181775545148158, 38.769105450416461 ], [ -9.181595721284967, 38.769212381359253 ], [ -9.181512872526836, 38.76925227404783 ], [ -9.181508426029492, 38.769344740330084 ], [ -9.18147785342636, 38.769519897375517 ], [ -9.181425497650906, 38.769691865003487 ], [ -9.181351862770731, 38.769858987045261 ], [ -9.18125765779954, 38.770019653987042 ], [ -9.181143789873971, 38.77017231847195 ], [ -9.18101135552155, 38.770315510203595 ], [ -9.180861630103713, 38.770447850108049 ], [ -9.18069605553546, 38.770568063617233 ], [ -9.180516226399767, 38.770674992946134 ], [ -9.180323874590554, 38.770767608245386 ], [ -9.180120852631999, 38.770845017521623 ], [ -9.179909115834997, 38.770906475230042 ], [ -9.179690703462654, 38.770951389456378 ], [ -9.179622453407047, 38.770959940691014 ], [ -9.179523393289259, 38.771092745016801 ], [ -9.179390953994794, 38.771235934958611 ], [ -9.179241223649571, 38.771368272834799 ], [ -9.179075644216043, 38.771488484096785 ], [ -9.178895810324066, 38.771595410981242 ], [ -9.178703453913366, 38.771688023662342 ], [ -9.178500427552452, 38.771765430171897 ], [ -9.178288686594628, 38.771826884991775 ], [ -9.178271104926941, 38.771830500191193 ], [ -9.178257546557667, 38.771837027954859 ], [ -9.178054519278378, 38.771914433700303 ], [ -9.177842777481869, 38.771975887722085 ], [ -9.177624360479411, 38.772020798141433 ], [ -9.177401371887031, 38.77204873241346 ], [ -9.177175959361113, 38.77205942149395 ], [ -9.176950293909373, 38.772052762431358 ], [ -9.176726548976637, 38.772028819358567 ], [ -9.176506879507116, 38.771987822875232 ], [ -9.176293401185024, 38.771930167826412 ], [ -9.176088170053742, 38.771856409498874 ], [ -9.175899696255726, 38.771770245212771 ], [ -9.175859573780276, 38.77186128709328 ], [ -9.175765353854356, 38.772021949760784 ], [ -9.17565147101188, 38.772174609048975 ], [ -9.175629110516111, 38.772198782179217 ], [ -9.17565808268062, 38.772340532754036 ], [ -9.175671733056074, 38.772516994332882 ], [ -9.175663223259091, 38.77269365360408 ], [ -9.175632635080499, 38.772868809239753 ], [ -9.175580262942985, 38.77304077438064 ], [ -9.175506611071718, 38.773207892881906 ], [ -9.175412388644036, 38.773368555263872 ], [ -9.175298502964704, 38.773521214213531 ], [ -9.175166050732246, 38.773664399487799 ], [ -9.175016307480316, 38.773796732074921 ], [ -9.174850715295699, 38.773916937477232 ], [ -9.174670868931072, 38.774023857987849 ], [ -9.174478500446314, 38.774116463842311 ], [ -9.174275462526246, 38.774193863138208 ], [ -9.174063710635526, 38.774255310426824 ], [ -9.17384528418267, 38.774300213894314 ], [ -9.173622286874743, 38.774328141062696 ], [ -9.173396866452091, 38.774338822956196 ], [ -9.173171193998501, 38.774332156692502 ], [ -9.172947443026247, 38.774308206473854 ], [ -9.172727768537717, 38.77426720296873 ], [ -9.172514286265466, 38.774209541089839 ], [ -9.172309052290915, 38.774135776189745 ], [ -9.172204442077481, 38.77408794882323 ], [ -9.172183275150202, 38.774157438374552 ], [ -9.172109614212781, 38.774324554828787 ], [ -9.172015382688583, 38.774485214567093 ], [ -9.171901487969988, 38.77463787030193 ], [ -9.171769026842583, 38.774781051821165 ], [ -9.171619274925714, 38.774913380149165 ], [ -9.171453674389621, 38.77503358082933 ], [ -9.171273820067439, 38.775140496200223 ], [ -9.171081444095707, 38.775233096546884 ], [ -9.170878399231372, 38.775310490019962 ], [ -9.170666641005987, 38.775371931226815 ], [ -9.1704482088891, 38.775416828412169 ], [ -9.170225206642343, 38.775444749158559 ], [ -9.169999782053639, 38.775455424552078 ], [ -9.169774106246908, 38.775448751772998 ], [ -9.169550352766727, 38.775424795086337 ], [ -9.169330676639634, 38.775383785222893 ], [ -9.169117193613969, 38.775326117156588 ], [ -9.1689119597784, 38.775252346299588 ], [ -9.168716951755655, 38.775163183152074 ], [ -9.168534047662389, 38.775059486457828 ], [ -9.168397006653786, 38.774964445951611 ], [ -9.168370301778122, 38.775025023295591 ], [ -9.168276060909553, 38.77518568012777 ], [ -9.168162157056237, 38.775338332325049 ], [ -9.168029687091755, 38.77548150970933 ], [ -9.16787992672057, 38.775613833344842 ], [ -9.167714318194372, 38.775734028820125 ], [ -9.167534456423267, 38.775840938523899 ], [ -9.167342073615556, 38.775933532795783 ], [ -9.167139022594041, 38.776010919844886 ], [ -9.166927258949602, 38.776072354340499 ], [ -9.16670882220399, 38.776117244591973 ], [ -9.166485816163428, 38.776145158248617 ], [ -9.166260388652393, 38.776155826464816 ], [ -9.166034710822958, 38.776149146489985 ], [ -9.165810956239181, 38.776125182658461 ], [ -9.165671353921176, 38.776099116847341 ], [ -9.165669816083939, 38.776130948366159 ], [ -9.165639202121538, 38.776306101641012 ], [ -9.165586803554218, 38.776478062568096 ], [ -9.165531220905905, 38.776604131030112 ], [ -9.165664797611988, 38.7766798653509 ], [ -9.16583383608843, 38.776797100752965 ], [ -9.165987381427081, 38.776926741125749 ], [ -9.166123954892914, 38.77706753802476 ], [ -9.166192561768707, 38.777154885754094 ], [ -9.166272233723962, 38.777176409201545 ], [ -9.166477470503608, 38.777250184632578 ], [ -9.166672481564039, 38.777339351446322 ], [ -9.16685538892493, 38.777443050971556 ], [ -9.167024431142107, 38.777560284584517 ], [ -9.167177980269159, 38.777689923323891 ], [ -9.167314557534583, 38.777830718760917 ], [ -9.167432847583527, 38.777981315020078 ], [ -9.167459265135438, 38.778023787629891 ], [ -9.167560661745096, 38.778128314751989 ], [ -9.167678952811864, 38.778278910740532 ], [ -9.167777817342774, 38.778437857325521 ], [ -9.167856303119807, 38.778603623815599 ], [ -9.167912609460114, 38.778771499105524 ], [ -9.16800062605528, 38.778719183820357 ], [ -9.16819301539118, 38.778626588416373 ], [ -9.168396072586946, 38.778549199483358 ], [ -9.168607842189324, 38.778487762267901 ], [ -9.16882628486338, 38.778442868401065 ], [ -9.169049297027705, 38.778414950202333 ], [ -9.169274731107652, 38.778404276517378 ], [ -9.169500416211706, 38.778410950129739 ], [ -9.169724179032155, 38.778434906771437 ], [ -9.169943864768934, 38.77847591574168 ], [ -9.170157357875473, 38.778533582128198 ], [ -9.170362602426895, 38.778607350609342 ], [ -9.170557621914691, 38.778696510800806 ], [ -9.170740538277402, 38.778800204095113 ], [ -9.170823082646484, 38.778857444043751 ], [ -9.170916664702876, 38.778801817146167 ], [ -9.171109050378787, 38.778709216991153 ], [ -9.171312104540615, 38.778631823031944 ], [ -9.171523871764311, 38.778570380563551 ], [ -9.171742312737836, 38.778525481267621 ], [ -9.171965323896153, 38.778497557515898 ], [ -9.172190757674294, 38.778486878207531 ], [ -9.172416443183655, 38.778493546180201 ], [ -9.172640207112615, 38.778517497220228 ], [ -9.172859894650443, 38.778558500680781 ], [ -9.173073390233231, 38.778616161702601 ], [ -9.173278637912269, 38.77868992501574 ], [ -9.17347366114894, 38.778779080285624 ], [ -9.173656581845696, 38.778882768952187 ], [ -9.17382563842998, 38.778999992496246 ], [ -9.173979202817058, 38.779129622053425 ], [ -9.174062817340159, 38.77921580396238 ], [ -9.174079303590485, 38.779229720551541 ], [ -9.174215897251575, 38.779370507656793 ], [ -9.17433420427688, 38.779521096654044 ], [ -9.174433085233906, 38.779680037346346 ], [ -9.174511587746466, 38.779845799099114 ], [ -9.174568955670368, 38.780016785578951 ], [ -9.174604636380197, 38.780191350125634 ], [ -9.174618286096804, 38.780367811609011 ], [ -9.174609773204027, 38.780544470618416 ], [ -9.174579179522453, 38.780719625828517 ], [ -9.174526799527698, 38.780891590384108 ], [ -9.174453137520549, 38.781058708145984 ], [ -9.174358902775914, 38.78121936964159 ], [ -9.174245002717138, 38.781372027566427 ], [ -9.174112534181198, 38.781515211687278 ], [ -9.173962772858753, 38.781647543003444 ], [ -9.173797161010606, 38.781767747029527 ], [ -9.173617293578818, 38.781874666071836 ], [ -9.173424902826186, 38.781967270380065 ], [ -9.17322184165201, 38.782044668066668 ], [ -9.173010065744943, 38.782106113698426 ], [ -9.172791614744845, 38.782151015477439 ], [ -9.172568592595242, 38.782178940941954 ], [ -9.172343147275782, 38.782189621132645 ], [ -9.172117450110088, 38.782182953183572 ], [ -9.171893674848485, 38.782159001313218 ], [ -9.171673976727339, 38.782117996205997 ], [ -9.17146047170686, 38.78206033279001 ], [ -9.171255216087589, 38.781986566432693 ], [ -9.171060186702091, 38.781897407590847 ], [ -9.170877261872795, 38.78179371496681 ], [ -9.17077314265573, 38.781721517219346 ], [ -9.170759819539452, 38.781733288849871 ], [ -9.170594202015542, 38.7818534884114 ], [ -9.170414329476159, 38.781960402590578 ], [ -9.170221934233306, 38.782053001683906 ], [ -9.170018869229549, 38.782130393854089 ], [ -9.169807090190439, 38.782191833721043 ], [ -9.16958863678601, 38.78223672954239 ], [ -9.169365612982954, 38.782264648913767 ], [ -9.169140166776856, 38.782275322934517 ], [ -9.168914469499871, 38.782268648798137 ], [ -9.168690694903402, 38.782244690782733 ], [ -9.168470998217405, 38.782203679631898 ], [ -9.168257495388255, 38.782146010331957 ], [ -9.168052242695383, 38.782072238306981 ], [ -9.167857216943156, 38.7819830740684 ], [ -9.167674296418991, 38.781879376370533 ], [ -9.16750524280125, 38.781762143938231 ], [ -9.167351684191232, 38.781632505846396 ], [ -9.167215099432822, 38.781491710643927 ], [ -9.167096803870761, 38.78134111432707 ], [ -9.166997936684755, 38.781182167278118 ], [ -9.166919449921277, 38.781016400295172 ], [ -9.166862099328641, 38.780845409847807 ], [ -9.166831414804093, 38.780695208761955 ], [ -9.166769437611004, 38.780725036101693 ], [ -9.166566372474684, 38.780802422288545 ], [ -9.166355074606459, 38.780863716550485 ], [ -9.166401616159227, 38.780895992701893 ], [ -9.166555171466971, 38.781025632103827 ], [ -9.166691754034936, 38.78116642811888 ], [ -9.166810048457188, 38.781317024865949 ], [ -9.16690891542256, 38.781475972073451 ], [ -9.166987402689566, 38.781641739044012 ], [ -9.167041622827844, 38.781803393232771 ], [ -9.167135166791894, 38.781899820857397 ], [ -9.167253463383448, 38.782050417107392 ], [ -9.167352332374406, 38.782209363892527 ], [ -9.167430821503773, 38.782375130519519 ], [ -9.167488174756203, 38.782546120608032 ], [ -9.167523839647531, 38.782720687463033 ], [ -9.167531176753155, 38.782815658096858 ], [ -9.167690837377855, 38.782926375082454 ], [ -9.167844399420272, 38.783056012653581 ], [ -9.16798098845379, 38.783196807025114 ], [ -9.168099289010222, 38.783347402331778 ], [ -9.168198161719317, 38.783506348315875 ], [ -9.168276654284272, 38.783672114291825 ], [ -9.168334010656649, 38.783843103885587 ], [ -9.168369678322231, 38.784017670406897 ], [ -9.16838331362745, 38.784194132706574 ], [ -9.168374785094901, 38.784370791366086 ], [ -9.168344174695756, 38.784545945063428 ], [ -9.168291777066617, 38.784717906957944 ], [ -9.168218096678084, 38.784885020936052 ], [ -9.168123842982091, 38.785045677561598 ], [ -9.168009923584503, 38.785198329576957 ], [ -9.16787743550856, 38.785341506805821 ], [ -9.167727654633126, 38.785473830313812 ], [ -9.167562023407351, 38.78559402569077 ], [ -9.167382136959951, 38.785700935326275 ], [ -9.167189727736899, 38.7857935295606 ], [ -9.166986648815426, 38.785870916603209 ], [ -9.166774856055154, 38.785932351123428 ], [ -9.166556389258295, 38.785977241430345 ], [ -9.166333352520551, 38.786005155172752 ], [ -9.166107893962112, 38.786015823504179 ], [ -9.165882185034123, 38.786009143672935 ], [ -9.165658399600229, 38.78598518001197 ], [ -9.165438692994771, 38.785944163319272 ], [ -9.165225181259677, 38.785886488634532 ], [ -9.165019920760161, 38.785812711433728 ], [ -9.164824888375774, 38.785723542278127 ], [ -9.164641962457807, 38.785619839969385 ], [ -9.164472904736552, 38.785502603276825 ], [ -9.164319343352823, 38.785372961316369 ], [ -9.164317265009348, 38.785370818879947 ], [ -9.164238490016064, 38.785393667228696 ], [ -9.16402002315888, 38.785438552796464 ], [ -9.163796986997468, 38.785466461690227 ], [ -9.163571529646468, 38.785477125110269 ], [ -9.163345822545399, 38.785470440352164 ], [ -9.163122039540298, 38.785446471796348 ], [ -9.163114844963369, 38.785445128482934 ], [ -9.162965674761645, 38.785576898481651 ], [ -9.162800035153511, 38.785697087218843 ], [ -9.162620141173706, 38.785803989621954 ], [ -9.162427725340773, 38.78589657610091 ], [ -9.162258289743191, 38.785961134125614 ], [ -9.162187121661489, 38.785995378407328 ], [ -9.162097063507826, 38.786029691961012 ], [ -9.16207779893082, 38.786139866012718 ], [ -9.162025385102659, 38.786311825273032 ], [ -9.16199806811381, 38.786373767757659 ], [ -9.162037408417554, 38.786345223104995 ], [ -9.162217304630019, 38.786238321578324 ], [ -9.162409721651731, 38.786145735434935 ], [ -9.162612806472849, 38.786068356272601 ], [ -9.162824603374142, 38.786006929243797 ], [ -9.163043072757841, 38.78596204588149 ], [ -9.163266110785377, 38.785934138404009 ], [ -9.163491569633102, 38.785923475553794 ], [ -9.163717278171035, 38.785930160010061 ], [ -9.16394106286584, 38.785954127400402 ], [ -9.164160768706843, 38.785995146920555 ], [ -9.164374279953893, 38.786052823556659 ], [ -9.164579540507441, 38.786126601888405 ], [ -9.16477457370488, 38.786215771436609 ], [ -9.164957501352719, 38.786319473503745 ], [ -9.165126561811418, 38.786436709441588 ], [ -9.165280126958892, 38.786566350266448 ], [ -9.165416717869332, 38.786707147529519 ], [ -9.165535019056451, 38.786857745337691 ], [ -9.165633891143896, 38.787016693409157 ], [ -9.165712381840818, 38.78718246103827 ], [ -9.165769735116742, 38.787353451835024 ], [ -9.165805398487235, 38.7875280190976 ], [ -9.165819028340065, 38.787704481669671 ], [ -9.165810493250302, 38.787881140130054 ], [ -9.165779875252239, 38.788056293158668 ], [ -9.165727469055643, 38.788228253921268 ], [ -9.165653779213599, 38.788395366315179 ], [ -9.165559515269074, 38.788556020919479 ], [ -9.165445584926623, 38.788708670496021 ], [ -9.165313085314892, 38.78885184489193 ], [ -9.165163292423848, 38.788984165200176 ], [ -9.164997648818369, 38.78910435704131 ], [ -9.164817749746415, 38.789211262839011 ], [ -9.164625327775559, 38.789303852970491 ], [ -9.164422236105834, 38.78938123568475 ], [ -9.164210430719656, 38.789442665692761 ], [ -9.16399195154087, 38.789487551347094 ], [ -9.163768902784458, 38.789515460341327 ], [ -9.16354343268638, 38.789526123874765 ], [ -9.163317712808952, 38.789519439241893 ], [ -9.163093917121291, 38.789495470821933 ], [ -9.162874201056514, 38.789454449458695 ], [ -9.162660680747663, 38.789396770236891 ], [ -9.162455412642537, 38.789322988676197 ], [ -9.162260373693936, 38.789233815379838 ], [ -9.162077442316372, 38.789130109189443 ], [ -9.16190838029271, 38.789012868911662 ], [ -9.16175481580518, 38.788883223696956 ], [ -9.161618227754229, 38.788742422162855 ], [ -9.161499931516255, 38.788591820366577 ], [ -9.161401066277419, 38.788432868743207 ], [ -9.161322584065378, 38.788267098134895 ], [ -9.161300859565072, 38.788202317737472 ], [ -9.161270636190908, 38.788270847083311 ], [ -9.161176362486032, 38.788431498287068 ], [ -9.161062422891481, 38.788584143717905 ], [ -9.160929914625029, 38.788727313262889 ], [ -9.160780113760019, 38.788859628061651 ], [ -9.160614462938151, 38.788979813787847 ], [ -9.160587560929613, 38.788995798895989 ], [ -9.16049622986497, 38.789118152882295 ], [ -9.160428914563809, 38.789190882813877 ], [ -9.160603514877291, 38.789270715157556 ], [ -9.160786444534461, 38.789374423677515 ], [ -9.160955505623726, 38.789491665585032 ], [ -9.161109070016906, 38.789621311838928 ], [ -9.161245658795428, 38.789762113938131 ], [ -9.161363956493503, 38.789912715942968 ], [ -9.161462823768346, 38.790071667531187 ], [ -9.161541308375423, 38.790237437963292 ], [ -9.161598654342864, 38.790408430822275 ], [ -9.161634309256595, 38.79058299938643 ], [ -9.161634532714311, 38.790585894481758 ], [ -9.161637059928346, 38.79059343001672 ], [ -9.161672715037747, 38.790767998561158 ], [ -9.161686335506939, 38.790944461649865 ], [ -9.161677790001335, 38.791121119856648 ], [ -9.161647160655511, 38.791296271863857 ], [ -9.1615947422885, 38.791468230847101 ], [ -9.161521039570586, 38.791635340720788 ], [ -9.161426762168727, 38.791795992088247 ], [ -9.161312817917089, 38.791948637742514 ], [ -9.161180304078275, 38.792091807568454 ], [ -9.161030496779288, 38.792224122703026 ], [ -9.16086483872378, 38.792344308816645 ], [ -9.160684925298904, 38.792451208388115 ], [ -9.16049248921049, 38.792543791854598 ], [ -9.160289383794565, 38.792621167529269 ], [ -9.16007756516597, 38.792682590190935 ], [ -9.160050247612253, 38.792688201224102 ], [ -9.160024459563768, 38.792746667699085 ], [ -9.159930177366594, 38.792907317894652 ], [ -9.159816228173208, 38.793059962128446 ], [ -9.159703347190858, 38.793181914334831 ], [ -9.159629031704085, 38.793281465134719 ], [ -9.159496512045086, 38.793424633098368 ], [ -9.159346698849122, 38.793556946124738 ], [ -9.159181034876644, 38.793677129904545 ], [ -9.159001115571806, 38.793784026939086 ], [ -9.158808673697072, 38.793876607689938 ], [ -9.158605562644214, 38.793953980496454 ], [ -9.158393738582372, 38.794015400165037 ], [ -9.158175241615295, 38.794060275147821 ], [ -9.15795217612933, 38.7940881732412 ], [ -9.157726690521597, 38.794098825749437 ], [ -9.157500956503824, 38.794092130073253 ], [ -9.157438760794964, 38.794085466316524 ], [ -9.157323698538258, 38.794209766540526 ], [ -9.157173879651006, 38.794342076840294 ], [ -9.157008210172098, 38.794462257597651 ], [ -9.156828285598721, 38.794569151342991 ], [ -9.156635838744103, 38.794661728569587 ], [ -9.156432723047986, 38.794739097650705 ], [ -9.156220894724244, 38.794800513428662 ], [ -9.156002393917682, 38.794845384393057 ], [ -9.155779325051636, 38.794873278378965 ], [ -9.155553836555791, 38.794883926730236 ], [ -9.155328100169696, 38.794877226887628 ], [ -9.155104290021487, 38.794853243376849 ], [ -9.154884561683579, 38.794812207187071 ], [ -9.154671031407229, 38.79475451354584 ], [ -9.154623826055575, 38.794737543536677 ], [ -9.154455941894115, 38.794837278279267 ], [ -9.154263491169964, 38.794929851645414 ], [ -9.15406037206251, 38.795007216643803 ], [ -9.154009484038456, 38.795021969519134 ], [ -9.153945505392722, 38.795107659021141 ], [ -9.153812970917727, 38.795250820694378 ], [ -9.153663143301733, 38.79538312658665 ], [ -9.153497465444099, 38.795503302457355 ], [ -9.153317532922729, 38.795610190883949 ], [ -9.153125078627415, 38.795702762410919 ], [ -9.152921956069582, 38.795780125466464 ], [ -9.152710121529207, 38.795841534950888 ], [ -9.152491615210993, 38.795886399414428 ], [ -9.152268541591365, 38.79591428675478 ], [ -9.152043049145808, 38.795924928379812 ], [ -9.15181730965192, 38.795918221795041 ], [ -9.151593497267772, 38.795894231591149 ], [ -9.151373767587316, 38.795853188821773 ], [ -9.151160236874736, 38.795795488777813 ], [ -9.150954961678016, 38.795721687179515 ], [ -9.150759919018235, 38.795632494823153 ], [ -9.150576987345605, 38.795528770733881 ], [ -9.150553580394385, 38.795512536044214 ], [ -9.150468963005432, 38.795529908436286 ], [ -9.150245889620528, 38.795557791911968 ], [ -9.150020397910268, 38.795568429622655 ], [ -9.149794659645165, 38.795561719111575 ], [ -9.149570848971463, 38.795537725007229 ], [ -9.149351121466628, 38.795496678400823 ], [ -9.149137593373883, 38.795438974620225 ], [ -9.14893232121597, 38.79536516942165 ], [ -9.148737281984697, 38.795275973636073 ], [ -9.148554354097243, 38.79517224632167 ], [ -9.148385299302797, 38.795054986488587 ], [ -9.148366538354404, 38.795039144491739 ], [ -9.148307199132873, 38.794997985426754 ], [ -9.148153645807833, 38.79486832230635 ], [ -9.148150189989892, 38.794864759103817 ], [ -9.1480647177622, 38.794862216919455 ], [ -9.147840909788766, 38.794838219460928 ], [ -9.14762118536159, 38.794797169553767 ], [ -9.147407660694249, 38.794739462557672 ], [ -9.147202392276485, 38.794665654259781 ], [ -9.147007357064071, 38.794576455520932 ], [ -9.146824433435473, 38.794472725427767 ], [ -9.146655383098851, 38.794355463017169 ], [ -9.146501834123793, 38.794225797652793 ], [ -9.146365265261249, 38.794084978146195 ], [ -9.146246991702723, 38.793934360727711 ], [ -9.146148152415853, 38.793775395982834 ], [ -9.146069699178256, 38.793609614880076 ], [ -9.146012387415212, 38.793438614024929 ], [ -9.145976768929181, 38.793264040282068 ], [ -9.145963769457646, 38.793095147692604 ], [ -9.145953398259152, 38.79308795340819 ], [ -9.145799853306245, 38.792958287039703 ], [ -9.14566328828106, 38.792817466631227 ], [ -9.145589742557595, 38.792723805349226 ], [ -9.14557088990135, 38.792704365125601 ], [ -9.145452620343024, 38.792553746814598 ], [ -9.145353784780466, 38.792394781311195 ], [ -9.145275334955436, 38.792228999591217 ], [ -9.14521802626035, 38.792057998266081 ], [ -9.145182410468133, 38.791883424205018 ], [ -9.145168830423769, 38.791706958673416 ], [ -9.145177416748465, 38.791530301140611 ], [ -9.145208086587912, 38.791355152912587 ], [ -9.145260544416505, 38.791183200747639 ], [ -9.145334284889488, 38.791016100612538 ], [ -9.145428597715362, 38.790855461735603 ], [ -9.145542574501397, 38.790702831110515 ], [ -9.14567511750611, 38.790559678599621 ], [ -9.145824950214314, 38.790427382780457 ], [ -9.145990629632697, 38.790307217671547 ], [ -9.146170560187514, 38.790200340465439 ], [ -9.146363009090447, 38.790107780386499 ], [ -9.146566123024732, 38.790030428781535 ], [ -9.146777945990857, 38.789969030537641 ], [ -9.14699643814013, 38.789924176910624 ], [ -9.147219495414818, 38.789896299832485 ], [ -9.147444969805969, 38.789885667752941 ], [ -9.147670690033964, 38.789892383054941 ], [ -9.1478944824529, 38.789916381069062 ], [ -9.148114191977729, 38.789957430696191 ], [ -9.148327702832805, 38.790015136632562 ], [ -9.148373034326809, 38.790031437099032 ], [ -9.148417163748455, 38.789886760104061 ], [ -9.148490895537767, 38.789719658057557 ], [ -9.148585199577536, 38.789559016716055 ], [ -9.148699167559629, 38.789406383096939 ], [ -9.148747487031613, 38.789354191224419 ], [ -9.14862422399265, 38.789369598109907 ], [ -9.148398751451069, 38.789380232441822 ], [ -9.148173032802136, 38.789373518524904 ], [ -9.147949242003124, 38.789349521020469 ], [ -9.147729534440046, 38.789308471052493 ], [ -9.147516026164029, 38.789250763981173 ], [ -9.147424517702353, 38.789217857811231 ], [ -9.1474080313118, 38.78924594064668 ], [ -9.147294060796257, 38.789398573044195 ], [ -9.147161523169668, 38.789541727347114 ], [ -9.147011694788205, 38.789674024841808 ], [ -9.146846018558653, 38.789794191368586 ], [ -9.146666090043274, 38.789901069594904 ], [ -9.146473642093314, 38.789993630163515 ], [ -9.1462705281591, 38.790070981608139 ], [ -9.14605870443757, 38.790132378940953 ], [ -9.145840211029219, 38.790177230829251 ], [ -9.145617152286135, 38.790205105291847 ], [ -9.145391676540497, 38.790215733860656 ], [ -9.145165955409034, 38.790209014166983 ], [ -9.14494216287293, 38.790185010927729 ], [ -9.14472245433493, 38.790143955322129 ], [ -9.144508945855549, 38.790086242764716 ], [ -9.144303693768585, 38.790012429096244 ], [ -9.1441086748725, 38.789923225229231 ], [ -9.143925767388588, 38.789819490299713 ], [ -9.143756732869498, 38.789702223391146 ], [ -9.143603199232464, 38.789572553910503 ], [ -9.143466645080707, 38.789431730708962 ], [ -9.14334838546405, 38.789281110052414 ], [ -9.14324955921586, 38.789122142557538 ], [ -9.143183160311882, 38.788981810388179 ], [ -9.143025520749573, 38.789027498360937 ], [ -9.142807028673868, 38.789072344565547 ], [ -9.142583972056665, 38.789100213212173 ], [ -9.142358499209669, 38.789110835888749 ], [ -9.142132781721683, 38.789104110283304 ], [ -9.141908993538795, 38.789080101169731 ], [ -9.141689290021816, 38.789039039783802 ], [ -9.141475787182882, 38.788981321595749 ], [ -9.141270541301457, 38.788907502500564 ], [ -9.141075529116218, 38.788818293463024 ], [ -9.140892628783808, 38.788714553668953 ], [ -9.140723601787984, 38.788597282248688 ], [ -9.140570075973505, 38.78846760865261 ], [ -9.140433529868238, 38.788326781771559 ], [ -9.140421407293879, 38.788311340563702 ], [ -9.140336477652072, 38.788239605147744 ], [ -9.140199932445295, 38.788098777976288 ], [ -9.140081681895214, 38.787948153857712 ], [ -9.139982864747868, 38.787789183442065 ], [ -9.139904432567663, 38.787623397752398 ], [ -9.139847140577089, 38.787452393438393 ], [ -9.139811540388212, 38.787277817398 ], [ -9.139797974695778, 38.78710135091567 ], [ -9.139806573982803, 38.786924693469857 ], [ -9.139837255270187, 38.786749546365733 ], [ -9.139889722922117, 38.78657759635071 ], [ -9.139963471499284, 38.786410499370831 ], [ -9.140057790632193, 38.786249864624075 ], [ -9.14017177186742, 38.78609723906429 ], [ -9.140304317420687, 38.785954092505072 ], [ -9.140454150752303, 38.785821803466618 ], [ -9.140517839017065, 38.785775613814188 ], [ -9.140508991913425, 38.785732230417878 ], [ -9.140495424879481, 38.785555763989564 ], [ -9.140504022341718, 38.785379106471851 ], [ -9.140534701338627, 38.785203959170573 ], [ -9.140587166256459, 38.785032008835095 ], [ -9.14066091168225, 38.78486491141453 ], [ -9.140732977956135, 38.78474217051312 ], [ -9.140664929094784, 38.784671984815716 ], [ -9.140546683395542, 38.784521361017823 ], [ -9.140447870121415, 38.784362390853836 ], [ -9.14036944079953, 38.784196605344469 ], [ -9.140312150624874, 38.784025601137621 ], [ -9.140276551192054, 38.78385102513019 ], [ -9.140262985188553, 38.78367455860635 ], [ -9.140271583100418, 38.783497901044939 ], [ -9.140302261961818, 38.783322753752209 ], [ -9.14035472616033, 38.783150803477454 ], [ -9.140355496249629, 38.78314905853123 ], [ -9.140373170368806, 38.783048154997545 ], [ -9.140425634209461, 38.782876204687945 ], [ -9.140499377903694, 38.78270910733319 ], [ -9.140593691129052, 38.782548472134849 ], [ -9.140707665489025, 38.782395846051145 ], [ -9.140840203265556, 38.782252698900727 ], [ -9.140990027993857, 38.782120409209504 ], [ -9.14115569675751, 38.782000250937045 ], [ -9.141335614085399, 38.781893381209997 ], [ -9.141528047316609, 38.781800829180781 ], [ -9.141731143285297, 38.781723486118665 ], [ -9.141942946164955, 38.781662096828555 ], [ -9.142161416300301, 38.781617252480004 ], [ -9.142384449845567, 38.781589384915691 ], [ -9.142609899020274, 38.781578762493744 ], [ -9.142835592787586, 38.78158548750411 ], [ -9.143059357756368, 38.781609495183901 ], [ -9.143279039105851, 38.781650554340906 ], [ -9.143492521331664, 38.781708269579603 ], [ -9.143697748613633, 38.781782085107977 ], [ -9.143892744609458, 38.781871290088667 ], [ -9.14407563148378, 38.781975025482922 ], [ -9.144244647989602, 38.782092292321586 ], [ -9.144398166427985, 38.782221961323366 ], [ -9.144534708322832, 38.7823627837681 ], [ -9.144652958659773, 38.782513403520127 ], [ -9.144751778552076, 38.782672370086267 ], [ -9.144830216211474, 38.782838152582677 ], [ -9.14488751611821, 38.783009154476169 ], [ -9.144923126301792, 38.783183728957944 ], [ -9.144936703662193, 38.783360194802071 ], [ -9.144928117280037, 38.783536852555812 ], [ -9.144897449683633, 38.783712000905794 ], [ -9.144844996060474, 38.783883953062777 ], [ -9.144844226073751, 38.783885698037004 ], [ -9.144826558091049, 38.78398660215074 ], [ -9.144774104110159, 38.784158554272921 ], [ -9.144764319797227, 38.784180727724561 ], [ -9.14478818454263, 38.784197284788355 ], [ -9.144941708548195, 38.784326952955865 ], [ -9.145078255604668, 38.784467774646885 ], [ -9.145196510647978, 38.784618393733048 ], [ -9.145295334746056, 38.78477735972757 ], [ -9.145373776070125, 38.78494314175213 ], [ -9.145431079065128, 38.785114143278072 ], [ -9.145466691730812, 38.785288717500151 ], [ -9.145480270943237, 38.785465183194958 ], [ -9.145475558377843, 38.7855621540157 ], [ -9.145635760042348, 38.785619768337206 ], [ -9.145830768941956, 38.785708969852422 ], [ -9.146013668485846, 38.785812701976027 ], [ -9.146182697305024, 38.785929965770364 ], [ -9.146336227581987, 38.786059631983491 ], [ -9.146472780726633, 38.786200451922049 ], [ -9.146533656283975, 38.786277983376905 ], [ -9.146577248505912, 38.786293660106224 ], [ -9.146695503558171, 38.786347750914487 ], [ -9.146727730652245, 38.786319293560872 ], [ -9.146893399168759, 38.786199127237055 ], [ -9.147073318152195, 38.786092248723925 ], [ -9.147265754925664, 38.78599968725851 ], [ -9.147468856289198, 38.785922334200905 ], [ -9.147591319800291, 38.785886834396607 ], [ -9.147612053640231, 38.785768396913653 ], [ -9.14766450187007, 38.785596443640245 ], [ -9.147738231228123, 38.785429341983551 ], [ -9.147832531529966, 38.785268701186624 ], [ -9.147869987205636, 38.785218536122578 ], [ -9.147879618910185, 38.78520212841709 ], [ -9.147783536167141, 38.785147636676214 ], [ -9.147614506652015, 38.785030375192719 ], [ -9.147460976345124, 38.784900710638198 ], [ -9.147428114958911, 38.784866822634037 ], [ -9.147225748272945, 38.78484511962386 ], [ -9.147006054978544, 38.784804068072063 ], [ -9.146792560773326, 38.784746359445712 ], [ -9.146587321853602, 38.784672549547693 ], [ -9.146392314891001, 38.784583349254206 ], [ -9.146209417991889, 38.78447961766684 ], [ -9.146040392606976, 38.784362353836869 ], [ -9.145886866565533, 38.784232687141582 ], [ -9.145750318397653, 38.78409186640534 ], [ -9.145632063095556, 38.783941247870274 ], [ -9.145533239451089, 38.783782282132627 ], [ -9.145454799091276, 38.78361650017046 ], [ -9.145397497317433, 38.783445498597501 ], [ -9.14536797032688, 38.783300751691876 ], [ -9.145339452936385, 38.783254878500976 ], [ -9.145261013627298, 38.783089096380117 ], [ -9.14520371276417, 38.782918094684973 ], [ -9.145168102044567, 38.782743520288321 ], [ -9.14515452426469, 38.782567054458788 ], [ -9.145163110024013, 38.782390396668575 ], [ -9.145193776473745, 38.782215248226137 ], [ -9.145246228120994, 38.782043295891846 ], [ -9.145319959680606, 38.781876195634105 ], [ -9.14541426094698, 38.78171555668245 ], [ -9.145528223638754, 38.781562926031263 ], [ -9.145660750150228, 38.781419773543185 ], [ -9.145810564125068, 38.781287477795544 ], [ -9.145976222750388, 38.781167312806232 ], [ -9.146156130652685, 38.781060435766577 ], [ -9.146158805774311, 38.781059148986401 ], [ -9.146120084882583, 38.780977311748963 ], [ -9.146062783777912, 38.780806310418996 ], [ -9.146027172132852, 38.780631736235954 ], [ -9.146025677969321, 38.780612319440408 ], [ -9.145921481143734, 38.780662439993556 ], [ -9.145718392847323, 38.780739790251566 ], [ -9.145714910469273, 38.780740799734033 ], [ -9.145700477675344, 38.780747742112986 ], [ -9.145497388891732, 38.780825091992241 ], [ -9.145285591662319, 38.780886487659785 ], [ -9.145067125832417, 38.78093133779894 ], [ -9.144844095488455, 38.780959210445417 ], [ -9.144618648689043, 38.780969837148611 ], [ -9.144392956772066, 38.780963115557782 ], [ -9.144169193437284, 38.780939110408156 ], [ -9.143949513806144, 38.780898052897307 ], [ -9.143736033660698, 38.780840338458141 ], [ -9.143530809061817, 38.780766522949499 ], [ -9.143335816543178, 38.780677317301631 ], [ -9.143152934072011, 38.780573580667685 ], [ -9.142983922960044, 38.780456312147535 ], [ -9.142830410899077, 38.78032664116364 ], [ -9.142693876284538, 38.780185816581636 ], [ -9.142575633978113, 38.780035194680693 ], [ -9.14247682264649, 38.779876226089456 ], [ -9.142398393798121, 38.779710441813428 ], [ -9.142341102623464, 38.779539438488662 ], [ -9.142305500726795, 38.779364863003565 ], [ -9.14229193081937, 38.779188396637281 ], [ -9.142300523424865, 38.779011738867119 ], [ -9.142331195628588, 38.778836591001358 ], [ -9.142383651882266, 38.77866463979484 ], [ -9.142457386856412, 38.778497541205034 ], [ -9.142551690312576, 38.77833690444546 ], [ -9.14266565394834, 38.778184276489363 ], [ -9.142798180148938, 38.778041127173459 ], [ -9.14294799256106, 38.777908835044499 ], [ -9.14311364838689, 38.777788674085542 ], [ -9.143293552279903, 38.777681801449127 ], [ -9.143485971708541, 38.777589246315699 ], [ -9.143673382759989, 38.777517868456371 ], [ -9.143591507174065, 38.777386145436964 ], [ -9.143513078615195, 38.777220361837429 ], [ -9.143455786913176, 38.777049358996265 ], [ -9.143420183677376, 38.776874783797261 ], [ -9.143406611631974, 38.776698317516789 ], [ -9.143415201321254, 38.776521659631328 ], [ -9.143445869858631, 38.776346511450321 ], [ -9.143498321731157, 38.776174559731565 ], [ -9.143572051651553, 38.776007460437548 ], [ -9.143666349430051, 38.775846822788516 ], [ -9.14378030681892, 38.775694193766348 ], [ -9.143912826263559, 38.77555104321798 ], [ -9.144062631475723, 38.775418749702069 ], [ -9.144228279726931, 38.77529858721504 ], [ -9.144408175743592, 38.775191712924133 ], [ -9.144600587069997, 38.775099156025753 ], [ -9.144803660751215, 38.775021807836055 ], [ -9.14501544117533, 38.7749604132093 ], [ -9.145039824565576, 38.774955407040487 ], [ -9.145029772988996, 38.774824748670639 ], [ -9.145038358547781, 38.774648090666936 ], [ -9.145069022403604, 38.774472942068726 ], [ -9.145121469088618, 38.774300989637929 ], [ -9.145195193365508, 38.774133889343837 ], [ -9.145289485098862, 38.773973250416397 ], [ -9.145298972029773, 38.773960543267158 ], [ -9.145310598328079, 38.773934191364688 ], [ -9.145404889547381, 38.773773552345716 ], [ -9.145518839990803, 38.773620921668979 ], [ -9.145651352170635, 38.773477769197349 ], [ -9.145801149868587, 38.77334547350803 ], [ -9.145966790428538, 38.773225308618329 ], [ -9.146146678650956, 38.773118431718693 ], [ -9.146339082155176, 38.773025872030622 ], [ -9.146542148061588, 38.772948520897138 ], [ -9.146753920833129, 38.772887123200888 ], [ -9.1469723611044, 38.772842270192392 ], [ -9.147195365317168, 38.772814393797717 ], [ -9.14742078597336, 38.772803762460022 ], [ -9.147646452310719, 38.772810478555101 ], [ -9.1478701912022, 38.772834477405901 ], [ -9.148089848078119, 38.772875527905242 ], [ -9.148303307669742, 38.772933234740925 ], [ -9.14830624377298, 38.772934290783766 ], [ -9.14845922419909, 38.772902876741298 ], [ -9.148682227958677, 38.772874997514606 ], [ -9.148907648521426, 38.772864363309083 ], [ -9.149133315125974, 38.772871076528169 ], [ -9.14935705464271, 38.772895072522488 ], [ -9.149576712495925, 38.772936120212371 ], [ -9.149790173407482, 38.772993824312671 ], [ -9.149995381762446, 38.77306762913863 ], [ -9.150190361400774, 38.773156823955901 ], [ -9.150196713524261, 38.773160426895984 ], [ -9.150224190550796, 38.773130740232212 ], [ -9.150373978959236, 38.772998438797103 ], [ -9.15053961091259, 38.772878267532974 ], [ -9.150719491294183, 38.772771383691591 ], [ -9.150780244865507, 38.77274215357501 ], [ -9.150805082343467, 38.772660696820601 ], [ -9.150878791673971, 38.772493593096669 ], [ -9.150973068477414, 38.772332949740246 ], [ -9.151087004708046, 38.772180313788148 ], [ -9.151219503015007, 38.772037155154102 ], [ -9.151369287313585, 38.771904852474648 ], [ -9.151534915076665, 38.771784679834433 ], [ -9.151714791227921, 38.771677794498551 ], [ -9.151907183502903, 38.771585225769712 ], [ -9.152092054403802, 38.771514793166226 ], [ -9.15219007919961, 38.771467628479172 ], [ -9.152393134179691, 38.771390267303055 ], [ -9.15260489712157, 38.77132885911734 ], [ -9.15282332875447, 38.771283995273571 ], [ -9.153046325603324, 38.771256107802159 ], [ -9.15327174024095, 38.771245465252875 ], [ -9.153497401963037, 38.771252170109513 ], [ -9.153721137686983, 38.771276157803207 ], [ -9.1539407928736, 38.771317197334206 ], [ -9.154154252270432, 38.771374893495953 ], [ -9.154359460277139, 38.771448690680081 ], [ -9.154554440737042, 38.771537878225864 ], [ -9.154737315964425, 38.771641597262438 ], [ -9.154906324824491, 38.771758848978138 ], [ -9.155059839691992, 38.771888504237275 ], [ -9.15519638212529, 38.772029314451999 ], [ -9.155314637104921, 38.77217992360444 ], [ -9.155413465699535, 38.772338881303519 ], [ -9.155491916037169, 38.772504656750769 ], [ -9.155528332978246, 38.77261330243423 ], [ -9.155668486021513, 38.772545863000722 ], [ -9.155871540141193, 38.772468495803771 ], [ -9.156083303128199, 38.772407081322783 ], [ -9.156301735711317, 38.772362210969902 ], [ -9.156524734406323, 38.772334316838219 ], [ -9.156750151768261, 38.772323667541663 ], [ -9.156975817066588, 38.77233036562896 ], [ -9.157199557184265, 38.772354346596444 ], [ -9.157419217539811, 38.772395379509121 ], [ -9.157632682831004, 38.772453069224156 ], [ -9.157837897400759, 38.772526860195264 ], [ -9.158032885029217, 38.772616041821564 ], [ -9.158215767961646, 38.772719755289167 ], [ -9.15828365546218, 38.77276684869954 ], [ -9.158457434571194, 38.772663571897361 ], [ -9.158649820503268, 38.772570992165214 ], [ -9.158852871357187, 38.772493619830904 ], [ -9.158928637337878, 38.772471644411219 ], [ -9.158947136248383, 38.772410951425528 ], [ -9.159012957741432, 38.772261686408527 ], [ -9.159034242467149, 38.772191852969812 ], [ -9.159085648651228, 38.772075277257663 ], [ -9.158992253720886, 38.772057832311603 ], [ -9.158778788575006, 38.772000145075268 ], [ -9.158573574594012, 38.771926355742607 ], [ -9.15837858820935, 38.771837174991717 ], [ -9.15819570732922, 38.771733461735948 ], [ -9.158026693250102, 38.771616214849963 ], [ -9.157873173692447, 38.77148656354786 ], [ -9.15773662712399, 38.771345756505731 ], [ -9.157618368521646, 38.771195149833794 ], [ -9.15751953670916, 38.771036194014044 ], [ -9.157441083392341, 38.770870419929032 ], [ -9.157383763997416, 38.770699424116636 ], [ -9.157348130400543, 38.770524853393006 ], [ -9.157334525618367, 38.770348388991458 ], [ -9.157343080510509, 38.770171730370407 ], [ -9.157373712525548, 38.769996578846431 ], [ -9.157426126502287, 38.769824621209594 ], [ -9.157499817518419, 38.769657513479409 ], [ -9.157594075758826, 38.769496864957446 ], [ -9.157677456425649, 38.769385140320239 ], [ -9.157516489319024, 38.769341636539316 ], [ -9.157311284268195, 38.769267844835078 ], [ -9.157116306720471, 38.769178661817691 ], [ -9.156933434498921, 38.76907494642235 ], [ -9.156764428816626, 38.768957697544316 ], [ -9.156610917313163, 38.76882804441685 ], [ -9.156474378378688, 38.768687235733637 ], [ -9.156356126916599, 38.768536627620676 ], [ -9.156302377885751, 38.768450174223211 ], [ -9.156097625715663, 38.768475786828461 ], [ -9.155872220327346, 38.768486434709544 ], [ -9.155646567205087, 38.768479734320287 ], [ -9.155422839674943, 38.768455750191706 ], [ -9.155203192513458, 38.768414713318876 ], [ -9.154989741189928, 38.76835701893588 ], [ -9.15478454148761, 38.768283222708398 ], [ -9.154589569700409, 38.768194035380915 ], [ -9.154406703595905, 38.768090315930102 ], [ -9.154397464086188, 38.768083905522907 ], [ -9.154246479085325, 38.768091035745712 ], [ -9.154020827292092, 38.768084332197631 ], [ -9.153797101475405, 38.76806034493066 ], [ -9.153763139760182, 38.768053999326114 ], [ -9.153662009100023, 38.768092531996103 ], [ -9.15345025661474, 38.76815394198875 ], [ -9.153386748696409, 38.768166986878349 ], [ -9.153246686100694, 38.768268619677741 ], [ -9.15306682073777, 38.768375507285946 ], [ -9.152874438534583, 38.7684680778368 ], [ -9.152671392308173, 38.768545439767912 ], [ -9.152459637603272, 38.768606847990512 ], [ -9.152241213855552, 38.768651711067001 ], [ -9.152018224746056, 38.768679596908477 ], [ -9.15179281793618, 38.76869023693726 ], [ -9.151567164378578, 38.768683528674245 ], [ -9.151445208466528, 38.768670450467937 ], [ -9.151369888994214, 38.768685920027593 ], [ -9.151374929656262, 38.768751374317112 ], [ -9.151366360124852, 38.768928032741101 ], [ -9.151335713782156, 38.769103182915124 ], [ -9.151283285611079, 38.769275138032413 ], [ -9.15120958037652, 38.769442242044612 ], [ -9.151115307769855, 38.769602885611505 ], [ -9.151001375579236, 38.76975552160124 ], [ -9.150868880951263, 38.769898679991819 ], [ -9.150846750060818, 38.769918228304881 ], [ -9.150845191982533, 38.769950342510654 ], [ -9.150814543980051, 38.77012549254097 ], [ -9.150762113858335, 38.770297447421839 ], [ -9.150688406401063, 38.770464551107203 ], [ -9.150594131321013, 38.770625194259978 ], [ -9.150480196430154, 38.770777829752312 ], [ -9.150347698901088, 38.770920987566967 ], [ -9.150197914703865, 38.771053288956601 ], [ -9.150032286319744, 38.771173459724054 ], [ -9.149852408850185, 38.771280342495956 ], [ -9.149660014654772, 38.771372907871331 ], [ -9.149456956666063, 38.771450264337631 ], [ -9.149245190542098, 38.771511666858743 ], [ -9.149026755828556, 38.771556524051952 ], [ -9.148803756312116, 38.771584403885029 ], [ -9.148578339754422, 38.771595037838161 ], [ -9.148352677202041, 38.771588323490789 ], [ -9.148128942071855, 38.771564325508336 ], [ -9.147909289213624, 38.771523275019369 ], [ -9.147695834151504, 38.771465567389086 ], [ -9.147490632704752, 38.771391758410815 ], [ -9.147295661184049, 38.771302558951817 ], [ -9.147112797354383, 38.771198828105661 ], [ -9.146943802347963, 38.77108156491645 ], [ -9.146790303701488, 38.770951898755236 ], [ -9.146653779681234, 38.770811078441248 ], [ -9.146535545046898, 38.77066046021249 ], [ -9.146436738391344, 38.770501494662255 ], [ -9.14635831117805, 38.770335712766752 ], [ -9.146301018581806, 38.770164711139081 ], [ -9.146265412220655, 38.769990136651344 ], [ -9.146251834848929, 38.769813670573043 ], [ -9.146260417062267, 38.769637012378773 ], [ -9.146291076046138, 38.769461863380883 ], [ -9.146343516379645, 38.769289910345123 ], [ -9.146417232886677, 38.769122809246646 ], [ -9.146511515506683, 38.768962169323117 ], [ -9.146625456137937, 38.768809537578313 ], [ -9.146757957387234, 38.76866638388541 ], [ -9.146780089031486, 38.768646836332735 ], [ -9.146781648918315, 38.768614722149849 ], [ -9.1468123062419, 38.768439573008081 ], [ -9.146864744624352, 38.768267619735731 ], [ -9.146938458908357, 38.768100518310192 ], [ -9.147032739054771, 38.767939877972339 ], [ -9.147146676985695, 38.76778724572992 ], [ -9.147279175333935, 38.767644091460902 ], [ -9.147428958014412, 38.767511793759816 ], [ -9.147594582515627, 38.767391626663382 ], [ -9.147774453792689, 38.767284747383279 ], [ -9.147966839628106, 38.767192185163964 ], [ -9.148169887312394, 38.767114831372844 ], [ -9.148381641483947, 38.76705343091816 ], [ -9.148597166671843, 38.767009169871741 ], [ -9.14859212870347, 38.766943715407145 ], [ -9.148600704952745, 38.766767057038038 ], [ -9.148631357126211, 38.766591907435206 ], [ -9.148683789868585, 38.766419953370253 ], [ -9.148757498076872, 38.766252850828216 ], [ -9.148851771770451, 38.766092209060695 ], [ -9.148965702933568, 38.76593957508922 ], [ -9.149098194264198, 38.765796418808442 ], [ -9.149247969744849, 38.765664118832248 ], [ -9.149413586933342, 38.765543949219307 ], [ -9.149593450855207, 38.765437067205511 ], [ -9.149785829363765, 38.765344502061637 ], [ -9.149988869820078, 38.765267145183273 ], [ -9.150200616932132, 38.765205741508389 ], [ -9.150419031581578, 38.765160882345086 ], [ -9.150511705783103, 38.765149293840302 ], [ -9.150492982872077, 38.765057517272865 ], [ -9.150479396298728, 38.764881051667118 ], [ -9.150487967755723, 38.764704393164358 ], [ -9.150518614532158, 38.76452924307997 ], [ -9.150571041324735, 38.764357288190148 ], [ -9.150644743087772, 38.76419018448793 ], [ -9.150739009902725, 38.764029541236084 ], [ -9.150852933820085, 38.763876905470433 ], [ -9.150985417607609, 38.763733747102926 ], [ -9.151135185320438, 38.763601444767552 ], [ -9.151172861790677, 38.763574105380677 ], [ -9.151150935662876, 38.763466629488832 ], [ -9.151137347858775, 38.763290163930051 ], [ -9.151145917588488, 38.763113505356174 ], [ -9.151176562157755, 38.762938355083215 ], [ -9.151227698815815, 38.762770622896177 ], [ -9.151253971901301, 38.762620456431975 ], [ -9.151306395625747, 38.7624485011997 ], [ -9.151380093797767, 38.762281397029753 ], [ -9.151474356533408, 38.762120753189379 ], [ -9.151588275922457, 38.761968116720098 ], [ -9.151720754776283, 38.761824957540632 ], [ -9.151819174015277, 38.761738012007363 ], [ -9.15181659926013, 38.76170457661361 ], [ -9.151825167210539, 38.761527917967918 ], [ -9.151855809522647, 38.761352767501698 ], [ -9.151908230936174, 38.761180811994834 ], [ -9.151981926457259, 38.761013707446317 ], [ -9.152076186227488, 38.760853063127065 ], [ -9.152190102365209, 38.760700426083204 ], [ -9.152322577713102, 38.760557266238997 ], [ -9.152472336407591, 38.760424962242666 ], [ -9.152637936168146, 38.76030478819159 ], [ -9.152817782188107, 38.7601979013644 ], [ -9.152900943740123, 38.760157881280143 ], [ -9.152740368805992, 38.760084416151756 ], [ -9.152557526276807, 38.759980693347629 ], [ -9.152388549402673, 38.759863437572115 ], [ -9.152235065545689, 38.75973377812484 ], [ -9.152104267373424, 38.75959885838941 ], [ -9.152065532695108, 38.759664874095485 ], [ -9.151951617887045, 38.759817511025851 ], [ -9.151819143123731, 38.759960670458909 ], [ -9.151669384155989, 38.760092973631771 ], [ -9.151503783222106, 38.760213146330081 ], [ -9.151323935159164, 38.760320031161918 ], [ -9.151207844878471, 38.760375895327542 ], [ -9.151187523599818, 38.760403123457515 ], [ -9.151055046233482, 38.760546282045659 ], [ -9.15090528463274, 38.760678584261967 ], [ -9.150739681061241, 38.760798755901369 ], [ -9.150559830381473, 38.760905639582099 ], [ -9.150367464694996, 38.76099820589446 ], [ -9.15016443665977, 38.761075563316922 ], [ -9.149952701645313, 38.761136966804123 ], [ -9.149734298897632, 38.761181824964105 ], [ -9.149511331895486, 38.761209705755341 ], [ -9.149285948087307, 38.761220340648762 ], [ -9.14906031820418, 38.761213627214772 ], [ -9.148836615348285, 38.761189630109996 ], [ -9.148616994058479, 38.761148580454531 ], [ -9.148403569554821, 38.761090873605582 ], [ -9.148198397362215, 38.761017065348838 ], [ -9.148003453509556, 38.760927866544691 ], [ -9.147820615495332, 38.76082413628032 ], [ -9.147651644203112, 38.760706873594202 ], [ -9.147498166941212, 38.760577207852563 ], [ -9.147361661769972, 38.760436387870541 ], [ -9.147243443267588, 38.760285769882927 ], [ -9.147144649871601, 38.76012680448067 ], [ -9.147066232917856, 38.759961022638528 ], [ -9.147008947482398, 38.759790020969099 ], [ -9.146973345114386, 38.759615446344846 ], [ -9.146959768529776, 38.759438980036599 ], [ -9.14696834831671, 38.759262321521163 ], [ -9.146999001684106, 38.759087172114 ], [ -9.14705143326524, 38.758915218584775 ], [ -9.147125137968366, 38.758748116913424 ], [ -9.147219405846672, 38.758587476343159 ], [ -9.147333328940455, 38.758434843883975 ], [ -9.147465810025444, 38.758291689415998 ], [ -9.147615573182843, 38.758159391535642 ], [ -9.147619283028515, 38.758156699548962 ], [ -9.147577614754598, 38.758168782892554 ], [ -9.147359219429209, 38.758213636534059 ], [ -9.147136260614797, 38.758241512695406 ], [ -9.14691088568093, 38.758252142892161 ], [ -9.1466852652732, 38.758245424739918 ], [ -9.146461572402515, 38.758221422940792 ], [ -9.146425080506788, 38.758214601141106 ], [ -9.146324044349274, 38.75828791422731 ], [ -9.146144193152605, 38.758394791161599 ], [ -9.14595182827096, 38.758487350230759 ], [ -9.14574880235457, 38.758564699982962 ], [ -9.145537070752553, 38.758626095446779 ], [ -9.145525112164824, 38.758628551254191 ], [ -9.145470469350704, 38.758644395855086 ], [ -9.145452947270442, 38.758647994165507 ], [ -9.14532929443785, 38.758695103299765 ], [ -9.145117562076708, 38.758756498012218 ], [ -9.144899163326647, 38.758801347096885 ], [ -9.144676201627927, 38.758829218599637 ], [ -9.144450824377897, 38.758839844080917 ], [ -9.144225202244465, 38.758833121201761 ], [ -9.144001508255162, 38.758809114709777 ], [ -9.14380708389802, 38.758772764846874 ], [ -9.143794194522977, 38.758801983967487 ], [ -9.143699918632381, 38.758962621876293 ], [ -9.143585986905654, 38.759115250895491 ], [ -9.143453496485016, 38.759258401070241 ], [ -9.143303723272123, 38.759390693726758 ], [ -9.143138109642512, 38.759510854752001 ], [ -9.142958250555582, 38.75961772686648 ], [ -9.142765878193899, 38.75971028077187 ], [ -9.142562845279752, 38.759787625066153 ], [ -9.142351107229675, 38.759849014830401 ], [ -9.142132703318934, 38.759893858804858 ], [ -9.141909737037505, 38.759921725084617 ], [ -9.141684355826882, 38.75993234528039 ], [ -9.141458730393133, 38.75992561710418 ], [ -9.141406708463414, 38.759920033073527 ], [ -9.141251817699267, 38.759979035526875 ], [ -9.141245789982609, 38.759980783083812 ], [ -9.141104415045442, 38.760034636687642 ], [ -9.14089267496235, 38.760096023833469 ], [ -9.140674269329383, 38.760140865102798 ], [ -9.140451301653098, 38.76016872861674 ], [ -9.140225919388438, 38.760179346012698 ], [ -9.140000293251619, 38.760172615029603 ], [ -9.139776596308732, 38.760148600493103 ], [ -9.139556983041661, 38.760107533691219 ], [ -9.139431257554664, 38.760073527988716 ], [ -9.139376796775666, 38.760196964515849 ], [ -9.139282509135201, 38.76035759898074 ], [ -9.139168565749939, 38.760510223813419 ], [ -9.139036063874393, 38.760653369099309 ], [ -9.138886279520564, 38.760785656211752 ], [ -9.138720655171305, 38.760905811091071 ], [ -9.138540785889282, 38.761012676516948 ], [ -9.138348403955273, 38.761105223255505 ], [ -9.138145362183785, 38.761182559973719 ], [ -9.137933616076683, 38.761243941825654 ], [ -9.137715204986854, 38.761288777627747 ], [ -9.137524779237898, 38.761312569226781 ], [ -9.137442269843591, 38.761361588861902 ], [ -9.137249885523854, 38.76145413381812 ], [ -9.137046841544148, 38.761531468652244 ], [ -9.136835093427612, 38.761592848536509 ], [ -9.136616680546496, 38.761637682306286 ], [ -9.136393706477184, 38.761665538154951 ], [ -9.13616831873621, 38.761676147793743 ], [ -9.136096859150131, 38.761674013606047 ], [ -9.135995665728078, 38.761694785004991 ], [ -9.135772691214219, 38.761722639674105 ], [ -9.135547303175704, 38.761733248118681 ], [ -9.135321672384372, 38.761726508163896 ], [ -9.135097971951149, 38.761702484721823 ], [ -9.134878356391537, 38.761661409166273 ], [ -9.134664940870383, 38.761603677103864 ], [ -9.134459780826031, 38.761529844563235 ], [ -9.134264852170315, 38.761440622638602 ], [ -9.134082032255302, 38.76133687063988 ], [ -9.133913081790167, 38.761219587814857 ], [ -9.13375962788257, 38.761089903723715 ], [ -9.133623148367844, 38.760949067358297 ], [ -9.133504957577019, 38.760798435111191 ], [ -9.133406193680674, 38.760639457710617 ], [ -9.133327807730485, 38.760473666246874 ], [ -9.133270554503857, 38.760302657425179 ], [ -9.133234985239712, 38.760128078186838 ], [ -9.133221442335165, 38.759951609847079 ], [ -9.133230056053987, 38.759774951902216 ], [ -9.133260743278317, 38.759599805662148 ], [ -9.133313208315384, 38.759427857866022 ], [ -9.133386945751283, 38.759260764438515 ], [ -9.133481245324012, 38.759100134543381 ], [ -9.133595198768701, 38.758947515087804 ], [ -9.133597203464259, 38.758945349588089 ], [ -9.133608122421142, 38.758909563210466 ], [ -9.133681858658038, 38.758742469598516 ], [ -9.133776156907487, 38.758581839469265 ], [ -9.133890108917363, 38.758429219732129 ], [ -9.134010471752571, 38.758299200051532 ], [ -9.134009279478144, 38.758296678282157 ], [ -9.133952026484859, 38.758125669729921 ], [ -9.133916456760822, 38.757951090642514 ], [ -9.133902912707599, 38.75777462233372 ], [ -9.133911524600038, 38.757597964299528 ], [ -9.133942209337883, 38.757422817850752 ], [ -9.133994671252331, 38.757250869728523 ], [ -9.134068404959558, 38.75708377586065 ], [ -9.134162700233485, 38.756923145415158 ], [ -9.134258904388696, 38.756794291870996 ], [ -9.134154158006943, 38.756660788292606 ], [ -9.13403435150912, 38.756657207734001 ], [ -9.133810667318562, 38.756633181590338 ], [ -9.133591068046199, 38.756592103363396 ], [ -9.133377668699971, 38.7565343686856 ], [ -9.13317252456242, 38.756460533610728 ], [ -9.132977611392155, 38.756371309257396 ], [ -9.132794806392077, 38.756267554958896 ], [ -9.132678510044688, 38.756186815618797 ], [ -9.132526768448969, 38.756244607366533 ], [ -9.132315031808332, 38.756305978959041 ], [ -9.132096631959842, 38.756350804144091 ], [ -9.131873672354354, 38.756378651197785 ], [ -9.131770413262776, 38.756383508202383 ], [ -9.131672127614042, 38.75645480436436 ], [ -9.131492258612676, 38.756561659013229 ], [ -9.131473213317632, 38.756570819888601 ], [ -9.131526717860936, 38.75660796650908 ], [ -9.13168015801493, 38.756737653812003 ], [ -9.131816625557521, 38.756878492704374 ], [ -9.131934806190371, 38.757029126892071 ], [ -9.131993210294663, 38.757123147238332 ], [ -9.132084430536404, 38.757217288342304 ], [ -9.132202612300681, 38.757367922235623 ], [ -9.132301368880956, 38.757526900836858 ], [ -9.13237974909876, 38.757692693146168 ], [ -9.132436997987629, 38.757863702535779 ], [ -9.132472564068534, 38.758038282124659 ], [ -9.132486104666357, 38.75821475063762 ], [ -9.132477489215955, 38.758391408596168 ], [ -9.132446800525786, 38.758566554684911 ], [ -9.132394333986705, 38.758738502136381 ], [ -9.132320594733242, 38.758905594976014 ], [ -9.132226292784537, 38.759066223971132 ], [ -9.132112336211465, 38.759218842130174 ], [ -9.131979822395591, 38.759361979602886 ], [ -9.131830027463954, 38.759494257837801 ], [ -9.131664394001319, 38.759614402860763 ], [ -9.131484517158164, 38.759721257546367 ], [ -9.131292129288131, 38.759813792764184 ], [ -9.131089083262923, 38.759891117292142 ], [ -9.131025446846266, 38.759909560485482 ], [ -9.131130441781377, 38.759957623379215 ], [ -9.131313253959014, 38.760061380123275 ], [ -9.131482197477023, 38.760178666822831 ], [ -9.131635645339275, 38.760308354005296 ], [ -9.131772119749284, 38.760449192775326 ], [ -9.131890306342571, 38.760599826840021 ], [ -9.131989066846295, 38.76075880556828 ], [ -9.132067450044174, 38.760924597959082 ], [ -9.132068163468986, 38.760926728976813 ], [ -9.132173502970033, 38.76099985740283 ], [ -9.132326953855202, 38.761129543619504 ], [ -9.132463431206153, 38.761270381523758 ], [ -9.132581620630086, 38.761421014831015 ], [ -9.132680383826898, 38.761579992917483 ], [ -9.132758769554377, 38.761745784788332 ], [ -9.132816022792971, 38.761916793819971 ], [ -9.132851592021742, 38.762091373134844 ], [ -9.132865134535221, 38.762267841460414 ], [ -9.132856519749781, 38.762444499319976 ], [ -9.13282583046745, 38.762619645399106 ], [ -9.132773362084748, 38.762791592930405 ], [ -9.132699619753932, 38.762958685938557 ], [ -9.132605313523751, 38.76311931518925 ], [ -9.132491351506289, 38.763271933688479 ], [ -9.13244112457925, 38.763326184877833 ], [ -9.132409053048379, 38.763369135009611 ], [ -9.132276532335537, 38.763512272812704 ], [ -9.132173045408242, 38.763603653693686 ], [ -9.132131733557772, 38.763648274995241 ], [ -9.13198193011984, 38.763780553444619 ], [ -9.131816287162104, 38.763900698724342 ], [ -9.131636399926483, 38.764007553706527 ], [ -9.131444000866709, 38.764100089257859 ], [ -9.13124094296227, 38.764177414153075 ], [ -9.131029181870446, 38.764238783660112 ], [ -9.130810757088485, 38.764283606714308 ], [ -9.130587772307427, 38.764311451612251 ], [ -9.130401783530377, 38.764320197152891 ], [ -9.13039872399969, 38.76432350161501 ], [ -9.130248915928293, 38.76445577788904 ], [ -9.130083268473735, 38.764575920757949 ], [ -9.129903376921254, 38.764682773117094 ], [ -9.129710973766166, 38.764775305858429 ], [ -9.129507912027409, 38.764852627783732 ], [ -9.129296147399208, 38.764913994189563 ], [ -9.129077719412876, 38.764958814041101 ], [ -9.128854731790321, 38.764986655665837 ], [ -9.128629332178638, 38.764997250911939 ], [ -9.128403691461154, 38.764990497731738 ], [ -9.12817998284441, 38.764966461164683 ], [ -9.127960360922735, 38.764925372710998 ], [ -9.127746940922254, 38.764867628101584 ], [ -9.127541778324437, 38.764793783485899 ], [ -9.127346849065701, 38.764704550074505 ], [ -9.127164030503886, 38.764600787287932 ], [ -9.126995083335114, 38.764483494477879 ], [ -9.126841634635246, 38.7643538013007 ], [ -9.126705162189429, 38.764212956835756 ], [ -9.126586980260555, 38.764062317553623 ], [ -9.126488226933816, 38.763903334250294 ], [ -9.126409853159036, 38.763737538072903 ], [ -9.126352613596325, 38.763566525772006 ], [ -9.126317059352965, 38.76339194432245 ], [ -9.126303532681371, 38.763215475060711 ], [ -9.126312163688954, 38.763038817491946 ], [ -9.126342869091326, 38.762863672922443 ], [ -9.126395353020643, 38.762691728075218 ], [ -9.126469109881043, 38.762524638846507 ], [ -9.126563429223472, 38.762364014359619 ], [ -9.126677402592675, 38.762211401469628 ], [ -9.126809932280301, 38.762068269868131 ], [ -9.126959741899597, 38.76193599793131 ], [ -9.126975388747587, 38.761924649783758 ], [ -9.127065708482126, 38.761803707729804 ], [ -9.127198236647773, 38.761660575698336 ], [ -9.127291945251732, 38.761577836140539 ], [ -9.127323232754385, 38.761506954040556 ], [ -9.127417548876236, 38.761346328879803 ], [ -9.127531518835648, 38.761193715176105 ], [ -9.127624011357568, 38.76109382030166 ], [ -9.127664198204464, 38.760962151322524 ], [ -9.127737950394579, 38.760795061306951 ], [ -9.127832264676631, 38.760634435816904 ], [ -9.127946232644106, 38.760481821717114 ], [ -9.128078756640678, 38.760338688710846 ], [ -9.12822856033439, 38.760206415187831 ], [ -9.128394201011512, 38.760086274951945 ], [ -9.128574083471481, 38.759979424956221 ], [ -9.128766475389208, 38.759886894163081 ], [ -9.128969523996719, 38.759809573637362 ], [ -9.129033160878624, 38.759791131557392 ], [ -9.128928167556129, 38.759743066756116 ], [ -9.128745359574129, 38.759639306218837 ], [ -9.128576421741942, 38.759522015475753 ], [ -9.128422981045519, 38.759392324163329 ], [ -9.12828651519294, 38.759251481342936 ], [ -9.128168338383626, 38.759100843469305 ], [ -9.128109937588869, 38.759006821197772 ], [ -9.128018720172946, 38.758912676980884 ], [ -9.127987542680968, 38.758872935203783 ], [ -9.127844408040982, 38.758976752499372 ], [ -9.127664526953637, 38.759083601371124 ], [ -9.127472135708201, 38.759176130352962 ], [ -9.127269087208905, 38.759253448282905 ], [ -9.127160199851714, 38.759285002361786 ], [ -9.127129706351962, 38.759458957472503 ], [ -9.127077226393032, 38.75963090268877 ], [ -9.127003473792687, 38.759797992324771 ], [ -9.126909158698618, 38.759958617178683 ], [ -9.126795189308316, 38.760111230298804 ], [ -9.12666266312681, 38.760254361883391 ], [ -9.126512856400257, 38.760386633437683 ], [ -9.126347211827049, 38.760506771051851 ], [ -9.126343809145229, 38.760508792130139 ], [ -9.12632835638022, 38.760522436006646 ], [ -9.126162711182893, 38.760642573364784 ], [ -9.125982823402623, 38.760749419706478 ], [ -9.125790425498412, 38.760841945981632 ], [ -9.125587370438636, 38.760919261054347 ], [ -9.125375613853198, 38.760980620287164 ], [ -9.125157195195948, 38.761025432714369 ], [ -9.124934218098938, 38.761053266734947 ], [ -9.124708830107867, 38.761063854270354 ], [ -9.124483201994124, 38.761057093347162 ], [ -9.124259506842836, 38.761033049079408 ], [ -9.124255094948889, 38.761032223469272 ], [ -9.124255485486735, 38.761034141474937 ], [ -9.124268573163256, 38.761204954282498 ], [ -9.124313252207489, 38.761338457268572 ], [ -9.124348800453602, 38.761513039466315 ], [ -9.124362321902943, 38.761689509072944 ], [ -9.124353686174747, 38.761866166599354 ], [ -9.124322976272737, 38.762041310734318 ], [ -9.124270487792034, 38.76221325472914 ], [ -9.124244655560275, 38.762271771001153 ], [ -9.124391003977907, 38.762324453516662 ], [ -9.124585923120325, 38.76241369202868 ], [ -9.124768732384663, 38.762517459009949 ], [ -9.12493767127118, 38.762634755187094 ], [ -9.125091112828313, 38.762764450996265 ], [ -9.125227579320262, 38.762905297459042 ], [ -9.125345756458753, 38.763055938208417 ], [ -9.12544450606195, 38.763214922548926 ], [ -9.125522877018513, 38.763380719425491 ], [ -9.1255801144511, 38.763551732166306 ], [ -9.125615666990964, 38.763726313858058 ], [ -9.125629192093326, 38.763902783205324 ], [ -9.125620559342222, 38.764079440721495 ], [ -9.125608572837715, 38.7641478071777 ], [ -9.125717538159149, 38.764177292308872 ], [ -9.125922697166034, 38.76425114018317 ], [ -9.126117623455876, 38.764340376016769 ], [ -9.126300439864458, 38.764444140473792 ], [ -9.126469385823253, 38.764561434305172 ], [ -9.126622834312599, 38.764691127969627 ], [ -9.126759307529939, 38.76483197250942 ], [ -9.12687749112224, 38.764982611576066 ], [ -9.126976246845512, 38.765141594490323 ], [ -9.127054623529474, 38.765307390210836 ], [ -9.127111866241625, 38.765478402076944 ], [ -9.127147423562356, 38.765652983183784 ], [ -9.127160952900836, 38.765829452241526 ], [ -9.127152323800294, 38.766006109766408 ], [ -9.12712161920059, 38.766181254447233 ], [ -9.127069134645742, 38.766353199530002 ], [ -9.126995375443745, 38.766520289062981 ], [ -9.126965643735344, 38.766570919607823 ], [ -9.127038833861, 38.766506301426944 ], [ -9.127204490909527, 38.766386162785906 ], [ -9.127384390800994, 38.766279314502135 ], [ -9.12757680104246, 38.766186785521562 ], [ -9.127779868689508, 38.766109466891571 ], [ -9.127991638188377, 38.766048103181781 ], [ -9.128210070205224, 38.766003285315499 ], [ -9.128433061261315, 38.765975444880397 ], [ -9.128658463985275, 38.7659648499734 ], [ -9.128884107787501, 38.765971602619544 ], [ -9.129107819757914, 38.7659956377898 ], [ -9.129327445586005, 38.766036724027295 ], [ -9.129540870301948, 38.766094465675693 ], [ -9.129746038639274, 38.766168306688677 ], [ -9.129940974823194, 38.76625753598347 ], [ -9.130123801594234, 38.766361294287137 ], [ -9.130292758284098, 38.766478582409874 ], [ -9.130446217769805, 38.766608270865397 ], [ -9.130582702142922, 38.766749110746147 ], [ -9.130700896942997, 38.766899745748482 ], [ -9.130799663818122, 38.767058725232339 ], [ -9.130878051490619, 38.767224518189394 ], [ -9.130935304922176, 38.767395527985627 ], [ -9.130970872589938, 38.767570107736105 ], [ -9.130976655793209, 38.767645485411961 ], [ -9.130980671537877, 38.767648273006373 ], [ -9.131134134801663, 38.767777960483023 ], [ -9.131270622788884, 38.767918799484875 ], [ -9.131388821004283, 38.768069433716754 ], [ -9.13148759106306, 38.768228412546016 ], [ -9.13156598165688, 38.768394204970654 ], [ -9.131623237719284, 38.768565214361765 ], [ -9.131658807702085, 38.768739793838336 ], [ -9.131672348892495, 38.768916262126282 ], [ -9.131663730719579, 38.769092919749234 ], [ -9.131633036017936, 38.769268065395075 ], [ -9.131580560236223, 38.769440012300535 ], [ -9.131506808597914, 38.76960710449633 ], [ -9.131412491241349, 38.769767732755966 ], [ -9.131298516385741, 38.769920350094949 ], [ -9.131165981588685, 38.770063486670885 ], [ -9.131016163179256, 38.770195763940926 ], [ -9.13085050396832, 38.770315907940187 ], [ -9.130670599354335, 38.770422761553093 ], [ -9.13047818195842, 38.770515295659528 ], [ -9.130275104936667, 38.770592619048102 ], [ -9.130063324130512, 38.770653987001275 ], [ -9.129992835823819, 38.770668450146836 ], [ -9.129902779955215, 38.770765705966866 ], [ -9.129752957736576, 38.770897981652141 ], [ -9.129587294768816, 38.771018123896035 ], [ -9.129407386486582, 38.771124975599889 ], [ -9.129214965546325, 38.771217507661973 ], [ -9.129194108602029, 38.771225448799242 ], [ -9.129098481858223, 38.771328718192365 ], [ -9.128948656976315, 38.771460992869159 ], [ -9.128782991352582, 38.771581133996534 ], [ -9.128603080447254, 38.771687984486569 ], [ -9.128410656942055, 38.77178051524924 ], [ -9.128207574051935, 38.771857835105337 ], [ -9.127995787674854, 38.771919199371354 ], [ -9.127777337551633, 38.771964017033078 ], [ -9.127554327617425, 38.771991856439044 ], [ -9.127441084009504, 38.771997178034688 ], [ -9.127295774085791, 38.772102552936104 ], [ -9.127115859618806, 38.772209401173683 ], [ -9.126923432752534, 38.772301929523152 ], [ -9.126720346734306, 38.772379246828557 ], [ -9.126508557492221, 38.772440608430955 ], [ -9.126290104794698, 38.772485423341791 ], [ -9.126067092601687, 38.772513259936105 ], [ -9.125841668796975, 38.772523850110545 ], [ -9.125616004496937, 38.772517091866277 ], [ -9.125392273135295, 38.772493050291537 ], [ -9.12517262952548, 38.772451956934795 ], [ -9.124959189102523, 38.772394207574173 ], [ -9.124754007544615, 38.772320358404919 ], [ -9.1245590609708, 38.772231120681454 ], [ -9.124376226905685, 38.772127353865869 ], [ -9.124207266194695, 38.77201005734868 ], [ -9.124053806044108, 38.77188036082196 ], [ -9.124043881528362, 38.771870118868691 ], [ -9.123937677799834, 38.771900886732681 ], [ -9.123909969605098, 38.771948063825235 ], [ -9.123795975233252, 38.772100674047358 ], [ -9.123663421316099, 38.772243802312587 ], [ -9.123513584366886, 38.772376070158089 ], [ -9.123347907375079, 38.772496203709736 ], [ -9.123167985910417, 38.772603045952572 ], [ -9.122975552756351, 38.772695567875964 ], [ -9.122772461220789, 38.772772878385879 ], [ -9.122560667284988, 38.772834232888819 ], [ -9.122342210762586, 38.772879040464602 ], [ -9.12211919565039, 38.772906869558923 ], [ -9.121893769860305, 38.772917452140696 ], [ -9.12166810452784, 38.772910686284199 ], [ -9.121444373096654, 38.772886637150968 ], [ -9.121224730380845, 38.772845536362325 ], [ -9.121011291806832, 38.77278777976796 ], [ -9.120806113034984, 38.772713923632793 ], [ -9.120695310654265, 38.77266319865204 ], [ -9.12069557702061, 38.772666676655327 ], [ -9.120689755665028, 38.772785626612048 ], [ -9.120732453371774, 38.772854367973743 ], [ -9.120869414977072, 38.772932105784747 ], [ -9.121038372532341, 38.773049407153266 ], [ -9.121191829857354, 38.773179107653355 ], [ -9.12132830906442, 38.77331995826146 ], [ -9.12144649574277, 38.77347060257069 ], [ -9.121545251618636, 38.773629589851289 ], [ -9.121623625520195, 38.773795389019874 ], [ -9.121680862541666, 38.773966403382573 ], [ -9.121716411318172, 38.774140986010472 ], [ -9.12172992934109, 38.774317455599089 ], [ -9.121721286262547, 38.774494112659518 ], [ -9.121690565156959, 38.774669255885016 ], [ -9.121638061727241, 38.774841198535583 ], [ -9.121564281463121, 38.775008284682883 ], [ -9.121469934778627, 38.775168905158615 ], [ -9.121355930175433, 38.77532151305325 ], [ -9.121296107992624, 38.775386101112673 ], [ -9.121454853451979, 38.775476198649613 ], [ -9.121623818040575, 38.77559349902959 ], [ -9.12177728196075, 38.77572319861936 ], [ -9.121913767261303, 38.775864048404131 ], [ -9.122031959472775, 38.77601469198494 ], [ -9.122130720268109, 38.776173678639068 ], [ -9.122209098428092, 38.776339477289163 ], [ -9.122266339005924, 38.776510491246377 ], [ -9.122301890602456, 38.776685073585661 ], [ -9.122315410681891, 38.776861543005332 ], [ -9.122306768876532, 38.777038200018126 ], [ -9.12227604824851, 38.777213343317733 ], [ -9.122223544496126, 38.777385286163494 ], [ -9.122149763112187, 38.777552372625145 ], [ -9.122055414521492, 38.777712993531367 ], [ -9.121941407244053, 38.777865601968479 ], [ -9.121881587086495, 38.777930186469781 ], [ -9.121955434119277, 38.777992595678903 ], [ -9.122091924187792, 38.778133445140007 ], [ -9.122210120619084, 38.77828408842857 ], [ -9.122308885045449, 38.778443074824715 ], [ -9.122387266212691, 38.778608873253567 ], [ -9.122444509145039, 38.778779887028399 ], [ -9.122480062420655, 38.778954469225937 ], [ -9.122493583487552, 38.779130938545883 ], [ -9.122484941968503, 38.779307595501919 ], [ -9.122454220922869, 38.779482738788275 ], [ -9.122401716052948, 38.779654681664411 ], [ -9.122327932862298, 38.779821768199774 ], [ -9.122297483430964, 38.779873604675373 ], [ -9.122229538155697, 38.780027469906308 ], [ -9.12216282879255, 38.780141033787714 ], [ -9.122210938164411, 38.780218476108814 ], [ -9.122245369340753, 38.780291306247605 ], [ -9.122395985757381, 38.780418588814406 ], [ -9.122532481409259, 38.780559437630835 ], [ -9.122650682872941, 38.780710080347028 ], [ -9.122749451732245, 38.780869066248641 ], [ -9.122791987020829, 38.780959035994009 ], [ -9.122830038383968, 38.780894258163556 ], [ -9.122944048432819, 38.78074164889896 ], [ -9.123076619173153, 38.780598521429106 ], [ -9.123118669055819, 38.780561406692456 ], [ -9.123115474538301, 38.780519719591382 ], [ -9.123124114582479, 38.780343062643482 ], [ -9.123154834309423, 38.780167919223203 ], [ -9.123207337713202, 38.779995976042429 ], [ -9.123281119010292, 38.779828888981356 ], [ -9.123375467516198, 38.77966826714237 ], [ -9.123402724665977, 38.779631780779219 ], [ -9.123426169143642, 38.779591867996437 ], [ -9.123540175894874, 38.779439258160657 ], [ -9.123672743073168, 38.779296130030424 ], [ -9.123680073052578, 38.779289660131099 ], [ -9.123715759869599, 38.779172785297874 ], [ -9.123789539166186, 38.779005697919345 ], [ -9.123883885477508, 38.778845075676827 ], [ -9.123997890088516, 38.778692465403758 ], [ -9.124130454989929, 38.77854933676646 ], [ -9.124280303455842, 38.778417068112581 ], [ -9.124445992341336, 38.778296933199037 ], [ -9.124625925981622, 38.778190088927587 ], [ -9.12465720996506, 38.778175048131786 ], [ -9.124631090400431, 38.778133004724644 ], [ -9.124552704614134, 38.777967207849272 ], [ -9.124495457359929, 38.777796195141583 ], [ -9.124459899819067, 38.777621613580308 ], [ -9.124446374275612, 38.777445144503034 ], [ -9.124455010825988, 38.777268487413117 ], [ -9.124485726132313, 38.777093343612265 ], [ -9.124511647439864, 38.777008445250047 ], [ -9.124443595700422, 38.776938222781766 ], [ -9.124325396901206, 38.776787581750824 ], [ -9.124226630396489, 38.776628597043562 ], [ -9.124148247262941, 38.776462799820621 ], [ -9.124091002250708, 38.776291786842677 ], [ -9.124055446519456, 38.776117205091076 ], [ -9.124041922335834, 38.77594073590523 ], [ -9.124050559783182, 38.775764078789528 ], [ -9.124081275514992, 38.77558893504591 ], [ -9.12409028160863, 38.775559437995412 ], [ -9.124063127052313, 38.775531416417074 ], [ -9.123944931431303, 38.775380774924265 ], [ -9.123846167772195, 38.775221789820883 ], [ -9.123767787124255, 38.775055992271376 ], [ -9.123710544213699, 38.77488497903957 ], [ -9.123699428822325, 38.774830398931805 ], [ -9.123689346749652, 38.774800278602598 ], [ -9.123653792813961, 38.774625696662078 ], [ -9.123640269980029, 38.774449227368486 ], [ -9.123648908318215, 38.774272570227239 ], [ -9.123679624473441, 38.774097426540543 ], [ -9.123732122474223, 38.77392548302285 ], [ -9.123805896589117, 38.773758395557586 ], [ -9.123900236202829, 38.773597773251062 ], [ -9.124014232664836, 38.773445162937328 ], [ -9.124146788044358, 38.773302034283134 ], [ -9.124296625707204, 38.773169765636254 ], [ -9.124462302612505, 38.773049630753619 ], [ -9.124642223210836, 38.772942786536632 ], [ -9.124834654809868, 38.772850261892081 ], [ -9.12503774425954, 38.772772947825544 ], [ -9.12524953579617, 38.772711588862727 ], [ -9.125467989873727, 38.772666775881191 ], [ -9.125691002801076, 38.772638940421587 ], [ -9.12591642699627, 38.772628350532919 ], [ -9.125927626631649, 38.772628685922783 ], [ -9.126102922312691, 38.77262045063236 ], [ -9.126328586964316, 38.772627207931258 ], [ -9.126552319021739, 38.772651247703052 ], [ -9.126771963981053, 38.772692338446518 ], [ -9.126985406688226, 38.772750084461968 ], [ -9.127190591703553, 38.772823929661037 ], [ -9.127385543091654, 38.772913162920617 ], [ -9.127568383446643, 38.773016924929657 ], [ -9.127737351969405, 38.773134216462658 ], [ -9.127890821422994, 38.77326390800053 ], [ -9.128027313802958, 38.773404750606019 ], [ -9.128145514571708, 38.773555387949273 ], [ -9.128244285319813, 38.773714369367681 ], [ -9.128322674732255, 38.773880163834299 ], [ -9.128379927753905, 38.774051174700595 ], [ -9.128390489928055, 38.774103021906228 ], [ -9.128403430458606, 38.774141674217269 ], [ -9.12843899567738, 38.774316254576789 ], [ -9.128452530293409, 38.77449272316278 ], [ -9.128443903799024, 38.774669380496029 ], [ -9.128419868671397, 38.774806481018558 ], [ -9.128523448468425, 38.774938481171155 ], [ -9.128622222022933, 38.775097462196555 ], [ -9.128700613888359, 38.775263256339223 ], [ -9.128757868985941, 38.775434266953745 ], [ -9.128793435776728, 38.775608847147275 ], [ -9.128806971578616, 38.775785315638863 ], [ -9.128798345872504, 38.775961972950157 ], [ -9.128767641565487, 38.776137117772016 ], [ -9.128744081687282, 38.776214298671874 ], [ -9.128798877723751, 38.776270837695854 ], [ -9.128917084960484, 38.776421474101461 ], [ -9.129015861498804, 38.776580454715571 ], [ -9.129094255967919, 38.776746248518997 ], [ -9.129151513263988, 38.776917258869595 ], [ -9.129187081826878, 38.777091838877084 ], [ -9.129200618957405, 38.777268307262247 ], [ -9.129191994123664, 38.777444964547826 ], [ -9.129161290224335, 38.777620109424895 ], [ -9.129108802796592, 38.777792055137617 ], [ -9.129035037176013, 38.777959145728147 ], [ -9.128940703635552, 38.778119771985423 ], [ -9.128826710550248, 38.778272386944259 ], [ -9.128694155653235, 38.77841552078511 ], [ -9.128561130534152, 38.778532951212533 ], [ -9.128542356811506, 38.778553223076408 ], [ -9.128392516058074, 38.778685497092575 ], [ -9.128226833030473, 38.778805637518609 ], [ -9.128046903356553, 38.778912487273338 ], [ -9.128015619785939, 38.778927528969639 ], [ -9.128041741621695, 38.778969571584447 ], [ -9.128120136584785, 38.779135365969715 ], [ -9.128177393598476, 38.779306376734098 ], [ -9.128212961105332, 38.779480956983363 ], [ -9.128226496416325, 38.77965742543595 ], [ -9.128217869017048, 38.779834082613952 ], [ -9.128187161830869, 38.780009227209469 ], [ -9.128134670426608, 38.780181172469383 ], [ -9.128060900178113, 38.780348262440185 ], [ -9.127966561402904, 38.780508887916795 ], [ -9.127852562526417, 38.780661501941509 ], [ -9.127720001337563, 38.780804634703799 ], [ -9.127712671576568, 38.780811104852134 ], [ -9.127676990552022, 38.780927980798218 ], [ -9.127606723654379, 38.78108713151147 ], [ -9.127635229973643, 38.781106917210728 ], [ -9.127788716647384, 38.781236608484178 ], [ -9.127925224367706, 38.781377450820571 ], [ -9.128043438449266, 38.781528087892696 ], [ -9.128142220354396, 38.781687069040508 ], [ -9.128220618660592, 38.781852863239727 ], [ -9.128277878227019, 38.782023873844395 ], [ -9.128313447471644, 38.782198453961762 ], [ -9.12832698368868, 38.782374922311583 ], [ -9.128318356354971, 38.782551579416925 ], [ -9.128287648393236, 38.782726723970583 ], [ -9.128235155379736, 38.782898669219854 ], [ -9.1281613827038, 38.783065759211318 ], [ -9.128067040706306, 38.783226384739713 ], [ -9.127953037843714, 38.783378998846821 ], [ -9.127820471943304, 38.78352213172132 ], [ -9.127670619633683, 38.783654404855987 ], [ -9.127504924052197, 38.783774544325716 ], [ -9.127324980947602, 38.783881393058557 ], [ -9.127132523311751, 38.783973921981328 ], [ -9.12692940468834, 38.78405123993258 ], [ -9.126717581319529, 38.78411260224707 ], [ -9.126499093302471, 38.784157417929428 ], [ -9.12647493135762, 38.78416043346806 ], [ -9.126341610016976, 38.784224529586453 ], [ -9.126138489804314, 38.784301846180185 ], [ -9.125926664989606, 38.784363207076993 ], [ -9.125708175683926, 38.784408021295114 ], [ -9.125485126199873, 38.784435857216259 ], [ -9.125259664780456, 38.784446446743537 ], [ -9.125033962904402, 38.784439687884344 ], [ -9.124810194367399, 38.784415645732849 ], [ -9.124590514340992, 38.784374551843079 ], [ -9.124377038611012, 38.784316801998315 ], [ -9.124171823195748, 38.784242952398493 ], [ -9.123976844540371, 38.784153714302178 ], [ -9.123793980478492, 38.784049947175063 ], [ -9.123624992144453, 38.78393265041074 ], [ -9.123471507010567, 38.783802953703656 ], [ -9.123335003212814, 38.783662106167206 ], [ -9.123216795315974, 38.783511464301611 ], [ -9.123118021655227, 38.783352478927753 ], [ -9.123039633376118, 38.783186681212747 ], [ -9.122982385278304, 38.783015667921987 ], [ -9.122946828551116, 38.782841086039831 ], [ -9.122935821366697, 38.782697448110284 ], [ -9.122853516447757, 38.78259255787863 ], [ -9.122754744899032, 38.782433572145663 ], [ -9.122712208740992, 38.782343602420084 ], [ -9.122674156528202, 38.782408380207841 ], [ -9.122560143320221, 38.782560989208619 ], [ -9.122427567984696, 38.782704116106466 ], [ -9.12227770724113, 38.782836382451706 ], [ -9.12211200430813, 38.78295651438463 ], [ -9.121932055005283, 38.78306335490587 ], [ -9.121739592384168, 38.783155875021329 ], [ -9.121536470036517, 38.783233183654374 ], [ -9.121324644240383, 38.783294536229562 ], [ -9.121106155116308, 38.783339341845277 ], [ -9.120883106975146, 38.783367168966059 ], [ -9.120657648046974, 38.783377749579842 ], [ -9.120431949786521, 38.783370981779839 ], [ -9.120236677928085, 38.783349993202627 ], [ -9.120089415748984, 38.783392643891688 ], [ -9.119870925504104, 38.78343744721095 ], [ -9.119647876527354, 38.783465271983601 ], [ -9.11942241705686, 38.783475850220199 ], [ -9.119196718552578, 38.783469080036824 ], [ -9.118972954777716, 38.783445026636763 ], [ -9.118753280857936, 38.783403921682385 ], [ -9.118539812520238, 38.783346161063555 ], [ -9.118334605711691, 38.783272301083947 ], [ -9.11813963679454, 38.78318305310215 ], [ -9.117956783508582, 38.783079276679061 ], [ -9.117787806884341, 38.782961971297773 ], [ -9.117634334281316, 38.782832266735724 ], [ -9.117497843714782, 38.782691412181983 ], [ -9.11737964962205, 38.782540764204313 ], [ -9.117280890205336, 38.782381773682467 ], [ -9.117202516472981, 38.782215971833104 ], [ -9.117145283084527, 38.782044955461437 ], [ -9.117109741087642, 38.781870371581469 ], [ -9.117096232616639, 38.781693901553091 ], [ -9.117104887603491, 38.781517244888789 ], [ -9.117135622532727, 38.781342102886143 ], [ -9.117188141252013, 38.781170162243363 ], [ -9.117261937830342, 38.781003078816177 ], [ -9.117356301436063, 38.780842461671966 ], [ -9.117376697912386, 38.780815163554799 ], [ -9.117305305609943, 38.780818511925126 ], [ -9.117203556764439, 38.780867420372481 ], [ -9.117000435789942, 38.78094472112911 ], [ -9.116788612660001, 38.781006065466954 ], [ -9.116570127469483, 38.781050862563738 ], [ -9.116347084491359, 38.781078680966054 ], [ -9.116121631905976, 38.781089252745801 ], [ -9.115895941106963, 38.781082476081338 ], [ -9.115672185783303, 38.781058416238317 ], [ -9.115452520979247, 38.781017304941166 ], [ -9.115239062333973, 38.780959538140863 ], [ -9.11503386570118, 38.780885672200604 ], [ -9.11483890734509, 38.780796418536397 ], [ -9.114656064903762, 38.780692636763852 ], [ -9.114487099303252, 38.780575326417583 ], [ -9.114333637796873, 38.780445617322883 ], [ -9.114197158293013, 38.78030475871239 ], [ -9.114078975122428, 38.780154107192971 ], [ -9.113980226382139, 38.779995113678474 ], [ -9.113901862977661, 38.77982930941436 ], [ -9.113844639469075, 38.77965829122909 ], [ -9.113809106808906, 38.779483706154117 ], [ -9.113798803869612, 38.779349024974437 ], [ -9.113584087028011, 38.779342573325991 ], [ -9.113360337837399, 38.779318508967705 ], [ -9.113356645549173, 38.779317817847023 ], [ -9.113172356160316, 38.779326454883162 ], [ -9.112946671079881, 38.779319672443954 ], [ -9.112722922149281, 38.779295606861275 ], [ -9.112503264351179, 38.779254489914813 ], [ -9.112289813257259, 38.77919671760997 ], [ -9.112084624648478, 38.779122846362938 ], [ -9.111889674711755, 38.779033587640868 ], [ -9.111706841004043, 38.778929801108049 ], [ -9.111537884367266, 38.778812486344975 ], [ -9.111384431968393, 38.778682773219408 ], [ -9.111247961628081, 38.77854191100289 ], [ -9.111148043248477, 38.778414529690899 ], [ -9.111143109601789, 38.778416407017112 ], [ -9.111081784374134, 38.7784458812433 ], [ -9.110878663378157, 38.778523171386411 ], [ -9.110666841887362, 38.778584504626679 ], [ -9.110448359980847, 38.778629290248688 ], [ -9.110225321899952, 38.778657096909633 ], [ -9.109999875777858, 38.778667656794482 ], [ -9.109774192945935, 38.778660868196141 ], [ -9.109550447016419, 38.778636796495242 ], [ -9.109330792943053, 38.77859567353044 ], [ -9.109117346261645, 38.778537895365055 ], [ -9.108912162710636, 38.778464018471787 ], [ -9.108717218428215, 38.778374754372123 ], [ -9.108534390916866, 38.77827096278218 ], [ -9.108365440958815, 38.77815364333113 ], [ -9.108211995656694, 38.778023925931912 ], [ -9.108075532762786, 38.777883059897185 ], [ -9.107957366447867, 38.777732401905268 ], [ -9.10785863464659, 38.77757340293234 ], [ -9.107780288101324, 38.777407594276426 ], [ -9.107723081209777, 38.777236572808235 ], [ -9.107687564764436, 38.777061985590827 ], [ -9.107674080653561, 38.776885514016193 ], [ -9.107682758574551, 38.776708857611716 ], [ -9.107713514791115, 38.776533717672386 ], [ -9.107766052945962, 38.776361780876549 ], [ -9.107839866920967, 38.776194703042854 ], [ -9.10793424571701, 38.776034093184776 ], [ -9.108048280306283, 38.775881498016453 ], [ -9.108180872390903, 38.77573838705873 ], [ -9.108330744983274, 38.775606138488953 ], [ -9.108496454706229, 38.775486025870663 ], [ -9.108520848226261, 38.775471545766386 ], [ -9.108512929993944, 38.775367929903886 ], [ -9.108521605739403, 38.775191273421022 ], [ -9.10855235932625, 38.77501613325105 ], [ -9.108604894422527, 38.774844196074547 ], [ -9.108678704939582, 38.7746771177138 ], [ -9.108773079911591, 38.7745165071874 ], [ -9.108848874689956, 38.774415078405106 ], [ -9.10885733555198, 38.774242779596847 ], [ -9.108888087957601, 38.77406763932639 ], [ -9.108940621596945, 38.773895701990867 ], [ -9.109014430395387, 38.773728623414137 ], [ -9.109108440816145, 38.77356862969598 ], [ -9.108993800793002, 38.77353759512998 ], [ -9.108788631802609, 38.773463717769566 ], [ -9.108593701415248, 38.773374453209563 ], [ -9.108410886999559, 38.773270661170535 ], [ -9.10824194921164, 38.773153341285948 ], [ -9.10808851503691, 38.773023623472916 ], [ -9.107952062120493, 38.772882757048059 ], [ -9.107833904537079, 38.772732098693467 ], [ -9.10773518013726, 38.772573099388758 ], [ -9.107656839592142, 38.772407290435176 ], [ -9.10759963724168, 38.772236268706301 ], [ -9.107566410532934, 38.772072922931144 ], [ -9.107418399833524, 38.772005140915205 ], [ -9.107235590620068, 38.771901346945967 ], [ -9.107066657999468, 38.771784025268211 ], [ -9.106913228907368, 38.771654305816277 ], [ -9.10677678093994, 38.771513437922593 ], [ -9.106675181415968, 38.771383885850049 ], [ -9.10659403846854, 38.771471468333857 ], [ -9.106491723888707, 38.771561753120373 ], [ -9.106578773031455, 38.771611178359166 ], [ -9.106747704453955, 38.771728500761334 ], [ -9.106901133412627, 38.771858220430808 ], [ -9.107037582292877, 38.77199908815939 ], [ -9.107155736975908, 38.772149747375288 ], [ -9.107254459496012, 38.772308747205166 ], [ -9.107332799002533, 38.772474556444742 ], [ -9.107390000920883, 38.772645578303162 ], [ -9.107405279053026, 38.772720687466538 ], [ -9.107472064411706, 38.772751271783079 ], [ -9.107654876155852, 38.772855065334852 ], [ -9.107823812285902, 38.772972386095724 ], [ -9.107977245876748, 38.773102104265092 ], [ -9.10811369926919, 38.773242970649257 ], [ -9.108231858300986, 38.773393628689334 ], [ -9.108330584964541, 38.773552627523344 ], [ -9.108408928369302, 38.773718435956596 ], [ -9.108466133903132, 38.773889457205989 ], [ -9.108501650504353, 38.774064044276194 ], [ -9.108515135974185, 38.77424051581994 ], [ -9.10850646027825, 38.774417172329429 ], [ -9.108475706805088, 38.774592312503181 ], [ -9.10842317156936, 38.774764249630564 ], [ -9.108349360367136, 38.774931327836335 ], [ -9.108254983910451, 38.775091938028687 ], [ -9.10814095098776, 38.775244533397078 ], [ -9.108008359715985, 38.775387644310619 ], [ -9.107948051629133, 38.77544086042888 ], [ -9.107824561616152, 38.775574147074373 ], [ -9.107674688140841, 38.775706395006907 ], [ -9.107508976512543, 38.775826506479852 ], [ -9.107329022634673, 38.775933324690897 ], [ -9.107136559602941, 38.776025820860873 ], [ -9.106933441013096, 38.776103104143758 ], [ -9.106721623107038, 38.776164430208283 ], [ -9.10650314592934, 38.776209208408218 ], [ -9.106280113675799, 38.776237007472197 ], [ -9.106054674423465, 38.776247559658373 ], [ -9.105828999437531, 38.77624076333381 ], [ -9.105605262254649, 38.776216683953564 ], [ -9.105385617744304, 38.776175553430242 ], [ -9.105172181350177, 38.776117767900011 ], [ -9.104967008711606, 38.776043883906482 ], [ -9.104772075861657, 38.775954613039509 ], [ -9.104759291509229, 38.775947354437619 ], [ -9.104748389730711, 38.775947026011679 ], [ -9.104720043217428, 38.775972037125101 ], [ -9.104554325938926, 38.77609214447461 ], [ -9.104374366897909, 38.776198958196254 ], [ -9.10418189923983, 38.776291449554094 ], [ -9.103978776605009, 38.776368727748462 ], [ -9.103766955274315, 38.776430048497119 ], [ -9.103548475325322, 38.776474821205007 ], [ -9.103325440980523, 38.77650261465368 ], [ -9.103100000337117, 38.776513161155357 ], [ -9.10296329449025, 38.776509040797066 ], [ -9.102834593663044, 38.776515061296394 ], [ -9.102659862240857, 38.776509794409193 ], [ -9.102542986328469, 38.776515261451863 ], [ -9.102419745959393, 38.776511546366343 ], [ -9.102367817135372, 38.776518017004818 ], [ -9.102142376263567, 38.776528561661365 ], [ -9.101916700603622, 38.776521757787876 ], [ -9.101692963698678, 38.776497670912136 ], [ -9.101473320415545, 38.776456533018937 ], [ -9.101259886186073, 38.776398740315436 ], [ -9.101054716628736, 38.776324849414316 ], [ -9.100889614310088, 38.776249232575992 ], [ -9.100694770571215, 38.776243356151859 ], [ -9.10047103490006, 38.776219266918808 ], [ -9.100251393128096, 38.776178126706796 ], [ -9.100037960672612, 38.776120331745268 ], [ -9.099832793134997, 38.776046438668693 ], [ -9.099637866499165, 38.775957159154409 ], [ -9.099455058097595, 38.775853353067028 ], [ -9.099286128528416, 38.775736020175323 ], [ -9.09916263189357, 38.775631595931792 ], [ -9.099146739156344, 38.775645616984605 ], [ -9.098981013107037, 38.775765716547319 ], [ -9.098801046381892, 38.775872521787967 ], [ -9.098608572200394, 38.775965004052289 ], [ -9.098405444265721, 38.776042272628224 ], [ -9.098193618909811, 38.776103583326154 ], [ -9.097975136249017, 38.776148345647847 ], [ -9.097752100531972, 38.776176128474852 ], [ -9.097526659869095, 38.776186664221783 ], [ -9.097505181189224, 38.776186015827847 ], [ -9.097457170310653, 38.776191996222224 ], [ -9.097456697731607, 38.776201588641328 ], [ -9.097425916495228, 38.776376726211595 ], [ -9.097373353402601, 38.776548658677292 ], [ -9.09729951451809, 38.776715730208068 ], [ -9.097205110820358, 38.776876331776336 ], [ -9.09709105136025, 38.777028916654587 ], [ -9.096958434510309, 38.777172015312942 ], [ -9.096820773997024, 38.777293454870716 ], [ -9.096858178658788, 38.777314695655754 ], [ -9.097027108101626, 38.777432032029445 ], [ -9.097180532156587, 38.7775617644064 ], [ -9.097316973256238, 38.777702643456074 ], [ -9.097435117356644, 38.777853312497619 ], [ -9.097533826593937, 38.778012320563107 ], [ -9.097612150245304, 38.778178136368929 ], [ -9.097669333888776, 38.778349163060916 ], [ -9.097704826673425, 38.778523753591358 ], [ -9.097718286629782, 38.778700226579588 ], [ -9.097709583969129, 38.778876882503887 ], [ -9.09768132679028, 38.779037656787615 ], [ -9.097810178839591, 38.779096673377957 ], [ -9.097992993290063, 38.779200481906017 ], [ -9.098161929072594, 38.77931781652066 ], [ -9.098315359265362, 38.779447547287887 ], [ -9.09845180624183, 38.779588424892673 ], [ -9.098569955901473, 38.779739092668095 ], [ -9.098668670326878, 38.779898099658411 ], [ -9.098746998745268, 38.780063914590379 ], [ -9.098804186688755, 38.780234940618257 ], [ -9.098839683264993, 38.780409530700716 ], [ -9.098853146467984, 38.780586003461416 ], [ -9.098844446477733, 38.780762659380841 ], [ -9.098813666916699, 38.780937797163141 ], [ -9.098761104050752, 38.781109730120669 ], [ -9.098687263942034, 38.781276802418304 ], [ -9.098592857580964, 38.78143740502113 ], [ -9.098478794044008, 38.781589991191602 ], [ -9.098346171742943, 38.781733091387451 ], [ -9.098247296857551, 38.781820312828259 ], [ -9.098321410919072, 38.781822549426849 ], [ -9.098545163503998, 38.781846642537289 ], [ -9.098764821822027, 38.781887785706139 ], [ -9.098978270590463, 38.781945582728937 ], [ -9.099183454311179, 38.782019477026154 ], [ -9.099378397061177, 38.782108757001957 ], [ -9.099561221517648, 38.782212562895438 ], [ -9.099669430540562, 38.782287713816075 ], [ -9.099720393244569, 38.782311053417232 ], [ -9.099903218708533, 38.782414858759026 ], [ -9.100072165259876, 38.782532190410251 ], [ -9.100225605873083, 38.782661918465486 ], [ -9.100362062821274, 38.782802793635796 ], [ -9.100480221907896, 38.782953459277742 ], [ -9.100578945124747, 38.783112464456131 ], [ -9.100657281614376, 38.783278277915159 ], [ -9.100714476831159, 38.783449302823328 ], [ -9.100749979812683, 38.783623892150054 ], [ -9.100763448491241, 38.783800364526307 ], [ -9.100754752994083, 38.783977020436275 ], [ -9.100723976900372, 38.784152158584185 ], [ -9.100671416442557, 38.784324092278915 ], [ -9.100597577659556, 38.784491165678226 ], [ -9.100503171528997, 38.784651769736577 ], [ -9.100389107125096, 38.784804357702448 ], [ -9.100256482867957, 38.784947460016227 ], [ -9.100106575948356, 38.785079698464969 ], [ -9.099940830029738, 38.785199799457601 ], [ -9.099760841345804, 38.785306606292721 ], [ -9.099568343327535, 38.785399090300693 ], [ -9.099365189907694, 38.785476360752611 ], [ -9.099153337663699, 38.7855376734408 ], [ -9.099035637159373, 38.785561785788758 ], [ -9.099046848755048, 38.785616924689052 ], [ -9.099058704160189, 38.785772302360478 ], [ -9.099116169749646, 38.785750445353408 ], [ -9.099328022652823, 38.785689132726318 ], [ -9.099546533408601, 38.785644367583735 ], [ -9.099769597780183, 38.785616581005669 ], [ -9.099995067690328, 38.785606040570443 ], [ -9.100220771902578, 38.78561284777858 ], [ -9.100444536925218, 38.785636937075729 ], [ -9.100664207936928, 38.785678076483819 ], [ -9.1008776695328, 38.785735869834589 ], [ -9.101082866091197, 38.785809760583902 ], [ -9.101277821565523, 38.785899037170076 ], [ -9.101460658510446, 38.786002839864857 ], [ -9.101629616159569, 38.786120169050967 ], [ -9.101783067380511, 38.786249894846755 ], [ -9.101919534344242, 38.786390767985054 ], [ -9.102037702757755, 38.786541431841982 ], [ -9.102136434523022, 38.786700435499561 ], [ -9.102214778700256, 38.786866247716638 ], [ -9.10227198066978, 38.787037271673697 ], [ -9.102307489404131, 38.787211860349302 ], [ -9.102320962780173, 38.787388332380729 ], [ -9.102312270879887, 38.787564988255475 ], [ -9.102281497247768, 38.787740126678095 ], [ -9.10222893809253, 38.787912060954852 ], [ -9.102155099440516, 38.788079135237894 ], [ -9.10206069226806, 38.788239740473173 ], [ -9.102043528072187, 38.788262701445689 ], [ -9.102043691150083, 38.788264837481861 ], [ -9.102034998504061, 38.788441493319965 ], [ -9.102004223860158, 38.788616631657206 ], [ -9.101951663436818, 38.788788565800616 ], [ -9.101877823272597, 38.788955639903662 ], [ -9.101783414358387, 38.789116244913998 ], [ -9.101694760289728, 38.789234837247065 ], [ -9.101627533975169, 38.789386944294421 ], [ -9.101533123946433, 38.789547549105372 ], [ -9.101419054176345, 38.789700138022553 ], [ -9.101286423136669, 38.789843241477179 ], [ -9.101136508083473, 38.789975481245335 ], [ -9.100970752758522, 38.790095583723229 ], [ -9.100790753486111, 38.790202392195106 ], [ -9.100672161111643, 38.790259366579527 ], [ -9.100800924849116, 38.790348779977691 ], [ -9.100954383818596, 38.790478506671654 ], [ -9.101090857409673, 38.790619380594265 ], [ -9.101209031265496, 38.79077004511408 ], [ -9.10130776723561, 38.790929049306754 ], [ -9.101386114339704, 38.791094861925998 ], [ -9.101443317929887, 38.791265886148388 ], [ -9.101463003641623, 38.791362675852824 ], [ -9.101496579625955, 38.791416745782207 ], [ -9.101574927722556, 38.791582558248656 ], [ -9.101632132176379, 38.79175358235365 ], [ -9.101667641935995, 38.791928171074396 ], [ -9.101681114868363, 38.792104643047715 ], [ -9.101672421059696, 38.792281298761651 ], [ -9.101641644072831, 38.792456436922329 ], [ -9.10158908014875, 38.7926283708385 ], [ -9.101515235359695, 38.792795444665806 ], [ -9.101420820741071, 38.792956049354558 ], [ -9.101306745448793, 38.79310863814716 ], [ -9.101174108007791, 38.793251741476013 ], [ -9.101024185735778, 38.793383981118374 ], [ -9.100858422444036, 38.793504083471689 ], [ -9.100678414533581, 38.793610891821409 ], [ -9.100485895620565, 38.793703377483283 ], [ -9.100282719839004, 38.793780649712488 ], [ -9.100080025537512, 38.793839307251773 ], [ -9.100073582433476, 38.7938759667217 ], [ -9.100021013755832, 38.794047899952979 ], [ -9.099947163889485, 38.794214972815013 ], [ -9.099852743918737, 38.79437557626737 ], [ -9.099738663051044, 38.794528163564365 ], [ -9.09960601986503, 38.794671265152814 ], [ -9.099588106602363, 38.794687064812948 ], [ -9.099576750327525, 38.794706380963291 ], [ -9.099462668353022, 38.79485896799661 ], [ -9.09933002400912, 38.795002069278681 ], [ -9.099180094680023, 38.795134306606485 ], [ -9.099014324244985, 38.795254406399714 ], [ -9.09883430917383, 38.795361211968498 ], [ -9.098641783151683, 38.795453694655372 ], [ -9.098438600381044, 38.795530963744163 ], [ -9.098226717722049, 38.795592275040264 ], [ -9.098008175843033, 38.795637038039679 ], [ -9.097785079563064, 38.795664821617393 ], [ -9.097559577575966, 38.795675358180759 ], [ -9.09733384175127, 38.79566854624732 ], [ -9.097110046211689, 38.795644451422483 ], [ -9.096890346388856, 38.795603305767635 ], [ -9.096676858259254, 38.795545505564711 ], [ -9.096471637960558, 38.795471607498662 ], [ -9.096276661984891, 38.795382323294945 ], [ -9.096093808139955, 38.795278512863369 ], [ -9.095924837461556, 38.795161176014595 ], [ -9.095771377251808, 38.795031442829156 ], [ -9.095634905406483, 38.794890562771776 ], [ -9.095516736182441, 38.794739892655855 ], [ -9.095418007542229, 38.794580883574319 ], [ -9.095339670197621, 38.794415066922575 ], [ -9.095282478457564, 38.794244039648326 ], [ -9.095246982968469, 38.794069448870538 ], [ -9.095233525416617, 38.793892976015428 ], [ -9.095242235243484, 38.793716320622686 ], [ -9.095257809495193, 38.79362774189687 ], [ -9.095257034289791, 38.79361757636584 ], [ -9.095265744039263, 38.793440920964272 ], [ -9.095296537039053, 38.793265784307017 ], [ -9.09534911657752, 38.793093853040709 ], [ -9.0954229761379, 38.792926782930699 ], [ -9.095517404282006, 38.792766182916026 ], [ -9.095631491506753, 38.792613599615976 ], [ -9.095764139007345, 38.792470502437041 ], [ -9.09591406926253, 38.792338269423816 ], [ -9.096079838339886, 38.79221817398998 ], [ -9.096259849802514, 38.79211137265699 ], [ -9.096452370083224, 38.792018893918652 ], [ -9.096655545178136, 38.791941628338428 ], [ -9.09686741849899, 38.791880319975078 ], [ -9.096910495836513, 38.791871496676301 ], [ -9.096902359605661, 38.791831480389561 ], [ -9.096888898511766, 38.791655007705231 ], [ -9.096897604092694, 38.791478352178025 ], [ -9.096928392345658, 38.791303215094509 ], [ -9.096980966604745, 38.791131283105443 ], [ -9.097054820404045, 38.790964211983137 ], [ -9.097149242360855, 38.790803610676399 ], [ -9.097263323031683, 38.790651025816956 ], [ -9.097395963674847, 38.790507926826308 ], [ -9.09749988963279, 38.790416262239887 ], [ -9.097339531107227, 38.790358515558097 ], [ -9.097144568143547, 38.79026923256081 ], [ -9.096961726288027, 38.790165423246471 ], [ -9.096792766461004, 38.790048087414931 ], [ -9.096639315860081, 38.789918355136962 ], [ -9.096502852288506, 38.789777475868512 ], [ -9.09638468992347, 38.78962680641537 ], [ -9.096285966661489, 38.789467797864091 ], [ -9.096267151431254, 38.789427969883775 ], [ -9.096175222016091, 38.789350248159046 ], [ -9.09603876045337, 38.789209368309443 ], [ -9.095920600018532, 38.789058698347958 ], [ -9.095821878589501, 38.788899689366019 ], [ -9.095743546808631, 38.788733872758058 ], [ -9.095686358931326, 38.788562845471361 ], [ -9.095650865566839, 38.788388254625005 ], [ -9.09563740838103, 38.788211781645877 ], [ -9.095646116811901, 38.788035126074845 ], [ -9.09567690682924, 38.787859989198829 ], [ -9.095717038543302, 38.78772874975904 ], [ -9.095605323356788, 38.787698499025637 ], [ -9.095400126796299, 38.787624598677219 ], [ -9.095205173703057, 38.787535312276191 ], [ -9.095022341664357, 38.787431499753488 ], [ -9.094853391505971, 38.787314160939914 ], [ -9.094699950332384, 38.787184425934925 ], [ -9.094563495856029, 38.787043544220708 ], [ -9.094445342166511, 38.78689287262663 ], [ -9.094346627076787, 38.78673386225983 ], [ -9.094268301168173, 38.786568044528074 ], [ -9.094211118639517, 38.786397016389451 ], [ -9.094175630048573, 38.786222424971221 ], [ -9.094162177015251, 38.786045951705816 ], [ -9.094170888937571, 38.785869296136802 ], [ -9.094201681751718, 38.785694159551127 ], [ -9.094254258747906, 38.785522228594772 ], [ -9.09432811343391, 38.785355159030075 ], [ -9.094422534418538, 38.78519455979086 ], [ -9.094536612267701, 38.785041977488937 ], [ -9.094585804141522, 38.78498890631861 ], [ -9.094476079126373, 38.78496835111514 ], [ -9.094327650361583, 38.784986833826622 ], [ -9.094102181336975, 38.784997363312335 ], [ -9.093876479401725, 38.784990544251976 ], [ -9.093652718352089, 38.784966442319607 ], [ -9.093433053287454, 38.784925289645095 ], [ -9.093219599849474, 38.784867482577916 ], [ -9.09301441384164, 38.784793577869195 ], [ -9.092819471425763, 38.784704287308308 ], [ -9.092636650086284, 38.784600470866266 ], [ -9.092467710545916, 38.784483128411622 ], [ -9.092314279806864, 38.784353390078856 ], [ -9.092177835481063, 38.78421250538225 ], [ -9.092059691560349, 38.784061831179855 ], [ -9.091960985763601, 38.783902818603913 ], [ -9.091882668582636, 38.783736999083473 ], [ -9.09182549413226, 38.783565969593823 ], [ -9.091790012892444, 38.783391377275258 ], [ -9.091776566412314, 38.783214903568805 ], [ -9.091785284026804, 38.783038248022336 ], [ -9.091816081617305, 38.782863111922531 ], [ -9.09186866242805, 38.782691181910707 ], [ -9.091942519930116, 38.782524113740102 ], [ -9.092036942705214, 38.782363516331102 ], [ -9.092151021302033, 38.782210936277878 ], [ -9.092283656998937, 38.782067842955684 ], [ -9.092331073670104, 38.782026020509434 ], [ -9.092328422891891, 38.781991233970174 ], [ -9.092225762821972, 38.781919924954224 ], [ -9.092072338105325, 38.78179018617179 ], [ -9.091935899240376, 38.781649301063162 ], [ -9.091817760166379, 38.78149862649034 ], [ -9.091719058555537, 38.78133961358914 ], [ -9.091640744859369, 38.781173793791716 ], [ -9.09158357315914, 38.78100276407605 ], [ -9.091548093908342, 38.780828171584574 ], [ -9.091534648636975, 38.780651697760014 ], [ -9.091543366668345, 38.780475042151338 ], [ -9.091574163879857, 38.780299906045876 ], [ -9.091626743519409, 38.780127976084955 ], [ -9.091700599069377, 38.779960908021323 ], [ -9.091763429843921, 38.77985404046521 ], [ -9.091626630235307, 38.779791374932159 ], [ -9.09144382328158, 38.779687556355377 ], [ -9.091274897421863, 38.779570211905792 ], [ -9.091121479526596, 38.77944047173709 ], [ -9.09098504708402, 38.779299585381217 ], [ -9.090866913971528, 38.779148909712191 ], [ -9.090768217803921, 38.778989895876386 ], [ -9.090689908980305, 38.778824075314944 ], [ -9.090632741535021, 38.778653045013193 ], [ -9.090597265880607, 38.778478452119202 ], [ -9.090583823512439, 38.778301978079583 ], [ -9.090592543725883, 38.778125322445391 ], [ -9.090623342377347, 38.777950186504121 ], [ -9.090675922700884, 38.777778256895616 ], [ -9.090749778172302, 38.777611189369161 ], [ -9.090844197392901, 38.777450592838989 ], [ -9.090958270945642, 38.777298013890807 ], [ -9.091090900157486, 38.777154921889235 ], [ -9.091240807683381, 38.777022694829036 ], [ -9.091406549809843, 38.77690260606655 ], [ -9.091586530359546, 38.776795812059106 ], [ -9.091779016063006, 38.776703341229933 ], [ -9.091982153249312, 38.776626084066372 ], [ -9.092193985695232, 38.776564784546174 ], [ -9.092224137328429, 38.776558608790971 ], [ -9.092273809361942, 38.77647411752767 ], [ -9.09238787832677, 38.776321537217392 ], [ -9.092520502879674, 38.776178443629092 ], [ -9.092554104128091, 38.77614880412515 ], [ -9.092543498499488, 38.776009615732221 ], [ -9.092552213713498, 38.775832959948538 ], [ -9.092583006691584, 38.775657823496623 ], [ -9.092635580722458, 38.775485893021155 ], [ -9.092709429342536, 38.7753188242799 ], [ -9.092803841219109, 38.775158226198698 ], [ -9.092917907005868, 38.775005645378243 ], [ -9.093050528104563, 38.774862551201188 ], [ -9.09320042724827, 38.774730321683258 ], [ -9.093366160804219, 38.774610230204473 ], [ -9.093546132677613, 38.774503433248299 ], [ -9.093738609682505, 38.774410959266383 ], [ -9.093941738231736, 38.774333698776438 ], [ -9.094153562185234, 38.774272395788245 ], [ -9.094372041684919, 38.774227640640412 ], [ -9.094595072794938, 38.774199864316692 ], [ -9.094808770130083, 38.774189882569658 ], [ -9.094827547058522, 38.774083066347444 ], [ -9.094880114601764, 38.773911134900089 ], [ -9.094953956408034, 38.773744064783628 ], [ -9.095048361210242, 38.773583464937168 ], [ -9.095162419730205, 38.773430881978413 ], [ -9.095295033439649, 38.773287785310615 ], [ -9.095444925142806, 38.773155552973485 ], [ -9.09561065127855, 38.77303545837421 ], [ -9.095790615823526, 38.772928658026309 ], [ -9.095834006555664, 38.772907809762323 ], [ -9.095713027645886, 38.772823771564155 ], [ -9.095559616540504, 38.772694036992263 ], [ -9.095423188604984, 38.772553155604683 ], [ -9.095305057673361, 38.772402484227577 ], [ -9.095206361339484, 38.772243473965979 ], [ -9.095128050004108, 38.772077656226614 ], [ -9.09507087772583, 38.771906627967631 ], [ -9.095035394963793, 38.771732036317459 ], [ -9.09502194328188, 38.771555562710688 ], [ -9.095030652065217, 38.771378906694245 ], [ -9.095061437280339, 38.771203769559357 ], [ -9.095114002290746, 38.771031837957295 ], [ -9.095187840719754, 38.770864767656661 ], [ -9.09528224133282, 38.770704167598375 ], [ -9.095396294892119, 38.770551584402149 ], [ -9.09552890291716, 38.770408487473539 ], [ -9.095678788266929, 38.770276254854792 ], [ -9.09584450744148, 38.770156159955782 ], [ -9.096024464484501, 38.770049359292926 ], [ -9.096216926352849, 38.769956881353579 ], [ -9.096317787770367, 38.769918513546905 ], [ -9.096458059556051, 38.769835264123074 ], [ -9.096650520280006, 38.769742785480815 ], [ -9.096853632446354, 38.769665520078171 ], [ -9.09686521687242, 38.769662166957382 ], [ -9.096847111751293, 38.769646855786114 ], [ -9.096710687244746, 38.769505975787077 ], [ -9.096592558792038, 38.76935530560413 ], [ -9.096493863963161, 38.769196296330826 ], [ -9.0964155531444, 38.769030479364297 ], [ -9.096358380389404, 38.76885945165531 ], [ -9.096322896161924, 38.768684860326971 ], [ -9.09630944203999, 38.76850838681078 ], [ -9.09631814743225, 38.768331730652804 ], [ -9.096348928337918, 38.768156593145619 ], [ -9.096401488162021, 38.767984660944116 ], [ -9.096475320577841, 38.767817589822663 ], [ -9.09653897300395, 38.76770929205636 ], [ -9.09652464159868, 38.767702726718014 ], [ -9.096341858928447, 38.767598915287053 ], [ -9.096172954119238, 38.767481577415744 ], [ -9.096123802937223, 38.767440009180532 ], [ -9.096121128802562, 38.767440557067104 ], [ -9.095898119339859, 38.767468336057853 ], [ -9.095672705713387, 38.767478867895598 ], [ -9.095447058941486, 38.767472051143407 ], [ -9.095223352289018, 38.767447951453093 ], [ -9.095003740331359, 38.76740680093291 ], [ -9.094790338198594, 38.767348995911604 ], [ -9.094585201200006, 38.767275093120517 ], [ -9.094390305025339, 38.767185804330559 ], [ -9.094207526713642, 38.767081989495637 ], [ -9.094038626573209, 38.766964648468772 ], [ -9.093885231226796, 38.766834911370694 ], [ -9.093748817945508, 38.7666940277037 ], [ -9.093630700422249, 38.766543354315928 ], [ -9.093532016121751, 38.766384342331747 ], [ -9.093453715328902, 38.766218523174437 ], [ -9.093396552000801, 38.766047493815812 ], [ -9.093361076510426, 38.76587290139485 ], [ -9.093347630351676, 38.765696427353596 ], [ -9.093356342856529, 38.765519771243142 ], [ -9.09338712995573, 38.765344634355579 ], [ -9.093439694994682, 38.765172703339857 ], [ -9.093513531596473, 38.765005633958886 ], [ -9.0936079285442, 38.764845035144731 ], [ -9.093721976635379, 38.764692453505155 ], [ -9.093854577442213, 38.764549358430699 ], [ -9.094004453893225, 38.764417127945791 ], [ -9.094170162574191, 38.764297035439775 ], [ -9.094350107629861, 38.764190237406005 ], [ -9.094542556132536, 38.764097762306562 ], [ -9.094745654769502, 38.764020500669922 ], [ -9.094957447688707, 38.763959196516943 ], [ -9.095175895330875, 38.763914440197446 ], [ -9.095398894066895, 38.763886662706497 ], [ -9.095624296451467, 38.763876131534914 ], [ -9.095664663228183, 38.76387735106745 ], [ -9.095562580104268, 38.763866353379697 ], [ -9.095342978988841, 38.763825203333859 ], [ -9.095129587325927, 38.763767398763818 ], [ -9.094924460323959, 38.763693496396549 ], [ -9.094729573576386, 38.763604207998917 ], [ -9.094546804031463, 38.763500393520999 ], [ -9.094377911913041, 38.763383052812401 ], [ -9.094224523766623, 38.763253315990745 ], [ -9.094088116793975, 38.763112432555715 ], [ -9.093970004627259, 38.762961759353146 ], [ -9.093871324679633, 38.762802747505653 ], [ -9.093793027194081, 38.762636928435178 ], [ -9.09373586609588, 38.762465899112705 ], [ -9.093700391736556, 38.762291306676858 ], [ -9.093686945599144, 38.762114832569836 ], [ -9.093695657015445, 38.761938176343321 ], [ -9.093726441926714, 38.761763039290578 ], [ -9.093779003699458, 38.761591108062113 ], [ -9.093852341201377, 38.761425158042293 ], [ -9.093844021097185, 38.761384209141561 ], [ -9.093830574823214, 38.761207735026332 ], [ -9.093839285821515, 38.76103107876795 ], [ -9.093870070037378, 38.760855941659983 ], [ -9.093922630844011, 38.760684010353472 ], [ -9.093996461905292, 38.760516940614139 ], [ -9.094090852057704, 38.76035634137753 ], [ -9.094204892164221, 38.760203759255454 ], [ -9.094337483873966, 38.760060663643152 ], [ -9.094487350203075, 38.759928432570177 ], [ -9.094653047834811, 38.759808339431601 ], [ -9.094832981020323, 38.759701540726866 ], [ -9.095025416946218, 38.759609064924511 ], [ -9.095083693519452, 38.759586894086752 ], [ -9.094905190250319, 38.759485497767486 ], [ -9.094736307158053, 38.759368157383406 ], [ -9.09458292712036, 38.759238420842266 ], [ -9.094446527260926, 38.759097537640997 ], [ -9.094328421143413, 38.758946864623226 ], [ -9.094229746122741, 38.758787852909762 ], [ -9.09415145239447, 38.758622033921263 ], [ -9.094094293847711, 38.758451004627901 ], [ -9.094058820809453, 38.758276412168009 ], [ -9.094045374750038, 38.758099937984021 ], [ -9.094054085000549, 38.757923281628379 ], [ -9.094084867513502, 38.757748144395592 ], [ -9.094137425678529, 38.757576212937892 ], [ -9.094211253184968, 38.757409143022464 ], [ -9.094305638903558, 38.757248543586549 ], [ -9.094419673739992, 38.757095961243884 ], [ -9.094425945385037, 38.757089192455375 ], [ -9.09445716268721, 38.757018547350192 ], [ -9.094551547354229, 38.756857947718714 ], [ -9.094665581057727, 38.756705365140711 ], [ -9.094798165508495, 38.756562269015802 ], [ -9.094948023792588, 38.756430037378486 ], [ -9.094969509022711, 38.756414464601697 ], [ -9.094966005232987, 38.756410845537154 ], [ -9.094847902580751, 38.75626017293316 ], [ -9.094825821794455, 38.756224589613858 ], [ -9.094734004632146, 38.756146922719047 ], [ -9.094597610491547, 38.756006039548843 ], [ -9.094479509291197, 38.755855366543756 ], [ -9.094380838338671, 38.755696354824472 ], [ -9.094302547790365, 38.755530535811687 ], [ -9.094245391504785, 38.755359506475813 ], [ -9.09420991978717, 38.75518491395561 ], [ -9.094197901061653, 38.755027168629141 ], [ -9.094077431852789, 38.754902731003966 ], [ -9.093959333602163, 38.754752057407799 ], [ -9.093860665365181, 38.754593045185423 ], [ -9.093782377272099, 38.754427225762385 ], [ -9.093725223157778, 38.75425619611304 ], [ -9.093689753306547, 38.754081603379149 ], [ -9.093676309158091, 38.75390512900578 ], [ -9.093685020025122, 38.753728472547188 ], [ -9.093715801854248, 38.753553335298847 ], [ -9.093768358041727, 38.753381403913188 ], [ -9.093842182295967, 38.753214334156681 ], [ -9.093920791471581, 38.753080572752786 ], [ -9.09394596872669, 38.752998207101193 ], [ -9.09401979218841, 38.752831137232036 ], [ -9.094114172523728, 38.752670537898126 ], [ -9.094228200690205, 38.75251795571225 ], [ -9.094360778451977, 38.752374860070255 ], [ -9.094408415666033, 38.752332824118291 ], [ -9.094297356242203, 38.752255650937421 ], [ -9.0941439924802, 38.752125913458912 ], [ -9.094007607303654, 38.751985029391427 ], [ -9.093889514134844, 38.751834355586887 ], [ -9.093790850204, 38.751675343173652 ], [ -9.093712565599922, 38.751509523579138 ], [ -9.093655414123887, 38.751338493779308 ], [ -9.09361994603484, 38.751163900917405 ], [ -9.093606502755513, 38.750987426439707 ], [ -9.093615213590272, 38.750810769901463 ], [ -9.093645994486062, 38.750635632598957 ], [ -9.093698548848147, 38.750463701185076 ], [ -9.093772370402544, 38.750296631426629 ], [ -9.093866748077359, 38.750136032259341 ], [ -9.09398077285579, 38.749983450294351 ], [ -9.094113346534618, 38.749840354925432 ], [ -9.094145733840149, 38.749811774946032 ], [ -9.094209685344882, 38.74966703915392 ], [ -9.09430406123278, 38.749506439639553 ], [ -9.094418084097629, 38.749353857256445 ], [ -9.094550655754638, 38.749210761402352 ], [ -9.094700499413092, 38.749078530109188 ], [ -9.094866171974589, 38.748958436774181 ], [ -9.094908265470421, 38.748933448560592 ], [ -9.094843744422811, 38.748829461364387 ], [ -9.094765460643572, 38.748663642386674 ], [ -9.094708309077014, 38.748492613022513 ], [ -9.094682028490109, 38.748363249887532 ], [ -9.094665170083411, 38.74832754041212 ], [ -9.094608019039915, 38.748156510982675 ], [ -9.094572550372984, 38.747981918325443 ], [ -9.094559105510937, 38.747805443884758 ], [ -9.094567813773413, 38.747628787215497 ], [ -9.094598591132154, 38.747453649615188 ], [ -9.094651141026512, 38.747281717739646 ], [ -9.09472495722555, 38.747114647360085 ], [ -9.094819328708963, 38.746954047418214 ], [ -9.094933346519595, 38.74680146453268 ], [ -9.095065912521328, 38.746658368106104 ], [ -9.095215749977919, 38.746526136175895 ], [ -9.095381415850692, 38.746406042145445 ], [ -9.095561314696649, 38.746299242522767 ], [ -9.095753714033066, 38.746206765785317 ], [ -9.095956761020657, 38.746129502477359 ], [ -9.096168500304689, 38.746068196635882 ], [ -9.096386892842308, 38.746023438627006 ], [ -9.096609835534952, 38.745995659462054 ], [ -9.096835181476921, 38.745985126647994 ], [ -9.097060760625318, 38.745991941612012 ], [ -9.097284400692544, 38.746016038725017 ], [ -9.097503948060348, 38.746057185933687 ], [ -9.097562781336354, 38.746073125883441 ], [ -9.097590589196454, 38.746043107043469 ], [ -9.097740420665367, 38.745910871939294 ], [ -9.097906080832788, 38.745790774390464 ], [ -9.098085974310642, 38.745683970938956 ], [ -9.098278368667891, 38.745591490099038 ], [ -9.098289753150246, 38.745587157756823 ], [ -9.098427670614763, 38.745505274738804 ], [ -9.098620064044566, 38.745412793345466 ], [ -9.098790642888549, 38.745347878960416 ], [ -9.098759932941226, 38.745255989690655 ], [ -9.098724455771013, 38.745081398319421 ], [ -9.098711001390747, 38.744904924394284 ], [ -9.098719699211761, 38.744728267465213 ], [ -9.098721752374532, 38.744716579685452 ], [ -9.098715709979361, 38.744637324377003 ], [ -9.098724407770142, 38.744460667440158 ], [ -9.098755173752101, 38.744285528799651 ], [ -9.098807711474175, 38.744113595121306 ], [ -9.098811006676263, 38.744106135598173 ], [ -9.098750470109996, 38.74407174387192 ], [ -9.098581617687175, 38.743954408352252 ], [ -9.098428264364671, 38.743824676184666 ], [ -9.098291887008909, 38.743683796823952 ], [ -9.098173798966899, 38.743533127076688 ], [ -9.098075137419549, 38.743374118032172 ], [ -9.097996852432766, 38.743208301085346 ], [ -9.097939697811587, 38.743037273186687 ], [ -9.09790422384531, 38.742862681461141 ], [ -9.097890772013345, 38.742686207344029 ], [ -9.097899471702494, 38.742509550387169 ], [ -9.097930238967107, 38.742334411890866 ], [ -9.09798277734378, 38.742162478519539 ], [ -9.098056580712527, 38.741995406058862 ], [ -9.098104759117458, 38.74191340335399 ], [ -9.098094301343259, 38.741776210975019 ], [ -9.098103000467184, 38.741599553983704 ], [ -9.098133766889566, 38.741424415418301 ], [ -9.098186304155117, 38.74125248194391 ], [ -9.098260106154562, 38.741085409347164 ], [ -9.098354462004368, 38.740924806591174 ], [ -9.098468462897952, 38.740772220321702 ], [ -9.098601010862126, 38.740629119973931 ], [ -9.098750829334351, 38.740496883623116 ], [ -9.098916475458767, 38.740376784715181 ], [ -9.099096353982533, 38.740269979805163 ], [ -9.099288732618605, 38.740177497421413 ], [ -9.099491758727016, 38.740100228162618 ], [ -9.099703477154058, 38.740038916123048 ], [ -9.099921849057692, 38.739994151728517 ], [ -9.100144771538019, 38.739966366051867 ], [ -9.100370097883941, 38.739955826662744 ], [ -9.100571060545636, 38.739961892607838 ], [ -9.100557026726012, 38.739892832140939 ], [ -9.100543569081378, 38.739716358317558 ], [ -9.100552262023122, 38.739539701163494 ], [ -9.100583021670598, 38.73936456198097 ], [ -9.100635551633777, 38.739192627441035 ], [ -9.100709345873716, 38.73902555334061 ], [ -9.100803693581616, 38.738864948657266 ], [ -9.1009176860293, 38.738712360055338 ], [ -9.100927637142801, 38.73870161583401 ], [ -9.100929465061679, 38.738695632779695 ], [ -9.101003258125671, 38.738528558495112 ], [ -9.101097604539655, 38.738367953577985 ], [ -9.101211595587914, 38.738215364694888 ], [ -9.101344133392075, 38.738072261306215 ], [ -9.101481575055482, 38.737950937736876 ], [ -9.101480731248659, 38.737949577822505 ], [ -9.101402444620323, 38.737783763029761 ], [ -9.101345286506673, 38.73761273668859 ], [ -9.101309807230702, 38.737438145908882 ], [ -9.101296348323, 38.737261672116908 ], [ -9.101305039238554, 38.737085014861329 ], [ -9.101335796116254, 38.736909875445363 ], [ -9.101388322592765, 38.736737940542305 ], [ -9.101462112662734, 38.736570865952579 ], [ -9.101556455557539, 38.736410260658474 ], [ -9.101589485056156, 38.73636604562946 ], [ -9.101508781737765, 38.736235977876959 ], [ -9.101430496999354, 38.736070163031634 ], [ -9.101373340271154, 38.735899136637826 ], [ -9.101337861862822, 38.735724545805986 ], [ -9.101324403296603, 38.735548071962832 ], [ -9.101333094024216, 38.735371414657578 ], [ -9.101363850186374, 38.735196275193864 ], [ -9.10141637542664, 38.735024340245467 ], [ -9.101490163751585, 38.73485726561325 ], [ -9.1015845044094, 38.734696660279916 ], [ -9.101698488739824, 38.73454407091608 ], [ -9.101831018929191, 38.734400966986755 ], [ -9.101980818586137, 38.734268726601677 ], [ -9.102107970503591, 38.734176522954975 ], [ -9.102165621038818, 38.73411427204082 ], [ -9.102315419481933, 38.733982031236259 ], [ -9.102481044709336, 38.733861927416108 ], [ -9.102660901669418, 38.733755117182753 ], [ -9.102853258282767, 38.733662629115813 ], [ -9.103056262121461, 38.733585353868712 ], [ -9.103180774955851, 38.73354928849529 ], [ -9.103216837861941, 38.733523136733012 ], [ -9.103285951611852, 38.733482091891041 ], [ -9.103279127129184, 38.733461672371163 ], [ -9.103243645424129, 38.733287082090278 ], [ -9.103230182756485, 38.733110608448612 ], [ -9.103238013722931, 38.732951338304005 ], [ -9.103199607271767, 38.732918845801763 ], [ -9.103063241852098, 38.732777971601323 ], [ -9.102945162328478, 38.732627306294106 ], [ -9.10284650579985, 38.732468300926627 ], [ -9.10276822228386, 38.732302486858394 ], [ -9.102711065571471, 38.732131461012202 ], [ -9.102675585972211, 38.731956870493185 ], [ -9.102662125019833, 38.731780396725092 ], [ -9.102670812189066, 38.731603739256364 ], [ -9.102701563654914, 38.731428599392281 ], [ -9.102754083106207, 38.731256663810441 ], [ -9.102827864605285, 38.731089588317829 ], [ -9.102922197466093, 38.730928981905443 ], [ -9.103036173103476, 38.730776391254295 ], [ -9.103168693787492, 38.730633285841812 ], [ -9.103318483218324, 38.730501043792032 ], [ -9.103484098819774, 38.730380938605769 ], [ -9.103568787521517, 38.730330641736984 ], [ -9.103700696869323, 38.730188193882476 ], [ -9.103850484392551, 38.730055951165767 ], [ -9.104016098075109, 38.729935845241577 ], [ -9.104195942976554, 38.729829032732589 ], [ -9.10438828713359, 38.729736542240296 ], [ -9.104591278238233, 38.729659264441523 ], [ -9.104802961473803, 38.729597943512765 ], [ -9.104909004441213, 38.729576197724434 ], [ -9.104875024160945, 38.729504225333969 ], [ -9.104817864817347, 38.729333200473256 ], [ -9.104782381631106, 38.729158610559672 ], [ -9.104768916170539, 38.728982137011101 ], [ -9.104777597953811, 38.728805479373904 ], [ -9.10480834320783, 38.728630338954979 ], [ -9.104860855681256, 38.728458402437283 ], [ -9.104934629503649, 38.728291325636825 ], [ -9.105028954062895, 38.728130717557214 ], [ -9.105142920853792, 38.727978124895508 ], [ -9.105275432231593, 38.727835017148514 ], [ -9.105425211986102, 38.727702772462763 ], [ -9.105590817634296, 38.727582664364469 ], [ -9.105770654313099, 38.727475849497246 ], [ -9.105962990138389, 38.727383356485319 ], [ -9.106165972882401, 38.727306076029762 ], [ -9.106377647808959, 38.727244752332695 ], [ -9.10659597649485, 38.727199975932173 ], [ -9.106818856456274, 38.727172178016673 ], [ -9.107044141391501, 38.727161626273713 ], [ -9.107269661845004, 38.727168422312701 ], [ -9.107400642581679, 38.727182528025686 ], [ -9.107373756853887, 38.727050260344384 ], [ -9.107360285529548, 38.72687378710917 ], [ -9.107368960781169, 38.726697129302856 ], [ -9.10739969889857, 38.726521988233941 ], [ -9.107452203699156, 38.726350050591698 ], [ -9.107525969386385, 38.726182972202935 ], [ -9.107620285426497, 38.726022362086596 ], [ -9.107734243396331, 38.725869766959335 ], [ -9.107866745736086, 38.725726656341756 ], [ -9.108016516322595, 38.725594408407986 ], [ -9.108182112761115, 38.725474296715582 ], [ -9.10836194027725, 38.725367477942733 ], [ -9.108554267075096, 38.725274980751301 ], [ -9.108727252731768, 38.725209114329019 ], [ -9.108780813195782, 38.725161819106646 ], [ -9.108946407348283, 38.725041706352421 ], [ -9.10912623263054, 38.724934886424975 ], [ -9.109318557268157, 38.724842387997271 ], [ -9.109414209294574, 38.724805966368685 ], [ -9.109414134676703, 38.724805599315886 ], [ -9.109400658876435, 38.724629126308777 ], [ -9.109409328945821, 38.724452468353022 ], [ -9.109440061224602, 38.724277326758603 ], [ -9.10949255958643, 38.724105388219812 ], [ -9.109566318296782, 38.723938308572158 ], [ -9.109660626889095, 38.72377769684666 ], [ -9.109774577011933, 38.723625099775532 ], [ -9.10990707118107, 38.723481986898058 ], [ -9.110056833352015, 38.723349736410171 ], [ -9.110222421211068, 38.723229621894028 ], [ -9.110402240066435, 38.723122800054995 ], [ -9.110594558205605, 38.72303029958448 ], [ -9.110773516817108, 38.722962152949904 ], [ -9.110777576822988, 38.722879394507451 ], [ -9.110808305161411, 38.72270425255914 ], [ -9.110860799159809, 38.722532313418014 ], [ -9.110934553125691, 38.722365232925327 ], [ -9.111028856638189, 38.722204620120287 ], [ -9.11114280139479, 38.722052021745498 ], [ -9.111275289962947, 38.721908907352798 ], [ -9.111425046352105, 38.721776655152738 ], [ -9.111590628304238, 38.721656538743915 ], [ -9.111770441184431, 38.721549714849978 ], [ -9.111962753337709, 38.721457212182116 ], [ -9.112165712764225, 38.721379921534393 ], [ -9.112195477408161, 38.721371296118249 ], [ -9.112252835237678, 38.721337220233309 ], [ -9.112445146188284, 38.721244716784113 ], [ -9.112648104480982, 38.721167425310739 ], [ -9.112859755615009, 38.721106090121424 ], [ -9.113078061396223, 38.721061301864871 ], [ -9.113300919561345, 38.721033491843727 ], [ -9.113526184018498, 38.721022927862073 ], [ -9.11375168550931, 38.721029711647176 ], [ -9.113975252493878, 38.721053777870196 ], [ -9.114194732057605, 38.721094894775206 ], [ -9.114380522514493, 38.721145220617906 ], [ -9.114438217782052, 38.721128499957473 ], [ -9.114599809927233, 38.721095344959998 ], [ -9.114690487146447, 38.721060810788686 ], [ -9.114678159668486, 38.721034705702039 ], [ -9.114620984233458, 38.720863685607462 ], [ -9.11458548187978, 38.720689098676921 ], [ -9.114571994360446, 38.720512626299644 ], [ -9.114580651406142, 38.720335968010723 ], [ -9.114611369482065, 38.720160825123358 ], [ -9.114663852598673, 38.719988884344318 ], [ -9.114737595168279, 38.719821801530699 ], [ -9.114831886879768, 38.719661185744059 ], [ -9.114945819544278, 38.719508583755712 ], [ -9.115078295845699, 38.719365465152329 ], [ -9.115228039911596, 38.719233208185003 ], [ -9.115393609602604, 38.719113086498297 ], [ -9.115573410401861, 38.719006256866642 ], [ -9.11576571077071, 38.718913748056501 ], [ -9.115874203469218, 38.718872426340496 ], [ -9.11598120754385, 38.718820950113532 ], [ -9.116184155095393, 38.718743652609284 ], [ -9.116395795963866, 38.718682311126258 ], [ -9.116614092053966, 38.718637516373775 ], [ -9.116836941195716, 38.718609699717042 ], [ -9.116964024396919, 38.718603736083281 ], [ -9.116923757794337, 38.718538850125618 ], [ -9.116845457826674, 38.718373045321464 ], [ -9.116788279505071, 38.718202026249983 ], [ -9.116752773347319, 38.718027439951101 ], [ -9.116739281143074, 38.717850967807934 ], [ -9.116747932668158, 38.717674309353363 ], [ -9.116778644440961, 38.717499165902176 ], [ -9.116831120532657, 38.717327224166603 ], [ -9.116862890290761, 38.71725523360967 ], [ -9.11682980331816, 38.71709254109328 ], [ -9.116816311149682, 38.716916068931305 ], [ -9.116824962421555, 38.716739410447097 ], [ -9.116855673654616, 38.716564266955743 ], [ -9.116908148925242, 38.716392325169842 ], [ -9.11698188272133, 38.716225240956192 ], [ -9.117055342112883, 38.716100096703194 ], [ -9.117057187802356, 38.716089570640044 ], [ -9.11710966226539, 38.71591762876082 ], [ -9.117183395125428, 38.715750544419244 ], [ -9.11727767616488, 38.715589926691621 ], [ -9.117391597297667, 38.715437322367968 ], [ -9.117524061318747, 38.715294201057461 ], [ -9.117673792473944, 38.715161941037287 ], [ -9.117839348748216, 38.715041815981365 ], [ -9.118019135753896, 38.714934982696654 ], [ -9.118211422085142, 38.714842469984781 ], [ -9.118414355990733, 38.714765168736527 ], [ -9.118625983204705, 38.714703823354235 ], [ -9.118844265763215, 38.714659024584833 ], [ -9.119067101626573, 38.714631203832162 ], [ -9.119288523733985, 38.714620808406025 ], [ -9.119265393194951, 38.714507087626828 ], [ -9.119251895665208, 38.714330615741353 ], [ -9.119260540761958, 38.714153957082807 ], [ -9.119291245065531, 38.713978812967973 ], [ -9.119343712719054, 38.713806870115462 ], [ -9.119417438283792, 38.713639784402368 ], [ -9.119511711612418, 38.713479164918169 ], [ -9.119625624693116, 38.713326558469845 ], [ -9.119758080398377, 38.713183434687011 ], [ -9.11990780305411, 38.713051171870674 ], [ -9.120005390778447, 38.712980358311 ], [ -9.120124883167351, 38.712851240215997 ], [ -9.120274604457057, 38.712718976940522 ], [ -9.120440150750538, 38.712598848283626 ], [ -9.120619927756231, 38.712492011086887 ], [ -9.120812204164574, 38.712399494189633 ], [ -9.12101512831989, 38.712322188522954 ], [ -9.121147636455349, 38.712283773212 ], [ -9.121179199627099, 38.712255889627194 ], [ -9.121344743327253, 38.712135759714037 ], [ -9.121524517811125, 38.712028921150988 ], [ -9.121716791793432, 38.711936402790521 ], [ -9.121919713641852, 38.7118590955778 ], [ -9.122131329206502, 38.711797743972667 ], [ -9.122349600635703, 38.711752938781899 ], [ -9.122572425996909, 38.71172511147121 ], [ -9.122797659514069, 38.711714530011186 ], [ -9.123023132226706, 38.711721296297355 ], [ -9.123201193686979, 38.711740452479546 ], [ -9.123202310246715, 38.711740313031903 ], [ -9.123427543692504, 38.711729730358961 ], [ -9.123653016486116, 38.711736495428873 ], [ -9.123824607478522, 38.711754954564675 ], [ -9.123954930439821, 38.711748830652283 ], [ -9.124180403321251, 38.711755594703575 ], [ -9.124263621796734, 38.711764546692464 ], [ -9.124292338581473, 38.71175072781395 ], [ -9.124495257038387, 38.711673416172005 ], [ -9.124593419719416, 38.711644954368936 ], [ -9.124544132253417, 38.711497572646053 ], [ -9.124508610945602, 38.71132298871072 ], [ -9.124495101303275, 38.711146517498392 ], [ -9.124503733270254, 38.710969858533005 ], [ -9.124534423553337, 38.710794713134298 ], [ -9.124586876430698, 38.710622768033282 ], [ -9.124660586605907, 38.710455679128692 ], [ -9.124754844079851, 38.710295055540797 ], [ -9.12486874099339, 38.710142444116087 ], [ -9.125001180374705, 38.709999314532133 ], [ -9.125150886706884, 38.709867045145828 ], [ -9.125269294787699, 38.709781109877945 ], [ -9.125294553993886, 38.709738064750105 ], [ -9.125408448890134, 38.709585452812178 ], [ -9.125540886178136, 38.709442322631276 ], [ -9.125690590361138, 38.709310052570004 ], [ -9.125856119683815, 38.709189916399076 ], [ -9.126035880018001, 38.709083071032417 ], [ -9.126228140214657, 38.708990545388083 ], [ -9.126431048774178, 38.708913230481357 ], [ -9.126642651674633, 38.708851870846154 ], [ -9.126860911186265, 38.708807057366613 ], [ -9.126971234101543, 38.708793274984821 ], [ -9.127042051125047, 38.708698379551031 ], [ -9.127174483516759, 38.708555247563112 ], [ -9.127324182829151, 38.708422975454774 ], [ -9.127489707353789, 38.708302837016404 ], [ -9.127669463008711, 38.708195989183793 ], [ -9.127861718689925, 38.70810346089872 ], [ -9.128064622941306, 38.708026143201913 ], [ -9.128276221782395, 38.707964780654173 ], [ -9.128494477522516, 38.707919964167637 ], [ -9.128717288380173, 38.707892125316825 ], [ -9.128854931654937, 38.707885651381574 ], [ -9.129037964732973, 38.707848066516682 ], [ -9.129260775134792, 38.707820226635519 ], [ -9.129485995145275, 38.707809632459046 ], [ -9.129711455933986, 38.707816386005263 ], [ -9.129934986352895, 38.707840422236508 ], [ -9.130154433839481, 38.707881509685613 ], [ -9.130367685141024, 38.707939252684533 ], [ -9.130572686660756, 38.70801309517384 ], [ -9.130767464230132, 38.708102326056441 ], [ -9.130900350318784, 38.708177804648166 ], [ -9.130895203008777, 38.708110642049625 ], [ -9.130897770544541, 38.70805799831092 ], [ -9.130835086623927, 38.707925303059682 ], [ -9.130777883975163, 38.707754290861224 ], [ -9.130742349595218, 38.707579708886861 ], [ -9.130728825545647, 38.707403238478065 ], [ -9.130737441909062, 38.70722657915109 ], [ -9.130768115542551, 38.707051432229157 ], [ -9.130820550884655, 38.706879484457986 ], [ -9.13089424280783, 38.706712391762046 ], [ -9.130988481488734, 38.706551763298144 ], [ -9.131102359249207, 38.706399145959736 ], [ -9.131234779301868, 38.706256009481386 ], [ -9.131384466315922, 38.706123732286379 ], [ -9.131549978701353, 38.706003588214102 ], [ -9.131729722493079, 38.705896734254623 ], [ -9.131921966701325, 38.705804199408689 ], [ -9.131988229770483, 38.705778945956688 ], [ -9.13200001927251, 38.705771937269091 ], [ -9.132192262791918, 38.705679401985854 ], [ -9.132283015683148, 38.70564481491062 ], [ -9.132358660292693, 38.705608403575177 ], [ -9.132561552536064, 38.705531078200018 ], [ -9.132773140047163, 38.705469707636937 ], [ -9.132991385244388, 38.70542488287532 ], [ -9.13321418644775, 38.705397035569312 ], [ -9.133439398113779, 38.705386433881991 ], [ -9.133664851492377, 38.705393179903723 ], [ -9.13388837550686, 38.70541720866926 ], [ -9.134107817656373, 38.705458288783319 ], [ -9.13432106473959, 38.705516024648496 ], [ -9.134526063200367, 38.705589860274031 ], [ -9.134720838899621, 38.705679084628947 ], [ -9.134903516123218, 38.70578283848775 ], [ -9.135072335642956, 38.705900122703326 ], [ -9.135225671656842, 38.70602980782683 ], [ -9.135362047445609, 38.706170644982684 ], [ -9.135480149594688, 38.70632127789338 ], [ -9.135578840644692, 38.706480255938835 ], [ -9.135656666365852, 38.706644982031428 ], [ -9.135683058914216, 38.706637326268051 ], [ -9.135901305709915, 38.706592496059962 ], [ -9.136124109277603, 38.706564643180513 ], [ -9.136349324051048, 38.706554035846473 ], [ -9.13657478125023, 38.706560776202515 ], [ -9.136798309761684, 38.706584799337996 ], [ -9.137017757041258, 38.706625873911825 ], [ -9.137023588520744, 38.706627452580051 ], [ -9.137077161673623, 38.706588559805347 ], [ -9.137256898497684, 38.706481697449483 ], [ -9.137449136932323, 38.706389153598643 ], [ -9.13765202568745, 38.706311819443506 ], [ -9.137863610931786, 38.706250439703311 ], [ -9.138081855105552, 38.706205605455793 ], [ -9.138304656538597, 38.706177748446457 ], [ -9.138529869685238, 38.706167136931825 ], [ -9.138755325781119, 38.706173873096837 ], [ -9.138978853723399, 38.706197892071188 ], [ -9.139198300973407, 38.706238962553861 ], [ -9.139388211570283, 38.70629037032171 ], [ -9.139467053363168, 38.706184685150355 ], [ -9.13959945614242, 38.706041539421996 ], [ -9.139749127069228, 38.705909251725728 ], [ -9.139914624708453, 38.705789096002064 ], [ -9.140094355236974, 38.705682229353314 ], [ -9.140286587792694, 38.705589680902392 ], [ -9.140489471142123, 38.70551234188428 ], [ -9.140701051506026, 38.70545095706504 ], [ -9.140838504962401, 38.705422715975217 ], [ -9.14084198407846, 38.705351176545747 ], [ -9.140872632297485, 38.705176027259633 ], [ -9.140925042064099, 38.705004075246073 ], [ -9.140998708497046, 38.70483697647046 ], [ -9.141092922018444, 38.704676340148133 ], [ -9.141206775192403, 38.7045237132483 ], [ -9.14133917146826, 38.704380565597603 ], [ -9.141488835744157, 38.704248275726954 ], [ -9.141654326648998, 38.704128117597797 ], [ -9.141834050424501, 38.704021248335614 ], [ -9.142026276273599, 38.703928697088507 ], [ -9.142229153027369, 38.703851355118331 ], [ -9.142440726970076, 38.703789967219649 ], [ -9.142658960650749, 38.703745124548725 ], [ -9.142859887672952, 38.703719993687876 ], [ -9.14302443734937, 38.703657261422585 ], [ -9.143236010011956, 38.703595872099612 ], [ -9.143454242575805, 38.703551027957403 ], [ -9.143677033482547, 38.703523160836738 ], [ -9.143902237287834, 38.703512539091527 ], [ -9.144127685317253, 38.703519265005205 ], [ -9.144351206545624, 38.703543273806169 ], [ -9.144570648498922, 38.703584334291371 ], [ -9.144783897977732, 38.703642051052391 ], [ -9.144988901402863, 38.703715868282458 ], [ -9.145183684587467, 38.703805075127683 ], [ -9.14536637174537, 38.703908812531203 ], [ -9.145535203552752, 38.704026081504338 ], [ -9.145688554089352, 38.704155752745059 ], [ -9.145824946496106, 38.704296577511464 ], [ -9.14594306719847, 38.704447199645372 ], [ -9.14604177855845, 38.704606168630512 ], [ -9.146048326847223, 38.70462002430957 ], [ -9.146108689485009, 38.704641758519159 ], [ -9.146204568832403, 38.704685667604814 ], [ -9.146389784751744, 38.704752356059871 ], [ -9.146584572466557, 38.704841560493854 ], [ -9.14676726427142, 38.704945295627034 ], [ -9.146907777041591, 38.705042890027848 ], [ -9.147071107303388, 38.704924287895025 ], [ -9.147250824798194, 38.704817410402534 ], [ -9.147443045576345, 38.704724850327452 ], [ -9.147645918517739, 38.704647499016687 ], [ -9.147857489943327, 38.704586101354714 ], [ -9.148075722426361, 38.704541248591788 ], [ -9.148298514409237, 38.704513372651711 ], [ -9.148523720437248, 38.704502741973307 ], [ -9.148749171814572, 38.704509458926019 ], [ -9.148972697483801, 38.704533458824542 ], [ -9.149192144928159, 38.704574510551538 ], [ -9.149357959475239, 38.704619380917038 ], [ -9.149528184294914, 38.704637657021273 ], [ -9.149747632353716, 38.704678707696225 ], [ -9.14996088905645, 38.704736414903081 ], [ -9.150165900754388, 38.704810222927037 ], [ -9.150360693181037, 38.704899421002843 ], [ -9.15054339046125, 38.70500315015812 ], [ -9.150712233173762, 38.705120411483584 ], [ -9.150865595293318, 38.705250075750889 ], [ -9.151001999849337, 38.705390894285266 ], [ -9.151120133150304, 38.705541510988589 ], [ -9.151218857436914, 38.705700475396867 ], [ -9.151297221842054, 38.705866256646949 ], [ -9.151354471551935, 38.706037258217513 ], [ -9.151390055080054, 38.706211833302824 ], [ -9.151403629583694, 38.706388300671108 ], [ -9.151395064171609, 38.706564960854926 ], [ -9.151376019020452, 38.70667389181294 ], [ -9.151543297305727, 38.706734110973571 ], [ -9.151738096667, 38.70682330663108 ], [ -9.15192080084832, 38.706927033506418 ], [ -9.15202587421452, 38.707000002813999 ], [ -9.152031829611332, 38.706997731931082 ], [ -9.151996529518406, 38.706892297404018 ], [ -9.15196094414534, 38.706717722548035 ], [ -9.151947368192742, 38.706541255273791 ], [ -9.151948000394356, 38.706528214169957 ], [ -9.1519400719052, 38.706425155079984 ], [ -9.15194863596601, 38.706248494870557 ], [ -9.151979257354816, 38.706073343062641 ], [ -9.152031641013266, 38.70590138644905 ], [ -9.152105282311513, 38.705734281039504 ], [ -9.152199471913686, 38.7055736361133 ], [ -9.152313302614182, 38.705420998722502 ], [ -9.152445678078717, 38.7052778387948 ], [ -9.152595323405786, 38.705145534979359 ], [ -9.152760797406703, 38.705025361371916 ], [ -9.152940506485919, 38.704918475247013 ], [ -9.153132719987831, 38.704825905915136 ], [ -9.153335586862363, 38.704748544812318 ], [ -9.153547153488876, 38.704687136917315 ], [ -9.153765382486814, 38.704642273578955 ], [ -9.15398817233212, 38.704614386822833 ], [ -9.154213377590661, 38.704603745191918 ], [ -9.154438829574021, 38.704610451161138 ], [ -9.154607062692207, 38.70462850598296 ], [ -9.154646690441689, 38.704609420593052 ], [ -9.15484955501959, 38.70453205689099 ], [ -9.155061119656107, 38.704470646280448 ], [ -9.155279346989841, 38.70442578013639 ], [ -9.15550213551276, 38.70439789051143 ], [ -9.155727339803455, 38.704387245976179 ], [ -9.155952791182836, 38.704393949033516 ], [ -9.156176318593474, 38.704417935131893 ], [ -9.156346689766959, 38.704449795229699 ], [ -9.156418812803988, 38.704457534344307 ], [ -9.156638263962394, 38.704498572040286 ], [ -9.156851525386239, 38.70455626661149 ], [ -9.157056543381353, 38.704630062464766 ], [ -9.157251343620635, 38.704719248952095 ], [ -9.157370623476472, 38.704786961426457 ], [ -9.157484290625577, 38.704763589942125 ], [ -9.157707079243613, 38.704735696114405 ], [ -9.157931168603497, 38.704725100072984 ], [ -9.158120875603707, 38.704686092705721 ], [ -9.158343663707452, 38.704658197671222 ], [ -9.158353025447104, 38.704657754959513 ], [ -9.15841083147359, 38.70455914491982 ], [ -9.15852464727104, 38.704406501658141 ], [ -9.158657008365633, 38.704263334868351 ], [ -9.158806639994218, 38.704131023265674 ], [ -9.158972101100005, 38.704010841020896 ], [ -9.159151798211582, 38.703903945491696 ], [ -9.159344000788563, 38.703811366079137 ], [ -9.159546857886047, 38.703733994316337 ], [ -9.159758415977521, 38.703672575284685 ], [ -9.159955590354494, 38.703632028622401 ], [ -9.159982605813829, 38.703477396996057 ], [ -9.160034968465043, 38.703305437010009 ], [ -9.160108588491955, 38.703138326778074 ], [ -9.160202756763532, 38.702977675626038 ], [ -9.160316566279576, 38.702825030665927 ], [ -9.160448920909785, 38.702681861898355 ], [ -9.160598545953254, 38.702549548057625 ], [ -9.160764000416606, 38.702429363336059 ], [ -9.160943690892381, 38.702322465115216 ], [ -9.161135886904091, 38.702229882822067 ], [ -9.161338737570045, 38.702152508017491 ], [ -9.161543566915109, 38.702093037640942 ], [ -9.161653278649922, 38.702040187784313 ], [ -9.161856128206713, 38.7019628120946 ], [ -9.16206767904332, 38.70190138896487 ], [ -9.162285893931202, 38.701856509890682 ], [ -9.162508671482138, 38.701828607049116 ], [ -9.162733866380366, 38.701817949138054 ], [ -9.162959310037213, 38.701824638789184 ], [ -9.163182831469607, 38.701848611580026 ], [ -9.163402278201577, 38.701889636654279 ], [ -9.163615536987725, 38.701947318944512 ], [ -9.16382055415929, 38.702021102975841 ], [ -9.164015355397115, 38.70211027821405 ], [ -9.164198064741264, 38.702213985906646 ], [ -9.164366922654358, 38.702331227351074 ], [ -9.16452030296484, 38.702460873510375 ], [ -9.164656728527026, 38.702601675884218 ], [ -9.164742405821453, 38.70271088012084 ], [ -9.164846450297292, 38.702730329338124 ], [ -9.164947238170143, 38.702757588793197 ], [ -9.165016412602416, 38.702639560189574 ], [ -9.165130211258106, 38.702486910683447 ], [ -9.165262555557925, 38.702343736599317 ], [ -9.165412170900428, 38.702211416722697 ], [ -9.165577616385628, 38.702091225304052 ], [ -9.165757298692508, 38.701984319789432 ], [ -9.165949487423212, 38.701891729676056 ], [ -9.166152331766149, 38.701814346600074 ], [ -9.166363878317588, 38.701752915751847 ], [ -9.166582089890234, 38.701708028701205 ], [ -9.166804865127785, 38.701680117702089 ], [ -9.16703005873674, 38.701669451530897 ], [ -9.167255502140847, 38.701676132898854 ], [ -9.16747902435946, 38.701700097463245 ], [ -9.167667678375643, 38.701735358688843 ], [ -9.167691042094281, 38.701734251927036 ], [ -9.167916485734807, 38.701740932016683 ], [ -9.168140008347818, 38.701764895311278 ], [ -9.168359457445989, 38.701805911045916 ], [ -9.168572719761139, 38.701863584243107 ], [ -9.168777741590542, 38.701937359515526 ], [ -9.16897254857021, 38.702026526413313 ], [ -9.169155264684933, 38.702130226264266 ], [ -9.169200802501631, 38.7021618407408 ], [ -9.169302833521094, 38.702198554930241 ], [ -9.169497641849294, 38.702287720930315 ], [ -9.169680359377276, 38.702391419936333 ], [ -9.169849226488882, 38.70250865332941 ], [ -9.170002616924007, 38.702638292150148 ], [ -9.170139053439492, 38.702779087968871 ], [ -9.170257222036158, 38.702929684906188 ], [ -9.170355984614902, 38.703088632688527 ], [ -9.170403647465271, 38.703189403645759 ], [ -9.170536223356304, 38.703193328838438 ], [ -9.170759751263802, 38.703217287043728 ], [ -9.17097920620615, 38.703258297768663 ], [ -9.171017364951693, 38.703268616013446 ], [ -9.171005250313925, 38.703232460471916 ], [ -9.170969620857504, 38.703057891908223 ], [ -9.170955999120281, 38.702881427369022 ], [ -9.170964516125714, 38.702704766314113 ], [ -9.170995089687793, 38.702529610083538 ], [ -9.17104742520876, 38.70235764551277 ], [ -9.171121018522326, 38.702190528688249 ], [ -9.171215160754691, 38.702029868999226 ], [ -9.171328945156379, 38.70187721364001 ], [ -9.171461275838897, 38.701734032711386 ], [ -9.171610878331906, 38.701601705064768 ], [ -9.171776311859132, 38.701481505025463 ], [ -9.171955983214678, 38.701374590122526 ], [ -9.172148162106113, 38.701281989943588 ], [ -9.172350997816569, 38.701204596221771 ], [ -9.172562537025415, 38.701143154249877 ], [ -9.172780742616043, 38.701098255704913 ], [ -9.173003513289734, 38.70107033295146 ], [ -9.173228703796923, 38.70105965487911 ], [ -9.173454145591219, 38.701066324313658 ], [ -9.17367766770748, 38.701090277027326 ], [ -9.173897117663163, 38.701131282357096 ], [ -9.174110382181848, 38.701188945425677 ], [ -9.174315407539599, 38.701262710943254 ], [ -9.174510219338471, 38.701351868553893 ], [ -9.17469294151687, 38.701455559674855 ], [ -9.174814108515628, 38.701539669940175 ], [ -9.17500835871148, 38.70153045604377 ], [ -9.175233802072642, 38.701537122023261 ], [ -9.175457326174826, 38.701561071303892 ], [ -9.175676778516367, 38.701602073255749 ], [ -9.175890045797875, 38.701659733034028 ], [ -9.176095074268817, 38.701733495380608 ], [ -9.176289889501282, 38.701822649970111 ], [ -9.176472615400614, 38.701926338248853 ], [ -9.176641492270079, 38.702043561701224 ], [ -9.176794893755634, 38.702173191463565 ], [ -9.176931342507745, 38.702313979193427 ], [ -9.17704952440943, 38.702464569089351 ], [ -9.177148301233492, 38.702623510945557 ], [ -9.177226721606997, 38.702789274116135 ], [ -9.17723608520161, 38.702817211770714 ], [ -9.177422923596337, 38.702867722454627 ], [ -9.177552324713734, 38.702914273799756 ], [ -9.177549803940188, 38.70288165699337 ], [ -9.177558304708388, 38.702704995684499 ], [ -9.177588862143395, 38.702529837954046 ], [ -9.177641181802759, 38.702357870652023 ], [ -9.177714759672925, 38.702190749891123 ], [ -9.177808887028798, 38.702030085098556 ], [ -9.177922657264139, 38.701877423517793 ], [ -9.178054974626846, 38.701734235309559 ], [ -9.178204564774825, 38.701601899395371 ], [ -9.178369987050639, 38.701481690180131 ], [ -9.178549648356713, 38.701374765281315 ], [ -9.178705372588803, 38.701299718487554 ], [ -9.178774664112055, 38.70120673735336 ], [ -9.178906978547834, 38.70106354820571 ], [ -9.179056565731154, 38.700931211227932 ], [ -9.179221985033131, 38.700811000835195 ], [ -9.17940164338482, 38.700704074656251 ], [ -9.179593810618979, 38.700611462387371 ], [ -9.179796636130957, 38.700534055878009 ], [ -9.180008166698304, 38.700472600544181 ], [ -9.180226365287593, 38.700427688191517 ], [ -9.180449130667512, 38.70039975131759 ], [ -9.180674317639451, 38.700389058947898 ], [ -9.180899757691053, 38.70039571404596 ], [ -9.181123279873963, 38.700419652522001 ], [ -9.181248247268551, 38.700442995192915 ], [ -9.181217897542068, 38.70035245514854 ], [ -9.181182244912311, 38.700177889939816 ], [ -9.18116859880733, 38.700001426848345 ], [ -9.181177090485294, 38.699824765320052 ], [ -9.181207638004119, 38.699649606699573 ], [ -9.181259947016876, 38.699477637845426 ], [ -9.181261339612073, 38.699474474261756 ], [ -9.181256417777259, 38.699410828311123 ], [ -9.181264909202314, 38.699234166762871 ], [ -9.181295456287986, 38.69905900810852 ], [ -9.181347764691511, 38.698887039206951 ], [ -9.181421330507753, 38.698719916186306 ], [ -9.18151544512771, 38.698559248495577 ], [ -9.181629202067795, 38.698406583406133 ], [ -9.181761505703944, 38.698263391112519 ], [ -9.181911081826239, 38.698131050575618 ], [ -9.182076489912305, 38.698010836244862 ], [ -9.182256137001191, 38.697903905786973 ], [ -9.182448293034103, 38.697811288939391 ], [ -9.182651107514234, 38.697733877595709 ], [ -9.182862627325349, 38.697672417218477 ], [ -9.183080815537584, 38.697627499661884 ], [ -9.183303571019529, 38.69759955747363 ], [ -9.183528748667877, 38.697588859730381 ], [ -9.183754180060031, 38.697595509447389 ], [ -9.183977694331013, 38.697619442586699 ], [ -9.184197139073818, 38.6976604286738 ], [ -9.184410401062234, 38.697718073016638 ], [ -9.184615426596713, 38.697791820505735 ], [ -9.184658475033766, 38.697811518027585 ], [ -9.184656972100614, 38.697792094431087 ], [ -9.184665455052734, 38.697615432707948 ], [ -9.184695993224024, 38.697440273243636 ], [ -9.184748292357582, 38.697268302904817 ], [ -9.184821848637547, 38.697101177833495 ], [ -9.184915953546751, 38.696940507498439 ], [ -9.18502970069512, 38.696787839196496 ], [ -9.185161994552882, 38.696644643153121 ], [ -9.185311561004269, 38.696512298365356 ], [ -9.185476959620024, 38.696392079323566 ], [ -9.185656597530379, 38.696285143739836 ], [ -9.185848744764908, 38.696192521400967 ], [ -9.186051550911515, 38.696115104253458 ], [ -9.186263062934193, 38.696053637815737 ], [ -9.186481243978065, 38.696008714000342 ], [ -9.186690618686809, 38.695982443516527 ], [ -9.186731081630992, 38.695958355826221 ], [ -9.186923226574223, 38.695865731748277 ], [ -9.187126030604714, 38.695788312762062 ], [ -9.187337540706828, 38.695726844403701 ], [ -9.187555720044175, 38.695681918604244 ], [ -9.187778467570787, 38.695653967990744 ], [ -9.188003638259945, 38.695643261721038 ], [ -9.18822906375606, 38.695649902892441 ], [ -9.188452573250915, 38.6956738275493 ], [ -9.188672014383501, 38.695714805298756 ], [ -9.188885273962365, 38.695772441529037 ], [ -9.189090298311175, 38.6958461812088 ], [ -9.189285113041739, 38.695935314230873 ], [ -9.189467842064289, 38.696038982249284 ], [ -9.189636725652072, 38.696156186943469 ], [ -9.189790137386421, 38.696285799630445 ], [ -9.189926599819184, 38.696426572132175 ], [ -9.190044798701722, 38.69657714879385 ], [ -9.190142023487217, 38.696733550477852 ], [ -9.190263340970182, 38.696675064800417 ], [ -9.19046614353184, 38.696597640049674 ], [ -9.190677653003581, 38.696536165664021 ], [ -9.19089583255508, 38.696491233632543 ], [ -9.191118581138298, 38.696463276642326 ], [ -9.191343753716344, 38.696452563912565 ], [ -9.191569181915437, 38.696459198602788 ], [ -9.19179269490134, 38.696483116819778 ], [ -9.192012140279433, 38.696524088232643 ], [ -9.192225404817393, 38.696581718290673 ], [ -9.192430434791147, 38.696655452021915 ], [ -9.192625255758351, 38.696744579376499 ], [ -9.192807991569198, 38.696848242063027 ], [ -9.192976882431582, 38.696965441812281 ], [ -9.193130301856797, 38.697095049988889 ], [ -9.193266772322648, 38.697235818458275 ], [ -9.193384979503149, 38.697386391604461 ], [ -9.193483784927762, 38.697545319382996 ], [ -9.193562236948225, 38.697711071283578 ], [ -9.193619579907191, 38.697882051067623 ], [ -9.193655261420304, 38.698056612139347 ], [ -9.193660074328566, 38.698118711874791 ], [ -9.193765826177733, 38.698156740424963 ], [ -9.193960652867712, 38.698245865450495 ], [ -9.19414339442921, 38.698349525942049 ], [ -9.194312291014752, 38.698466723651563 ], [ -9.194465716080522, 38.69859632996328 ], [ -9.194602192050018, 38.698737096760617 ], [ -9.194720404544247, 38.698887668443689 ], [ -9.194819215041509, 38.699046594982164 ], [ -9.194897671844679, 38.69921234587764 ], [ -9.194955019250354, 38.699383324901262 ], [ -9.194990704831346, 38.69955788546455 ], [ -9.195004384762255, 38.699734346475758 ], [ -9.194995927136604, 38.69991100852878 ], [ -9.194965413243368, 38.700086170269081 ], [ -9.194913136790358, 38.700258144778672 ], [ -9.194839601081725, 38.700425275822667 ], [ -9.194745514176493, 38.700585953800726 ], [ -9.194700031116216, 38.70064701174077 ], [ -9.194731162846685, 38.700739828674195 ], [ -9.194766848635497, 38.700914389264078 ], [ -9.194780528352377, 38.701090850265253 ], [ -9.194777025732442, 38.701164007224982 ], [ -9.194997640582967, 38.701187607373953 ], [ -9.195217102092293, 38.701228572508683 ], [ -9.195430383129263, 38.701286196439902 ], [ -9.195635429810952, 38.701359924254668 ], [ -9.19583026753415, 38.701449045960096 ], [ -9.196013019987721, 38.701552703319187 ], [ -9.196181927219303, 38.701669898114048 ], [ -9.19633536258258, 38.701799501757037 ], [ -9.196471848401877, 38.701940266157209 ], [ -9.196590070203357, 38.702090835737827 ], [ -9.196688889375677, 38.702249760488797 ], [ -9.196767354138167, 38.702415509928962 ], [ -9.196824708710755, 38.702586487843469 ], [ -9.196860400597217, 38.702761047654533 ], [ -9.196874085911407, 38.702937508277657 ], [ -9.196865632694983, 38.703114170310499 ], [ -9.196835122194425, 38.703289332398704 ], [ -9.196782848084846, 38.703461307620962 ], [ -9.196758770534776, 38.703516032162895 ], [ -9.196882974786529, 38.703549586551375 ], [ -9.197088029419778, 38.703623311677234 ], [ -9.197227072900827, 38.703686907884233 ], [ -9.197294925125135, 38.703571029103827 ], [ -9.197319206842005, 38.703538431719707 ], [ -9.197305150985493, 38.703508741149612 ], [ -9.197247794486346, 38.703337763524146 ], [ -9.197212101341398, 38.703163203865792 ], [ -9.197198415141369, 38.702986743301388 ], [ -9.197206867530555, 38.702810081252551 ], [ -9.197237376945216, 38.702634919068977 ], [ -9.197289649405331, 38.702462943643617 ], [ -9.197363181351847, 38.702295811167438 ], [ -9.197457264501859, 38.702135131180576 ], [ -9.197570992674759, 38.70198245107283 ], [ -9.197671466610846, 38.701873673580586 ], [ -9.197637605454464, 38.701802146760258 ], [ -9.197580249625013, 38.701631169240571 ], [ -9.197544556618722, 38.701456609632942 ], [ -9.197530870024995, 38.701280149063699 ], [ -9.197539321491929, 38.70110348695453 ], [ -9.197539394923826, 38.701103065344405 ], [ -9.197504173191188, 38.700930808624086 ], [ -9.19749048682681, 38.700754348031637 ], [ -9.197498938361282, 38.700577685909195 ], [ -9.197529446239116, 38.700402523607167 ], [ -9.197581716495106, 38.700230548019597 ], [ -9.197655245591443, 38.700063415339088 ], [ -9.197749325272683, 38.699902735107699 ], [ -9.197853799122791, 38.699762473700126 ], [ -9.197721169152882, 38.699650444368828 ], [ -9.197584685375025, 38.699509681345702 ], [ -9.197466465886658, 38.699359112674522 ], [ -9.197367649135316, 38.699200188471238 ], [ -9.197289186682326, 38.699034439313856 ], [ -9.197231834042496, 38.698863461500217 ], [ -9.19719614341278, 38.698688901673165 ], [ -9.19718245835972, 38.698512440961132 ], [ -9.197190910516593, 38.698335778787175 ], [ -9.197214801630285, 38.698198606679291 ], [ -9.197191962519012, 38.698086901338478 ], [ -9.197178277625246, 38.697910440606279 ], [ -9.197184946734255, 38.697771046293568 ], [ -9.197097574938205, 38.69773108038784 ], [ -9.196914830813308, 38.697627424541174 ], [ -9.196745932072789, 38.697510230607037 ], [ -9.196592505326494, 38.697380627289348 ], [ -9.196456028148614, 38.697239862801943 ], [ -9.19633781484819, 38.697089292845099 ], [ -9.19623900381317, 38.696930367547125 ], [ -9.196160546549825, 38.696764617496569 ], [ -9.196103198523002, 38.696593638999879 ], [ -9.196067511885243, 38.696419078706448 ], [ -9.196053830164649, 38.696242617749213 ], [ -9.196062284962432, 38.696065955553578 ], [ -9.196092794691712, 38.695890793470667 ], [ -9.196145065369491, 38.6957188183924 ], [ -9.196218593453935, 38.695551686506484 ], [ -9.196312670699376, 38.695391007347311 ], [ -9.196426390982117, 38.695238328296782 ], [ -9.196558659031055, 38.69509511968387 ], [ -9.196708200978915, 38.694962760626673 ], [ -9.196873576632349, 38.694842525752996 ], [ -9.19705319334266, 38.694735572927407 ], [ -9.197245321343512, 38.694642932102738 ], [ -9.197448110407974, 38.694565495403495 ], [ -9.197659607664484, 38.694504008536391 ], [ -9.197877776400309, 38.694459063610672 ], [ -9.198100515671539, 38.694431093437565 ], [ -9.198325680530933, 38.694420367363243 ], [ -9.198551102679023, 38.69442698867573 ], [ -9.198774611339829, 38.694450893610565 ], [ -9.198957702442893, 38.69448506705595 ], [ -9.19899137631475, 38.694472207804665 ], [ -9.199202871912119, 38.69441071816771 ], [ -9.199421039333082, 38.694365770379413 ], [ -9.199643777646385, 38.694337797278571 ], [ -9.199868941914003, 38.694327068239517 ], [ -9.200094363842171, 38.694333686578823 ], [ -9.200317872657024, 38.694357588560671 ], [ -9.200537316004116, 38.694398544010539 ], [ -9.20075058067069, 38.694456158531409 ], [ -9.200955612931448, 38.69452987730093 ], [ -9.201150438322058, 38.694618990413282 ], [ -9.201333180650147, 38.694722639714215 ], [ -9.201502080060889, 38.694839827063419 ], [ -9.201655509983308, 38.694969423944933 ], [ -9.201791992794167, 38.695110182332947 ], [ -9.201910214048647, 38.695260746708556 ], [ -9.20200903514073, 38.695419667111842 ], [ -9.202057563249559, 38.695522170443702 ], [ -9.202190732569608, 38.695583079566006 ], [ -9.202373478847353, 38.695686727167562 ], [ -9.202427586736812, 38.695724267484991 ], [ -9.202577178562455, 38.695667137271961 ], [ -9.202788674433851, 38.695605641154572 ], [ -9.203006843067485, 38.6955606866645 ], [ -9.203229583520423, 38.695532706705045 ], [ -9.203454750834037, 38.695521970716605 ], [ -9.203680176685234, 38.695528582082638 ], [ -9.203802880006634, 38.695541699918984 ], [ -9.203873871869337, 38.695543781826991 ], [ -9.204097385549732, 38.695567676506904 ], [ -9.204173356839018, 38.695581852480011 ], [ -9.204377637492188, 38.695522451081061 ], [ -9.204595804810326, 38.695477493643232 ], [ -9.204818544316161, 38.695449510668837 ], [ -9.205043711060183, 38.695438771627281 ], [ -9.205269136724777, 38.695445379931456 ], [ -9.205492650500112, 38.695469271942152 ], [ -9.205712099983979, 38.695510217580875 ], [ -9.205925371904549, 38.695567822545044 ], [ -9.206130412466692, 38.695641532104354 ], [ -9.206325247126156, 38.695730636441695 ], [ -9.206507999601337, 38.695834277487293 ], [ -9.206564649693657, 38.695873577937839 ], [ -9.206638745243533, 38.695746989404192 ], [ -9.206752443882101, 38.695594300625942 ], [ -9.206884691703644, 38.695451080625865 ], [ -9.207034215035625, 38.695318708631724 ], [ -9.207199573863914, 38.695198459395932 ], [ -9.20737917570178, 38.695091490921342 ], [ -9.207571290926058, 38.694998833311509 ], [ -9.207774069432803, 38.694921378852548 ], [ -9.207885833237784, 38.694888875660887 ], [ -9.208004668000125, 38.694818097919736 ], [ -9.208196781670058, 38.694725439299958 ], [ -9.208399558711594, 38.694647983773436 ], [ -9.20861104636891, 38.694586477228135 ], [ -9.208829208021671, 38.694541511962797 ], [ -9.209051942794147, 38.694513520984493 ], [ -9.2092771057824, 38.694502773839737 ], [ -9.20950252870497, 38.694509374019411 ], [ -9.209726040778429, 38.694533257962533 ], [ -9.209945489616963, 38.694574195668324 ], [ -9.210158761954956, 38.694631792910549 ], [ -9.210363803993269, 38.694705495033276 ], [ -9.210558641173451, 38.694794592290989 ], [ -9.210741397189642, 38.694898226682085 ], [ -9.210910312055249, 38.695015400209861 ], [ -9.211063759050516, 38.695144984491435 ], [ -9.211200260387844, 38.695285731622342 ], [ -9.211318501444053, 38.695436286192148 ], [ -9.211417343422474, 38.695595198335319 ], [ -9.211495834322907, 38.695760937692143 ], [ -9.211553218113661, 38.695931908144907 ], [ -9.211588942017217, 38.696106463187725 ], [ -9.211602661839169, 38.696282921782078 ], [ -9.211594245288911, 38.696459584545188 ], [ -9.211563773259856, 38.696634750115741 ], [ -9.211511539056644, 38.696806731538921 ], [ -9.211438045576513, 38.696973872513297 ], [ -9.21134400047176, 38.697134563342985 ], [ -9.211230309339671, 38.697287256441207 ], [ -9.211098067005279, 38.697430481236232 ], [ -9.2109485469808, 38.697562858335871 ], [ -9.21078318920306, 38.697683112814026 ], [ -9.210603586167005, 38.697790086491302 ], [ -9.210411467588751, 38.697882749091377 ], [ -9.210208683745904, 38.697960208165405 ], [ -9.210096916296406, 38.697992713614425 ], [ -9.209978078465589, 38.698063493490267 ], [ -9.209785958332676, 38.698156155080376 ], [ -9.209583173024306, 38.698233613086778 ], [ -9.209371675571804, 38.69829512149542 ], [ -9.209153502932695, 38.698340087903802 ], [ -9.208930756369032, 38.698368079227805 ], [ -9.208705581205706, 38.698378825873732 ], [ -9.208480146163881, 38.69837222433555 ], [ -9.208256622468829, 38.698348338192027 ], [ -9.208037162933593, 38.698307397494425 ], [ -9.207823881220161, 38.698249796550314 ], [ -9.207618831478115, 38.698176090125301 ], [ -9.207423988557027, 38.698086988098758 ], [ -9.207241228983436, 38.697983348625655 ], [ -9.207184576836889, 38.697944048546141 ], [ -9.20711048008077, 38.698070637397606 ], [ -9.206996778413581, 38.698223326505726 ], [ -9.20699625139105, 38.69822389723506 ], [ -9.207174972780294, 38.698305627588567 ], [ -9.207357733091891, 38.698409267149209 ], [ -9.207526650944258, 38.698526445456828 ], [ -9.207680099588856, 38.698656034082546 ], [ -9.207816601222179, 38.698796785080077 ], [ -9.207934841218167, 38.698947343001706 ], [ -9.208033680790331, 38.699106257949673 ], [ -9.208112167961612, 38.699271999537224 ], [ -9.208116409035783, 38.699284636736877 ], [ -9.208121503975857, 38.699280126344647 ], [ -9.208248548617107, 38.699187742082827 ], [ -9.208344804275312, 38.699102529445689 ], [ -9.208510169431188, 38.698982278339166 ], [ -9.208689778602224, 38.698875307811434 ], [ -9.208881902094634, 38.698782647985773 ], [ -9.20908468972485, 38.698705191169658 ], [ -9.209296188635086, 38.698643683263498 ], [ -9.209514362096666, 38.698598716579156 ], [ -9.20973710912015, 38.698570724137326 ], [ -9.20996228468365, 38.698559975498604 ], [ -9.210187720384633, 38.698566574168296 ], [ -9.210411245316644, 38.698590456599938 ], [ -9.210630706970056, 38.698631392807293 ], [ -9.210843991955876, 38.698688988578574 ], [ -9.211049046353194, 38.69876268927203 ], [ -9.21124389548455, 38.698851785155895 ], [ -9.211426662929016, 38.698955418241816 ], [ -9.21151243937204, 38.699014915637392 ], [ -9.211543855467403, 38.69894347009928 ], [ -9.211637902395367, 38.69878277913007 ], [ -9.211751594944722, 38.698630085652312 ], [ -9.211883838111353, 38.698486860133954 ], [ -9.212033358267515, 38.698354481855908 ], [ -9.212198715429626, 38.698234225631097 ], [ -9.212378317126975, 38.698127249529698 ], [ -9.212570433737723, 38.698034583728678 ], [ -9.212641063197756, 38.698007603111208 ], [ -9.212649133528888, 38.698001733860657 ], [ -9.21253629577652, 38.697858069334757 ], [ -9.212437448111157, 38.697699158278844 ], [ -9.212358952828184, 38.697533419670243 ], [ -9.212301565758656, 38.697362449705231 ], [ -9.212265839431163, 38.697187894951099 ], [ -9.212252117756073, 38.6970114364875 ], [ -9.212260532719384, 38.696834773715878 ], [ -9.212291003117832, 38.696659607992949 ], [ -9.212343235347166, 38.696487626245769 ], [ -9.212416726235778, 38.696320484726293 ], [ -9.212510767896148, 38.696159793061753 ], [ -9.212616250922107, 38.696018117195933 ], [ -9.212542149563786, 38.695923768932552 ], [ -9.212443304649057, 38.695764857791552 ], [ -9.212364811572167, 38.695599119102539 ], [ -9.212307426142939, 38.695428149062586 ], [ -9.212271700874181, 38.695253594239695 ], [ -9.212261578179971, 38.695123413693928 ], [ -9.212086239417447, 38.6950432367193 ], [ -9.211903481135769, 38.6949396044662 ], [ -9.211734564864456, 38.694822432392591 ], [ -9.211581117382273, 38.694692848991878 ], [ -9.211444616463208, 38.694552102286067 ], [ -9.211326376645038, 38.694401547804198 ], [ -9.211227536571185, 38.694242635525569 ], [ -9.211149048027671, 38.694076895913376 ], [ -9.211091666780666, 38.693905925173567 ], [ -9.211055945302704, 38.693731369880872 ], [ -9.211042227457474, 38.693554911120138 ], [ -9.211050645194115, 38.693378248295637 ], [ -9.211081117282687, 38.693203082764633 ], [ -9.211133350102687, 38.693031101452291 ], [ -9.211206840476844, 38.69286396060641 ], [ -9.21130088052263, 38.692703269847726 ], [ -9.211414564474541, 38.692550576669838 ], [ -9.211546797411284, 38.692407351537867 ], [ -9.211696305803656, 38.692274973728999 ], [ -9.211861649781373, 38.69215471805164 ], [ -9.212041237000694, 38.692047742570722 ], [ -9.212233337979207, 38.69195507745723 ] ], [ [ -9.154986262760785, 38.790919951699124 ], [ -9.154994824782891, 38.790743293751362 ], [ -9.155025470242697, 38.790568143253481 ], [ -9.155057171748279, 38.790464178110277 ], [ -9.155058634596948, 38.790433994862518 ], [ -9.155089279784551, 38.790258844342667 ], [ -9.155141713027136, 38.790086888042374 ], [ -9.155215429216705, 38.789919781968244 ], [ -9.155309718295591, 38.789759135405866 ], [ -9.155423672099714, 38.78960649542293 ], [ -9.155556193108875, 38.789463331971938 ], [ -9.155706005019654, 38.789331023735777 ], [ -9.155871665038978, 38.789210844852626 ], [ -9.156051577779849, 38.789103952647579 ], [ -9.156244010625452, 38.78901137648954 ], [ -9.156447110413602, 38.788934007880101 ], [ -9.156499384864825, 38.78891885059064 ], [ -9.156451703300171, 38.788842179873129 ], [ -9.156373232008226, 38.788676405801638 ], [ -9.156315899948707, 38.788505410138939 ], [ -9.156280259119608, 38.788330839699753 ], [ -9.156266652607087, 38.78815437571464 ], [ -9.156275211287289, 38.787977717638036 ], [ -9.156305852572158, 38.787802566781252 ], [ -9.156358281211096, 38.787630609927923 ], [ -9.156431992140456, 38.787463503089995 ], [ -9.156526275353242, 38.787302855560384 ], [ -9.156640222741876, 38.787150214416144 ], [ -9.156772736847943, 38.787007049620946 ], [ -9.156922541434508, 38.78687473987064 ], [ -9.157088193779019, 38.786754559317984 ], [ -9.157115095755767, 38.786738575010354 ], [ -9.157206429713439, 38.786616223580502 ], [ -9.157338941707764, 38.786473058159117 ], [ -9.157488744135808, 38.786340747700415 ], [ -9.157592173552244, 38.786265708393586 ], [ -9.15756327987685, 38.786179533243313 ], [ -9.157527637298104, 38.786004963141728 ], [ -9.15751402828305, 38.78582849926844 ], [ -9.157522583731954, 38.785651841076827 ], [ -9.1575532210879, 38.785476689879268 ], [ -9.157605645138144, 38.785304732462706 ], [ -9.157679350863242, 38.785137624844538 ], [ -9.157773628306328, 38.78497697632519 ], [ -9.157887569415397, 38.784824333991239 ], [ -9.158020076792512, 38.784681167817816 ], [ -9.158169874265541, 38.784548856514085 ], [ -9.158335519180433, 38.784428674247728 ], [ -9.158515416295646, 38.784321778376487 ], [ -9.15870783314482, 38.784229198304516 ], [ -9.158797890735361, 38.784194887361501 ], [ -9.158817159916197, 38.78408471375262 ], [ -9.158869579972372, 38.783912755783888 ], [ -9.15887897061058, 38.783891463769677 ], [ -9.158799308118352, 38.783895228298213 ], [ -9.158573606248924, 38.783888534245385 ], [ -9.158349829595606, 38.783864556453686 ], [ -9.158130133408154, 38.783823525857201 ], [ -9.157916633628128, 38.783765837629559 ], [ -9.157711386505563, 38.783692047377173 ], [ -9.157556423997576, 38.783621183075901 ], [ -9.157455649207169, 38.783641882352114 ], [ -9.157232615789971, 38.783669778682224 ], [ -9.157007162832228, 38.783680429374954 ], [ -9.156781461731144, 38.783673731848495 ], [ -9.156557686274954, 38.783649750606259 ], [ -9.156337991701886, 38.783608716615568 ], [ -9.156124493937941, 38.783551025082758 ], [ -9.155919249213733, 38.783477231646039 ], [ -9.155724234256832, 38.783388047023074 ], [ -9.155541327250637, 38.783284330164527 ], [ -9.155372289743244, 38.783167079979805 ], [ -9.155218749680737, 38.783037425714767 ], [ -9.155188333046462, 38.783006063509191 ], [ -9.155035389475833, 38.782899975399047 ], [ -9.154881850597363, 38.782770320669357 ], [ -9.154745287820116, 38.782629510612622 ], [ -9.154627016277066, 38.782478901368115 ], [ -9.154528174916528, 38.782319943442616 ], [ -9.154449715536195, 38.782154167738973 ], [ -9.154421688656065, 38.782070560900848 ], [ -9.154410203311805, 38.782077385149449 ], [ -9.154217786469621, 38.782169958174599 ], [ -9.15401470321596, 38.782247322769237 ], [ -9.153802909452207, 38.78230873381893 ], [ -9.153584444990273, 38.782353599858801 ], [ -9.153361413903387, 38.782381488771449 ], [ -9.153135964257316, 38.782392131949535 ], [ -9.152910267417361, 38.782385426883664 ], [ -9.152686497130713, 38.782361438149856 ], [ -9.152466808585787, 38.782320396787611 ], [ -9.152253317650519, 38.782262698074234 ], [ -9.152048080489731, 38.782188897717134 ], [ -9.152020717667906, 38.782176382678109 ], [ -9.151975664624985, 38.782189445294748 ], [ -9.151757199304603, 38.782234307929684 ], [ -9.15175310894082, 38.78223481934824 ], [ -9.151758447347426, 38.782260977983519 ], [ -9.151960740486739, 38.782282666004427 ], [ -9.152180428646307, 38.782323708323943 ], [ -9.152393919708816, 38.782381407168245 ], [ -9.15259915776903, 38.782455206903151 ], [ -9.152794166380888, 38.782544396843385 ], [ -9.152977067587592, 38.78264811809504 ], [ -9.153146100004165, 38.78276537182515 ], [ -9.153299635778501, 38.782895028878642 ], [ -9.153436196267597, 38.783035840650456 ], [ -9.153554466278074, 38.78318645110771 ], [ -9.153653306733773, 38.783345409846753 ], [ -9.153731765648434, 38.783511186059158 ], [ -9.153789087297634, 38.783682183272262 ], [ -9.153824719501511, 38.783856754722351 ], [ -9.153838318947987, 38.78403321921278 ], [ -9.153829754504983, 38.78420987730383 ], [ -9.153799108489517, 38.78438502767893 ], [ -9.153746675881219, 38.784556983529363 ], [ -9.153672961487604, 38.784724088799706 ], [ -9.153578675088145, 38.784884734137634 ], [ -9.153464724603733, 38.785037372394193 ], [ -9.15336070836298, 38.785149743357898 ], [ -9.153259228616621, 38.785285675691199 ], [ -9.153126710505079, 38.785428836595308 ], [ -9.152976901760843, 38.785561141565296 ], [ -9.152811245101542, 38.785681316369498 ], [ -9.15263133590093, 38.785788203595644 ], [ -9.152438906824191, 38.785880773799825 ], [ -9.152298837016314, 38.785934128153336 ], [ -9.152292911046397, 38.786056306658558 ], [ -9.152262260570781, 38.786231456637651 ], [ -9.152209823000691, 38.786403411813218 ], [ -9.152167871521701, 38.786498505396409 ], [ -9.152181885921337, 38.786540313101348 ], [ -9.152217515793369, 38.786714884991184 ], [ -9.152231111980635, 38.786891349629876 ], [ -9.152222543382418, 38.787068007576273 ], [ -9.152191892355727, 38.787243157515192 ], [ -9.152139453928438, 38.787415112642122 ], [ -9.152065732964088, 38.787582216908611 ], [ -9.151971439305418, 38.787742860971953 ], [ -9.151857480943219, 38.787895497695487 ], [ -9.151724955276062, 38.788038657050116 ], [ -9.151575138544928, 38.788170960273632 ], [ -9.151409473544367, 38.788291133151134 ], [ -9.151229555728476, 38.788398018288923 ], [ -9.151037117845423, 38.788490586263222 ], [ -9.150834013248559, 38.7885679455364 ], [ -9.150745988034085, 38.788593464222132 ], [ -9.150827207849254, 38.788595878373052 ], [ -9.151050997129325, 38.788619870386896 ], [ -9.151270704336884, 38.788660914116626 ], [ -9.151484213718604, 38.788718614315258 ], [ -9.151689469192863, 38.788792415335593 ], [ -9.151884494145929, 38.788881606480011 ], [ -9.152067410463642, 38.788985328842998 ], [ -9.152236456615512, 38.789102583580899 ], [ -9.152390004617155, 38.789232241528985 ], [ -9.152526575707807, 38.789373054073536 ], [ -9.152644854591964, 38.789523665174279 ], [ -9.152743702107983, 38.789682624421381 ], [ -9.152811203656471, 38.789825239716329 ], [ -9.152814871778615, 38.789831138479364 ], [ -9.152883458979428, 38.789833175878321 ], [ -9.153107252739876, 38.789857163886822 ], [ -9.153326964855264, 38.789898203673758 ], [ -9.153540479525011, 38.789955900030137 ], [ -9.153745740616587, 38.790029697345751 ], [ -9.153940771462178, 38.790118884958652 ], [ -9.154123693890892, 38.790222603997343 ], [ -9.154292746313406, 38.790339855650195 ], [ -9.154446300684954, 38.790469510782152 ], [ -9.15458287818344, 38.790610320806657 ], [ -9.154701163451662, 38.790760929707702 ], [ -9.154758882366, 38.790853742085787 ], [ -9.15485534884602, 38.790920647987114 ], [ -9.154995434966835, 38.791038928632787 ], [ -9.154986262760785, 38.790919951699124 ] ], [ [ -9.155536969415579, 38.780032865288476 ], [ -9.155740044736557, 38.779955498126924 ], [ -9.15595182984344, 38.779894083658867 ], [ -9.156170285252029, 38.77984921329633 ], [ -9.156393307258334, 38.779821319132481 ], [ -9.156618748192955, 38.779810669781547 ], [ -9.156844437098387, 38.779817367792766 ], [ -9.157068200630313, 38.779841348663233 ], [ -9.157209796233959, 38.779867796161675 ], [ -9.157174837401556, 38.779696553704262 ], [ -9.157161230800396, 38.779520089573722 ], [ -9.157169786712824, 38.779343431218173 ], [ -9.15720042257751, 38.779168279951584 ], [ -9.157252843196119, 38.778996322561561 ], [ -9.157326543582302, 38.77882921506523 ], [ -9.157420813830655, 38.778668566761866 ], [ -9.157534745958495, 38.77851592473597 ], [ -9.15766724265441, 38.77837275895974 ], [ -9.157817027849147, 38.778240448138511 ], [ -9.157982659006917, 38.778120266435337 ], [ -9.158162541018662, 38.778013371202533 ], [ -9.158354941563463, 38.777920791838156 ], [ -9.158558007790162, 38.777843419874699 ], [ -9.158769784158578, 38.777782000395355 ], [ -9.158988231268651, 38.777737124860401 ], [ -9.15921124549628, 38.777709225412814 ], [ -9.159436679246957, 38.77769857071771 ], [ -9.159662361632346, 38.777705263375779 ], [ -9.159886119370903, 38.777729238935656 ], [ -9.160105797711486, 38.777770266514402 ], [ -9.160319281178719, 38.777827951020541 ], [ -9.160524513940514, 38.777901736957979 ], [ -9.160719519601857, 38.777990913774296 ], [ -9.160815052919402, 38.778045083469266 ], [ -9.160843008965321, 38.778055134170629 ], [ -9.161038015433579, 38.778144310441959 ], [ -9.161220916913164, 38.778248018856701 ], [ -9.161243654436836, 38.778263789519322 ], [ -9.16132248556343, 38.778129435271225 ], [ -9.161436408455618, 38.777976789552568 ], [ -9.161507462966725, 38.777900006123978 ], [ -9.161456950643542, 38.77787690712929 ], [ -9.16127404979037, 38.77777319906923 ], [ -9.161105016292556, 38.777655957019327 ], [ -9.160951478057601, 38.77752631014711 ], [ -9.160900779063816, 38.777474037623065 ], [ -9.160888098371986, 38.777478869553413 ], [ -9.16067632479727, 38.777540292838061 ], [ -9.160457879413469, 38.777585171507759 ], [ -9.160234866110031, 38.77761307332333 ], [ -9.160009432781401, 38.777623729553234 ], [ -9.159783750635691, 38.777617037562351 ], [ -9.159559993278542, 38.777593061800737 ], [ -9.159340315773827, 38.777552033182928 ], [ -9.159126833883144, 38.777494346863477 ], [ -9.158921603684202, 38.777420558430421 ], [ -9.158726601764675, 38.777331378553185 ], [ -9.158543706182391, 38.777227666136717 ], [ -9.158374678375434, 38.77711042004762 ], [ -9.158221146196476, 38.776980769492319 ], [ -9.158084588234798, 38.776839963139707 ], [ -9.157966319577028, 38.776689357093417 ], [ -9.157867479143732, 38.776530401829397 ], [ -9.157789018723719, 38.776364628224854 ], [ -9.15773169381159, 38.77619363281309 ], [ -9.157719213651596, 38.776132498770977 ], [ -9.157555036436269, 38.776180112937382 ], [ -9.157531647774356, 38.776184917478155 ], [ -9.157613458017165, 38.776269274836359 ], [ -9.157731725227094, 38.776419881270066 ], [ -9.157830565203533, 38.776578836658082 ], [ -9.157909025964893, 38.776744610224213 ], [ -9.157966351769018, 38.776915605521282 ], [ -9.158001990396098, 38.777090175804062 ], [ -9.158015598472259, 38.777266639887138 ], [ -9.158007044782366, 38.777443298334724 ], [ -9.157976411539932, 38.777618449826832 ], [ -9.157923993601628, 38.777790407544025 ], [ -9.157850295633718, 38.777957515412915 ], [ -9.157756027257522, 38.77811816405616 ], [ -9.157642096220366, 38.778270806293008 ], [ -9.157509599657674, 38.778413972041292 ], [ -9.157359813530125, 38.778546282477244 ], [ -9.157194180337516, 38.778666463316576 ], [ -9.157014295227572, 38.77877335708888 ], [ -9.156821890633431, 38.778865934287261 ], [ -9.156618819587782, 38.77894330328526 ], [ -9.156407037874414, 38.779004718926018 ], [ -9.156188585189152, 38.779049589700485 ], [ -9.155965565491787, 38.779077483445576 ], [ -9.155740126738358, 38.779088131507493 ], [ -9.155514440189238, 38.779081431329764 ], [ -9.155381446273964, 38.77906717637233 ], [ -9.155336135747966, 38.779065831089575 ], [ -9.155112375152237, 38.779041846858142 ], [ -9.154892695546724, 38.779000809914407 ], [ -9.154679212713248, 38.778943115493163 ], [ -9.154577018464385, 38.778906368729821 ], [ -9.154635261589121, 38.778939398231167 ], [ -9.154804287776999, 38.77905664971798 ], [ -9.154957818403291, 38.779186304741089 ], [ -9.155094374874592, 38.779327114714931 ], [ -9.155212642036226, 38.779477723623963 ], [ -9.155311480839497, 38.779636681079438 ], [ -9.155389939314089, 38.779802456285296 ], [ -9.155447261739841, 38.779973452778513 ], [ -9.155466327118406, 38.780066853715894 ], [ -9.155536969415579, 38.780032865288476 ] ], [ [ -9.155886733316603, 38.763013260583882 ], [ -9.156040475709171, 38.762954674169478 ], [ -9.155946841661837, 38.76288970788076 ], [ -9.155930281266086, 38.762907604880112 ], [ -9.155812379508243, 38.763011769394467 ], [ -9.15581053067727, 38.763049933073681 ], [ -9.155886733316603, 38.763013260583882 ] ], [ [ -9.157303452274144, 38.756790083501514 ], [ -9.157421685767956, 38.7569406911919 ], [ -9.157437034183276, 38.756965382017242 ], [ -9.157506987875747, 38.757054489706867 ], [ -9.157605799680864, 38.757213446176053 ], [ -9.157684237716609, 38.757379220731615 ], [ -9.157730616577508, 38.757517604715119 ], [ -9.157802957198083, 38.757543622650786 ], [ -9.157991558205838, 38.757563840764227 ], [ -9.158166963373041, 38.757596612886864 ], [ -9.15819790104258, 38.75758763804626 ], [ -9.158306080332625, 38.757546408667203 ], [ -9.158517797308184, 38.757484990250461 ], [ -9.158736182973144, 38.757440115876065 ], [ -9.158959134295015, 38.757412217675849 ], [ -9.159184504284955, 38.757401564302938 ], [ -9.159410122668511, 38.757408258345293 ], [ -9.159600938211454, 38.757428711226815 ], [ -9.159821612405624, 38.757435257789837 ], [ -9.160045306722083, 38.757459233991959 ], [ -9.160196102831515, 38.757487405501102 ], [ -9.160244038904706, 38.757488827371212 ], [ -9.160245482870703, 38.757458981484397 ], [ -9.160276103029554, 38.757283828995092 ], [ -9.160328501389614, 38.757111869909899 ], [ -9.160402173179051, 38.756944760262307 ], [ -9.160496408767987, 38.756784109372362 ], [ -9.160610300507633, 38.756631464349503 ], [ -9.160742751475608, 38.756488295194849 ], [ -9.160892486043085, 38.756355980646305 ], [ -9.161058062161841, 38.756235794902878 ], [ -9.16123788525285, 38.756128895355864 ], [ -9.161430223562565, 38.756036311444888 ], [ -9.161633224839086, 38.755958934746275 ], [ -9.161844934167618, 38.75589751038887 ], [ -9.162063312793583, 38.755852629879925 ], [ -9.162286257752255, 38.755824725410342 ], [ -9.162511622116053, 38.755814065693613 ], [ -9.162737235664697, 38.755820753378778 ], [ -9.162960925779396, 38.755844724062371 ], [ -9.163180538360104, 38.755885746908341 ], [ -9.163393958564592, 38.755943426870815 ], [ -9.163599131169901, 38.756017208497376 ], [ -9.163794080360255, 38.756106381277114 ], [ -9.16397692875106, 38.756210086481275 ], [ -9.164145915465991, 38.75632732543135 ], [ -9.16429941309311, 38.756456969114609 ], [ -9.164309390106402, 38.756467258161095 ], [ -9.164472215074683, 38.75658022099806 ], [ -9.164494664110718, 38.756599181230413 ], [ -9.164565651120874, 38.756438136607244 ], [ -9.164659876658611, 38.756277482483696 ], [ -9.164773758656384, 38.756124833523195 ], [ -9.164906200285612, 38.755981659764785 ], [ -9.16505592600738, 38.755849339990711 ], [ -9.165221493858631, 38.755729148450314 ], [ -9.165401309339929, 38.755622242590725 ], [ -9.165593640770986, 38.75552965191234 ], [ -9.165796635966126, 38.755452268056672 ], [ -9.165948137596638, 38.75540830569323 ], [ -9.165951539238096, 38.755388838248855 ], [ -9.166003922636621, 38.755216876770369 ], [ -9.16601218914983, 38.755198121641939 ], [ -9.165993330324236, 38.755158274448014 ], [ -9.165936004019979, 38.754987282484656 ], [ -9.165900358313046, 38.754812714084707 ], [ -9.165886736336844, 38.754636250459136 ], [ -9.165895269116721, 38.754459591058939 ], [ -9.165925874314327, 38.754284437208177 ], [ -9.165978257026847, 38.75411247571941 ], [ -9.166051912633147, 38.753945362649276 ], [ -9.166087274268971, 38.753885066701237 ], [ -9.166038906593986, 38.753835186408139 ], [ -9.165920660453777, 38.753684587535304 ], [ -9.165821835402324, 38.753525638188357 ], [ -9.165743383080455, 38.753359869187463 ], [ -9.165686058904949, 38.753188877021579 ], [ -9.165650414798158, 38.753014308471734 ], [ -9.165636793878091, 38.752837844750282 ], [ -9.165643375601745, 38.752701587313204 ], [ -9.165574231358503, 38.752630278718371 ], [ -9.165455988229359, 38.75247967930396 ], [ -9.165357165921426, 38.752320729494706 ], [ -9.165278716049112, 38.752154960115242 ], [ -9.165221394005618, 38.751983967658141 ], [ -9.165185751692764, 38.751809398907263 ], [ -9.165172132211293, 38.751632935076877 ], [ -9.165180666562552, 38.751456275620001 ], [ -9.165211272393078, 38.751281121861219 ], [ -9.165263654793987, 38.751109160612195 ], [ -9.165337309147175, 38.750942047927275 ], [ -9.165431525990696, 38.750781393155776 ], [ -9.165545397856306, 38.750628743444537 ], [ -9.165677828013017, 38.750485568839856 ], [ -9.165827541032407, 38.750353248132129 ], [ -9.165993095073757, 38.750233055579713 ], [ -9.165994561278509, 38.7502321837976 ], [ -9.166013041039369, 38.750215850715321 ], [ -9.166178594451495, 38.750095657906016 ], [ -9.166358394525126, 38.74998875068647 ], [ -9.166550709728346, 38.749896158570259 ], [ -9.166753688031735, 38.749818773212688 ], [ -9.166896775482874, 38.749777248001052 ], [ -9.16678684473372, 38.749726963281674 ], [ -9.166781743279508, 38.749724069835935 ], [ -9.166773854875389, 38.749728760271836 ], [ -9.166581540413056, 38.749821352747709 ], [ -9.166378561909825, 38.749898737808905 ], [ -9.166166874258064, 38.749960170143922 ], [ -9.165948516247513, 38.750005058082927 ], [ -9.16572559092595, 38.750032969297543 ], [ -9.165500245340292, 38.750043634965728 ], [ -9.165274649853412, 38.750036952361398 ], [ -9.165050977236152, 38.750012985844236 ], [ -9.164831381736093, 38.749971966239684 ], [ -9.164617978324893, 38.749914288615479 ], [ -9.16441282232431, 38.749840508475813 ], [ -9.16421788960732, 38.749751336410242 ], [ -9.164035057565215, 38.749647631248372 ], [ -9.163866087024116, 38.749530391786898 ], [ -9.163743436117057, 38.74942678974422 ], [ -9.163585186591497, 38.749316987971554 ], [ -9.163561175348734, 38.749296705751661 ], [ -9.163604497065164, 38.749351887335543 ], [ -9.163703311277594, 38.749510838816128 ], [ -9.16378175449803, 38.74967660941693 ], [ -9.16383907115344, 38.749847602719292 ], [ -9.163874709112326, 38.750022171997188 ], [ -9.163888325007466, 38.750198636074849 ], [ -9.163879787548652, 38.750375295516591 ], [ -9.163849178793297, 38.750550448992861 ], [ -9.163796793362447, 38.750722409665151 ], [ -9.163723135609489, 38.750889521431674 ], [ -9.163628914768596, 38.751050174877584 ], [ -9.163515038129422, 38.751202822775952 ], [ -9.163382602303587, 38.751345994990146 ], [ -9.163232882666875, 38.751478312634212 ], [ -9.163067321078731, 38.751598501354472 ], [ -9.162887511997239, 38.75170540360471 ], [ -9.162695187123248, 38.751797989796401 ], [ -9.162492198721568, 38.751875368216567 ], [ -9.162280501779918, 38.75193679361761 ], [ -9.162062135177537, 38.751981674396532 ], [ -9.161839202044979, 38.752009578293901 ], [ -9.161613849504398, 38.752020236558124 ], [ -9.161560025953538, 38.752018640505611 ], [ -9.161543586392185, 38.752019418005695 ], [ -9.161557844498144, 38.752049550153757 ], [ -9.161615157896208, 38.752220544525052 ], [ -9.161650791762341, 38.752395114469302 ], [ -9.161664402768714, 38.752571578804329 ], [ -9.16165585967218, 38.752748238091925 ], [ -9.161625244584432, 38.752923391004053 ], [ -9.161572852187481, 38.753095350707611 ], [ -9.161499186901791, 38.753262461110118 ], [ -9.161404958034073, 38.753423112809884 ], [ -9.161291072951284, 38.753575758596767 ], [ -9.161158628346362, 38.753718928354488 ], [ -9.161008899679643, 38.753851243220701 ], [ -9.160843328897551, 38.753971428868475 ], [ -9.160663510546724, 38.75407832778123 ], [ -9.160471176417303, 38.75417091040255 ], [ -9.160268178863252, 38.754248285053819 ], [ -9.160056472960456, 38.754309706523763 ], [ -9.159838097674477, 38.754354583247228 ], [ -9.159615156219518, 38.754382483003852 ], [ -9.159389795797912, 38.754393137081934 ], [ -9.159164186915447, 38.754386442867073 ], [ -9.158940502472012, 38.754362464830763 ], [ -9.158720896829101, 38.754321433909396 ], [ -9.158702630446786, 38.754316496231915 ], [ -9.158682972927762, 38.754381004954247 ], [ -9.158609299607233, 38.754548113609175 ], [ -9.158515062582213, 38.75470876305571 ], [ -9.158401169298221, 38.754861406105455 ], [ -9.158268716527189, 38.755004572668419 ], [ -9.158118979808114, 38.755136883913075 ], [ -9.157953401164983, 38.755257065547369 ], [ -9.15777357522016, 38.755363960093305 ], [ -9.15758123383694, 38.755456538036597 ], [ -9.157378229439166, 38.755533907743626 ], [ -9.157166517168653, 38.755595324050773 ], [ -9.156948136052307, 38.755640195442595 ], [ -9.156725189360502, 38.755668089750102 ], [ -9.156499824346016, 38.755678738314053 ], [ -9.156274211558886, 38.755672038573167 ], [ -9.15605052393661, 38.755648055052177 ], [ -9.1558309158713, 38.755607018740321 ], [ -9.155617502455648, 38.755549324866251 ], [ -9.155412339107752, 38.755475529090745 ], [ -9.15521740177134, 38.755386342153869 ], [ -9.155034567882165, 38.755282623028563 ], [ -9.154865598284092, 38.755165370645997 ], [ -9.154712120269162, 38.755035714273127 ], [ -9.154622922599323, 38.754943704828335 ], [ -9.154578922050543, 38.755002669770612 ], [ -9.154446461291531, 38.755145832105761 ], [ -9.154352270955268, 38.755229054042523 ], [ -9.154325073165808, 38.755318287265368 ], [ -9.154251388705907, 38.755485393298173 ], [ -9.154157140646371, 38.755646039355106 ], [ -9.154043236539003, 38.75579867828035 ], [ -9.153910773259993, 38.755941840023688 ], [ -9.153761026449553, 38.756074145799964 ], [ -9.153740576156414, 38.756088987624423 ], [ -9.153740111786824, 38.756091642531011 ], [ -9.153687698240869, 38.756263598896965 ], [ -9.153638312316069, 38.756375595404506 ], [ -9.153796899410809, 38.756260501087596 ], [ -9.15397673364442, 38.756153612565448 ], [ -9.15416908166773, 38.756061040476538 ], [ -9.154372091135331, 38.75598367628335 ], [ -9.154583807053577, 38.75592226499429 ], [ -9.154802190604462, 38.755877397990801 ], [ -9.155025138775851, 38.755849507333714 ], [ -9.15525050460924, 38.75583886160355 ], [ -9.155476117870197, 38.755845563314665 ], [ -9.155699805942708, 38.755869547928526 ], [ -9.155919414746371, 38.755910584474989 ], [ -9.156132829475322, 38.755968277776219 ], [ -9.156337994959303, 38.756042072251404 ], [ -9.156532935451082, 38.756131257265849 ], [ -9.156715773649804, 38.756234973973044 ], [ -9.156884748777248, 38.756352223583697 ], [ -9.157038233533033, 38.756481876982392 ], [ -9.157174749765526, 38.756622685599154 ], [ -9.157292982707641, 38.756773293431465 ], [ -9.157303361658393, 38.756789990037333 ], [ -9.157303452274144, 38.756790083501514 ] ], [ [ -9.153752175410235, 38.752189435436811 ], [ -9.153846420010652, 38.752028789662234 ], [ -9.153960318727428, 38.751876150907478 ], [ -9.154092774571051, 38.751732989113329 ], [ -9.154242511865785, 38.751600682946822 ], [ -9.154408088537194, 38.751480506526214 ], [ -9.154587910000965, 38.75137361715305 ], [ -9.154780244519255, 38.751281044168969 ], [ -9.154983239876699, 38.751203679045112 ], [ -9.155194941215514, 38.751142266798851 ], [ -9.155413309858066, 38.751097398820853 ], [ -9.155636242935765, 38.751069507181356 ], [ -9.155861593635427, 38.751058860470295 ], [ -9.156087191868329, 38.751065561211504 ], [ -9.156190492159562, 38.751076637776933 ], [ -9.156109313526457, 38.750973219221351 ], [ -9.156010513925304, 38.750814261156833 ], [ -9.155932087260268, 38.750648485143394 ], [ -9.155874788701022, 38.750477487737506 ], [ -9.155839169923201, 38.750302915770597 ], [ -9.155825573800886, 38.750126450487926 ], [ -9.155834131110463, 38.749949791356457 ], [ -9.155846469761151, 38.749879231073088 ], [ -9.155800432606549, 38.749847282810215 ], [ -9.155646964530762, 38.74971762741643 ], [ -9.155510464716231, 38.74957681663065 ], [ -9.155392247689637, 38.749426206599139 ], [ -9.155293451874394, 38.749267247836165 ], [ -9.155254649083011, 38.749185223865616 ], [ -9.15505319543117, 38.749179238621828 ], [ -9.154829528479942, 38.749155252455864 ], [ -9.154609941041869, 38.749114213524152 ], [ -9.154396548010935, 38.749056517080568 ], [ -9.154386510990831, 38.749052906375816 ], [ -9.154229116306352, 38.74903602638171 ], [ -9.154220270284954, 38.749043842915121 ], [ -9.15405469883148, 38.749164019046724 ], [ -9.153874882025168, 38.749270907574719 ], [ -9.153682551641309, 38.749363479042763 ], [ -9.153479559997821, 38.749440841879647 ], [ -9.153267862113678, 38.749502250987923 ], [ -9.153049496877214, 38.749547114921491 ], [ -9.152826567405844, 38.74957500158321 ], [ -9.15260122078646, 38.749585642387487 ], [ -9.152375627391903, 38.749578934847804 ], [ -9.152162733159155, 38.749556099140662 ], [ -9.152047219906979, 38.749611694902661 ], [ -9.151844225738204, 38.749689054929497 ], [ -9.151632525658737, 38.749750461102003 ], [ -9.151608310309209, 38.749755435878235 ], [ -9.151587184888051, 38.749824742036274 ], [ -9.151513499370131, 38.749991846507854 ], [ -9.151419252076073, 38.750152490491068 ], [ -9.151305350550354, 38.75030512685008 ], [ -9.151277349202825, 38.75033539015805 ], [ -9.151461506264805, 38.75034086735743 ], [ -9.151685175940605, 38.750364859929277 ], [ -9.151904765673484, 38.750405904318271 ], [ -9.152118160841182, 38.750463605271037 ], [ -9.152323306461779, 38.750537407133088 ], [ -9.152518226979291, 38.750626599198583 ], [ -9.152701045285179, 38.75073032255311 ], [ -9.152870000792765, 38.750847578343347 ], [ -9.153023466390582, 38.750977237394345 ], [ -9.153159964111483, 38.751118051081711 ], [ -9.153278179366641, 38.751268663354047 ], [ -9.15337697360734, 38.751427623790178 ], [ -9.153455395292548, 38.751593401565266 ], [ -9.153512689056578, 38.751764400191526 ], [ -9.153548302988341, 38.751938972891644 ], [ -9.153561893951972, 38.752115438456869 ], [ -9.153553404383029, 38.752290581403166 ], [ -9.153631002546168, 38.752318495770425 ], [ -9.153684479184491, 38.75234296431514 ], [ -9.153752175410235, 38.752189435436811 ] ], [ [ -9.148620633705809, 38.739425273374906 ], [ -9.148437850355604, 38.739321542969122 ], [ -9.148268929538592, 38.739204280077296 ], [ -9.148206743517761, 38.73915172631488 ], [ -9.148159501858093, 38.739232253656972 ], [ -9.148045610158444, 38.739384886979629 ], [ -9.148021690503207, 38.739410740781388 ], [ -9.148047494795406, 38.739417720257741 ], [ -9.148209996541903, 38.739410052581761 ], [ -9.148435557702568, 38.739416768612315 ], [ -9.148653044395063, 38.739440107748202 ], [ -9.148620633705809, 38.739425273374906 ] ], [ [ -9.148019137854494, 38.73365938448282 ], [ -9.14818468438394, 38.73353921693483 ], [ -9.148364470931238, 38.733432337297081 ], [ -9.148556766094808, 38.733339774817523 ], [ -9.148759718038265, 38.733262420866176 ], [ -9.148971372321869, 38.733201020352837 ], [ -9.149189690721069, 38.73315616455524 ], [ -9.149412570851043, 38.733128285426353 ], [ -9.149637866408392, 38.733117651435649 ], [ -9.149863407835308, 38.733124364984533 ], [ -9.15007891760917, 38.733147491606644 ], [ -9.149972195714399, 38.7330734025631 ], [ -9.149818774585496, 38.732943738518863 ], [ -9.149682318731132, 38.732802919938891 ], [ -9.149564142254638, 38.732652303044468 ], [ -9.149465383188927, 38.732493338415942 ], [ -9.149386992539377, 38.732327557020568 ], [ -9.149329725128885, 38.732156555466602 ], [ -9.149294132333219, 38.73198198062537 ], [ -9.149280556776368, 38.731805513769814 ], [ -9.149289129036802, 38.731628854381981 ], [ -9.149319766396141, 38.731453703785753 ], [ -9.149372173642044, 38.731281748762271 ], [ -9.149445845917317, 38.731114645305901 ], [ -9.149540073587616, 38.73095400267708 ], [ -9.1496539490806, 38.730801367905705 ], [ -9.149669061795246, 38.730785030650964 ], [ -9.149488508140976, 38.730807616446178 ], [ -9.149263219804578, 38.730818250054995 ], [ -9.149037685665647, 38.730811535246296 ], [ -9.148917380448442, 38.730798623623031 ], [ -9.148940448238763, 38.73091177125653 ], [ -9.148954022741812, 38.731088238191866 ], [ -9.148945449690542, 38.731264897581561 ], [ -9.148914811485305, 38.731440048096573 ], [ -9.148862403030945, 38.73161200292683 ], [ -9.148788728902749, 38.731779106026806 ], [ -9.14869449849278, 38.731939748065081 ], [ -9.148647665472128, 38.732002519037906 ], [ -9.148638234891955, 38.7320239086676 ], [ -9.148544003832646, 38.732184550586844 ], [ -9.148430123822106, 38.732337184303042 ], [ -9.148297691504583, 38.732480339816156 ], [ -9.148147982222216, 38.732612638401079 ], [ -9.147982437734845, 38.732732805887743 ], [ -9.147802652335949, 38.732839684934461 ], [ -9.147610357498356, 38.732932246176226 ], [ -9.147427830355838, 38.733001813447352 ], [ -9.147476796866464, 38.733080634921706 ], [ -9.147555183990024, 38.733246417625743 ], [ -9.147612448115927, 38.733417420063184 ], [ -9.147648037618632, 38.733591995419978 ], [ -9.147649298179088, 38.733608385656503 ], [ -9.147703208825158, 38.733638983372636 ], [ -9.147872115423613, 38.733756247382303 ], [ -9.147891236931804, 38.733772408481741 ], [ -9.148019137854494, 38.73365938448282 ] ], [ [ -9.14704584272801, 38.723486710473715 ], [ -9.146988588397361, 38.723315707346366 ], [ -9.146953006145903, 38.723141131395167 ], [ -9.146939438496137, 38.722964663903674 ], [ -9.146948015950452, 38.722788004360062 ], [ -9.146978655740522, 38.722612854089739 ], [ -9.147031062630669, 38.722440899870676 ], [ -9.147104731767197, 38.722273797689525 ], [ -9.147198953546054, 38.722113156794414 ], [ -9.14721768776444, 38.722088044612029 ], [ -9.147267039232583, 38.72197610051947 ], [ -9.147361260268834, 38.721815459495673 ], [ -9.147475126367141, 38.721662826745145 ], [ -9.147607540852277, 38.721519672150819 ], [ -9.147757228446931, 38.721387374310446 ], [ -9.147922747555377, 38.721267207262223 ], [ -9.14810250414769, 38.721160328217465 ], [ -9.148294767110754, 38.721067766418429 ], [ -9.148497684918242, 38.720990413228591 ], [ -9.148709303459109, 38.720929013550482 ], [ -9.148927584852951, 38.720884158653767 ], [ -9.149150427071239, 38.720856280482792 ], [ -9.149310824889731, 38.720848709145507 ], [ -9.149285058998213, 38.72082692891896 ], [ -9.149148627753185, 38.72068610910096 ], [ -9.149030472909502, 38.720535491072887 ], [ -9.148931732291778, 38.720376525425962 ], [ -9.148853356727788, 38.720210743137265 ], [ -9.148796100895217, 38.720039740823609 ], [ -9.148760516058418, 38.719865165363657 ], [ -9.148746944764818, 38.719688698036251 ], [ -9.14875551755193, 38.719512038327977 ], [ -9.148786151696399, 38.719336887565831 ], [ -9.14883855201694, 38.719164932532578 ], [ -9.148912213723147, 38.718997829222651 ], [ -9.149006427282533, 38.718837186895101 ], [ -9.149120285258727, 38.718684552576946 ], [ -9.149252691054727, 38.718541396166259 ], [ -9.149402369476899, 38.718409096278279 ], [ -9.149493918144742, 38.71834262683484 ], [ -9.149297950873239, 38.718399488881722 ], [ -9.149079677251182, 38.718444344383087 ], [ -9.148856842473036, 38.718472222329282 ], [ -9.148631592713519, 38.718482854218699 ], [ -9.148406097412412, 38.718476137650683 ], [ -9.148182528375449, 38.718452137312035 ], [ -9.147963038852403, 38.718411084353953 ], [ -9.147749742794039, 38.718353374165424 ], [ -9.14754469448798, 38.718279562564248 ], [ -9.147349868769796, 38.718190360442932 ], [ -9.1471671420001, 38.718086626920552 ], [ -9.147035565210977, 38.717995257007772 ], [ -9.147030225420682, 38.718105241206892 ], [ -9.146999587438991, 38.718280391596252 ], [ -9.146947183292106, 38.718452345881836 ], [ -9.146873517513939, 38.718619448023347 ], [ -9.146845216383308, 38.718667701178532 ], [ -9.14688147286436, 38.718680752713702 ], [ -9.147076299362503, 38.718769955598106 ], [ -9.147259027766077, 38.718873689228722 ], [ -9.147427898354103, 38.718990954653258 ], [ -9.14758128483286, 38.719120622603867 ], [ -9.147717709997151, 38.719261444370375 ], [ -9.147835859956938, 38.719412063823519 ], [ -9.147934596792417, 38.719571030472892 ], [ -9.148012969515538, 38.719736813433741 ], [ -9.148070223232306, 38.719907816168295 ], [ -9.148105806417519, 38.720082391859627 ], [ -9.148119376231655, 38.72025885927011 ], [ -9.148110801828517, 38.7204355189319 ], [ -9.148080165621561, 38.720610669513299 ], [ -9.148027762496467, 38.720782624203601 ], [ -9.147954096977287, 38.720949726958629 ], [ -9.147859878373243, 38.721110368450333 ], [ -9.14774601395268, 38.721263001566918 ], [ -9.147613600209755, 38.721406156314124 ], [ -9.147463912307755, 38.721538453974269 ], [ -9.14729839180063, 38.721658620386201 ], [ -9.147118632750916, 38.721765498218616 ], [ -9.146926366377663, 38.721858058118222 ], [ -9.146723444382269, 38.721935408625313 ], [ -9.146511821112856, 38.721996804761233 ], [ -9.146293534739042, 38.722041655204855 ], [ -9.146070687618577, 38.722069527989042 ], [ -9.145845426045073, 38.722080154661874 ], [ -9.145619919572114, 38.722073432872946 ], [ -9.145396340113061, 38.722049427359352 ], [ -9.145176841018076, 38.72200836932214 ], [ -9.144963536330126, 38.721950654199212 ], [ -9.144758480419952, 38.721876837855923 ], [ -9.144563648196364, 38.721787631230463 ], [ -9.144380916082625, 38.721683893485263 ], [ -9.144212043942302, 38.721566623730773 ], [ -9.14405865812876, 38.721436951401188 ], [ -9.143958894227175, 38.721333967187014 ], [ -9.143919069526033, 38.721319630525095 ], [ -9.143724239843918, 38.72123042245768 ], [ -9.143541510352081, 38.721126683355031 ], [ -9.143532817207754, 38.721120646436276 ], [ -9.143340977940641, 38.72121299342254 ], [ -9.143151979914428, 38.721285029817551 ], [ -9.143318126421963, 38.7214004099826 ], [ -9.143471510838783, 38.721530083303783 ], [ -9.143607932727704, 38.721670909856343 ], [ -9.143726078230204, 38.721821533464961 ], [ -9.143824809469377, 38.721980503599191 ], [ -9.14390317551103, 38.722146289340706 ], [ -9.143903952886046, 38.722148611514299 ], [ -9.143960215649637, 38.722239201095761 ], [ -9.144038582297956, 38.722404986731227 ], [ -9.144095828853725, 38.72257599143456 ], [ -9.144131403860678, 38.722750568369847 ], [ -9.14414496455802, 38.722927036287494 ], [ -9.144140343617664, 38.723022131598533 ], [ -9.144216214354584, 38.723030278521712 ], [ -9.144435716079125, 38.7230713383208 ], [ -9.144649023715713, 38.723129054356654 ], [ -9.144670623682494, 38.723136829851342 ], [ -9.144719309836448, 38.723145936865421 ], [ -9.144932617912945, 38.723203652376966 ], [ -9.145137677818218, 38.72327746834457 ], [ -9.145332514821586, 38.72336667392652 ], [ -9.145515252618649, 38.723470410078157 ], [ -9.145564972260138, 38.723504934968815 ], [ -9.145714345023404, 38.723474245568447 ], [ -9.14593719664893, 38.723446373409303 ], [ -9.14616246249053, 38.723435746504222 ], [ -9.1463879732765, 38.723442467186338 ], [ -9.146611557377442, 38.723466470734429 ], [ -9.146831061714, 38.723507525996027 ], [ -9.147044372486114, 38.723565237613045 ], [ -9.147090881204125, 38.723581978420221 ], [ -9.14704584272801, 38.723486710473715 ] ], [ [ -9.150354394582166, 38.717950722568681 ], [ -9.15057266585978, 38.717905864714716 ], [ -9.150795498144756, 38.717877983528119 ], [ -9.151020745594353, 38.717867347498256 ], [ -9.151246239113943, 38.717874059046125 ], [ -9.151469807240375, 38.717898053538413 ], [ -9.151689297048094, 38.71793909990987 ], [ -9.151902594876939, 38.71799680288801 ], [ -9.152107646682207, 38.718070606798769 ], [ -9.152302477811231, 38.718159800916546 ], [ -9.152485212016201, 38.718263526307084 ], [ -9.152654089520292, 38.718380784097405 ], [ -9.152807483963215, 38.718510445093202 ], [ -9.152906862988848, 38.718613015658448 ], [ -9.153108022862938, 38.718554640019882 ], [ -9.15323749231138, 38.718528029212614 ], [ -9.153245004421123, 38.718522574559564 ], [ -9.153253693575993, 38.718517407389456 ], [ -9.153252481734768, 38.718515862703448 ], [ -9.153153734720373, 38.718356900658037 ], [ -9.153075351773298, 38.718191121246264 ], [ -9.153018087642366, 38.718020121057229 ], [ -9.152982493671873, 38.717845546949171 ], [ -9.152968912497231, 38.71766908018791 ], [ -9.152977474751136, 38.717492420254622 ], [ -9.153008097811687, 38.717317268478446 ], [ -9.153060486604351, 38.717145311651926 ], [ -9.153134136449744, 38.716978205786823 ], [ -9.153138722149714, 38.716970385624037 ], [ -9.153072611779264, 38.716940120320082 ], [ -9.152889880158366, 38.71683639579021 ], [ -9.152721005967431, 38.716719138265709 ], [ -9.152567615579624, 38.716589477062939 ], [ -9.152516957963369, 38.716537190686665 ], [ -9.152466405518304, 38.716556464864269 ], [ -9.152254803156742, 38.716617871169802 ], [ -9.152036536900631, 38.716662732106691 ], [ -9.151813708913917, 38.716690615606694 ], [ -9.151588465305894, 38.716701253114707 ], [ -9.151362975457081, 38.716694542175944 ], [ -9.151139411120695, 38.716670547422979 ], [ -9.150919925501229, 38.716629499953228 ], [ -9.150902534766654, 38.71662479503599 ], [ -9.150905358984973, 38.716661506033262 ], [ -9.150896791679788, 38.716838165907618 ], [ -9.15086616363169, 38.717013317212199 ], [ -9.15081376964781, 38.717185273129388 ], [ -9.150740114164183, 38.717352377603177 ], [ -9.150645906393393, 38.717513021288973 ], [ -9.150532053499465, 38.717665657053878 ], [ -9.150399651865543, 38.717808814878133 ], [ -9.150249976538289, 38.717941116014437 ], [ -9.150158429088043, 38.718007586037992 ], [ -9.150354394582166, 38.717950722568681 ] ], [ [ -9.147789214427384, 38.714136910086239 ], [ -9.147862873689085, 38.713969807332532 ], [ -9.147957083263531, 38.713809165771991 ], [ -9.148070935752745, 38.713656532424231 ], [ -9.148203334612603, 38.713513377178003 ], [ -9.148353004716286, 38.713381078637354 ], [ -9.148518504636522, 38.713260910847204 ], [ -9.148698240528171, 38.713154031026029 ], [ -9.148890481477451, 38.713061468423625 ], [ -9.149093376170015, 38.712984114411206 ], [ -9.149304970717381, 38.712922713899218 ], [ -9.149523227470164, 38.712877858165385 ], [ -9.149746044637084, 38.712849979162101 ], [ -9.149971276520962, 38.712839345357644 ], [ -9.150196754177031, 38.712846059151616 ], [ -9.150420306294874, 38.712870055889063 ], [ -9.150596414164264, 38.712902993707587 ], [ -9.150586193297483, 38.712881373086169 ], [ -9.150528939588908, 38.712710371386294 ], [ -9.150493354577275, 38.712535796245717 ], [ -9.150479780811763, 38.712359328940209 ], [ -9.150488348853745, 38.712182668956174 ], [ -9.150518976025628, 38.712007517623242 ], [ -9.150571367213329, 38.711835561729686 ], [ -9.150645017714442, 38.711668457278243 ], [ -9.150739218104439, 38.711507813538987 ], [ -9.150853061073802, 38.711355177552534 ], [ -9.15098545017007, 38.711212019233045 ], [ -9.151135110360453, 38.711079717214147 ], [ -9.151170938353609, 38.711053700530073 ], [ -9.151156406056302, 38.710982408561051 ], [ -9.151142831040561, 38.710805941304429 ], [ -9.151151397348604, 38.710629281250213 ], [ -9.151182022319547, 38.710454129728689 ], [ -9.151234410860516, 38.710282173529947 ], [ -9.151289743255248, 38.710156625271502 ], [ -9.151165804977596, 38.710051846734281 ], [ -9.150955663528864, 38.710095039390573 ], [ -9.150732855412397, 38.710122920589605 ], [ -9.150507632189965, 38.71013355574874 ], [ -9.150282163045713, 38.710126842435834 ], [ -9.150058619533405, 38.710102845306338 ], [ -9.149839154656934, 38.710061795480527 ], [ -9.14962588212965, 38.710004088317206 ], [ -9.149420856012512, 38.70993027960504 ], [ -9.149226050927366, 38.709841080208669 ], [ -9.149043343036091, 38.709737349220916 ], [ -9.148874491968979, 38.709620085687099 ], [ -9.148721123876461, 38.709490418981488 ], [ -9.148584715767555, 38.709349597928366 ], [ -9.14846658128581, 38.709198978772768 ], [ -9.148367858059791, 38.70904001211678 ], [ -9.148289496749824, 38.708874228947153 ], [ -9.148232251896392, 38.708703225889153 ], [ -9.148196674658191, 38.708528649828622 ], [ -9.148183107509553, 38.708352182050156 ], [ -9.148191680948162, 38.708175522044705 ], [ -9.148207765062976, 38.708083552573605 ], [ -9.148125682554312, 38.708074739395784 ], [ -9.147906224930171, 38.708033685828198 ], [ -9.147692959941512, 38.707975975016083 ], [ -9.147487941576671, 38.707902162783277 ], [ -9.147293144382814, 38.707812960028328 ], [ -9.147110444445808, 38.707709225876378 ], [ -9.146969926105866, 38.707611631837558 ], [ -9.146806589656832, 38.707730233860353 ], [ -9.146626864288203, 38.707837110725229 ], [ -9.146619218127979, 38.707840792362525 ], [ -9.146594584844134, 38.707882797668525 ], [ -9.146480738071368, 38.708035429645719 ], [ -9.14634834559666, 38.708178582983109 ], [ -9.146198682378515, 38.708310878976583 ], [ -9.146033189733192, 38.708431043481077 ], [ -9.145853461454898, 38.708537919183691 ], [ -9.145661228466318, 38.708630476751694 ], [ -9.14553485524268, 38.708678655100833 ], [ -9.145529908189912, 38.708689877833244 ], [ -9.145435699606663, 38.708850517559235 ], [ -9.145321848854991, 38.709003148437105 ], [ -9.145212849053619, 38.709121003107612 ], [ -9.145263320927013, 38.709202281324366 ], [ -9.145341675666636, 38.709368066602991 ], [ -9.145398914229517, 38.709539071143233 ], [ -9.145434485236454, 38.709713648110743 ], [ -9.14544804596528, 38.709890116255643 ], [ -9.145439465657377, 38.710066776102941 ], [ -9.145408826783154, 38.710241926319185 ], [ -9.145356424254063, 38.710413880097192 ], [ -9.145282762588497, 38.710580981401534 ], [ -9.145188551058645, 38.710741620918164 ], [ -9.145074696864791, 38.710894251554294 ], [ -9.144942296402657, 38.71103740333961 ], [ -9.144792624707671, 38.71116969758495 ], [ -9.144627123177735, 38.711289860162069 ], [ -9.144447385692631, 38.711396733776617 ], [ -9.144255143263726, 38.711489289115946 ], [ -9.144052247361797, 38.711566634764303 ], [ -9.143840652083632, 38.711628025789835 ], [ -9.143622395329235, 38.711672870920687 ], [ -9.143399579171026, 38.711700738240857 ], [ -9.143174349604374, 38.711711359351106 ], [ -9.142948875874533, 38.711704631954582 ], [ -9.142725329579443, 38.711680620842394 ], [ -9.142505863749795, 38.711639557269542 ], [ -9.14229259210811, 38.711581836727213 ], [ -9.142087568706799, 38.711508015132935 ], [ -9.141892768141526, 38.711418803475468 ], [ -9.14171006653061, 38.711315060965688 ], [ -9.141541223443815, 38.711197786759918 ], [ -9.141387864954682, 38.711068110335191 ], [ -9.141251467979686, 38.710927280609425 ], [ -9.141133346055106, 38.710776653911154 ], [ -9.141034636688529, 38.710617680915071 ], [ -9.140956290406759, 38.710451892669013 ], [ -9.140899061605515, 38.710280885847105 ], [ -9.140863501288859, 38.710106307371397 ], [ -9.140849951768137, 38.709929838549755 ], [ -9.14085854337125, 38.709753178883119 ], [ -9.140889193193717, 38.709578029698058 ], [ -9.140941605903352, 38.709406077762111 ], [ -9.141015276590528, 38.709238979039888 ], [ -9.141109495636366, 38.709078342746245 ], [ -9.141160261216781, 38.709010292613051 ], [ -9.141076703141216, 38.709001316003906 ], [ -9.140857246413457, 38.708960249194476 ], [ -9.140643984040604, 38.708902525493379 ], [ -9.140544842832002, 38.708866825251704 ], [ -9.140480682851093, 38.708952829097349 ], [ -9.140348276608114, 38.709095975801993 ], [ -9.14020433983899, 38.709223191490381 ], [ -9.140287167253259, 38.709293232238174 ], [ -9.140423559185013, 38.709434063195147 ], [ -9.140541677364208, 38.709584690694548 ], [ -9.140640384177093, 38.709743664168414 ], [ -9.140718728924764, 38.709909452666245 ], [ -9.140775956982674, 38.710080459596931 ], [ -9.140811517072779, 38.710255038103071 ], [ -9.140825066578032, 38.710431506919939 ], [ -9.140816474847897, 38.710608166566075 ], [ -9.14078582446278, 38.710783315709925 ], [ -9.140733410444993, 38.710955267554624 ], [ -9.140659737423585, 38.711122366083373 ], [ -9.140565514780112, 38.711283002008805 ], [ -9.140451649821919, 38.711435628272739 ], [ -9.140319239048413, 38.711578774946922 ], [ -9.140258732569961, 38.711632250643774 ], [ -9.140471291030847, 38.711689782265374 ], [ -9.140676313355172, 38.711763606707301 ], [ -9.140871113398104, 38.711852820394306 ], [ -9.141053815211121, 38.711956564203675 ], [ -9.141222659329266, 38.712073839085051 ], [ -9.141376019713698, 38.712203515679526 ], [ -9.141512419410477, 38.71234434519365 ], [ -9.141630544774818, 38.712494971423531 ], [ -9.141729258123769, 38.712653943813471 ], [ -9.141807608695469, 38.712819731423409 ], [ -9.141864841809273, 38.712990737670779 ], [ -9.141881275686986, 38.713071408336091 ], [ -9.141936870823054, 38.713160939945475 ], [ -9.142015222450587, 38.713326727388157 ], [ -9.142043679523576, 38.713411752665401 ], [ -9.1420909274702, 38.713511725916653 ], [ -9.142134846525748, 38.713642948277169 ], [ -9.142316711142078, 38.713662482719975 ], [ -9.14253618308325, 38.713703546551912 ], [ -9.142749461254088, 38.713761266541468 ], [ -9.142954491799143, 38.713835086850807 ], [ -9.143149300270426, 38.713924296596403 ], [ -9.14333201063827, 38.714028036693485 ], [ -9.143500863355348, 38.714145308127456 ], [ -9.143654232300019, 38.714274981572601 ], [ -9.143790640435924, 38.714415808265834 ], [ -9.143898943105661, 38.714553897337375 ], [ -9.143918435093978, 38.714570377609682 ], [ -9.144054844315875, 38.714711203973017 ], [ -9.144172978965599, 38.714861827449063 ], [ -9.144269597167925, 38.715017409332823 ], [ -9.144345758710143, 38.714988377140514 ], [ -9.144557363381184, 38.714926985107489 ], [ -9.144775629365315, 38.714882138129859 ], [ -9.144998454782383, 38.714854268075648 ], [ -9.14522369385578, 38.714843643326979 ], [ -9.145449177571521, 38.714850366196266 ], [ -9.145672734560845, 38.714874371941185 ], [ -9.145892212005423, 38.714915429388121 ], [ -9.146105496364116, 38.714973143157934 ], [ -9.146264370364085, 38.715030338513898 ], [ -9.146351524592594, 38.714913504445278 ], [ -9.146483929189339, 38.714770351098856 ], [ -9.146633605082075, 38.714638054709127 ], [ -9.146799110787788, 38.714517889300325 ], [ -9.146978852405631, 38.714411012067977 ], [ -9.147171098966691, 38.71431845223691 ], [ -9.147373999102589, 38.714241101151678 ], [ -9.147585598872435, 38.714179703694541 ], [ -9.147788905332812, 38.714137924417464 ], [ -9.147789214427384, 38.714136910086239 ] ], [ [ -9.172855078717793, 38.721990549920662 ], [ -9.172987442500942, 38.721847367277256 ], [ -9.173137083230126, 38.721715037582975 ], [ -9.173208989521056, 38.721662804823026 ], [ -9.173021186610297, 38.721701437991044 ], [ -9.172798352075633, 38.721729361570951 ], [ -9.172573096688007, 38.721740039679283 ], [ -9.172347589941404, 38.721733369470172 ], [ -9.172124003751831, 38.721709415183845 ], [ -9.171904491534306, 38.72166840752795 ], [ -9.171691167458249, 38.721610741455095 ], [ -9.17148608608122, 38.721536972358173 ], [ -9.17130461193574, 38.721453937173941 ], [ -9.171302589977698, 38.721465518619063 ], [ -9.171250242169172, 38.721637482934646 ], [ -9.171220581942237, 38.721704818815752 ], [ -9.171358435189918, 38.721719589096651 ], [ -9.171577947275752, 38.721760597779749 ], [ -9.171791271713804, 38.72181826405285 ], [ -9.171996354203211, 38.721892032595342 ], [ -9.172191219795911, 38.721981193022195 ], [ -9.172373991912323, 38.722084886723565 ], [ -9.172542910410638, 38.722202115131665 ], [ -9.172652482318338, 38.722294688458049 ], [ -9.172741266669851, 38.722143206645299 ], [ -9.172855078717793, 38.721990549920662 ] ], [ [ -9.172348826443402, 38.714324855348579 ], [ -9.172349696504963, 38.71433612151322 ], [ -9.172365247523905, 38.714334172697427 ], [ -9.172348826443402, 38.714324855348579 ] ], [ [ -9.171330655493543, 38.712732370254479 ], [ -9.171326536407726, 38.71271219207042 ], [ -9.17123524631066, 38.712670415920869 ], [ -9.171161220949729, 38.712750498651239 ], [ -9.171277482971822, 38.7128037024615 ], [ -9.171334261995995, 38.712835920465452 ], [ -9.171338172695439, 38.712754801435423 ], [ -9.171330655493543, 38.712732370254479 ] ], [ [ -9.169287549311774, 38.708389198246188 ], [ -9.169381703497722, 38.708228540031996 ], [ -9.169405224901972, 38.708196987418809 ], [ -9.169271280125111, 38.708315449028099 ], [ -9.169105826831046, 38.708435645660565 ], [ -9.1689261336944, 38.708542556359738 ], [ -9.168733931299279, 38.708635151455809 ], [ -9.16869255696532, 38.708650935069315 ], [ -9.168742966134891, 38.708732060009986 ], [ -9.168783905514402, 38.708818613339794 ], [ -9.168899877589887, 38.708774371874426 ], [ -9.169111442056119, 38.708712935875305 ], [ -9.169169933982449, 38.708700903509552 ], [ -9.169213945673995, 38.708556313889083 ], [ -9.169287549311774, 38.708389198246188 ] ], [ [ -9.201749000017223, 38.698775250310362 ], [ -9.201745467537865, 38.698795539611815 ], [ -9.201745822011832, 38.698795328528789 ], [ -9.201850822753226, 38.698744696012312 ], [ -9.201840402597412, 38.698748675310362 ], [ -9.201749000017223, 38.698775250310362 ] ], [ [ -9.219026188572728, 38.700984548442861 ], [ -9.219018598852022, 38.700887071279077 ], [ -9.219026997383427, 38.700710408370732 ], [ -9.219057452653516, 38.700535241214318 ], [ -9.219068813387006, 38.700497824127659 ], [ -9.219045605044755, 38.700514704484348 ], [ -9.218866007635205, 38.700621690727431 ], [ -9.218859327156983, 38.700624913391422 ], [ -9.21890981549442, 38.700706062411882 ], [ -9.218988329437536, 38.700871796264011 ], [ -9.219026188572728, 38.700984548442861 ] ], [ [ -9.213042709157122, 38.70134426976103 ], [ -9.213036558631323, 38.701343122690503 ], [ -9.212823264045602, 38.701285531084068 ], [ -9.212618200633575, 38.701211833664026 ], [ -9.212423343376512, 38.701122740223056 ], [ -9.212240568939052, 38.701019108833428 ], [ -9.212154789471603, 38.700959612035419 ], [ -9.21212337315297, 38.701031057717394 ], [ -9.212029324493844, 38.70119174904309 ], [ -9.211915628612859, 38.701344442775046 ], [ -9.211783380380764, 38.701487668335446 ], [ -9.211767331004701, 38.701501877065319 ], [ -9.21191590008997, 38.701529586674198 ], [ -9.212129194716402, 38.701587179933711 ], [ -9.212334258727797, 38.701660878198567 ], [ -9.212355359350367, 38.701670525884438 ], [ -9.212362590208151, 38.701672478315245 ], [ -9.212567654695226, 38.701746176162708 ], [ -9.212762513836077, 38.701835269326779 ], [ -9.212945291113389, 38.701938899845302 ], [ -9.213114226335847, 38.702056069758854 ], [ -9.213267692587669, 38.702185650719407 ], [ -9.213404211895813, 38.702326394854502 ], [ -9.21352246946403, 38.702476946782532 ], [ -9.21362132633662, 38.702635856663456 ], [ -9.213699830369917, 38.702801594159332 ], [ -9.213757225405724, 38.702972563170434 ], [ -9.213792958558182, 38.703147117204765 ], [ -9.213806685543766, 38.703323575233476 ], [ -9.213798274002821, 38.703500237879311 ], [ -9.213767804780462, 38.70367540378205 ], [ -9.213715571154239, 38.703847385983707 ], [ -9.21364207601578, 38.704014528175357 ], [ -9.213638773048597, 38.704020171651777 ], [ -9.213775230450855, 38.704082558770764 ], [ -9.21395801495113, 38.704186187562996 ], [ -9.214126957167064, 38.704303355868497 ], [ -9.214280430115529, 38.704432935354738 ], [ -9.214416955759003, 38.704573678163463 ], [ -9.214535219240219, 38.704724228925855 ], [ -9.214563467750429, 38.704769634982448 ], [ -9.214668938977072, 38.704655406907122 ], [ -9.214818466493854, 38.704523025093231 ], [ -9.214983832863219, 38.704402764916203 ], [ -9.21516344552577, 38.704295784484259 ], [ -9.215330198228651, 38.704215354009868 ], [ -9.215326621130258, 38.704211666484063 ], [ -9.215208356877877, 38.704061116521032 ], [ -9.215109494486697, 38.703902208099422 ], [ -9.215030985957641, 38.703736471645307 ], [ -9.214973587249304, 38.703565503334254 ], [ -9.214937851002327, 38.703390949717623 ], [ -9.21492412122257, 38.703214491864117 ], [ -9.214932529974034, 38.70303782916934 ], [ -9.214962996113226, 38.702862662989247 ], [ -9.215015226076863, 38.702690680255337 ], [ -9.215058379440743, 38.702592534738734 ], [ -9.21503678423843, 38.702574301450461 ], [ -9.21490026129158, 38.702433559280735 ], [ -9.21480255346248, 38.702309173082512 ], [ -9.214714456340591, 38.702248073347789 ], [ -9.214560987385951, 38.702118494327401 ], [ -9.214424466246685, 38.701977751565231 ], [ -9.2143062076553, 38.70182720055238 ], [ -9.214207350436007, 38.701668291234753 ], [ -9.214189713654727, 38.701631056589044 ], [ -9.214096479693328, 38.701628330986146 ], [ -9.213872944219094, 38.701604455766791 ], [ -9.213653471732034, 38.701563525823985 ], [ -9.213440176018908, 38.701505935361794 ], [ -9.213235111364158, 38.701432239044784 ], [ -9.213042709157122, 38.70134426976103 ] ], [ [ -9.209074206857506, 38.70269110779423 ], [ -9.209091476422007, 38.702700899973422 ], [ -9.20914036767067, 38.70258972787871 ], [ -9.209234424608852, 38.702429038795373 ], [ -9.209325794039662, 38.702306339625054 ], [ -9.209124556118345, 38.702268802438169 ], [ -9.208995666700085, 38.702233996759489 ], [ -9.20900395770655, 38.70234067009639 ], [ -9.208995534396786, 38.702517332594439 ], [ -9.208973322690113, 38.70264497808968 ], [ -9.209074206857506, 38.70269110779423 ] ], [ [ -9.216941231022709, 38.697100853843438 ], [ -9.21704156121446, 38.69707166768189 ], [ -9.21691713383048, 38.696943390414802 ], [ -9.216878074782594, 38.696893665104319 ], [ -9.216873342033908, 38.696898791603289 ], [ -9.216845725296903, 38.696923245330325 ], [ -9.216849279818444, 38.696968918341902 ], [ -9.216841185574147, 38.697139076438276 ], [ -9.216941231022709, 38.697100853843438 ] ], [ [ -9.219123696889389, 38.701403708730759 ], [ -9.219087629875428, 38.701296295007367 ], [ -9.219094044162839, 38.701378674093171 ], [ -9.219123696889389, 38.701403708730759 ] ], [ [ -9.210002734312001, 38.705148490286575 ], [ -9.2100164524891, 38.705324948829563 ], [ -9.21000803149483, 38.70550161128093 ], [ -9.209990850102654, 38.705600353331405 ], [ -9.210036321068319, 38.705626134601452 ], [ -9.210205260460127, 38.705743308589085 ], [ -9.210233716386981, 38.705767335958789 ], [ -9.210221740849715, 38.705613300522629 ], [ -9.21023016132431, 38.705436638066587 ], [ -9.210260639847604, 38.705261473002622 ], [ -9.210312882737032, 38.705089492251417 ], [ -9.210386386718271, 38.704922352055334 ], [ -9.210387612402236, 38.704920258063488 ], [ -9.210214694681714, 38.704858112444668 ], [ -9.210019830309774, 38.704769015152081 ], [ -9.210002560117696, 38.704759223122416 ], [ -9.209953668813915, 38.704870395539103 ], [ -9.209940059479392, 38.704893645814131 ], [ -9.209967009238378, 38.704973935034197 ], [ -9.210002734312001, 38.705148490286575 ] ], [ [ -9.199088403059278, 38.707494614561895 ], [ -9.199165747124727, 38.707472131648785 ], [ -9.199013970159514, 38.707431134049635 ], [ -9.198808902657818, 38.707357412532254 ], [ -9.198663482406472, 38.707290905910369 ], [ -9.198697148169218, 38.707391250115002 ], [ -9.198732847256014, 38.707565809114193 ], [ -9.198738821489572, 38.707642809199193 ], [ -9.198885579630096, 38.707572054432781 ], [ -9.199088403059278, 38.707494614561895 ] ], [ [ -9.185964686676632, 38.701478266520539 ], [ -9.186067663321895, 38.701340058971859 ], [ -9.186199963262473, 38.701196861774925 ], [ -9.186349537060902, 38.701064515654281 ], [ -9.186514944217151, 38.700944295113089 ], [ -9.186694591779204, 38.700837357877901 ], [ -9.186886749683685, 38.700744733751392 ], [ -9.187089567415752, 38.700667314697284 ], [ -9.187301091827843, 38.700605846252316 ], [ -9.187519285945779, 38.700560920348416 ], [ -9.187742048581285, 38.70053296961359 ], [ -9.187967234562171, 38.70052226320685 ], [ -9.188108265944178, 38.70052641775051 ], [ -9.187995019247481, 38.700382151343021 ], [ -9.187896221817354, 38.700223218885455 ], [ -9.187817779911541, 38.700057463107136 ], [ -9.187760448846925, 38.699886480369649 ], [ -9.187724780612646, 38.699711917363182 ], [ -9.187711118559529, 38.69953545524681 ], [ -9.187714261205791, 38.699469950881706 ], [ -9.187648171052091, 38.699489157117384 ], [ -9.187429980262115, 38.699534083222893 ], [ -9.187207220581808, 38.699562033325847 ], [ -9.186982037462432, 38.699572738229612 ], [ -9.186756599701804, 38.699566094830253 ], [ -9.186533078551376, 38.699542167109755 ], [ -9.186313626799663, 38.699501185519843 ], [ -9.18610035803364, 38.699443544762019 ], [ -9.185895326278114, 38.69936979998532 ], [ -9.185852276568074, 38.699350102941985 ], [ -9.185853779866514, 38.699369526512996 ], [ -9.185845299731945, 38.699546188231871 ], [ -9.185814763593424, 38.699721347907335 ], [ -9.185762465373015, 38.699893318641273 ], [ -9.185761072969679, 38.699896482275655 ], [ -9.185765998836585, 38.699960127974798 ], [ -9.185757518449437, 38.700136789673742 ], [ -9.185726981878069, 38.700311949315385 ], [ -9.185674683048711, 38.700483920001957 ], [ -9.185601125481032, 38.700651045535345 ], [ -9.185507017444605, 38.700811716368264 ], [ -9.185393265142881, 38.700964385106467 ], [ -9.185260963990123, 38.701107581412757 ], [ -9.18511138806514, 38.701239926169301 ], [ -9.184945977843268, 38.701360144761416 ], [ -9.184766326324691, 38.701467079355361 ], [ -9.184574163692597, 38.701559700051163 ], [ -9.184371340649017, 38.701637114803631 ], [ -9.18415981058882, 38.701698578015311 ], [ -9.183941610783691, 38.701743497719079 ], [ -9.183718842757411, 38.701771441280627 ], [ -9.183493652041644, 38.701782139566355 ], [ -9.183268207507382, 38.701775489536018 ], [ -9.18304468047133, 38.701751555235518 ], [ -9.182950126405093, 38.701733895373465 ], [ -9.183036218766867, 38.701872405524838 ], [ -9.183114651785342, 38.702038164587847 ], [ -9.183171973673153, 38.702209149672839 ], [ -9.183197671066308, 38.702334949841813 ], [ -9.183413897612144, 38.702375333492952 ], [ -9.183627173096699, 38.702432979030682 ], [ -9.183832211433737, 38.702506727656704 ], [ -9.184027038100366, 38.702595869177742 ], [ -9.184176103507411, 38.702680440775254 ], [ -9.184242251708422, 38.702632366634568 ], [ -9.184421906902418, 38.70252543281498 ], [ -9.184614072293158, 38.702432812345393 ], [ -9.184816897293723, 38.702355397154285 ], [ -9.185028428686568, 38.702293932741235 ], [ -9.18524662943031, 38.702249010999296 ], [ -9.185469398272879, 38.702221064516465 ], [ -9.18555521601998, 38.702216986129145 ], [ -9.18555613895839, 38.702211692307209 ], [ -9.185608439236704, 38.702039721702043 ], [ -9.185681998135983, 38.701872596183392 ], [ -9.185776107113799, 38.701711925224302 ], [ -9.185889859740866, 38.701559256127638 ], [ -9.185964686676632, 38.701478266520539 ] ], [ [ -9.172879245348932, 38.756538569805237 ], [ -9.172846688970315, 38.756612450565314 ], [ -9.172752481514369, 38.756773111032714 ], [ -9.172638615691215, 38.756925767530625 ], [ -9.172506188008233, 38.757068949839635 ], [ -9.172356473762717, 38.757201278976531 ], [ -9.172190914762131, 38.757321480476968 ], [ -9.172011105439585, 38.757428396671635 ], [ -9.171818777498203, 38.757520997837695 ], [ -9.171615783232308, 38.75759839211792 ], [ -9.171404077686072, 38.757659834111955 ], [ -9.171185699821601, 38.757704732056929 ], [ -9.170962752877919, 38.757732653528102 ], [ -9.170737384110213, 38.757743329604601 ], [ -9.170511764104676, 38.757736657460114 ], [ -9.170288065868343, 38.757712701353547 ], [ -9.170068443895588, 38.757671692010092 ], [ -9.169855013413086, 38.757614024398642 ], [ -9.169649830003376, 38.757540253926976 ], [ -9.169627031628595, 38.757529827377475 ], [ -9.169624428466099, 38.75758377932442 ], [ -9.169593831103766, 38.75775893394087 ], [ -9.169541454636118, 38.757930896861453 ], [ -9.169467803330152, 38.758098011962687 ], [ -9.169373586357889, 38.758258669797691 ], [ -9.169259710971659, 38.758411323097228 ], [ -9.169127273770949, 38.758554501672656 ], [ -9.168985874922864, 38.758679469202065 ], [ -9.168988478949961, 38.758679143130045 ], [ -9.169213850994801, 38.758668470383711 ], [ -9.169439473872258, 38.758675144994079 ], [ -9.169663174873726, 38.758699102683508 ], [ -9.169882799794342, 38.758740112741179 ], [ -9.170096233673085, 38.758797780244265 ], [ -9.170184827609143, 38.758829631863996 ], [ -9.170331989879848, 38.758857110439457 ], [ -9.170545424452319, 38.758914777111222 ], [ -9.170750612717102, 38.758988545926165 ], [ -9.170945578707657, 38.759077706496711 ], [ -9.171128444877651, 38.759181400211737 ], [ -9.171297450179583, 38.759298628503366 ], [ -9.171415610701716, 38.759398406646014 ], [ -9.171486405168999, 38.759237765432459 ], [ -9.171580618603052, 38.759077105968345 ], [ -9.171694490019341, 38.758924450478169 ], [ -9.171826922691139, 38.758781269063853 ], [ -9.171976641165744, 38.758648940581395 ], [ -9.172142203549852, 38.758528739363996 ], [ -9.172322015396631, 38.758421822951931 ], [ -9.172514345060765, 38.75832922094726 ], [ -9.172717340373561, 38.758251825100537 ], [ -9.172929046477611, 38.758190380724962 ], [ -9.173081330856762, 38.758159069255903 ], [ -9.173010999579578, 38.758010506401092 ], [ -9.17295365416989, 38.757839518225822 ], [ -9.172917989837865, 38.757664952306676 ], [ -9.172904349896275, 38.757488489830742 ], [ -9.172912865543461, 38.757311830237974 ], [ -9.172943454606051, 38.757136674854337 ], [ -9.17299582233658, 38.75696471050712 ], [ -9.173069464258159, 38.75679759328056 ], [ -9.17316367102851, 38.756636932567687 ], [ -9.173167299665849, 38.756632067690774 ], [ -9.173054700173472, 38.756601646926107 ], [ -9.172879245348932, 38.756538569805237 ] ], [ [ -9.171869758504268, 38.754098508400602 ], [ -9.171983621625643, 38.753945852618493 ], [ -9.172116044735276, 38.753802670891666 ], [ -9.172222375516792, 38.753708683660811 ], [ -9.172215473589162, 38.753619374562412 ], [ -9.172223990691567, 38.753442714887356 ], [ -9.172254580004134, 38.753267559569217 ], [ -9.172306946777026, 38.753095595434708 ], [ -9.172325192492865, 38.753054188983604 ], [ -9.172159715496893, 38.753062030238631 ], [ -9.171934110170604, 38.753055360632608 ], [ -9.171710426169803, 38.753031407034008 ], [ -9.171490817851732, 38.752990400143894 ], [ -9.171277400311533, 38.752932734907482 ], [ -9.171072229007084, 38.752858966709688 ], [ -9.170877279958789, 38.752769806025015 ], [ -9.170694430715269, 38.752666111573483 ], [ -9.170525442268353, 38.752548882048657 ], [ -9.1703719420917, 38.752419246497332 ], [ -9.170235408466482, 38.752278453443864 ], [ -9.17011715624508, 38.75212785886378 ], [ -9.170018324189927, 38.751968913122568 ], [ -9.169939864009329, 38.751803147005702 ], [ -9.169926706650854, 38.751763906428685 ], [ -9.169919244002104, 38.751806630547172 ], [ -9.169897326279388, 38.751878597841326 ], [ -9.169953690198842, 38.751950378216947 ], [ -9.170052522085379, 38.752109324015642 ], [ -9.17013098287606, 38.752275090040079 ], [ -9.170188316828646, 38.752446079915678 ], [ -9.170223971645065, 38.752620646949445 ], [ -9.170226840323988, 38.752657780997161 ], [ -9.170373182513119, 38.752724712405133 ], [ -9.170556031454558, 38.752828407362607 ], [ -9.170725020620008, 38.752945636827874 ], [ -9.170878522573975, 38.75307527187951 ], [ -9.171015058999293, 38.753216064124231 ], [ -9.171133314934494, 38.753366657717187 ], [ -9.171232151439186, 38.753525602417106 ], [ -9.171310616565394, 38.753691367550758 ], [ -9.17136795452913, 38.753862356752158 ], [ -9.171403612993677, 38.754036923334802 ], [ -9.171412610082909, 38.75415335946029 ], [ -9.171607525227483, 38.754223438097711 ], [ -9.171760473118013, 38.754293386665317 ], [ -9.171775552017976, 38.754259168133196 ], [ -9.171869758504268, 38.754098508400602 ] ], [ [ -9.173832229936023, 38.748098776173869 ], [ -9.174015071806419, 38.748202465894735 ], [ -9.174184055438117, 38.748319690522713 ], [ -9.174337553448925, 38.74844932118296 ], [ -9.174474087559682, 38.748590109524478 ], [ -9.174592342831241, 38.748740699739983 ], [ -9.174691180329635, 38.74889964162076 ], [ -9.174769648097362, 38.749065404520699 ], [ -9.174826990325032, 38.749236392095327 ], [ -9.174862654634914, 38.749410957673838 ], [ -9.174876297406039, 38.749587420116121 ], [ -9.174869898930694, 38.749720241784715 ], [ -9.174870575438218, 38.749720813083542 ], [ -9.17500711306081, 38.74986160072396 ], [ -9.17512537159867, 38.750012190323133 ], [ -9.175224212086373, 38.75017113167825 ], [ -9.175302682537623, 38.750336894148276 ], [ -9.175360027117184, 38.750507881392885 ], [ -9.175395693424665, 38.750682446744449 ], [ -9.17540933781985, 38.750858909065059 ], [ -9.175400828738065, 38.751035568935961 ], [ -9.175370247963425, 38.751210725023547 ], [ -9.175317889847486, 38.751382690464162 ], [ -9.175244258480532, 38.751549809110159 ], [ -9.175150062842585, 38.75171047148045 ], [ -9.175047207158016, 38.751848384809577 ], [ -9.175158613880853, 38.751869184333508 ], [ -9.175372031196995, 38.75192684249329 ], [ -9.175577204066288, 38.752000603129673 ], [ -9.175772156670451, 38.75208975593381 ], [ -9.175955011592066, 38.752193442369361 ], [ -9.176124007891969, 38.752310663938523 ], [ -9.176277518065989, 38.752440291795921 ], [ -9.17641406371783, 38.752581077617556 ], [ -9.176532329797208, 38.752731665620445 ], [ -9.176631177266064, 38.752890605617161 ], [ -9.176646165585977, 38.752922264518936 ], [ -9.17667879262142, 38.752933993526916 ], [ -9.176873749120027, 38.75302314442505 ], [ -9.177056608008819, 38.753126829065373 ], [ -9.177225608310438, 38.753244048967424 ], [ -9.177379122482181, 38.753373675301859 ], [ -9.177515672089262, 38.753514459759351 ], [ -9.17762123974166, 38.753648873445201 ], [ -9.177621397683053, 38.75364900680826 ], [ -9.177654364375929, 38.753613357060793 ], [ -9.177804061337202, 38.753481021297155 ], [ -9.177969602013931, 38.753360812021384 ], [ -9.178055073084325, 38.753309980564559 ], [ -9.177950624873436, 38.753176992958615 ], [ -9.177851774093934, 38.753018054131815 ], [ -9.177773294708588, 38.75285229357128 ], [ -9.177715942394874, 38.752681307684675 ], [ -9.177680269346165, 38.75250674319259 ], [ -9.177666618959229, 38.752330281268371 ], [ -9.177675122533049, 38.752153621346707 ], [ -9.177705698010563, 38.751978464756689 ], [ -9.177758050775173, 38.751806498337316 ], [ -9.177831676494144, 38.751639378192728 ], [ -9.177925865981249, 38.751478713744142 ], [ -9.17803971203163, 38.751326052231626 ], [ -9.178073087525716, 38.751289958924005 ], [ -9.178038378042325, 38.751280582434035 ], [ -9.177833204816167, 38.751206826116025 ], [ -9.177638252152843, 38.751117676738943 ], [ -9.177455397635818, 38.751013992913897 ], [ -9.177286402307743, 38.750896773232078 ], [ -9.17713289370859, 38.750767146645494 ], [ -9.176996350200687, 38.750626361592182 ], [ -9.176878086731634, 38.750475773970614 ], [ -9.176779242172234, 38.750316834079257 ], [ -9.176700768351251, 38.75015107264727 ], [ -9.176643420892589, 38.749980086090737 ], [ -9.176607751942878, 38.749805521136679 ], [ -9.176594104859428, 38.749629058962881 ], [ -9.176602610909434, 38.749452399006415 ], [ -9.176633188012001, 38.749277242596733 ], [ -9.176685541534908, 38.749105276571072 ], [ -9.17675916713814, 38.748938157029812 ], [ -9.176853355636608, 38.748777493388324 ], [ -9.176967199834991, 38.748624832878917 ], [ -9.177099603268701, 38.7484816456519 ], [ -9.177249290766614, 38.748349310619247 ], [ -9.177414820733722, 38.748229102177284 ], [ -9.177594599035348, 38.748122177935905 ], [ -9.177786894349182, 38.748029567572551 ], [ -9.177989854837277, 38.747952162918303 ], [ -9.178201525977522, 38.747890709371212 ], [ -9.178419869383003, 38.747845798719602 ], [ -9.178463441883196, 38.747840338285648 ], [ -9.178594008573018, 38.747745517170458 ], [ -9.178744288678406, 38.747656134222808 ], [ -9.178744872914294, 38.747654214946373 ], [ -9.178818492272502, 38.747487094154593 ], [ -9.178912674283973, 38.747326428905083 ], [ -9.179026511815863, 38.747173766445634 ], [ -9.179158908467784, 38.747030576945328 ], [ -9.179308589133907, 38.746898239338073 ], [ -9.179474112285011, 38.74677802804495 ], [ -9.179653883852051, 38.746671100703338 ], [ -9.179730668384458, 38.746634118370807 ], [ -9.179677030616391, 38.746565820820997 ], [ -9.179578185493229, 38.746406883203377 ], [ -9.179571143930357, 38.746392009768805 ], [ -9.179538220522344, 38.746396136072534 ], [ -9.179312889018648, 38.746406828192022 ], [ -9.179087304303479, 38.746400172104295 ], [ -9.178863639043916, 38.746376231913615 ], [ -9.178644047416679, 38.746335238191826 ], [ -9.178430644356135, 38.746277585757369 ], [ -9.1782254851807, 38.746203829871824 ], [ -9.17803054579397, 38.746114680891061 ], [ -9.17784770365153, 38.746010997422388 ], [ -9.177772214171579, 38.74595863259956 ], [ -9.177702377272849, 38.745933525302235 ], [ -9.177507439259699, 38.745844375425584 ], [ -9.177324598553762, 38.745740691113681 ], [ -9.177155616064672, 38.745623470962371 ], [ -9.177002119208742, 38.745493843928188 ], [ -9.176900508536036, 38.745389068524929 ], [ -9.176804281415626, 38.745417005495284 ], [ -9.176585944293445, 38.745461913058158 ], [ -9.176363037663812, 38.745489844330407 ], [ -9.176137708393567, 38.745500530296759 ], [ -9.175912126688418, 38.745493868035666 ], [ -9.175688465186445, 38.745469921710793 ], [ -9.175468878028166, 38.745428921953135 ], [ -9.175393830742031, 38.745408644866551 ], [ -9.175320112037021, 38.745406467254909 ], [ -9.175096450980535, 38.745382519790233 ], [ -9.17487686440457, 38.745341518911253 ], [ -9.174663467194836, 38.745283859505321 ], [ -9.174458314613375, 38.745210096901182 ], [ -9.174263382500259, 38.745120941519431 ], [ -9.174080548240999, 38.745017252028987 ], [ -9.173911572683117, 38.744900027075623 ], [ -9.17375808317616, 38.744770395662101 ], [ -9.173621557898569, 38.744629606272937 ], [ -9.173503311622369, 38.744479014848281 ], [ -9.173404483052785, 38.744320071723287 ], [ -9.173383047069262, 38.744274783092735 ], [ -9.173320886933263, 38.744292827777748 ], [ -9.17310255088975, 38.74433772882449 ], [ -9.172879646238435, 38.74436565342878 ], [ -9.172654319827107, 38.74437633263954 ], [ -9.172428741833928, 38.744369663600295 ], [ -9.172205084861227, 38.744345710540053 ], [ -9.171985503005885, 38.744304704154629 ], [ -9.171772111108131, 38.744247039384412 ], [ -9.171566964378837, 38.744173271609782 ], [ -9.171372038601694, 38.744084111301177 ], [ -9.171189211101172, 38.743980417174967 ], [ -9.17105033444153, 38.743884065459177 ], [ -9.171004734545974, 38.743863207463242 ], [ -9.170821908134446, 38.743759512743452 ], [ -9.170652940810514, 38.743642282939128 ], [ -9.170499459844411, 38.743512647099777 ], [ -9.1703629433323, 38.743371853752521 ], [ -9.170285305025589, 38.743272968595129 ], [ -9.170274304932873, 38.743278265677247 ], [ -9.170168605637638, 38.743341124754181 ], [ -9.169976312638566, 38.743433722618427 ], [ -9.169902611512962, 38.743461826123927 ], [ -9.169882379176093, 38.74347651748743 ], [ -9.169785141039688, 38.743534344074178 ], [ -9.169858537307002, 38.743567917673012 ], [ -9.169952828829308, 38.743621398953401 ], [ -9.170008569431708, 38.743631809553833 ], [ -9.170221958140793, 38.74368947759487 ], [ -9.170427102143439, 38.743763247774638 ], [ -9.170622025899288, 38.74385240969238 ], [ -9.170804852268693, 38.743956104723935 ], [ -9.170973820587411, 38.744073334288757 ], [ -9.1711273036207, 38.744202969464418 ], [ -9.17126382323362, 38.744343761856435 ], [ -9.171382064626636, 38.744494355618521 ], [ -9.171480888999437, 38.744653300507771 ], [ -9.171559344520929, 38.744819065849093 ], [ -9.171616675499678, 38.744990055274506 ], [ -9.171652329666303, 38.745164622095317 ], [ -9.171665963497542, 38.745341085159481 ], [ -9.171657445530503, 38.745517745041077 ], [ -9.171626857634916, 38.745692900406361 ], [ -9.1715824280919, 38.745838809262153 ], [ -9.171579791276049, 38.745853908332315 ], [ -9.171689548716495, 38.745883567574246 ], [ -9.171894700501742, 38.745957335042846 ], [ -9.172089632056052, 38.746046494371996 ], [ -9.172091764005305, 38.746047703489737 ], [ -9.172093841098802, 38.746048264762429 ], [ -9.172298993759314, 38.746122031507021 ], [ -9.17249392625382, 38.746211190146212 ], [ -9.172676761358529, 38.746314882087404 ], [ -9.172845738325092, 38.7464321087798 ], [ -9.172999229835497, 38.746561741328676 ], [ -9.173135757673176, 38.746702531364832 ], [ -9.173254006959393, 38.746853123064675 ], [ -9.173352838817822, 38.747012066205166 ], [ -9.173431301345278, 38.747177830128052 ], [ -9.173488638782844, 38.74734881847904 ], [ -9.173524298798933, 38.747523384579814 ], [ -9.173537937813931, 38.747699847285233 ], [ -9.173529424315007, 38.74787650717284 ], [ -9.173513926246875, 38.747965264762215 ], [ -9.173637290640423, 38.748009619889544 ], [ -9.173832229936023, 38.748098776173869 ] ], [ [ -9.19367712529087, 38.753329306553454 ], [ -9.193826791608661, 38.753196950685371 ], [ -9.193992304239572, 38.753076719096278 ], [ -9.194039047362208, 38.753048909773206 ], [ -9.194054898714391, 38.752957982658714 ], [ -9.194107212738547, 38.752786009487167 ], [ -9.194180801046858, 38.75261887959406 ], [ -9.194274954813318, 38.752458202494488 ], [ -9.194388767176992, 38.752305525550405 ], [ -9.194521141979767, 38.752162319070422 ], [ -9.194670804326131, 38.75202996215193 ], [ -9.194836312863192, 38.751909729402044 ], [ -9.194902490767323, 38.751870356172191 ], [ -9.194702263537097, 38.751816298938294 ], [ -9.194497072287048, 38.751742572145332 ], [ -9.194302098060589, 38.7516534508867 ], [ -9.194123077092971, 38.751551980503024 ], [ -9.193983686333018, 38.751537080249001 ], [ -9.193764070829955, 38.751496115317224 ], [ -9.193727545230979, 38.751486253735401 ], [ -9.193643168111535, 38.75147051469834 ], [ -9.193429738229066, 38.751412890087401 ], [ -9.193224549401338, 38.751339161020375 ], [ -9.193029577817613, 38.751250037594829 ], [ -9.19284670124366, 38.751146378171924 ], [ -9.192705172702967, 38.751048243680188 ], [ -9.192618909842594, 38.751099564662731 ], [ -9.19242662610932, 38.751192199228186 ], [ -9.192223672694089, 38.7512696288209 ], [ -9.192012004247523, 38.751331107700423 ], [ -9.19179365937431, 38.7513760437486 ], [ -9.191570740995644, 38.751404004173679 ], [ -9.191550848192437, 38.751404950125469 ], [ -9.191562674246963, 38.751413150377545 ], [ -9.191642607618297, 38.751449690030974 ], [ -9.191825483278045, 38.751553351346395 ], [ -9.191994503477783, 38.751670549634817 ], [ -9.19214804048327, 38.751800156275053 ], [ -9.19228461563991, 38.751940923147437 ], [ -9.192402913613366, 38.752091494651502 ], [ -9.192501795058519, 38.75225042075872 ], [ -9.192580307594705, 38.752416170974954 ], [ -9.192637694981448, 38.752587149077939 ], [ -9.192673404406142, 38.752761708488158 ], [ -9.192687091813344, 38.752938168124935 ], [ -9.192678625224152, 38.753114828595457 ], [ -9.192648086013429, 38.75328998856039 ], [ -9.192620394938945, 38.753381011174085 ], [ -9.192619933958019, 38.753390629616675 ], [ -9.192589394501466, 38.753565789561812 ], [ -9.192575773164426, 38.753610563646703 ], [ -9.192764374968931, 38.753630725947275 ], [ -9.192983996513941, 38.753671692658571 ], [ -9.193197432826253, 38.753729317971576 ], [ -9.193339910414469, 38.753780511732664 ], [ -9.193430930700279, 38.753625188247291 ], [ -9.193544746677341, 38.753472512103585 ], [ -9.19367712529087, 38.753329306553454 ] ], [ [ -9.195048499050005, 38.748036481087873 ], [ -9.195261920048198, 38.748094102899316 ], [ -9.19546710152161, 38.748167828531557 ], [ -9.195589384594872, 38.748223724503127 ], [ -9.195568984277179, 38.748162948520552 ], [ -9.195533270370001, 38.747988389927137 ], [ -9.195519577189149, 38.74781193056225 ], [ -9.195524156443268, 38.747716298795318 ], [ -9.195499300174136, 38.747642246984242 ], [ -9.195463586724939, 38.747467688348124 ], [ -9.195449893844554, 38.747291228955746 ], [ -9.195458353241252, 38.747114568217434 ], [ -9.195488883283453, 38.746939407470244 ], [ -9.195541189792134, 38.746767433593241 ], [ -9.195614768880025, 38.746600302762488 ], [ -9.195708911809939, 38.746439624502152 ], [ -9.195822711825334, 38.74628694618535 ], [ -9.195945292586432, 38.746154319954684 ], [ -9.195932261958475, 38.746133376785103 ], [ -9.195896176555694, 38.746057197320425 ], [ -9.19583736597796, 38.745962675030171 ], [ -9.19575928077735, 38.745797829123674 ], [ -9.195661618215651, 38.745868782960557 ], [ -9.195481873081047, 38.745975734573364 ], [ -9.195289606750251, 38.746068373682213 ], [ -9.195086670924066, 38.746145808064426 ], [ -9.194875020083684, 38.74620729193343 ], [ -9.194656692664193, 38.746252233123052 ], [ -9.19443379141865, 38.746280198791993 ], [ -9.194208463162012, 38.746290919593669 ], [ -9.193982878090212, 38.746284292270957 ], [ -9.193759208873773, 38.746260380651016 ], [ -9.1936555595237, 38.746241045205593 ], [ -9.193536565320274, 38.746265538058701 ], [ -9.193313663547176, 38.746293501598032 ], [ -9.193088335031439, 38.746304220243069 ], [ -9.192862749971486, 38.746297590757479 ], [ -9.192639081037727, 38.746273676989212 ], [ -9.19247596935165, 38.746243247348296 ], [ -9.192297815119728, 38.746251720720103 ], [ -9.192127586541451, 38.746246716930727 ], [ -9.192133780059041, 38.746326581981648 ], [ -9.192125312510779, 38.746503242617273 ], [ -9.192113037052657, 38.746573652062118 ], [ -9.192187341317535, 38.74655835888818 ], [ -9.192410244400831, 38.74653039748037 ], [ -9.192635573758356, 38.746519680131613 ], [ -9.192861159506855, 38.746526310045873 ], [ -9.193084829295211, 38.746550223375905 ], [ -9.193304429219104, 38.746591189837964 ], [ -9.193517844558221, 38.74664881492901 ], [ -9.193723020136508, 38.746722543725021 ], [ -9.193917980109653, 38.746811666223749 ], [ -9.19410084698935, 38.746915324180605 ], [ -9.194269859721368, 38.747032519372084 ], [ -9.194423390643392, 38.747162123206806 ], [ -9.194559961159435, 38.747302887592106 ], [ -9.19467825597987, 38.74745345695144 ], [ -9.194777135789975, 38.747612381276987 ], [ -9.194855648224868, 38.74777813009171 ], [ -9.194913037045081, 38.747949107186884 ], [ -9.194925598822202, 38.748010508095788 ], [ -9.19492760176823, 38.748010881706684 ], [ -9.194964125741439, 38.748020742941961 ], [ -9.195048499050005, 38.748036481087873 ] ], [ [ -9.203276270414809, 38.753032883581852 ], [ -9.203157948249997, 38.75288232345553 ], [ -9.203059042476802, 38.752723406730269 ], [ -9.20298050551364, 38.75255766391215 ], [ -9.202923093592597, 38.752386691238058 ], [ -9.202917232491655, 38.752358060675284 ], [ -9.202804471941135, 38.752412397009472 ], [ -9.20260152673219, 38.752489844497987 ], [ -9.20238986404512, 38.752551342085511 ], [ -9.202171522429106, 38.752596297473708 ], [ -9.201948604773952, 38.752624277684504 ], [ -9.201723258052674, 38.752635013231242 ], [ -9.20149765263908, 38.752628400714784 ], [ -9.20127396139965, 38.752604503819668 ], [ -9.201054338761383, 38.752563552700728 ], [ -9.200840899957413, 38.75250594176601 ], [ -9.200635700650507, 38.752432225877413 ], [ -9.200440717130892, 38.752343115005566 ], [ -9.200257827279325, 38.752239467390737 ], [ -9.200139285321322, 38.752157286323566 ], [ -9.200090235538623, 38.75219292235078 ], [ -9.199910481527883, 38.752299880792208 ], [ -9.199718204313198, 38.752392527247608 ], [ -9.199703754069377, 38.752398041263099 ], [ -9.199585433667718, 38.752502691426841 ], [ -9.199419931908086, 38.752622930796704 ], [ -9.199240175809194, 38.752729888228927 ], [ -9.199147738660406, 38.752774427031909 ], [ -9.199148533547453, 38.752784662866141 ], [ -9.199301160368972, 38.75287116132791 ], [ -9.199470195702695, 38.752988348560912 ], [ -9.199623748880144, 38.753117945118987 ], [ -9.199760341091029, 38.753258702979565 ], [ -9.199878656836814, 38.753409266628964 ], [ -9.199977556601256, 38.753568186114343 ], [ -9.200056087827305, 38.75373393100535 ], [ -9.200113494094509, 38.75390490513103 ], [ -9.200118039999841, 38.753927114983789 ], [ -9.200132893841156, 38.753928701946833 ], [ -9.200352520195167, 38.753969654735947 ], [ -9.200565963014329, 38.754027266491931 ], [ -9.200771166858019, 38.754100982419189 ], [ -9.20096615560978, 38.754190092639369 ], [ -9.201149051504224, 38.754293739026181 ], [ -9.201318093207753, 38.754410923467518 ], [ -9.201471652779095, 38.754540517475547 ], [ -9.201608251346389, 38.75468127305227 ], [ -9.201726573349895, 38.754831834705989 ], [ -9.201825479213111, 38.754990752503119 ], [ -9.201828073207023, 38.754996226842252 ], [ -9.202000840859236, 38.755042856577589 ], [ -9.202084348110217, 38.755072853481913 ], [ -9.202132605545822, 38.755030170701865 ], [ -9.202298108130499, 38.754909927524835 ], [ -9.202477864948998, 38.754802965415529 ], [ -9.20267014488576, 38.754710314416045 ], [ -9.202873096250807, 38.754632866748743 ], [ -9.203084764609805, 38.754571368225825 ], [ -9.203303111602555, 38.754526411068731 ], [ -9.203452309797168, 38.754507682708834 ], [ -9.203494907100756, 38.754498911905145 ], [ -9.203717829898322, 38.754470928679098 ], [ -9.20382202651099, 38.754465963099051 ], [ -9.203785336812958, 38.754356708542261 ], [ -9.203749599513195, 38.754182152971225 ], [ -9.203735884585518, 38.754005695058517 ], [ -9.203744323950479, 38.753829034200272 ], [ -9.203774836169361, 38.753653871734706 ], [ -9.203827127234721, 38.753481894557481 ], [ -9.203830490904581, 38.753474252621913 ], [ -9.20373547332847, 38.753420409283017 ], [ -9.203566430127321, 38.753303228341807 ], [ -9.203412869535031, 38.753173637075463 ], [ -9.203276270414809, 38.753032883581852 ] ], [ [ -9.202967264876497, 38.747153847962544 ], [ -9.203011686088114, 38.747151731175109 ], [ -9.20297850874109, 38.747123729688738 ], [ -9.202922014392534, 38.747065511538921 ], [ -9.202805363483803, 38.747062093343992 ], [ -9.202967264876497, 38.747153847962544 ] ], [ [ -9.192644689441144, 38.761822133502164 ], [ -9.192461786072091, 38.761718474034907 ], [ -9.192292741040621, 38.761601276966253 ], [ -9.19213918236548, 38.761471671030449 ], [ -9.192022638846458, 38.761351567016781 ], [ -9.191954478568046, 38.761384398915006 ], [ -9.19175149600521, 38.761461827969264 ], [ -9.191539797223189, 38.761523306318395 ], [ -9.191321421118881, 38.761568241849361 ], [ -9.191098470914323, 38.761596201775369 ], [ -9.1908730938961, 38.761606916805135 ], [ -9.19064746072987, 38.761600283737131 ], [ -9.190423744549456, 38.761576366453866 ], [ -9.190204100022104, 38.761535395306566 ], [ -9.189990642591788, 38.761477764896235 ], [ -9.189785428100674, 38.761404030272317 ], [ -9.189590432985215, 38.761314901585955 ], [ -9.18940753523782, 38.761211237248993 ], [ -9.189269725597759, 38.761115688247763 ], [ -9.189067217089649, 38.761042923998808 ], [ -9.188872223833473, 38.760953794082198 ], [ -9.188689328033494, 38.760850128587272 ], [ -9.188638376863908, 38.760814801383162 ], [ -9.18855339591205, 38.760855732470645 ], [ -9.188350411022462, 38.760933155654868 ], [ -9.188138710732208, 38.760994627867298 ], [ -9.187920333952729, 38.761039557054012 ], [ -9.187773458286385, 38.761057972348354 ], [ -9.187755399105457, 38.761064860395358 ], [ -9.187543697893311, 38.761126331541163 ], [ -9.187325320315596, 38.761171259625868 ], [ -9.187102369608546, 38.761199211934375 ], [ -9.18687699306359, 38.761209919248785 ], [ -9.186651361341829, 38.761203278441911 ], [ -9.186476167257547, 38.761184542425859 ], [ -9.1864730671539, 38.761186793787537 ], [ -9.186293270077394, 38.761293731724955 ], [ -9.186100950870081, 38.761386356222509 ], [ -9.185897961742098, 38.761463775198223 ], [ -9.185858537511008, 38.761475221975608 ], [ -9.185902215183027, 38.761605374917487 ], [ -9.185937913243302, 38.761779936287709 ], [ -9.185951586311688, 38.761956396653837 ], [ -9.185943102547293, 38.762133056615973 ], [ -9.185912543490319, 38.762308214839663 ], [ -9.185860203283061, 38.762480184440719 ], [ -9.18578658584323, 38.762647309231426 ], [ -9.185692400016602, 38.762807979671571 ], [ -9.185578552755457, 38.762960648370594 ], [ -9.185446140388315, 38.763103844991534 ], [ -9.18529643806488, 38.763236190413402 ], [ -9.185130887477712, 38.763356410014978 ], [ -9.184951082978813, 38.763463345952623 ], [ -9.184758756224788, 38.763555968313348 ], [ -9.184555759498471, 38.763633385035746 ], [ -9.184501467981702, 38.763649147340701 ], [ -9.184518315228065, 38.763684717648609 ], [ -9.18457569310811, 38.76385569952896 ], [ -9.184611389191883, 38.764030261267742 ], [ -9.184625059552319, 38.764206721761866 ], [ -9.184616572374587, 38.764383381610209 ], [ -9.184586009231746, 38.76455853947941 ], [ -9.184561484332118, 38.764639111338838 ], [ -9.18474245665157, 38.76468797837147 ], [ -9.184947675639771, 38.764761721751341 ], [ -9.185142674636854, 38.764850858082411 ], [ -9.18532557577872, 38.764954528986991 ], [ -9.185494617681165, 38.765071736116866 ], [ -9.185648172400914, 38.765201350765757 ], [ -9.185784761112727, 38.765342124736875 ], [ -9.185903068351653, 38.765492702361428 ], [ -9.186001954683258, 38.765651633551961 ], [ -9.186021929229117, 38.765693803276498 ], [ -9.186233261847349, 38.765733229473639 ], [ -9.186446729171701, 38.765790866570399 ], [ -9.186651953031896, 38.765864606874629 ], [ -9.186846957118705, 38.765953740273318 ], [ -9.187029863519026, 38.766057408416962 ], [ -9.187198910798028, 38.766174612983974 ], [ -9.187352470960663, 38.76630422529275 ], [ -9.187489065129286, 38.766444997169046 ], [ -9.187607377786405, 38.766595572964235 ], [ -9.187706269445407, 38.766754502608499 ], [ -9.187784787627169, 38.766920255573645 ], [ -9.187842176036737, 38.767091235610948 ], [ -9.187877881851536, 38.767265796122224 ], [ -9.187891561050771, 38.767442256016245 ], [ -9.18788308173446, 38.767618915897692 ], [ -9.187852525399927, 38.767794074432871 ], [ -9.187837064116822, 38.767844875441078 ], [ -9.187917721157378, 38.767796905709304 ], [ -9.188110054969483, 38.767704278113136 ], [ -9.1883130591495, 38.767626855161488 ], [ -9.188524778754594, 38.767565382428515 ], [ -9.188743174931179, 38.767520451887314 ], [ -9.188966144545503, 38.767492496210501 ], [ -9.189191540432573, 38.767481784604634 ], [ -9.189417192068595, 38.767488420218378 ], [ -9.189640926468078, 38.767512339149619 ], [ -9.189860589104628, 38.767553311060681 ], [ -9.190074064654109, 38.7676109413961 ], [ -9.190279297360741, 38.767684675181378 ], [ -9.190474310830124, 38.767773802366264 ], [ -9.19065722705882, 38.767877464661076 ], [ -9.190692235913893, 38.767901734613858 ], [ -9.190777789675776, 38.76793247082604 ], [ -9.190891451810591, 38.767984417163632 ], [ -9.191001494446613, 38.767979185810837 ], [ -9.191227147738187, 38.767985817904488 ], [ -9.191450884220099, 38.768009733337884 ], [ -9.191670549345897, 38.768050701807077 ], [ -9.19188402776749, 38.768108328789715 ], [ -9.19208926370144, 38.768182059343573 ], [ -9.192266940980559, 38.768263259091945 ], [ -9.192409779896943, 38.768233868340836 ], [ -9.19263275013374, 38.768205905660011 ], [ -9.192858147552398, 38.768195186959112 ], [ -9.193083801614373, 38.768201815455157 ], [ -9.193307539310824, 38.768225727314551 ], [ -9.193410520897274, 38.76824493207841 ], [ -9.193424639537795, 38.768212874016811 ], [ -9.193518814704866, 38.768052197635406 ], [ -9.193632652707098, 38.767899521456293 ], [ -9.193765057139403, 38.767756315780716 ], [ -9.193914752820891, 38.767623959698291 ], [ -9.194080298077614, 38.767503727808005 ], [ -9.194260098627558, 38.767396777945542 ], [ -9.194452422934082, 38.767304140035044 ], [ -9.194655418879995, 38.767226706172806 ], [ -9.194867131601731, 38.767165222038074 ], [ -9.19508552231196, 38.767120279713723 ], [ -9.195308487929557, 38.767092311985834 ], [ -9.195385250930617, 38.767088659790673 ], [ -9.195598480818324, 38.767061912703383 ], [ -9.195823874064873, 38.767051188337106 ], [ -9.196049524662371, 38.767057811154501 ], [ -9.19627325963533, 38.767081717376669 ], [ -9.196373671298206, 38.76710044051719 ], [ -9.196311202439492, 38.767036074746308 ], [ -9.196192870938448, 38.766885508043657 ], [ -9.196093960426165, 38.766726585853661 ], [ -9.196015423366594, 38.766560838735089 ], [ -9.195958015992636, 38.766389862966214 ], [ -9.195922291027887, 38.766215305170263 ], [ -9.195908592369028, 38.766038846456176 ], [ -9.195917051779832, 38.765862186227743 ], [ -9.19594758762843, 38.765687025817137 ], [ -9.195956343095599, 38.765658245937111 ], [ -9.195944351056715, 38.765632937090274 ], [ -9.195886944646459, 38.7654619612468 ], [ -9.195851220369445, 38.765287403392811 ], [ -9.195837522115733, 38.765110944637783 ], [ -9.195845981645205, 38.76493428438593 ], [ -9.195876517324853, 38.764759123969633 ], [ -9.195928834921229, 38.764587150264745 ], [ -9.195989202827393, 38.76445005858622 ], [ -9.195819413644109, 38.764372466661186 ], [ -9.195636499198484, 38.764268812364612 ], [ -9.195467442964105, 38.764151620097444 ], [ -9.195313873067633, 38.764022018547671 ], [ -9.19517726846183, 38.76388125591226 ], [ -9.195058944682788, 38.76373068787381 ], [ -9.194960041182181, 38.763571764542277 ], [ -9.194881510356442, 38.763406016487401 ], [ -9.194824108378448, 38.763235039996481 ], [ -9.19478838791985, 38.763060481699689 ], [ -9.194774692833956, 38.76288402271075 ], [ -9.194778390197891, 38.762806833466627 ], [ -9.194690191851199, 38.762715947861466 ], [ -9.194571871065955, 38.762565379258554 ], [ -9.194558816603767, 38.762544402065828 ], [ -9.194557694437664, 38.762543245700861 ], [ -9.19447790577375, 38.762441710479472 ], [ -9.194409053264724, 38.762439688591115 ], [ -9.194185333366468, 38.762415778567217 ], [ -9.193965684265812, 38.762374814562598 ], [ -9.193752221450797, 38.762317191109446 ], [ -9.19354700081546, 38.762243463190202 ], [ -9.193351998855455, 38.762154340891428 ], [ -9.193169093629127, 38.762050682563476 ], [ -9.193093094195588, 38.761997994144352 ], [ -9.193044908610938, 38.761984986200616 ], [ -9.192839689634535, 38.761911257011384 ], [ -9.192644689441144, 38.761822133502164 ] ], [ [ -9.178435147134552, 38.742008462961749 ], [ -9.178581809541393, 38.741878787100497 ], [ -9.178459424232488, 38.741793888205294 ], [ -9.17838577464822, 38.741731690020757 ], [ -9.178313196309787, 38.741896457733198 ], [ -9.17821901980127, 38.742057122566074 ], [ -9.17810518840964, 38.742209784281478 ], [ -9.177972798310709, 38.742352972609808 ], [ -9.177823124439822, 38.742485308509899 ], [ -9.177814679454453, 38.742491441837927 ], [ -9.177872852053097, 38.742540569556944 ], [ -9.177974459995554, 38.742645344201662 ], [ -9.178021287678334, 38.742631748012506 ], [ -9.178094749404517, 38.742464978181502 ], [ -9.178188926708856, 38.742304313448464 ], [ -9.178302758065835, 38.742151651654325 ], [ -9.178435147134552, 38.742008462961749 ] ], [ [ -9.185343686156848, 38.751344612723614 ], [ -9.185346876525408, 38.751334129177536 ], [ -9.185301348242998, 38.751321833251588 ], [ -9.185098715445351, 38.751249005468544 ], [ -9.185021360904285, 38.7512345702823 ], [ -9.18480793830113, 38.75117692981641 ], [ -9.184602758678331, 38.751103185474989 ], [ -9.18440779813646, 38.751014047502707 ], [ -9.184224934334891, 38.75091037440086 ], [ -9.184055928405732, 38.75079316465736 ], [ -9.183902407991088, 38.750663547128511 ], [ -9.183765851567124, 38.750522770165105 ], [ -9.183647574205869, 38.750372189587701 ], [ -9.183548714911954, 38.75021325562696 ], [ -9.18347022565608, 38.750047498954928 ], [ -9.183412862210826, 38.749876515941864 ], [ -9.183406279772269, 38.749844316564548 ], [ -9.18327626930029, 38.749938740998019 ], [ -9.183096495179562, 38.75004567389167 ], [ -9.182904201575916, 38.750138292939411 ], [ -9.182881392279306, 38.750146992857964 ], [ -9.182884610822322, 38.750188562258302 ], [ -9.182876120221895, 38.750365222434773 ], [ -9.182845558010875, 38.750540380238832 ], [ -9.182793218362027, 38.750712348790309 ], [ -9.18271960518778, 38.750879471911638 ], [ -9.182625427292912, 38.751040140078658 ], [ -9.1825115915534, 38.751192805922713 ], [ -9.182379194186867, 38.75133599913439 ], [ -9.182229510198601, 38.751468340625507 ], [ -9.182157863582569, 38.751520373920776 ], [ -9.182194226593758, 38.751566669173556 ], [ -9.182293084845391, 38.751725604259676 ], [ -9.18235607542502, 38.751858632215225 ], [ -9.182566961985573, 38.75191559212886 ], [ -9.182772141940152, 38.751989340031081 ], [ -9.182967103190823, 38.752078480708626 ], [ -9.183149968236943, 38.752182155741899 ], [ -9.183318976041889, 38.752299366742953 ], [ -9.183472498990728, 38.752428984968148 ], [ -9.183609058564191, 38.752569762186248 ], [ -9.183727339577953, 38.75272034269716 ], [ -9.183784641305609, 38.75281246168602 ], [ -9.183814584647653, 38.752794651278869 ], [ -9.184006884089987, 38.752702030691346 ], [ -9.184209850731223, 38.752624615205107 ], [ -9.184421529989987, 38.75256315032248 ], [ -9.184639883401175, 38.752518227940989 ], [ -9.184862808242803, 38.75249028065469 ], [ -9.184922562310939, 38.752487442654207 ], [ -9.185117932687511, 38.752412922433031 ], [ -9.185329610508603, 38.75235145592314 ], [ -9.185461517031769, 38.752324317355743 ], [ -9.185411375116264, 38.752218435917435 ], [ -9.185354005205225, 38.75204745400908 ], [ -9.185318313954511, 38.751872892085999 ], [ -9.185304644936201, 38.751696431296814 ], [ -9.185313129628721, 38.751519771065304 ], [ -9.185343686156848, 38.751344612723614 ] ], [ [ -9.189980536106074, 38.755261559437585 ], [ -9.190045004079709, 38.755343616001753 ], [ -9.1900497021016, 38.755245665877517 ], [ -9.190080248403188, 38.755070506548073 ], [ -9.190093871562807, 38.755025732739178 ], [ -9.1900147056893, 38.755017267969791 ], [ -9.18992345707068, 38.755014584494951 ], [ -9.189699761713852, 38.75499066550617 ], [ -9.189685963875009, 38.754988091406595 ], [ -9.189690418773978, 38.754991180423616 ], [ -9.189843958934764, 38.755120789976786 ], [ -9.189980536106074, 38.755261559437585 ] ], [ [ -9.183156453440359, 38.757135831372075 ], [ -9.183187017334694, 38.756960673652841 ], [ -9.183233902490338, 38.756806636159226 ], [ -9.183186890459673, 38.75691336011819 ], [ -9.183092705999305, 38.757074028594573 ], [ -9.18297886197306, 38.757226694858609 ], [ -9.182846454678339, 38.757369888596834 ], [ -9.182696759216023, 38.757502230715978 ], [ -9.18253121721262, 38.757622446626691 ], [ -9.182351422937481, 38.757729378520871 ], [ -9.182348147259185, 38.757730956076912 ], [ -9.18243774630659, 38.757806599535471 ], [ -9.182574314364951, 38.757947377720072 ], [ -9.182692602363366, 38.758097959047895 ], [ -9.182772710387253, 38.758226735132361 ], [ -9.182976033272286, 38.758232726491826 ], [ -9.18319973682552, 38.758256658227374 ], [ -9.183419367553077, 38.758297642759196 ], [ -9.18358090248541, 38.758341267128721 ], [ -9.183550344692932, 38.758309768263423 ], [ -9.183432054551727, 38.758159187839311 ], [ -9.183333184593517, 38.758000254048717 ], [ -9.183254686891672, 38.757834497562065 ], [ -9.18319731730006, 38.757663514747833 ], [ -9.18316162817843, 38.757488952297059 ], [ -9.183147963078314, 38.757312491363422 ], [ -9.183156453440359, 38.757135831372075 ] ], [ [ -9.18352100328238, 38.756308246383334 ], [ -9.183653407298102, 38.756165051901547 ], [ -9.183748512433272, 38.756080968539003 ], [ -9.18365672001066, 38.756135564425882 ], [ -9.183464410989199, 38.756228184518925 ], [ -9.183349522813018, 38.756272002165353 ], [ -9.18334341431733, 38.756399110401368 ], [ -9.183312851014476, 38.756574268169381 ], [ -9.183265966169936, 38.7567283056962 ], [ -9.183312977966962, 38.756621581705446 ], [ -9.183407161357746, 38.756460913054511 ], [ -9.18352100328238, 38.756308246383334 ] ], [ [ -9.16800446590158, 38.772725914567722 ], [ -9.168004371502171, 38.772724692555087 ], [ -9.1679192954577, 38.772701709069501 ], [ -9.16771407039159, 38.772627935955242 ], [ -9.167519071036027, 38.772538770650115 ], [ -9.167336175424181, 38.772435071918707 ], [ -9.167167144994457, 38.772317838495816 ], [ -9.167013607624837, 38.772188199465837 ], [ -9.166877041954649, 38.772047403386715 ], [ -9.166758763144825, 38.771896806263086 ], [ -9.166659910213763, 38.771737858485011 ], [ -9.166581435070707, 38.771572090857589 ], [ -9.166524093352111, 38.77140109985659 ], [ -9.16650038432965, 38.771285024018901 ], [ -9.166403230906356, 38.771282148280292 ], [ -9.166356391119855, 38.771277131596378 ], [ -9.166284476744483, 38.771311745356066 ], [ -9.166081437531993, 38.771389130463213 ], [ -9.165869686515935, 38.771450562914666 ], [ -9.165651263096416, 38.771495451039442 ], [ -9.165428270951301, 38.771523362507359 ], [ -9.165202857771204, 38.771534028493882 ], [ -9.164977194570151, 38.771527346269906 ], [ -9.164753454771279, 38.771503380191419 ], [ -9.164533793269337, 38.771462361079685 ], [ -9.164320325671769, 38.771404683997687 ], [ -9.16411510791862, 38.771330904444469 ], [ -9.163920116477692, 38.771241733003919 ], [ -9.163737229305903, 38.771138028499699 ], [ -9.16356820776036, 38.771020789722222 ], [ -9.163540755463972, 38.770997608201313 ], [ -9.163500939919016, 38.771087914981926 ], [ -9.163406693021235, 38.771248568072537 ], [ -9.163292784755601, 38.771401215681188 ], [ -9.163160312038231, 38.77154438767402 ], [ -9.163081075574276, 38.771614394900212 ], [ -9.163142557128184, 38.771677786928052 ], [ -9.163260828043082, 38.77182838782695 ], [ -9.163359673623411, 38.77198733857994 ], [ -9.163386372082531, 38.772043741136812 ], [ -9.163439476960669, 38.772129137105189 ], [ -9.163482960069921, 38.772220998041853 ], [ -9.163577382688413, 38.772372834557153 ], [ -9.163655851841762, 38.772538604263033 ], [ -9.163712791474611, 38.772708415018243 ], [ -9.163753875264311, 38.772706471617695 ], [ -9.16397954212235, 38.77271315615338 ], [ -9.164203285484334, 38.77273712366047 ], [ -9.164422950737539, 38.772778143333589 ], [ -9.164636422532604, 38.772835820157368 ], [ -9.16484164514984, 38.772909598709695 ], [ -9.164854556101316, 38.772915502746436 ], [ -9.164934397919351, 38.772868045897205 ], [ -9.165126775782328, 38.77277545561185 ], [ -9.165329819960776, 38.772698072113393 ], [ -9.16554157512679, 38.772636640596119 ], [ -9.165760002084442, 38.772591752636231 ], [ -9.165982997403651, 38.772563840496318 ], [ -9.166208413671958, 38.772553172963747 ], [ -9.166434080169342, 38.772559852762797 ], [ -9.166657823767229, 38.772583815565916 ], [ -9.166877489850634, 38.772624830613005 ], [ -9.167090963062202, 38.77268250293325 ], [ -9.16729618766861, 38.772756277147877 ], [ -9.167491187353384, 38.772845442817342 ], [ -9.167674084245739, 38.772949141281416 ], [ -9.167811120396856, 38.773044182734147 ], [ -9.167837825047391, 38.772983605501388 ], [ -9.167932064120084, 38.772822948989315 ], [ -9.16800446590158, 38.772725914567722 ] ], [ [ -9.164538441166972, 38.764610553714256 ], [ -9.16461211039663, 38.764443441653121 ], [ -9.164659868144192, 38.764362023681784 ], [ -9.164650127236378, 38.764235830333767 ], [ -9.164654131187151, 38.764152969885906 ], [ -9.164509107039116, 38.764208246385969 ], [ -9.164297375701937, 38.764269675789592 ], [ -9.164078973028712, 38.764314560742633 ], [ -9.163856002497454, 38.764342468945451 ], [ -9.163630611590586, 38.764353131604992 ], [ -9.163404971107562, 38.764346446024163 ], [ -9.163181254252684, 38.764322476591317 ], [ -9.162961615699668, 38.764281454160006 ], [ -9.162748170834899, 38.764223773825194 ], [ -9.162542975379436, 38.764149991117208 ], [ -9.162348005586299, 38.764060816650371 ], [ -9.162165139203886, 38.763957109277435 ], [ -9.161996137389062, 38.763839867816415 ], [ -9.161842627744187, 38.76371022142915 ], [ -9.161747600209823, 38.763612226633413 ], [ -9.161746608564799, 38.763632731258092 ], [ -9.161715989642978, 38.763807883932905 ], [ -9.161663590088695, 38.763979843467318 ], [ -9.161589914391266, 38.764146953770485 ], [ -9.161495671957601, 38.76430760544163 ], [ -9.161381770285244, 38.76446025127089 ], [ -9.161249306226855, 38.764603421141537 ], [ -9.161099555430091, 38.764735736190147 ], [ -9.160933960054487, 38.764855922087996 ], [ -9.160884548989817, 38.76488529188007 ], [ -9.160915724960928, 38.76488863275155 ], [ -9.16113536429776, 38.764929659014506 ], [ -9.161348810045777, 38.764987342277259 ], [ -9.161554006736075, 38.76506112705566 ], [ -9.16174897832096, 38.765150302808422 ], [ -9.161931847200197, 38.765254010778222 ], [ -9.162100852300151, 38.765371252259925 ], [ -9.16225436603183, 38.765500898216423 ], [ -9.162382455512718, 38.76563298207418 ], [ -9.162422943761241, 38.765597207437217 ], [ -9.162588538277227, 38.765477019455162 ], [ -9.162768381921209, 38.765370117433044 ], [ -9.162960742741721, 38.765277530834297 ], [ -9.163163768270087, 38.765200151261119 ], [ -9.163375503357999, 38.765138723870002 ], [ -9.163593909002849, 38.765093840197409 ], [ -9.163816881979763, 38.765065932464708 ], [ -9.164042275091401, 38.76505526941677 ], [ -9.164267917840695, 38.765061953734737 ], [ -9.164449455805254, 38.765081402129091 ], [ -9.164455435237011, 38.764957667679333 ], [ -9.164486047872726, 38.764782514405972 ], [ -9.164538441166972, 38.764610553714256 ] ], [ [ -9.165325308095726, 38.759356668098746 ], [ -9.165475039944655, 38.759224347776716 ], [ -9.165640614751759, 38.759104155613393 ], [ -9.165820437950613, 38.758997249061842 ], [ -9.166012777786612, 38.758904657629188 ], [ -9.16601687325532, 38.758903096452492 ], [ -9.165893014069175, 38.758832853990512 ], [ -9.165789015088196, 38.758760707472874 ], [ -9.165639423026603, 38.758706918657154 ], [ -9.165444464460053, 38.7586177491238 ], [ -9.165261607773942, 38.758514046371623 ], [ -9.165092614031758, 38.758396809174123 ], [ -9.165070164266149, 38.758377849072282 ], [ -9.164999176572813, 38.758538893960029 ], [ -9.164904948941665, 38.75869954832627 ], [ -9.164791063256791, 38.758852197400699 ], [ -9.164658616216883, 38.758995371035368 ], [ -9.164508883305698, 38.759127690330608 ], [ -9.164343306510506, 38.759247880916831 ], [ -9.164163480435839, 38.759354785229853 ], [ -9.163971136946204, 38.759447373661246 ], [ -9.163768128485714, 38.759524754476438 ], [ -9.163556410235294, 38.75958618240476 ], [ -9.163338021279442, 38.759631065818844 ], [ -9.163115064964035, 38.759658972433904 ], [ -9.16288968863455, 38.759669633472136 ], [ -9.162868162556965, 38.7596689954891 ], [ -9.162864685802486, 38.759740911101424 ], [ -9.162834071071403, 38.759916064123942 ], [ -9.16278167684986, 38.760088024196811 ], [ -9.162708007575837, 38.760255135224007 ], [ -9.162613772594403, 38.760415787797797 ], [ -9.162499879331357, 38.760568434699614 ], [ -9.162367424558372, 38.760711605802435 ], [ -9.16221768383369, 38.760843922230961 ], [ -9.162052099219844, 38.760964109643197 ], [ -9.161872265396678, 38.761071010505532 ], [ -9.161679914303338, 38.76116359524277 ], [ -9.161476898457186, 38.761240972155903 ], [ -9.161395451524339, 38.76126460086612 ], [ -9.161223157596392, 38.761367017761046 ], [ -9.161030804854043, 38.761459601447619 ], [ -9.160827787449882, 38.761536977250316 ], [ -9.160616060650995, 38.76159839994677 ], [ -9.160397663624227, 38.761643277959976 ], [ -9.160174699793208, 38.761671179057181 ], [ -9.159949316575814, 38.761681834513737 ], [ -9.159844152540401, 38.761678715137059 ], [ -9.159843030928473, 38.761701894726841 ], [ -9.159877933634535, 38.761705635467905 ], [ -9.160097562620468, 38.761746663845123 ], [ -9.160310998033699, 38.761804349175655 ], [ -9.160516184504829, 38.761878135955463 ], [ -9.160711146084557, 38.761967313623963 ], [ -9.160894005268984, 38.762071023405376 ], [ -9.16106300107783, 38.762188266577155 ], [ -9.161216506011565, 38.762317914085841 ], [ -9.161311531072499, 38.762415909368343 ], [ -9.161312522833082, 38.762395404741675 ], [ -9.161343142217222, 38.762220252125566 ], [ -9.161395541351245, 38.762048292690864 ], [ -9.161469215455821, 38.761881182474404 ], [ -9.161563454878742, 38.761720530801703 ], [ -9.161677351934264, 38.761567884789756 ], [ -9.161809809648787, 38.761424714449177 ], [ -9.16195955232849, 38.761292398529292 ], [ -9.162125137847017, 38.761172211242304 ], [ -9.162304971534807, 38.761065309994351 ], [ -9.162497321536266, 38.760972724241455 ], [ -9.16270033548691, 38.760895345577644 ], [ -9.162912058349903, 38.760833919150663 ], [ -9.163034856321444, 38.760808682580382 ], [ -9.163082266392566, 38.760727857045431 ], [ -9.163196158647841, 38.760575209593682 ], [ -9.163328611497517, 38.760432037574439 ], [ -9.163478349294621, 38.760299719753213 ], [ -9.163643929959807, 38.760179530360524 ], [ -9.163823758870247, 38.760072626822783 ], [ -9.164016104216348, 38.759980038618053 ], [ -9.164219113678438, 38.759902657364002 ], [ -9.164430832262903, 38.759841228233299 ], [ -9.164649221126036, 38.759796342779204 ], [ -9.16487217720454, 38.759768433240211 ], [ -9.165014933758341, 38.759761678014733 ], [ -9.16507897492799, 38.759652491668305 ], [ -9.165192861227043, 38.759499842324864 ], [ -9.165325308095726, 38.759356668098746 ] ], [ [ -9.165690817926428, 38.745751765994662 ], [ -9.165764466052618, 38.745584652978948 ], [ -9.165858675158223, 38.745423997827999 ], [ -9.165972537849537, 38.745271347692309 ], [ -9.166104957483947, 38.745128172622266 ], [ -9.166254658734381, 38.744995851412767 ], [ -9.166308947991803, 38.744956434130373 ], [ -9.166310673894403, 38.744920694756978 ], [ -9.166341274524754, 38.744745540585576 ], [ -9.16639364977898, 38.744573578743555 ], [ -9.166454593681387, 38.744435286989635 ], [ -9.166332181554047, 38.744402201271697 ], [ -9.166127039760623, 38.744328423879487 ], [ -9.166103518173342, 38.744317663539185 ], [ -9.165968179967265, 38.744313654820758 ], [ -9.165744525050648, 38.744289689365004 ], [ -9.165524946790647, 38.744248670788039 ], [ -9.165311559992849, 38.744190994147679 ], [ -9.165106419818986, 38.744117214938662 ], [ -9.164911501989582, 38.744028043741523 ], [ -9.164728683752536, 38.743924339377543 ], [ -9.164559725801006, 38.743807100635678 ], [ -9.164406255314919, 38.743677456651525 ], [ -9.164269750289478, 38.743536656030628 ], [ -9.164151525301612, 38.74338605482135 ], [ -9.164052718851483, 38.743227103452988 ], [ -9.163974282400815, 38.743061332765208 ], [ -9.16393622385743, 38.742947781496774 ], [ -9.163785779593367, 38.74297870820731 ], [ -9.163751045581581, 38.742988788201906 ], [ -9.163532707095959, 38.743033671409037 ], [ -9.16330980235071, 38.743061577763548 ], [ -9.163084478194532, 38.743072238490164 ], [ -9.162858904783871, 38.74306555091043 ], [ -9.162635254676902, 38.743041579431953 ], [ -9.162415681904365, 38.74300055492796 ], [ -9.162202301218983, 38.742942872513368 ], [ -9.161997167723591, 38.742869087738519 ], [ -9.161802257074386, 38.742779911237555 ], [ -9.161698118394042, 38.74272083293134 ], [ -9.161567119344127, 38.742798723108535 ], [ -9.16137481635656, 38.742891306962235 ], [ -9.161172974389842, 38.742968254798107 ], [ -9.16102501302414, 38.74305622916048 ], [ -9.160879312544802, 38.743126375212682 ], [ -9.160853735897851, 38.743272710685339 ], [ -9.160801348178873, 38.743444670251819 ], [ -9.160743682603171, 38.743575498481768 ], [ -9.160774531103486, 38.74358961268959 ], [ -9.160957342893886, 38.743693323334703 ], [ -9.161126294797834, 38.74381056737095 ], [ -9.16127975973861, 38.743940215736572 ], [ -9.161416259755454, 38.744081019910048 ], [ -9.161534480237492, 38.744231623931618 ], [ -9.161633282585742, 38.744390577459555 ], [ -9.16171171518117, 38.744556349735525 ], [ -9.161769022553093, 38.744727344324787 ], [ -9.161804652659445, 38.744901914488864 ], [ -9.161818262208666, 38.745078379043463 ], [ -9.161809719971696, 38.745255038548287 ], [ -9.161779108052016, 38.745430191673179 ], [ -9.161726721101184, 38.745602151583022 ], [ -9.16165306348727, 38.745769262183337 ], [ -9.161558844443144, 38.745929914070544 ], [ -9.161444971241201, 38.746082560032704 ], [ -9.161312540459985, 38.746225729951867 ], [ -9.161162827426725, 38.746358044964147 ], [ -9.160997273937292, 38.746478230741239 ], [ -9.160817474371783, 38.746585129765315 ], [ -9.160625160339404, 38.746677712478935 ], [ -9.160422184000549, 38.746755087202551 ], [ -9.160210500226752, 38.746816508724272 ], [ -9.159992147770412, 38.74686138547839 ], [ -9.159769229625821, 38.746889285244322 ], [ -9.159691496931028, 38.746892960543605 ], [ -9.15968165155288, 38.746909746626805 ], [ -9.159567772802239, 38.747062390810811 ], [ -9.159472531815736, 38.74716534937788 ], [ -9.159537588471698, 38.747270014286613 ], [ -9.159616019551287, 38.747435787911648 ], [ -9.15967332440224, 38.747606783482304 ], [ -9.159708951006747, 38.747781354250733 ], [ -9.159722556106946, 38.747957819026787 ], [ -9.1597140085166, 38.748134478368016 ], [ -9.159703029635779, 38.748197283718994 ], [ -9.15971829934578, 38.748196561760032 ], [ -9.159943888757459, 38.748203255178218 ], [ -9.160167554223923, 38.748227231577594 ], [ -9.160387141882429, 38.748268260067135 ], [ -9.160600537130708, 38.748325945546569 ], [ -9.160805684986077, 38.748399732510364 ], [ -9.160951054418366, 38.748466238892306 ], [ -9.160992492036238, 38.74845772230298 ], [ -9.161215414517057, 38.748429820150925 ], [ -9.161440755856429, 38.748419162802477 ], [ -9.161494576700843, 38.748420758948001 ], [ -9.161562152807271, 38.748417562870685 ], [ -9.161787743007643, 38.748424252717683 ], [ -9.162011409703339, 38.748448225569582 ], [ -9.162230999019782, 38.748489250569492 ], [ -9.16244439633874, 38.748546932650726 ], [ -9.162649546657603, 38.748620716340504 ], [ -9.162844474375175, 38.748709891107993 ], [ -9.163027302313631, 38.748813598205324 ], [ -9.163196269793582, 38.748930838935728 ], [ -9.163220280809865, 38.748951121234938 ], [ -9.163176959635228, 38.748895939497523 ], [ -9.163078147458522, 38.748736987527749 ], [ -9.162999706932029, 38.748571216391923 ], [ -9.162942393358954, 38.748400222599578 ], [ -9.162906758559567, 38.748225652947333 ], [ -9.16289314556227, 38.748049188658221 ], [ -9.162901685305993, 38.747872529189614 ], [ -9.162932295385373, 38.747697375866224 ], [ -9.162984680850634, 38.747525415495524 ], [ -9.163058337054194, 38.747358304123345 ], [ -9.163152554516323, 38.747197651086424 ], [ -9.163266425762844, 38.747045003514877 ], [ -9.163398854068761, 38.746901831434378 ], [ -9.1635485640235, 38.746769513611035 ], [ -9.163714113815873, 38.746649324275445 ], [ -9.163893909120359, 38.746542420853487 ], [ -9.164086218450983, 38.74644983282213 ], [ -9.164289189834875, 38.746372451797413 ], [ -9.164500868645066, 38.746311022949811 ], [ -9.16471921642081, 38.746266137829885 ], [ -9.164942130494417, 38.746238228672908 ], [ -9.165167464235665, 38.746227564237508 ], [ -9.165393047719101, 38.746234247218204 ], [ -9.165600226706673, 38.746256447178425 ], [ -9.165607837391327, 38.746098881505752 ], [ -9.165638440181588, 38.745923727522609 ], [ -9.165690817926428, 38.745751765994662 ] ], [ [ -9.159739423856758, 38.734339011317871 ], [ -9.159962303102871, 38.734311112084036 ], [ -9.160187600354579, 38.734300457731713 ], [ -9.160413146037754, 38.734307150858314 ], [ -9.160636768187018, 38.734331127007898 ], [ -9.160856313356692, 38.734372155291879 ], [ -9.161069667353592, 38.734429840611909 ], [ -9.161142314150853, 38.734455975059888 ], [ -9.161184755303205, 38.734460525236813 ], [ -9.161404301161227, 38.734501552480864 ], [ -9.16161765596391, 38.734559236788044 ], [ -9.161670292653547, 38.734578172336647 ], [ -9.161772441431394, 38.734589123335347 ], [ -9.161991987996332, 38.734630149464643 ], [ -9.162205343632705, 38.734687832686099 ], [ -9.162410453739241, 38.734761617515929 ], [ -9.162605343101934, 38.734850793412306 ], [ -9.162788134912278, 38.734954501616436 ], [ -9.162809443683063, 38.734969290147767 ], [ -9.162816102940335, 38.734831521428504 ], [ -9.162846708375074, 38.734656367815653 ], [ -9.162899085218568, 38.734484407232905 ], [ -9.162926680362048, 38.734421788709611 ], [ -9.162964290548864, 38.734298308376424 ], [ -9.163037933902368, 38.734131196830106 ], [ -9.163107832036021, 38.734011990318351 ], [ -9.16291332759265, 38.734051977618286 ], [ -9.162690450423822, 38.734079882453557 ], [ -9.162465154344252, 38.734090541615913 ], [ -9.16223960923992, 38.734083852441969 ], [ -9.16201598739633, 38.734059879354653 ], [ -9.161796442571953, 38.734018853242702 ], [ -9.161583089250287, 38.733961169236515 ], [ -9.161377982270587, 38.733887382901749 ], [ -9.16118309703363, 38.733798204887542 ], [ -9.161000310473371, 38.733694494080829 ], [ -9.160831382977852, 38.733577249332605 ], [ -9.16067794143366, 38.733447599836268 ], [ -9.16054146355725, 38.733306794250446 ], [ -9.160423263664095, 38.733156188671273 ], [ -9.160324480012688, 38.732997233570124 ], [ -9.16024606384523, 38.732831459822563 ], [ -9.160188770230418, 38.7326604639632 ], [ -9.160153150796406, 38.732485892808562 ], [ -9.160139548423745, 38.732309427596121 ], [ -9.160148093949161, 38.732132767792116 ], [ -9.160178704911738, 38.731957614724507 ], [ -9.160231086353329, 38.731785655198266 ], [ -9.160304733665217, 38.731618545251159 ], [ -9.160342560119648, 38.731554037754371 ], [ -9.160296608319992, 38.731495486109665 ], [ -9.160197827316749, 38.731336530821729 ], [ -9.160119413341834, 38.731170756913812 ], [ -9.160062121442843, 38.73099976092211 ], [ -9.160026503231418, 38.730825189664444 ], [ -9.1600231302306, 38.730781429086939 ], [ -9.159965401148987, 38.730798182983278 ], [ -9.159838323723893, 38.73089045374347 ], [ -9.159658560958201, 38.730997350754159 ], [ -9.159466286744598, 38.731089931252356 ], [ -9.159263352859956, 38.731167303579916 ], [ -9.159193378879912, 38.731187610513622 ], [ -9.159127708162776, 38.731336616143302 ], [ -9.159033501657225, 38.731497266203903 ], [ -9.158919645258564, 38.731649909837301 ], [ -9.158787235383583, 38.731793076948001 ], [ -9.158637547158229, 38.731925388699203 ], [ -9.158472022139488, 38.732045570794043 ], [ -9.158292254433276, 38.732152465750168 ], [ -9.158099975341965, 38.732245044049336 ], [ -9.157897036689411, 38.7323224140546 ], [ -9.157758617086255, 38.732362581870596 ], [ -9.157731442284295, 38.732386601420913 ], [ -9.157565914671112, 38.732506782258589 ], [ -9.157386144442372, 38.732613675847112 ], [ -9.157193862924743, 38.732706252681425 ], [ -9.15699092196545, 38.73278362113868 ], [ -9.156959816339624, 38.732792647330577 ], [ -9.156999579716084, 38.732911340160662 ], [ -9.157035191729031, 38.733085912365823 ], [ -9.157048786660541, 38.733262378018864 ], [ -9.157040233422428, 38.73343903766883 ], [ -9.15700961422421, 38.733614189984195 ], [ -9.156957223787645, 38.73378614813759 ], [ -9.156883566514471, 38.733953256051471 ], [ -9.156789351634373, 38.734113904348135 ], [ -9.156675486379728, 38.734266545850232 ], [ -9.156543067252619, 38.734409710482751 ], [ -9.156393369468093, 38.734542019432787 ], [ -9.156320273020391, 38.734595087857699 ], [ -9.156323031063225, 38.73463089170199 ], [ -9.156316505592361, 38.734765640027973 ], [ -9.156387375832312, 38.734773241062605 ], [ -9.156406181966396, 38.734776756242852 ], [ -9.15645296724939, 38.734735405712549 ], [ -9.15661850182412, 38.734615226400415 ], [ -9.156798278174762, 38.734508333944433 ], [ -9.156990564997889, 38.734415757716022 ], [ -9.157193510537395, 38.734338389217555 ], [ -9.157405160415173, 38.73427697349895 ], [ -9.157623476449082, 38.73423210198434 ], [ -9.157846356277052, 38.734204206778031 ], [ -9.158071653598586, 38.73419355650428 ], [ -9.158297198838888, 38.734200253721298 ], [ -9.158520820036841, 38.734224233933745 ], [ -9.158740363755923, 38.734265266213889 ], [ -9.158953715816917, 38.734322955424922 ], [ -9.159158821652964, 38.734396746025389 ], [ -9.159285173041077, 38.734454565957641 ], [ -9.159309460617592, 38.734445306298561 ], [ -9.159521108911134, 38.734383886770111 ], [ -9.159739423856758, 38.734339011317871 ] ], [ [ -9.157913720603984, 38.723775613334311 ], [ -9.157856440239232, 38.723604615895319 ], [ -9.157820831454728, 38.723430043623928 ], [ -9.157807237028523, 38.723253577768332 ], [ -9.157815787720883, 38.723076917800995 ], [ -9.157846401021212, 38.722901765051411 ], [ -9.157898781948919, 38.722729806321496 ], [ -9.157972425900308, 38.722562697641358 ], [ -9.158066623513829, 38.722402048321747 ], [ -9.158180467506613, 38.722249405457056 ], [ -9.158271368834956, 38.722151107820359 ], [ -9.158068076700864, 38.722077954650658 ], [ -9.157873227869056, 38.721988770444739 ], [ -9.157844696188283, 38.721972577937144 ], [ -9.15777170168975, 38.722037106286514 ], [ -9.157606197641337, 38.72215728706351 ], [ -9.157426453067901, 38.722264180545139 ], [ -9.157234522421414, 38.722356601513326 ], [ -9.15716645021211, 38.722397083441457 ], [ -9.156974195495822, 38.722489659703477 ], [ -9.156771282950665, 38.722567027520931 ], [ -9.156559666833703, 38.722628441748405 ], [ -9.156341385245636, 38.722673310890556 ], [ -9.156118540498094, 38.722701202800067 ], [ -9.155893278861823, 38.722711848840866 ], [ -9.155667769891009, 38.722705146475946 ], [ -9.155444185523075, 38.722681160255313 ], [ -9.155224679155483, 38.722640121194196 ], [ -9.15501136490127, 38.722582424547696 ], [ -9.154806297223351, 38.722508626003226 ], [ -9.154611451143913, 38.722419436327492 ], [ -9.15442870321972, 38.722315714519723 ], [ -9.154276991271702, 38.72221038558984 ], [ -9.154278635055807, 38.722231737287572 ], [ -9.154270075701607, 38.722408397138878 ], [ -9.154239453832334, 38.722583549082756 ], [ -9.154187064195565, 38.7227555062954 ], [ -9.154113411185417, 38.722922612708359 ], [ -9.154019203990604, 38.723083258958383 ], [ -9.153940843770748, 38.723188312852201 ], [ -9.154149551512241, 38.723127748453443 ], [ -9.154367835938661, 38.723082883370026 ], [ -9.154590682623455, 38.72305499477428 ], [ -9.154815945585236, 38.723044351226903 ], [ -9.155041455580026, 38.723051055221255 ], [ -9.155265040986045, 38.72307504219679 ], [ -9.155484548711378, 38.723116081160612 ], [ -9.155697864923354, 38.723173776911572 ], [ -9.155902935400281, 38.723247573845214 ], [ -9.156097785309715, 38.723336761303131 ], [ -9.156280538223026, 38.723440480415185 ], [ -9.156449434183251, 38.723557732368889 ], [ -9.156493675958117, 38.723595123117853 ], [ -9.156523680886529, 38.72360885685287 ], [ -9.156706435102745, 38.723712575276437 ], [ -9.156875332395929, 38.723829826591121 ], [ -9.157028746215252, 38.72395948166502 ], [ -9.157141353412419, 38.724075684816796 ], [ -9.157145214839096, 38.724075201486656 ], [ -9.157370480512464, 38.724064552979783 ], [ -9.157595993845444, 38.724071251997749 ], [ -9.157819583184116, 38.724095234027907 ], [ -9.158039095398705, 38.724136268125008 ], [ -9.15814061767751, 38.724163724070706 ], [ -9.158090886655081, 38.724100346665828 ], [ -9.157992121048375, 38.723941389109193 ], [ -9.157913720603984, 38.723775613334311 ] ], [ [ -9.161168972722493, 38.718951321910183 ], [ -9.161388470907632, 38.718992349943065 ], [ -9.161601779291511, 38.719050035063717 ], [ -9.161806843727819, 38.719123821770062 ], [ -9.162001689442295, 38.719212999502133 ], [ -9.162184440046728, 38.719316709483465 ], [ -9.162218013897206, 38.719340015747441 ], [ -9.16222599792787, 38.719342174808027 ], [ -9.162359227076914, 38.719224382042512 ], [ -9.162524716356847, 38.719104194679019 ], [ -9.162688135084185, 38.71900699473445 ], [ -9.1626635145454, 38.718967371552985 ], [ -9.162585109069582, 38.718801598845566 ], [ -9.162527821858378, 38.718630603650439 ], [ -9.162492204478385, 38.718456032777731 ], [ -9.162478599790477, 38.718279567462169 ], [ -9.162481161338617, 38.718226571739081 ], [ -9.162451481301627, 38.718244225290839 ], [ -9.162259244607849, 38.718336810063192 ], [ -9.162056349612284, 38.718414186869154 ], [ -9.161844750402933, 38.718475610476752 ], [ -9.161626484917619, 38.718520489300296 ], [ -9.161403655312849, 38.718548391099247 ], [ -9.161178407713496, 38.718559047142236 ], [ -9.160952911538523, 38.718552354795953 ], [ -9.16072933860209, 38.718528378513867 ], [ -9.160509842191543, 38.718487349215479 ], [ -9.160480147786881, 38.718479318590255 ], [ -9.160440777204952, 38.718608589678986 ], [ -9.160367142890712, 38.718775699891154 ], [ -9.160341643577791, 38.718819192775399 ], [ -9.160507165444965, 38.718913129691487 ], [ -9.160530882507356, 38.718929594286664 ], [ -9.160719901155309, 38.718920653281259 ], [ -9.160945398476899, 38.718927346060994 ], [ -9.161168972722493, 38.718951321910183 ] ], [ [ -9.157348616185391, 38.715273792098571 ], [ -9.157422254160402, 38.715106683641935 ], [ -9.157516443599473, 38.714946034680622 ], [ -9.157630277298502, 38.714793392305559 ], [ -9.157762658894253, 38.714650226492438 ], [ -9.157912313426122, 38.714517915947077 ], [ -9.157922488993414, 38.714510526158115 ], [ -9.157890964854673, 38.714517007252802 ], [ -9.157668146036086, 38.714544901799798 ], [ -9.157442910275464, 38.714555550487823 ], [ -9.157217426877731, 38.714548850754397 ], [ -9.156993867533959, 38.714524867124176 ], [ -9.156774385400553, 38.714483830587433 ], [ -9.156561094357107, 38.714426136374925 ], [ -9.156356048642959, 38.714352340150647 ], [ -9.156308820533257, 38.71433072005901 ], [ -9.156316656333516, 38.71433880737041 ], [ -9.156434815815166, 38.714489418122191 ], [ -9.1565335645237, 38.714648377473239 ], [ -9.156611951356794, 38.714814154609094 ], [ -9.156669221284629, 38.714985153048111 ], [ -9.156704822625949, 38.715159726014733 ], [ -9.156718412366427, 38.715336192297627 ], [ -9.156709859468013, 38.715512852439822 ], [ -9.1566792461371, 38.715688005105022 ], [ -9.156662883507797, 38.715741723011256 ], [ -9.156849827945802, 38.715703291400906 ], [ -9.157072650704258, 38.715675398365526 ], [ -9.157263425753612, 38.715666379646038 ], [ -9.157265627107192, 38.71562090354265 ], [ -9.157296238978386, 38.715445750741907 ], [ -9.157348616185391, 38.715273792098571 ] ], [ [ -9.174008819297301, 38.767119558631407 ], [ -9.174234216903264, 38.767108875860586 ], [ -9.17445986663304, 38.767115540393569 ], [ -9.174683595519497, 38.767139488049821 ], [ -9.174903249089299, 38.767180488215054 ], [ -9.17511671210559, 38.767238146061764 ], [ -9.175321928933222, 38.767311906350528 ], [ -9.175364198011025, 38.767331232033769 ], [ -9.175467905232178, 38.767359243616021 ], [ -9.175673122757319, 38.767433003276679 ], [ -9.17586811791173, 38.767522155103528 ], [ -9.176051012868276, 38.767625840569629 ], [ -9.176220046302278, 38.767743061186586 ], [ -9.176373590351959, 38.767872688118217 ], [ -9.176510166294774, 38.768013473049471 ], [ -9.176628458788686, 38.768164060205969 ], [ -9.176727328541199, 38.768322999408475 ], [ -9.176776939745977, 38.76842776556078 ], [ -9.176870568979458, 38.76840059120206 ], [ -9.176890791923093, 38.768366104569445 ], [ -9.177004666224306, 38.768213444096212 ], [ -9.177137104899073, 38.76807025679733 ], [ -9.177286832436824, 38.767937921585464 ], [ -9.177411664939799, 38.767847291966973 ], [ -9.177365069974231, 38.767708406591403 ], [ -9.17732938946352, 38.767533842527001 ], [ -9.177315736236242, 38.767357381036987 ], [ -9.177324241618617, 38.767180721551874 ], [ -9.17735482353604, 38.767005565396552 ], [ -9.177407187309779, 38.7668335994058 ], [ -9.177435382855908, 38.766769613138898 ], [ -9.177276278721266, 38.766696872792565 ], [ -9.177093384437123, 38.766593189219599 ], [ -9.176924352358839, 38.76647596982535 ], [ -9.176800272119438, 38.766371216387981 ], [ -9.176625576824955, 38.766352520257371 ], [ -9.176405924892505, 38.766311523302278 ], [ -9.176192463670279, 38.76625386777765 ], [ -9.175987249036934, 38.766180108974865 ], [ -9.175792257430258, 38.766090957277939 ], [ -9.175609366808809, 38.765987271320384 ], [ -9.175440338562973, 38.765870049713939 ], [ -9.175286800549738, 38.765740421429193 ], [ -9.17515023141469, 38.765599634920591 ], [ -9.17503194635219, 38.765449046100606 ], [ -9.174933084440928, 38.765290105279327 ], [ -9.174918796955918, 38.765259930531009 ], [ -9.174893906212207, 38.765238915520335 ], [ -9.174757338817521, 38.765098128516662 ], [ -9.174639055424068, 38.764947539263304 ], [ -9.174540195094464, 38.764788598074475 ], [ -9.174461709809268, 38.76462283569186 ], [ -9.174404355302691, 38.764451848540702 ], [ -9.174368683789133, 38.764277283353756 ], [ -9.17435503865048, 38.764100821311047 ], [ -9.174363551135071, 38.763924161848394 ], [ -9.174394139099938, 38.763749006290489 ], [ -9.174446507808133, 38.763577041466327 ], [ -9.174520152773299, 38.7634099234647 ], [ -9.174614364623801, 38.763249261686148 ], [ -9.174728235939357, 38.763096603344991 ], [ -9.17486066999418, 38.762953418570625 ], [ -9.175010391322221, 38.762821086251378 ], [ -9.175175958002669, 38.762700880757386 ], [ -9.175355775547303, 38.762593959670141 ], [ -9.175548112255921, 38.76250135263669 ], [ -9.175751115891984, 38.762423951455993 ], [ -9.175962831517934, 38.762362501492639 ], [ -9.176181220318526, 38.762317594500438 ], [ -9.176404179231049, 38.762289662925276 ], [ -9.176629561193558, 38.76227897574163 ], [ -9.176855195816328, 38.76228563586303 ], [ -9.177078910277672, 38.762309579151385 ], [ -9.177298550243142, 38.762350575034482 ], [ -9.177439939378694, 38.762388764789989 ], [ -9.177385741729241, 38.762227204931236 ], [ -9.177350064201644, 38.762052640674455 ], [ -9.177336412274608, 38.761876179009846 ], [ -9.177338415680193, 38.761834565732251 ], [ -9.177250339291628, 38.761810775699615 ], [ -9.177068632456322, 38.761745463861786 ], [ -9.177055579149508, 38.761743027420422 ], [ -9.176842131128403, 38.761685372856078 ], [ -9.176636929046376, 38.7616116149647 ], [ -9.176441949220315, 38.761522464121548 ], [ -9.176259069495316, 38.761418778951871 ], [ -9.176145104424402, 38.761339739744862 ], [ -9.176065136097673, 38.76141042362763 ], [ -9.175899573871259, 38.761530630345405 ], [ -9.175719759790383, 38.761637552240252 ], [ -9.175527425603983, 38.761730159534437 ], [ -9.17532442366652, 38.761807560311652 ], [ -9.17511270909605, 38.761869009108992 ], [ -9.174894320941595, 38.761913914098066 ], [ -9.174671362541295, 38.761941842786264 ], [ -9.174445981260698, 38.761952526183173 ], [ -9.174220347806532, 38.761945861391986 ], [ -9.173996635315383, 38.761921912600769 ], [ -9.173776998418949, 38.761880910464271 ], [ -9.173563552487671, 38.761823249881957 ], [ -9.173358353252905, 38.761749486193914 ], [ -9.173205628139833, 38.761679649962545 ], [ -9.173198716827589, 38.761678910037567 ], [ -9.172979081102138, 38.761637906383065 ], [ -9.172765636508629, 38.761580244322047 ], [ -9.172751255078875, 38.76157507445847 ], [ -9.17283682549076, 38.761684026587467 ], [ -9.172935677633232, 38.761842969412292 ], [ -9.173014156219134, 38.762008732988711 ], [ -9.173071505334811, 38.762179720965761 ], [ -9.173107172536097, 38.762354286668732 ], [ -9.173120814174075, 38.762530748956358 ], [ -9.173112298710526, 38.762707408410193 ], [ -9.173081707990935, 38.762882563700629 ], [ -9.173029336462543, 38.76305452797169 ], [ -9.172955688344729, 38.763221645086936 ], [ -9.172953623908251, 38.763225165462487 ], [ -9.173064569550988, 38.763366422286346 ], [ -9.173163424600432, 38.763525364834237 ], [ -9.173241905641046, 38.763691128177804 ], [ -9.173299256735518, 38.763862115968351 ], [ -9.173306971308749, 38.763899871820406 ], [ -9.173416014533819, 38.76397549943637 ], [ -9.173569545361689, 38.764105130317084 ], [ -9.173706108515805, 38.764245918791083 ], [ -9.173824388777286, 38.764396509049867 ], [ -9.173923246971432, 38.764555450884288 ], [ -9.174001730941352, 38.764721213648748 ], [ -9.174059084721518, 38.764892201000073 ], [ -9.174094755822836, 38.765066766269648 ], [ -9.174108400558801, 38.765243228320315 ], [ -9.174099887361345, 38.765419887735966 ], [ -9.174069298054103, 38.765595043187325 ], [ -9.174016927070694, 38.765767007816905 ], [ -9.173943278625224, 38.765934125484812 ], [ -9.173849061862096, 38.766094786719371 ], [ -9.173735184031568, 38.766247444218649 ], [ -9.173602741756611, 38.766390627753538 ], [ -9.173453010475017, 38.766522958329041 ], [ -9.1732874321583, 38.766643161466895 ], [ -9.17327819229574, 38.766648655023779 ], [ -9.173299612116278, 38.766753481113319 ], [ -9.17331325531064, 38.7669299432293 ], [ -9.173304740044266, 38.767106602566692 ], [ -9.173274148160706, 38.767281757796987 ], [ -9.173273056089622, 38.767285343497754 ], [ -9.173355707332449, 38.767253834338881 ], [ -9.173567439294123, 38.767192388539037 ], [ -9.173785844355498, 38.767147485835018 ], [ -9.174008819297301, 38.767119558631407 ] ], [ [ -9.16749241931312, 38.734722872290014 ], [ -9.167466517188789, 38.734704897705043 ], [ -9.167472427847622, 38.734781472303943 ], [ -9.167466295417535, 38.73490851283988 ], [ -9.167588310658809, 38.734893231296773 ], [ -9.1677990979085, 38.734883249394116 ], [ -9.16767521768949, 38.734826572760674 ], [ -9.16749241931312, 38.734722872290014 ] ], [ [ -9.163332439066279, 38.72313921816415 ], [ -9.163322611255914, 38.723195472580016 ], [ -9.16331177402952, 38.723231058756056 ], [ -9.1633349418646, 38.723191541525708 ], [ -9.163378083401785, 38.723133690100994 ], [ -9.163382479119729, 38.723042727047961 ], [ -9.163402420119441, 38.722928583848891 ], [ -9.163351335217262, 38.723096332150917 ], [ -9.163332439066279, 38.72313921816415 ] ], [ [ -9.163503182097658, 38.722362864027573 ], [ -9.16341773657936, 38.722339759696446 ], [ -9.163429231355426, 38.722396091868205 ], [ -9.163442839386759, 38.722572556907636 ], [ -9.163434302593094, 38.722749217110298 ], [ -9.163414361687694, 38.722863360316886 ], [ -9.163465446288191, 38.722695611985017 ], [ -9.163539077160548, 38.722528499975702 ], [ -9.163623049853511, 38.722385265764721 ], [ -9.163503182097658, 38.722362864027573 ] ], [ [ -9.165490341045727, 38.714593282303092 ], [ -9.165265106632374, 38.714603946048044 ], [ -9.165039622690633, 38.714597261414298 ], [ -9.164816060916818, 38.714573292781083 ], [ -9.164596574490751, 38.714532270994191 ], [ -9.164383277333387, 38.714474591142341 ], [ -9.164178223742978, 38.714400808751151 ], [ -9.164023841694606, 38.714330149498096 ], [ -9.163897774581859, 38.714466506658894 ], [ -9.163748131362974, 38.714598824714422 ], [ -9.1635826543927, 38.714719013729955 ], [ -9.163402937314187, 38.714825916156499 ], [ -9.163210710942158, 38.714918502403954 ], [ -9.163007826592667, 38.714995880758821 ], [ -9.162806644057021, 38.715054285125071 ], [ -9.162795553891923, 38.715079457174134 ], [ -9.162701376198434, 38.715240110225217 ], [ -9.162608641661055, 38.715364475333608 ], [ -9.162760140948318, 38.715469647853858 ], [ -9.162913547015672, 38.715599295487159 ], [ -9.162995880004816, 38.715684256758614 ], [ -9.163073483305029, 38.715580183434376 ], [ -9.163205855319109, 38.715437011605708 ], [ -9.163355501266796, 38.71530469422521 ], [ -9.163520979953359, 38.715184505519268 ], [ -9.163700697738053, 38.715077602907755 ], [ -9.16389292388139, 38.714985015859938 ], [ -9.164095807211531, 38.714907635982414 ], [ -9.164307393949356, 38.714846208434686 ], [ -9.164525646520639, 38.714801324754859 ], [ -9.164748463174341, 38.714773417164338 ], [ -9.164973698218201, 38.714762754406713 ], [ -9.165199182677028, 38.714769439160335 ], [ -9.165422745174915, 38.714793407049896 ], [ -9.16564223284051, 38.714834427266304 ], [ -9.165695856931425, 38.714848927623272 ], [ -9.165768892254805, 38.71468313686389 ], [ -9.165855023326513, 38.714536196099246 ], [ -9.16571315663875, 38.71456537288698 ], [ -9.165490341045727, 38.714593282303092 ] ], [ [ -9.164964575315285, 38.708195839933481 ], [ -9.16496959588461, 38.708194382201825 ], [ -9.164984939195788, 38.708180813768998 ], [ -9.165150398944155, 38.708060622876246 ], [ -9.165330096644986, 38.707953717910854 ], [ -9.165345417881952, 38.707946337344808 ], [ -9.165310674891691, 38.707890418547507 ], [ -9.165119443327788, 38.707854674818073 ], [ -9.164906165737506, 38.707796995587351 ], [ -9.164701130862593, 38.70772321377455 ], [ -9.1645063134093, 38.707634039985244 ], [ -9.164323589658693, 38.70753033306557 ], [ -9.164154719393883, 38.707413091829054 ], [ -9.164001328950281, 38.707283445435202 ], [ -9.163864895552253, 38.707142642512721 ], [ -9.163790355596541, 38.707047638073355 ], [ -9.163787303235441, 38.707110817457107 ], [ -9.163756710343419, 38.707285971937019 ], [ -9.163704353955447, 38.707457933391687 ], [ -9.16367168294615, 38.707532098649182 ], [ -9.163665120827126, 38.707667919595323 ], [ -9.163657474729328, 38.707711695389847 ], [ -9.163782078030861, 38.70784028889998 ], [ -9.163900242005864, 38.707990892203135 ], [ -9.163998997844587, 38.70814984531809 ], [ -9.1640773943761, 38.708315617490477 ], [ -9.164122425066068, 38.708450040245729 ], [ -9.164209190081941, 38.708539581917869 ], [ -9.164241339679009, 38.708580556709826 ], [ -9.164389804680649, 38.70847271326852 ], [ -9.164569504558544, 38.708365809449802 ], [ -9.164761711766594, 38.70827322113184 ], [ -9.164964575315285, 38.708195839933481 ] ], [ [ -9.168814263910177, 38.765902273428942 ], [ -9.168816891146371, 38.765902554782315 ], [ -9.168820988073605, 38.765898126057351 ], [ -9.168970726766499, 38.765765801302912 ], [ -9.169136310470325, 38.765645604191718 ], [ -9.169316144532957, 38.765538692224503 ], [ -9.169395334976324, 38.765500570530513 ], [ -9.169391396047727, 38.765481288245802 ], [ -9.169285809879872, 38.765392132242717 ], [ -9.169149253061461, 38.765251338540452 ], [ -9.169047161743313, 38.76512134626401 ], [ -9.169039973765214, 38.765270287213887 ], [ -9.169009372110418, 38.765445441515155 ], [ -9.168956989029155, 38.765617404047624 ], [ -9.168883328852056, 38.765784518691625 ], [ -9.168814263910177, 38.765902273428942 ] ], [ [ -9.168218924194328, 38.76261283733767 ], [ -9.168113649858055, 38.762663516130971 ], [ -9.168207498978688, 38.762706435188242 ], [ -9.168390370663079, 38.762810133051218 ], [ -9.168429859439321, 38.762837524173328 ], [ -9.168420473090098, 38.762809533071412 ], [ -9.168384817025844, 38.762634965796885 ], [ -9.168375899448225, 38.762519513131977 ], [ -9.168218924194328, 38.76261283733767 ] ], [ [ -9.153677594826499, 38.736740468108223 ], [ -9.153664007333019, 38.736564002062622 ], [ -9.153669624691108, 38.736448096192035 ], [ -9.15365563841125, 38.736452154063905 ], [ -9.15343731300125, 38.736497018276545 ], [ -9.153214424164325, 38.73652490518522 ], [ -9.152989118595938, 38.736535546201985 ], [ -9.152847021663945, 38.736531320644403 ], [ -9.152848595150351, 38.736551759221243 ], [ -9.152840031345091, 38.736728418612039 ], [ -9.152809400636521, 38.736903569888717 ], [ -9.152756997857232, 38.737075526233888 ], [ -9.152683327527814, 38.737242631587421 ], [ -9.15264357147289, 38.737310409586264 ], [ -9.152771610017789, 38.737234289408683 ], [ -9.152963909418887, 38.737141719676806 ], [ -9.153166867108535, 38.737064358041124 ], [ -9.153378528591654, 38.737002949485451 ], [ -9.153496085771268, 38.736978792659471 ], [ -9.153499556404311, 38.736972875594311 ], [ -9.153613432658124, 38.736820237105164 ], [ -9.153679334018516, 38.736748995226364 ], [ -9.153677594826499, 38.736740468108223 ] ], [ [ -9.157408259176114, 38.739940007870011 ], [ -9.157409619410018, 38.739940048264323 ], [ -9.157408528314736, 38.739939548983557 ], [ -9.157408259176114, 38.739940007870011 ] ], [ [ -9.156247288329849, 38.710395509923579 ], [ -9.156361117753633, 38.710242868728905 ], [ -9.156416659211434, 38.710182800814714 ], [ -9.156444793595316, 38.710134813262783 ], [ -9.156558622193641, 38.70998217188049 ], [ -9.15669099729344, 38.709839007256832 ], [ -9.156840643996681, 38.709706698086173 ], [ -9.157006121101396, 38.709586518515827 ], [ -9.157185834982117, 38.709479625877734 ], [ -9.157378054936984, 38.709387049545093 ], [ -9.157580929853768, 38.709309681021367 ], [ -9.15765941021276, 38.709286900047623 ], [ -9.157654922873554, 38.709284352875706 ], [ -9.157486059095781, 38.709167101948459 ], [ -9.157332676683055, 38.709037446729603 ], [ -9.157196252782354, 38.708896635932824 ], [ -9.157091308307017, 38.708762861122807 ], [ -9.157051299794681, 38.708758568570175 ], [ -9.15683183533862, 38.708717531860486 ], [ -9.156618561491465, 38.708659837462868 ], [ -9.156413532326901, 38.708586041043048 ], [ -9.156365600624982, 38.708564097037133 ], [ -9.156250854363572, 38.70864743283196 ], [ -9.156246603049322, 38.708657080895001 ], [ -9.156152418684899, 38.708817728929716 ], [ -9.156038591005471, 38.708970369933049 ], [ -9.155906216151353, 38.709113533834874 ], [ -9.155756568911295, 38.709245841829315 ], [ -9.155591090447617, 38.709366019655761 ], [ -9.155411374417891, 38.709472909873 ], [ -9.155219151626786, 38.709565483008483 ], [ -9.155157256467717, 38.709589085817413 ], [ -9.155202829683105, 38.709627610769047 ], [ -9.155339251146041, 38.709768423909132 ], [ -9.155457400860126, 38.70991903589583 ], [ -9.155556140907999, 38.710077996310623 ], [ -9.155578447281416, 38.710125175988779 ], [ -9.155607457348054, 38.710155119535038 ], [ -9.155725608273595, 38.710305731224466 ], [ -9.155824349461547, 38.710464691386967 ], [ -9.155858470755641, 38.710536859431166 ], [ -9.155871778246953, 38.710535193614767 ], [ -9.156021435542206, 38.710491754817845 ], [ -9.156214081026651, 38.710452149597444 ], [ -9.156247288329849, 38.710395509923579 ] ], [ [ -9.154160706771153, 38.730143042670861 ], [ -9.154293123025367, 38.729999880676722 ], [ -9.154385701349279, 38.729918055011318 ], [ -9.154332311075551, 38.729832125066984 ], [ -9.154253912293331, 38.729666346974717 ], [ -9.154196635596939, 38.729495347857466 ], [ -9.154161032451606, 38.729320774563135 ], [ -9.154147445581019, 38.72914430834976 ], [ -9.154156005672633, 38.728967648693221 ], [ -9.154186630125283, 38.728792496920022 ], [ -9.154239023850932, 38.728620539822657 ], [ -9.154312682122608, 38.728453433415467 ], [ -9.154406895440822, 38.728292786987332 ], [ -9.15452075637144, 38.728140147604748 ], [ -9.154653168288947, 38.72799698521456 ], [ -9.154802855940696, 38.727864678489595 ], [ -9.154968377730363, 38.727744501553566 ], [ -9.155148139602156, 38.727637611713007 ], [ -9.155340410392087, 38.727545038314126 ], [ -9.15554333849844, 38.727467672832105 ], [ -9.155754969710973, 38.7274062602878 ], [ -9.155973266027265, 38.727361392074798 ], [ -9.156090440252422, 38.727346727263772 ], [ -9.155957236341299, 38.727271133109205 ], [ -9.155788332290987, 38.727153880626268 ], [ -9.155634913716829, 38.727024224057011 ], [ -9.155522304192585, 38.726908019541753 ], [ -9.155518442601704, 38.72690850282028 ], [ -9.155293167651941, 38.726919147878682 ], [ -9.155067645475606, 38.726912444540588 ], [ -9.154844048137333, 38.726888457365348 ], [ -9.154624529159525, 38.726847417377392 ], [ -9.154443201077965, 38.72679837432473 ], [ -9.154326355665702, 38.72690165301541 ], [ -9.154160834693776, 38.727021829047551 ], [ -9.153981072839811, 38.727128717379919 ], [ -9.153788801349835, 38.727221288558084 ], [ -9.153585871974501, 38.727298651013676 ], [ -9.153374239132999, 38.727360059652959 ], [ -9.153155941087133, 38.727404923034385 ], [ -9.152933080307076, 38.727432809066137 ], [ -9.152707803218018, 38.727443449168739 ], [ -9.152482279523007, 38.727436740862387 ], [ -9.152468309309453, 38.727435241870332 ], [ -9.152461888873749, 38.727437689434353 ], [ -9.152421775291653, 38.727457001796516 ], [ -9.152218843727976, 38.727534361904972 ], [ -9.152007208970177, 38.727595768092186 ], [ -9.151788909298533, 38.727640628940257 ], [ -9.151623114482446, 38.727661372438234 ], [ -9.151559060221928, 38.727692210109581 ], [ -9.151469132498958, 38.727726490842166 ], [ -9.151456207072984, 38.727800400549548 ], [ -9.151412881069332, 38.727942579672032 ], [ -9.151434783484602, 38.727965183112019 ], [ -9.151552955906624, 38.728115798285948 ], [ -9.151651713317605, 38.728274761287231 ], [ -9.151730104531312, 38.728440541266281 ], [ -9.151787374475646, 38.728611541714038 ], [ -9.151822971469072, 38.728786115835646 ], [ -9.151836552539027, 38.728962582408613 ], [ -9.151827986730847, 38.729139241973165 ], [ -9.151797356375146, 38.729314393198571 ], [ -9.151744956301176, 38.729486349267901 ], [ -9.151671291003533, 38.729653454123728 ], [ -9.15157706978923, 38.729814098417755 ], [ -9.151576466015188, 38.729814907747432 ], [ -9.151764016033514, 38.729806051602878 ], [ -9.151989547147132, 38.72981276119188 ], [ -9.152213152790281, 38.729836753704468 ], [ -9.152432679676199, 38.729877798094442 ], [ -9.152646013787729, 38.729935499108414 ], [ -9.152851100730826, 38.730009301091251 ], [ -9.153045965514494, 38.730098493335944 ], [ -9.153228731566859, 38.73020221692628 ], [ -9.153397638804432, 38.730319473006638 ], [ -9.153551060580583, 38.730449132399244 ], [ -9.153687519350211, 38.730589946476336 ], [ -9.15380570089966, 38.730740559182749 ], [ -9.153830911946905, 38.730781135639575 ], [ -9.153878964249843, 38.730623433998652 ], [ -9.153952625318873, 38.730456327835377 ], [ -9.154046841981424, 38.730295681704895 ], [ -9.154160706771153, 38.730143042670861 ] ], [ [ -9.162008374827321, 38.768687655133405 ], [ -9.162221832509854, 38.768745336601846 ], [ -9.162427040918411, 38.768819119640561 ], [ -9.162622023892469, 38.768908293724969 ], [ -9.162804903722133, 38.769012000113847 ], [ -9.162973919228323, 38.769129240117309 ], [ -9.16300137061449, 38.769152421791041 ], [ -9.16304118577178, 38.769062115157261 ], [ -9.163135430728508, 38.768901462330369 ], [ -9.16323238006674, 38.768771537406003 ], [ -9.163066726827788, 38.768726775526318 ], [ -9.16286151805207, 38.768652993615227 ], [ -9.162666535490915, 38.768563819921141 ], [ -9.162483657015709, 38.768460113289436 ], [ -9.162314643899787, 38.768342872530987 ], [ -9.162161123854354, 38.768213226800846 ], [ -9.16214381873788, 38.768195382658654 ], [ -9.162091153241645, 38.768233605389888 ], [ -9.161911301468942, 38.768340506430469 ], [ -9.161718931115336, 38.768433091385127 ], [ -9.161515894883699, 38.768510468552762 ], [ -9.161363748214191, 38.768554603791884 ], [ -9.161291746051996, 38.768618219432298 ], [ -9.161339339768528, 38.768615968986097 ], [ -9.161564993607499, 38.768622658369004 ], [ -9.161788723454627, 38.768646630702058 ], [ -9.162008374827321, 38.768687655133405 ] ], [ [ -9.128637794527238, 38.756399563293471 ], [ -9.128584291610975, 38.756362415327118 ], [ -9.128430857790674, 38.756232723866233 ], [ -9.128396908029082, 38.756197683665285 ], [ -9.128340740578356, 38.756293349138794 ], [ -9.128445862105238, 38.756401846926273 ], [ -9.128504498248986, 38.756476591918592 ], [ -9.128618748899809, 38.756408723708184 ], [ -9.128637794527238, 38.756399563293471 ] ], [ [ -9.1283211744047, 38.753971886253986 ], [ -9.128308312671509, 38.75404526992741 ], [ -9.128325386583128, 38.754026827458325 ], [ -9.1283211744047, 38.753971886253986 ] ], [ [ -9.128512666522171, 38.751600826509602 ], [ -9.128542900711153, 38.751568167653254 ], [ -9.128557720046627, 38.751483610507272 ], [ -9.128610190894673, 38.751311664515725 ], [ -9.128683931420204, 38.75114457379172 ], [ -9.128778231331538, 38.750983947472982 ], [ -9.12881512928206, 38.750934529991781 ], [ -9.128801040895553, 38.750919988103782 ], [ -9.128682877134636, 38.750769350370433 ], [ -9.128584138153307, 38.750610368299768 ], [ -9.128505774763317, 38.750444573027046 ], [ -9.128448541524854, 38.750273561294108 ], [ -9.128412989484387, 38.750098980070298 ], [ -9.128399460873233, 38.74992251068992 ], [ -9.128408085817581, 38.749745852659295 ], [ -9.128433690062003, 38.749599756451119 ], [ -9.128433671262469, 38.749599511226386 ], [ -9.128442296100797, 38.749422853185216 ], [ -9.128472991169712, 38.749247707799491 ], [ -9.128525460700988, 38.749075761800057 ], [ -9.128599199237522, 38.748908671094291 ], [ -9.128693496506802, 38.74874804481977 ], [ -9.128807444266217, 38.748595429848777 ], [ -9.128939945054093, 38.748452295892996 ], [ -9.128971034347369, 38.748424839779773 ], [ -9.128944404649257, 38.748345270126592 ], [ -9.128908852462393, 38.748170689000077 ], [ -9.128895323098323, 38.747994219630975 ], [ -9.12890394669051, 38.747817561525508 ], [ -9.128934640026102, 38.747642415995138 ], [ -9.128987107353581, 38.747470469772118 ], [ -9.129060843237076, 38.747303378765999 ], [ -9.129155137429631, 38.747142752117227 ], [ -9.129269081718277, 38.746990136701726 ], [ -9.129339373834336, 38.746914201276617 ], [ -9.129212555193556, 38.746783293964803 ], [ -9.129094397584916, 38.746632656463149 ], [ -9.12899566359572, 38.746473674565479 ], [ -9.128917303989672, 38.7463078794054 ], [ -9.1288819908045, 38.746202359791901 ], [ -9.128710176767807, 38.746237622866992 ], [ -9.12848724708277, 38.746265463107505 ], [ -9.128261906224573, 38.746276056898054 ], [ -9.128036324510559, 38.746269302204908 ], [ -9.127812674578887, 38.746245264082127 ], [ -9.127593110458571, 38.746204174044877 ], [ -9.127379746818935, 38.746146427839335 ], [ -9.127174638598545, 38.74607258163028 ], [ -9.126979761210029, 38.745983346643563 ], [ -9.126796991511616, 38.745879582314892 ], [ -9.12662808972879, 38.745762288010759 ], [ -9.126474682500305, 38.745632593401872 ], [ -9.126338247211915, 38.745491747581326 ], [ -9.126220097768712, 38.745341107032729 ], [ -9.126121371943091, 38.745182122564202 ], [ -9.126043020420125, 38.745016325334085 ], [ -9.125985797645733, 38.74484531210306 ], [ -9.125950254565643, 38.744670729854882 ], [ -9.125936733324913, 38.74449425993371 ], [ -9.125945363978799, 38.744317601851051 ], [ -9.125976063246467, 38.744142456918155 ], [ -9.126028535319307, 38.743970511861527 ], [ -9.126048609308274, 38.743925025423366 ], [ -9.125953219387066, 38.743858778729624 ], [ -9.125799817508526, 38.743729083123114 ], [ -9.125663387232851, 38.743588236403959 ], [ -9.125545242416859, 38.743437595064393 ], [ -9.125446520788385, 38.743278609920175 ], [ -9.125368172992085, 38.74311281213614 ], [ -9.125310953437998, 38.742941798478284 ], [ -9.125275413040855, 38.742767215934485 ], [ -9.125261893919882, 38.74259074585175 ], [ -9.125270526109938, 38.742414087743121 ], [ -9.125301226315413, 38.742238942920117 ], [ -9.125353698718675, 38.742066998108164 ], [ -9.12542743783502, 38.741899909203191 ], [ -9.12552173338641, 38.74173928532543 ], [ -9.125635677146832, 38.741586673324107 ], [ -9.125768171693169, 38.741443542882294 ], [ -9.12583992709682, 38.741380171331777 ], [ -9.12583793398977, 38.741354156663398 ], [ -9.125846564676305, 38.741177498496093 ], [ -9.125873429496259, 38.741024225108241 ], [ -9.125844863416098, 38.741055084619404 ], [ -9.125695094520255, 38.741187355043415 ], [ -9.125529492226704, 38.74130749131929 ], [ -9.125349651385777, 38.74141433640591 ], [ -9.125157304004393, 38.741506861265314 ], [ -9.124954302564294, 38.741584174775255 ], [ -9.124742602178907, 38.74164553231337 ], [ -9.124524241760726, 38.741690342930333 ], [ -9.124301324380799, 38.741718175042557 ], [ -9.124075997009568, 38.741728760589886 ], [ -9.124066009388956, 38.741728461149542 ], [ -9.123919314971651, 38.741746775976509 ], [ -9.123693987438342, 38.741757360789265 ], [ -9.123468420193348, 38.74175059708093 ], [ -9.123244785735443, 38.741726549992393 ], [ -9.123025237944576, 38.741685451125193 ], [ -9.122811891332766, 38.741627696310509 ], [ -9.122606800674541, 38.741553841796069 ], [ -9.122411941213358, 38.741464598887724 ], [ -9.122229189634744, 38.741360827097431 ], [ -9.122060305989645, 38.741243525863574 ], [ -9.121906916742104, 38.741113824923566 ], [ -9.121770499104683, 38.740972973431482 ], [ -9.121652366812462, 38.740822327925507 ], [ -9.121553657472663, 38.740663339261516 ], [ -9.121475321611582, 38.740497538638245 ], [ -9.121448915107806, 38.740418600098835 ], [ -9.121435405563137, 38.740425098080046 ], [ -9.121232403008257, 38.740502405152384 ], [ -9.12102070246698, 38.740563755960324 ], [ -9.120802342853317, 38.740608559619339 ], [ -9.120579427230567, 38.740636384612877 ], [ -9.120396200294628, 38.740644986616346 ], [ -9.120499895546198, 38.740777226070001 ], [ -9.120598602730462, 38.740936215649569 ], [ -9.120676937077723, 38.74110201686856 ], [ -9.120734144063329, 38.741273033013307 ], [ -9.120769672611887, 38.741447617137652 ], [ -9.120783180409832, 38.74162408792273 ], [ -9.120774537208028, 38.741800745868055 ], [ -9.120743826082338, 38.741975889658399 ], [ -9.120691342639825, 38.742147832548326 ], [ -9.120617592177968, 38.742314918607207 ], [ -9.120591574219128, 38.742359231307482 ], [ -9.120651992441607, 38.742410319609569 ], [ -9.120788410705313, 38.742551172365836 ], [ -9.120906544127742, 38.74270181868738 ], [ -9.121005254948116, 38.742860807825025 ], [ -9.12108359242867, 38.743026608677432 ], [ -9.121140802014567, 38.743197624534488 ], [ -9.12117633260536, 38.743372208452833 ], [ -9.1211898418678, 38.743548679115534 ], [ -9.121181199538631, 38.743725337023335 ], [ -9.121150488685295, 38.743900480861321 ], [ -9.121098004912227, 38.744072423883665 ], [ -9.121024253520062, 38.744239510158394 ], [ -9.120929944644983, 38.744400130516105 ], [ -9.12081665047131, 38.744551848790337 ], [ -9.121003295486668, 38.744637329159104 ], [ -9.121186053786881, 38.744741102722017 ], [ -9.121354944391632, 38.744858405060022 ], [ -9.121508340814298, 38.744988106549862 ], [ -9.121644765753732, 38.745128958158418 ], [ -9.121762905321852, 38.745279603469044 ], [ -9.12186162169869, 38.745438591742342 ], [ -9.121939964092958, 38.74560439188528 ], [ -9.121997177902488, 38.745775407194579 ], [ -9.122032711986138, 38.745949990732178 ], [ -9.122046223977009, 38.746126461184815 ], [ -9.122037583585545, 38.746303119055248 ], [ -9.12200687386051, 38.746478263028948 ], [ -9.121954390395441, 38.74665020635873 ], [ -9.121880638487994, 38.746817293109736 ], [ -9.121786328279292, 38.746977914107902 ], [ -9.121672367919874, 38.747130522438695 ], [ -9.121539854827873, 38.747273648346493 ], [ -9.121390065123453, 38.747405913391233 ], [ -9.121224441341116, 38.74752604372582 ], [ -9.121129081854347, 38.747582687406513 ], [ -9.12104235737873, 38.747676355875889 ], [ -9.120947061195361, 38.747760501568131 ], [ -9.120987449445094, 38.747881225836622 ], [ -9.121022982230118, 38.748055809637719 ], [ -9.121036492245862, 38.748232280171813 ], [ -9.121027849221777, 38.748408937940887 ], [ -9.121017831439369, 38.748466065369534 ], [ -9.121128459123407, 38.748516727940704 ], [ -9.121311227613035, 38.748620501107126 ], [ -9.121480127696369, 38.748737803064166 ], [ -9.12163353279551, 38.748867504192255 ], [ -9.121769965525747, 38.749008355461733 ], [ -9.121888111923964, 38.749159000459279 ], [ -9.121979651654993, 38.749306421437957 ], [ -9.121988616511373, 38.749294416572617 ], [ -9.122121132345676, 38.74915129016744 ], [ -9.122270924259288, 38.749019024194439 ], [ -9.122436549651963, 38.74889889238483 ], [ -9.122616413470379, 38.748792051610486 ], [ -9.122808783568985, 38.7486995307451 ], [ -9.123011807389929, 38.748622220757916 ], [ -9.123223529801459, 38.748560866135371 ], [ -9.123441911923116, 38.748516057713296 ], [ -9.123664850756583, 38.748488226988457 ], [ -9.123890199433289, 38.748477641964257 ], [ -9.124115787883996, 38.748484404570604 ], [ -9.124339443731554, 38.748508449682561 ], [ -9.124559013205797, 38.748549545747501 ], [ -9.124772381879483, 38.748607297014452 ], [ -9.124977495025723, 38.748681147344463 ], [ -9.125172377401134, 38.748770385564981 ], [ -9.125355152264355, 38.748874152317121 ], [ -9.125524059446912, 38.748991448329647 ], [ -9.125677472302559, 38.749121144040295 ], [ -9.125813913371916, 38.74926199047156 ], [ -9.125932068611577, 38.749412631256703 ], [ -9.125998549310356, 38.749519683334043 ], [ -9.126077582718555, 38.74954813773298 ], [ -9.126272468804888, 38.749637374056718 ], [ -9.126455247461836, 38.749741139022895 ], [ -9.126624158484395, 38.749858433377483 ], [ -9.126777575189353, 38.749988127574134 ], [ -9.126914020080259, 38.750128972649961 ], [ -9.127032179076908, 38.75027961225129 ], [ -9.127130914172241, 38.750438595693673 ], [ -9.127209274394701, 38.750604391930672 ], [ -9.127266504970416, 38.750775404296633 ], [ -9.127302054596759, 38.750949985881817 ], [ -9.127312295978051, 38.751083600502163 ], [ -9.127440974739653, 38.751129925858663 ], [ -9.127635866818457, 38.751219159805579 ], [ -9.127818651487047, 38.751322922532118 ], [ -9.12798756848254, 38.751440214805839 ], [ -9.128140991064205, 38.751569907100489 ], [ -9.128277441679009, 38.751710750471439 ], [ -9.128361136764743, 38.751817446455178 ], [ -9.128398713488814, 38.751753441187432 ], [ -9.128512666522171, 38.751600826509602 ] ], [ [ -9.126307660508827, 38.724193716381897 ], [ -9.126401931650793, 38.724033091648231 ], [ -9.126515846203842, 38.723880478730095 ], [ -9.12664830702621, 38.723737347319393 ], [ -9.126798038394455, 38.72360507579058 ], [ -9.126963598291415, 38.723484937928433 ], [ -9.127136507275893, 38.723382182275536 ], [ -9.127106292241221, 38.723361192677274 ], [ -9.126952932952875, 38.723231497581118 ], [ -9.126816540302556, 38.723090651233093 ], [ -9.126745102231373, 38.722999538963265 ], [ -9.126566882056361, 38.722966172743135 ], [ -9.126353588739272, 38.722908423510056 ], [ -9.126148548510974, 38.722834574315463 ], [ -9.125953736129162, 38.722745336413922 ], [ -9.125771027825916, 38.722641569269136 ], [ -9.125602183235385, 38.722524272274725 ], [ -9.125448828445496, 38.722394575127197 ], [ -9.125430843306082, 38.722376001891043 ], [ -9.125425183359097, 38.722372069869486 ], [ -9.125371962525008, 38.722327059077038 ], [ -9.125240618205362, 38.722365137266216 ], [ -9.125022316556519, 38.72240994817826 ], [ -9.124799459152021, 38.722437780535301 ], [ -9.124574192384575, 38.72244836627484 ], [ -9.124348685857806, 38.722441603440771 ], [ -9.124125111485581, 38.722417557165535 ], [ -9.123905622569046, 38.722376459042827 ], [ -9.123895760037575, 38.722373788495247 ], [ -9.123832373698249, 38.722376766701437 ], [ -9.123738209543987, 38.722373942213558 ], [ -9.123773661736339, 38.722548165804362 ], [ -9.123787172357835, 38.722724636755203 ], [ -9.123778537835529, 38.722901295358938 ], [ -9.123769204584056, 38.722954547850932 ], [ -9.123846246505616, 38.723078662109671 ], [ -9.12392456792163, 38.72324446181107 ], [ -9.123981767456929, 38.723415476968327 ], [ -9.124017294108006, 38.723590060644796 ], [ -9.124030805579718, 38.723766531525889 ], [ -9.124029583940612, 38.723791527309167 ], [ -9.124155086284588, 38.723897669922991 ], [ -9.124291475345041, 38.724038519406029 ], [ -9.124409584719356, 38.724189162964315 ], [ -9.124508276878434, 38.72434814987524 ], [ -9.124543513604955, 38.724422740037667 ], [ -9.124726939762843, 38.724369565396628 ], [ -9.124945247545043, 38.724324754969587 ], [ -9.125168110733307, 38.724296922266575 ], [ -9.125393383187378, 38.724286335310062 ], [ -9.125618895571892, 38.724293096048548 ], [ -9.125842476242058, 38.724317139375074 ], [ -9.126061972151527, 38.724358233754195 ], [ -9.126221544657533, 38.724401437620379 ], [ -9.126233940768792, 38.724360806073562 ], [ -9.126307660508827, 38.724193716381897 ] ], [ [ -9.142498458346411, 38.756054262004021 ], [ -9.142630944914542, 38.755911112888576 ], [ -9.142780712256089, 38.755778821097692 ], [ -9.142789648877288, 38.755772336865917 ], [ -9.142771017587521, 38.755753113295228 ], [ -9.142652816577069, 38.755602490310707 ], [ -9.142554039966763, 38.755443520677922 ], [ -9.142478848574648, 38.75528452247778 ], [ -9.142361363464433, 38.755281019580174 ], [ -9.142137681136999, 38.755257009348625 ], [ -9.141918081668296, 38.755215946766455 ], [ -9.141704680068177, 38.75515822731537 ], [ -9.141632294243207, 38.755132180128655 ], [ -9.141697055234511, 38.755186905124845 ], [ -9.141833539189888, 38.75532773213267 ], [ -9.141951738030398, 38.755478355982056 ], [ -9.14205051336533, 38.755637326140302 ], [ -9.142128913835649, 38.755803111688927 ], [ -9.1421861842799, 38.755974116065261 ], [ -9.142221773011514, 38.756148692436582 ], [ -9.142235337137263, 38.756325159558756 ], [ -9.142234274617094, 38.75634700771375 ], [ -9.142263578064069, 38.756394168128409 ], [ -9.142277363148002, 38.756396745705388 ], [ -9.142290252734131, 38.756367526737712 ], [ -9.142384528523259, 38.756206889899097 ], [ -9.142498458346411, 38.756054262004021 ] ], [ [ -9.14063477986215, 38.752502129055287 ], [ -9.140767263787758, 38.752358982004928 ], [ -9.140884252077486, 38.752255643743432 ], [ -9.140879549462928, 38.752241600591269 ], [ -9.140843966141343, 38.752067023626005 ], [ -9.140830406474283, 38.751890556158578 ], [ -9.140832237931258, 38.751852910547662 ], [ -9.140697723726685, 38.75185924832217 ], [ -9.140472123780151, 38.751852517889375 ], [ -9.14024845273347, 38.751828503875785 ], [ -9.140063739971593, 38.751793959784159 ], [ -9.140071321408378, 38.751806162766492 ], [ -9.140149712943163, 38.751971949867887 ], [ -9.140206975423387, 38.752142955429306 ], [ -9.140242557239198, 38.752317532606597 ], [ -9.140256115563997, 38.752494000147863 ], [ -9.140249338765518, 38.752633273385875 ], [ -9.140269792332015, 38.752694354026019 ], [ -9.140305374603635, 38.752868931162212 ], [ -9.140306358723711, 38.752881739675487 ], [ -9.140345533629075, 38.752903971415009 ], [ -9.140377660621262, 38.75292627308054 ], [ -9.140426576010256, 38.752815390627525 ], [ -9.14052085151137, 38.752654755202592 ], [ -9.14063477986215, 38.752502129055287 ] ], [ [ -9.14385605803659, 38.747500689826843 ], [ -9.144038856031441, 38.747604427062782 ], [ -9.144207790161381, 38.747721695728139 ], [ -9.144361233520764, 38.747851366523946 ], [ -9.144497708356557, 38.747992190712679 ], [ -9.14451586521543, 38.748015329497385 ], [ -9.144563750352981, 38.747933723521655 ], [ -9.144571390638527, 38.747908665952664 ], [ -9.144645090403992, 38.747741565609495 ], [ -9.144739349950738, 38.747580926861396 ], [ -9.144853261399374, 38.747428296700868 ], [ -9.14498572763784, 38.747285144985867 ], [ -9.145135472890356, 38.747152850286355 ], [ -9.145301055005913, 38.747032686610225 ], [ -9.145480879347822, 38.746925811136236 ], [ -9.145566749455513, 38.746884487581255 ], [ -9.145576048851606, 38.746853986787485 ], [ -9.145545491760954, 38.746822456174577 ], [ -9.145427300122741, 38.746671835648897 ], [ -9.145328530153705, 38.746512868038259 ], [ -9.145250132964135, 38.746347084338666 ], [ -9.145192863439814, 38.746176081180572 ], [ -9.145157272976757, 38.746001505450771 ], [ -9.145155750732927, 38.745981708184367 ], [ -9.145126671868036, 38.74589487980856 ], [ -9.145091081720443, 38.745720304046245 ], [ -9.145077513151305, 38.745543837007226 ], [ -9.145086096671687, 38.745367178175265 ], [ -9.145095737483899, 38.745312090880837 ], [ -9.145094528276521, 38.745312147902602 ], [ -9.144868948724437, 38.745305425677266 ], [ -9.144645296868736, 38.745281419796193 ], [ -9.144425726756989, 38.745240361464013 ], [ -9.144212353116256, 38.745182646121485 ], [ -9.144007230981478, 38.745108829636116 ], [ -9.143812335899366, 38.745019622947488 ], [ -9.14362954489863, 38.744915885218731 ], [ -9.14346061841001, 38.74479861556015 ], [ -9.143307183310295, 38.744668943405081 ], [ -9.143170717253762, 38.744528117630374 ], [ -9.143166491390744, 38.744522731813035 ], [ -9.143230165697343, 38.744657394692133 ], [ -9.143287429267474, 38.744828398935276 ], [ -9.143323014543773, 38.745002975338267 ], [ -9.143336578666379, 38.745179442656706 ], [ -9.143327990843702, 38.745356101423575 ], [ -9.143297333618239, 38.745531250315764 ], [ -9.143244902077903, 38.745703202538863 ], [ -9.143171201020232, 38.745870302072369 ], [ -9.143076940096559, 38.746030939619196 ], [ -9.142963026982686, 38.746183568105501 ], [ -9.14288227897717, 38.746270827037442 ], [ -9.143006888354451, 38.746399414938793 ], [ -9.143125074498421, 38.746550037993664 ], [ -9.143223839674476, 38.746709007530583 ], [ -9.143302232621469, 38.746874792637044 ], [ -9.143359498250456, 38.747045796754662 ], [ -9.143395084921307, 38.747220373053146 ], [ -9.143402998449741, 38.747323321572956 ], [ -9.143456028550697, 38.747337665660645 ], [ -9.14366115656796, 38.747411483007291 ], [ -9.14385605803659, 38.747500689826843 ] ], [ [ -9.142782538497521, 38.7437071581666 ], [ -9.142768976095612, 38.743530690717868 ], [ -9.142777565176953, 38.743354031922003 ], [ -9.142795993526128, 38.743248749973958 ], [ -9.142784760996895, 38.743242374980959 ], [ -9.142753681184464, 38.743220798330761 ], [ -9.142752921969089, 38.743236413682737 ], [ -9.142722264128004, 38.743411562493499 ], [ -9.142669832641289, 38.743583514517866 ], [ -9.142596132305979, 38.743750613737262 ], [ -9.142543171295902, 38.743840869994514 ], [ -9.142644934707469, 38.743911517181878 ], [ -9.142798366976944, 38.744041190260887 ], [ -9.142934831363519, 38.744182016504269 ], [ -9.142939057188666, 38.744187402330809 ], [ -9.142875383862334, 38.744052739269435 ], [ -9.142818121931002, 38.74388173478043 ], [ -9.142782538497521, 38.7437071581666 ] ], [ [ -9.142294782847005, 38.740539050407826 ], [ -9.142427241830257, 38.740395901528636 ], [ -9.14257697776503, 38.740263610083431 ], [ -9.14274254859007, 38.740143450048748 ], [ -9.142814345628674, 38.740100777269795 ], [ -9.142794510092044, 38.740087006153487 ], [ -9.142641086449226, 38.739957332868755 ], [ -9.142504630856108, 38.7398165060659 ], [ -9.142386457413439, 38.739665882045358 ], [ -9.142301036098894, 38.739528372983699 ], [ -9.142225967854426, 38.739520313092484 ], [ -9.142006416745847, 38.739479249919157 ], [ -9.141793062204638, 38.739421529846759 ], [ -9.141587959081752, 38.739347708788365 ], [ -9.141498696797292, 38.739306846107574 ], [ -9.141444660695177, 38.73936524281455 ], [ -9.141294924479118, 38.739497532832083 ], [ -9.141129352650809, 38.739617690841797 ], [ -9.140949539767082, 38.739724559593228 ], [ -9.140757217565513, 38.739817109820542 ], [ -9.14055423828526, 38.739894450157145 ], [ -9.140342556826244, 38.739955835722299 ], [ -9.14012421191862, 38.740000675296692 ], [ -9.139901306483992, 38.740028537017842 ], [ -9.13975325696919, 38.740035512165591 ], [ -9.139769353644981, 38.740069560762315 ], [ -9.139826605092399, 38.740240566993684 ], [ -9.13986217944168, 38.740415144729489 ], [ -9.139865406512216, 38.740457158525857 ], [ -9.13990646602133, 38.740448726678444 ], [ -9.140129372756601, 38.740420864931906 ], [ -9.140354692975011, 38.740410248520803 ], [ -9.14058025688132, 38.740416979677228 ], [ -9.140803892334686, 38.740440993579071 ], [ -9.141023445761324, 38.740482058974216 ], [ -9.141236802888519, 38.740539780407005 ], [ -9.141441909100596, 38.740613602025732 ], [ -9.141636789220989, 38.740702812934316 ], [ -9.14181956653011, 38.74080655403683 ], [ -9.141988480836009, 38.740923826309064 ], [ -9.14203699498548, 38.740964830430102 ], [ -9.142086619915363, 38.740852315005164 ], [ -9.142180876521145, 38.740691678178315 ], [ -9.142294782847005, 38.740539050407826 ] ], [ [ -9.133595380329984, 38.716773649048513 ], [ -9.133517044094805, 38.716607855849091 ], [ -9.133459827712221, 38.716436845391598 ], [ -9.133424282066633, 38.716262264633059 ], [ -9.133410749328034, 38.7160857949033 ], [ -9.133419359662643, 38.71590913571201 ], [ -9.133450029985543, 38.715733988381118 ], [ -9.133502464767078, 38.715562039660306 ], [ -9.133527138277822, 38.71550609498712 ], [ -9.133552068696385, 38.715424340533218 ], [ -9.133625762563723, 38.71525724632437 ], [ -9.133720005887518, 38.715096615822148 ], [ -9.133740084659721, 38.715069707870285 ], [ -9.133740349800576, 38.715068193693369 ], [ -9.133792783431842, 38.714896244838791 ], [ -9.133866476219799, 38.71472915047805 ], [ -9.133960718332721, 38.714568519783931 ], [ -9.134074602059336, 38.714415899671387 ], [ -9.134207030554753, 38.714272759901689 ], [ -9.134281511864513, 38.71420694434525 ], [ -9.134251304627025, 38.714116659741549 ], [ -9.134215758333383, 38.713942079165641 ], [ -9.134202224212242, 38.713765609478529 ], [ -9.134210832443157, 38.713588950189511 ], [ -9.134240287625504, 38.713420726500026 ], [ -9.134114195558404, 38.713532148998752 ], [ -9.133948670456515, 38.713652296723311 ], [ -9.133768910870209, 38.713759154169942 ], [ -9.133576648023768, 38.713851692181706 ], [ -9.133373733584669, 38.713929019509727 ], [ -9.133162121828295, 38.713990391398603 ], [ -9.132957714950521, 38.714032369557437 ], [ -9.13298876671869, 38.714184889210827 ], [ -9.133002297960347, 38.714361359064746 ], [ -9.132993686701083, 38.714538018282738 ], [ -9.132963015709354, 38.714713165537333 ], [ -9.132910580205911, 38.714885114049828 ], [ -9.132836885026704, 38.715052207835484 ], [ -9.132759296453852, 38.715184448370849 ], [ -9.13280272573409, 38.715254403379916 ], [ -9.132881058783608, 38.715420197137696 ], [ -9.132938272929628, 38.715591207937081 ], [ -9.132973817028017, 38.715765788883424 ], [ -9.13298734861568, 38.71594225868845 ], [ -9.132978737214588, 38.716118917861202 ], [ -9.132948065594546, 38.716294065074621 ], [ -9.13289562898234, 38.716466013550416 ], [ -9.132821932224598, 38.71663310730419 ], [ -9.132727684931467, 38.716793737094548 ], [ -9.132613794647686, 38.716946355922346 ], [ -9.132481358116582, 38.717089493930963 ], [ -9.132411541051656, 38.71715118305741 ], [ -9.132453290114784, 38.717204427107816 ], [ -9.132486164971453, 38.717257380154997 ], [ -9.132668123371403, 38.717204611898573 ], [ -9.132886404167602, 38.717159786944087 ], [ -9.133109241750555, 38.717131939405846 ], [ -9.133334490226527, 38.717121337449186 ], [ -9.133559980491015, 38.717128083167026 ], [ -9.133783541112196, 38.717152111597066 ], [ -9.133899982524996, 38.717173906009442 ], [ -9.133812199007684, 38.717083262399846 ], [ -9.133694082118865, 38.716932628268012 ], [ -9.133595380329984, 38.716773649048513 ] ], [ [ -9.148499605852003, 38.753918568485844 ], [ -9.148304681143255, 38.75382936982102 ], [ -9.148142035060994, 38.75373708621396 ], [ -9.148056881280946, 38.75376178175253 ], [ -9.147838499646522, 38.753806636137341 ], [ -9.147615554713651, 38.753834513045895 ], [ -9.147390193718184, 38.753845143986531 ], [ -9.147164587171442, 38.753838426567725 ], [ -9.146940907950805, 38.753814425484485 ], [ -9.1469153148581, 38.753809640900421 ], [ -9.146920384397941, 38.75383450158202 ], [ -9.146933959519572, 38.754010968077502 ], [ -9.146925379991279, 38.754187626739736 ], [ -9.146903510686062, 38.754312592030999 ], [ -9.146921007387078, 38.754364825762522 ], [ -9.146942610529049, 38.754470765021487 ], [ -9.146995698786835, 38.75450088727716 ], [ -9.147217239120891, 38.754473187437391 ], [ -9.147442602122517, 38.754462556804334 ], [ -9.147641153871914, 38.754468468143017 ], [ -9.147676049061896, 38.754451676260771 ], [ -9.147879061267814, 38.754374323292389 ], [ -9.148090778286099, 38.754312923738425 ], [ -9.14830916128817, 38.754268068867276 ], [ -9.148391898339575, 38.754257723077963 ], [ -9.148481130455004, 38.754138160744489 ], [ -9.148613601463381, 38.75399500500999 ], [ -9.148642095053772, 38.753969832263401 ], [ -9.148499605852003, 38.753918568485844 ] ], [ [ -9.150613131185224, 38.742594121605478 ], [ -9.150808027818812, 38.742683316964879 ], [ -9.150990823195471, 38.742787043442313 ], [ -9.151159756949312, 38.742904302154351 ], [ -9.151313202178349, 38.743033963897922 ], [ -9.15144968111159, 38.743174780022642 ], [ -9.151567879341149, 38.743325394453649 ], [ -9.151666658482297, 38.743484356748958 ], [ -9.151709954828906, 38.74357589825992 ], [ -9.151914949730502, 38.74353378053187 ], [ -9.152137860858476, 38.743505895831085 ], [ -9.152303815450567, 38.743498059723777 ], [ -9.152342079746946, 38.743372511252112 ], [ -9.152415756858979, 38.7432054061901 ], [ -9.152509993112607, 38.743044761369397 ], [ -9.152623880852754, 38.742892123840967 ], [ -9.152756323195655, 38.742748963533771 ], [ -9.152906044595632, 38.742616659100527 ], [ -9.153071603131336, 38.742496484642871 ], [ -9.153251404393115, 38.742389597443406 ], [ -9.153443716837675, 38.742297026822932 ], [ -9.153524004996035, 38.74226642506958 ], [ -9.153343582612949, 38.742201511828064 ], [ -9.153148684241481, 38.742112320714547 ], [ -9.152965887559489, 38.742008597619218 ], [ -9.152796953052469, 38.741891341511462 ], [ -9.152643507674489, 38.741761681694058 ], [ -9.152507029178871, 38.741620866925075 ], [ -9.152440918106819, 38.741536624630051 ], [ -9.152357930965346, 38.741568254457306 ], [ -9.152146255175461, 38.741629661312608 ], [ -9.151927913063352, 38.741674522893852 ], [ -9.15170500752367, 38.741702407126589 ], [ -9.151479685412786, 38.741713045448613 ], [ -9.151254116867443, 38.741706335397311 ], [ -9.151030474398949, 38.7416823415967 ], [ -9.150810911964449, 38.741641295135047 ], [ -9.150597544217057, 38.741583591338767 ], [ -9.15049524921063, 38.741546783720658 ], [ -9.150443926202225, 38.741715167824502 ], [ -9.15037024592098, 38.74188227172715 ], [ -9.150276006304651, 38.742042914898505 ], [ -9.150162114823827, 38.74219555021056 ], [ -9.150029668233163, 38.742338707647896 ], [ -9.149940141146093, 38.742417815495571 ], [ -9.149975075711666, 38.742421563817651 ], [ -9.150194640101986, 38.742462611818134 ], [ -9.150408010173267, 38.742520316310262 ], [ -9.150613131185224, 38.742594121605478 ] ], [ [ -9.152070088547493, 38.757591422427829 ], [ -9.152176665455396, 38.757476245301241 ], [ -9.15217111725037, 38.757477854481792 ], [ -9.151952727087103, 38.757522716645191 ], [ -9.151729772397886, 38.75755060152003 ], [ -9.151644008602522, 38.757554650180182 ], [ -9.151786649107326, 38.757675154846552 ], [ -9.151917443097185, 38.757810075037099 ], [ -9.151956176948113, 38.757744059371177 ], [ -9.152070088547493, 38.757591422427829 ] ], [ [ -9.140936206817599, 38.718146945106575 ], [ -9.141128471295417, 38.718054395031025 ], [ -9.141331388651478, 38.717977054252081 ], [ -9.141413077735896, 38.717953357518141 ], [ -9.141300960750044, 38.71794131478083 ], [ -9.141081476449653, 38.717900248824392 ], [ -9.140868187178148, 38.717842525979734 ], [ -9.140663147157762, 38.717768702186582 ], [ -9.140468331144234, 38.717679488454863 ], [ -9.140285615404679, 38.717575744015477 ], [ -9.140116759644929, 38.717458468043311 ], [ -9.139963390060574, 38.717328790032454 ], [ -9.139826983674929, 38.717187958916092 ], [ -9.139708854114883, 38.71703733103616 ], [ -9.139708802425355, 38.717037247793947 ], [ -9.139650986616303, 38.716977556053848 ], [ -9.139597129244654, 38.716908881706793 ], [ -9.139520488582768, 38.716829753933084 ], [ -9.139469278519334, 38.716764454862499 ], [ -9.139391790510048, 38.716684451841694 ], [ -9.139273662706033, 38.716533823485769 ], [ -9.139174949225941, 38.716374849125089 ], [ -9.139158887099194, 38.716340860977468 ], [ -9.139111383025135, 38.716448591808572 ], [ -9.139017150155901, 38.716609226482234 ], [ -9.138903273667998, 38.716761851258703 ], [ -9.138770850171852, 38.716904996224045 ], [ -9.138621154924747, 38.71703728275476 ], [ -9.138455629551435, 38.717157436796882 ], [ -9.138315926401649, 38.717240487413505 ], [ -9.138380419600084, 38.717322725824822 ], [ -9.138468373662995, 38.717464373734828 ], [ -9.138539195152813, 38.717524257091043 ], [ -9.138675599697526, 38.717665089727433 ], [ -9.138793728173708, 38.717815718650762 ], [ -9.138892442868409, 38.71797469327938 ], [ -9.138970793006763, 38.718140482651677 ], [ -9.138979552336572, 38.71816665582638 ], [ -9.138980800009895, 38.718166993508703 ], [ -9.139185839511125, 38.718240820255637 ], [ -9.139380655516256, 38.718330036117123 ], [ -9.139563371923062, 38.718433781949514 ], [ -9.139701317209152, 38.718529589414622 ], [ -9.139757570513753, 38.718522556359218 ], [ -9.13998282208807, 38.718511941549444 ], [ -9.14020831706995, 38.718518674374657 ], [ -9.140409727370681, 38.718540309946981 ], [ -9.140441227420032, 38.718506259083341 ], [ -9.140590922265808, 38.71837397025871 ], [ -9.14075644675891, 38.718253813228173 ], [ -9.140936206817599, 38.718146945106575 ] ], [ [ -9.144295725459195, 38.736246500096534 ], [ -9.144146000970377, 38.736378793677432 ], [ -9.144142307058562, 38.736381474694134 ], [ -9.144258141042505, 38.73646189600165 ], [ -9.144411559944698, 38.73659156730178 ], [ -9.144488090173835, 38.736670549490775 ], [ -9.144596474126894, 38.736618385510084 ], [ -9.144597640146563, 38.736614560787579 ], [ -9.144671328819442, 38.736447460266632 ], [ -9.144714946451217, 38.736373115064573 ], [ -9.144655626830509, 38.736331930990666 ], [ -9.144502208059837, 38.736202260003672 ], [ -9.14441752216141, 38.736114860261445 ], [ -9.144295725459195, 38.736246500096534 ] ], [ [ -9.144718078797267, 38.750424352340566 ], [ -9.144821488212774, 38.750471679773412 ], [ -9.14500429524416, 38.750575415326232 ], [ -9.145156293944996, 38.750680921166953 ], [ -9.145154706328805, 38.750678366079441 ], [ -9.145076304770212, 38.750512582435931 ], [ -9.145019032111543, 38.750341579352259 ], [ -9.144983439778963, 38.750167003714509 ], [ -9.144969870391854, 38.749990536803288 ], [ -9.144970863276965, 38.749970103448391 ], [ -9.144922395584269, 38.74992914661204 ], [ -9.144881940830347, 38.750020868473896 ], [ -9.144787678517019, 38.750181507309776 ], [ -9.144772378065753, 38.750202007656789 ], [ -9.144754190853243, 38.7503059197468 ], [ -9.144718078797267, 38.750424352340566 ] ], [ [ -9.133305158961447, 38.730568913222868 ], [ -9.133122420097509, 38.730465158113297 ], [ -9.133099758926965, 38.730449419688966 ], [ -9.133042951879375, 38.730578196131162 ], [ -9.132948687441548, 38.730738825959406 ], [ -9.132834776136216, 38.730891444932396 ], [ -9.132702314909096, 38.731034583192027 ], [ -9.132552579380841, 38.731166862179364 ], [ -9.132533794470955, 38.731180493645269 ], [ -9.132614971963468, 38.73124912873287 ], [ -9.132716827466865, 38.731175216063917 ], [ -9.132896631736262, 38.731068359945631 ], [ -9.133088941147452, 38.730975822693303 ], [ -9.133291903726915, 38.730898495433983 ], [ -9.133421673817519, 38.730860867766772 ], [ -9.133504799752274, 38.73082919711387 ], [ -9.133654732084567, 38.730785722908585 ], [ -9.133669394291692, 38.730737650372454 ], [ -9.133676444878606, 38.730721667035034 ], [ -9.13350000168426, 38.730658138349298 ], [ -9.133305158961447, 38.730568913222868 ] ], [ [ -9.128397471844476, 38.715804837117723 ], [ -9.128428154414618, 38.715629690938719 ], [ -9.128480601207983, 38.715457744308146 ], [ -9.128554306986688, 38.715290653139526 ], [ -9.128631903479906, 38.715158415292677 ], [ -9.128588478292222, 38.715088458678125 ], [ -9.128532656881601, 38.714970293832422 ], [ -9.128534821497189, 38.714998546642796 ], [ -9.128526199190096, 38.715175205660131 ], [ -9.128495517030117, 38.715350351872566 ], [ -9.128443070345556, 38.715522298511409 ], [ -9.128369364080061, 38.715689389609985 ], [ -9.128275107935369, 38.715850015952412 ], [ -9.128161209541487, 38.716002630572788 ], [ -9.128028765719881, 38.716145763654971 ], [ -9.127932458929244, 38.716230851358155 ], [ -9.127916445216528, 38.716267153296492 ], [ -9.128083455074213, 38.716298421875763 ], [ -9.128296729950355, 38.716356168259686 ], [ -9.128466224610673, 38.716417217121453 ], [ -9.128437902923759, 38.716332549037418 ], [ -9.128402369520625, 38.716157966585513 ], [ -9.128388849145146, 38.715981496106657 ], [ -9.128397471844476, 38.715804837117723 ] ], [ [ -9.128495649981987, 38.713876843811072 ], [ -9.128569354181455, 38.713709752610399 ], [ -9.128663606954975, 38.713549126018812 ], [ -9.128692170406941, 38.713510851622537 ], [ -9.128633518735437, 38.713450278651777 ], [ -9.128612208869125, 38.713423097405844 ], [ -9.128587864394568, 38.713440765975115 ], [ -9.128408097169965, 38.713547615281712 ], [ -9.128215827780293, 38.713640144564835 ], [ -9.128012907956075, 38.713717462659652 ], [ -9.12787543352969, 38.713757326153832 ], [ -9.127997080074346, 38.713860214148205 ], [ -9.128133457074396, 38.714001059540848 ], [ -9.128251557453083, 38.714151699585209 ], [ -9.128350243768002, 38.714310683592501 ], [ -9.128406064343492, 38.714428848549289 ], [ -9.12840389980059, 38.714400595732911 ], [ -9.128412522357204, 38.714223936698708 ], [ -9.128443204298174, 38.714048790478458 ], [ -9.128495649981987, 38.713876843811072 ] ], [ [ -9.134076489806914, 38.723664390196248 ], [ -9.134068667419186, 38.723660807753397 ], [ -9.134067588001891, 38.723666971642601 ], [ -9.134076489806914, 38.723664390196248 ] ], [ [ -9.134063039825669, 38.752894948902771 ], [ -9.134288642723698, 38.752901691670303 ], [ -9.134499243552312, 38.752924312993002 ], [ -9.134440505509051, 38.75289097470025 ], [ -9.134271574683437, 38.752773691968258 ], [ -9.134118138557341, 38.752644007930179 ], [ -9.134117144136193, 38.752642981648286 ], [ -9.134055031808501, 38.752748795037512 ], [ -9.133941651725664, 38.752900661117586 ], [ -9.134063039825669, 38.752894948902771 ] ], [ [ -9.114688275881473, 38.770940505200741 ], [ -9.114660886229846, 38.770805919458887 ], [ -9.114647386457214, 38.770629448711148 ], [ -9.11465417410262, 38.770490990823696 ], [ -9.114613298594874, 38.770496088931665 ], [ -9.114465678043276, 38.770503009661361 ], [ -9.114381908708586, 38.770615131757594 ], [ -9.114249338434485, 38.770758249590095 ], [ -9.114200673908517, 38.770801200007242 ], [ -9.114300050786174, 38.77081980292018 ], [ -9.114513478309838, 38.770877571939664 ], [ -9.114688275881473, 38.770940505200741 ] ], [ [ -9.115783903151389, 38.766930662504308 ], [ -9.115989060237105, 38.767004527814713 ], [ -9.116183982072542, 38.767093780240579 ], [ -9.116366791536334, 38.767197560286291 ], [ -9.116535728126783, 38.767314868552639 ], [ -9.116598736888527, 38.767368132688787 ], [ -9.116778946958012, 38.767331176650579 ], [ -9.116791418562952, 38.76732518078871 ], [ -9.116994501455322, 38.767247880720419 ], [ -9.117025021532672, 38.767239040391495 ], [ -9.117025545880123, 38.767228336946644 ], [ -9.117056275618332, 38.767053194619564 ], [ -9.117108784783335, 38.766881253731903 ], [ -9.117182567536245, 38.76671417014169 ], [ -9.117229924288292, 38.766633548497815 ], [ -9.117116751401246, 38.766676626547131 ], [ -9.116904970316734, 38.766737970689768 ], [ -9.116686528542829, 38.76678276754123 ], [ -9.116463529934274, 38.766810585650511 ], [ -9.116238122244003, 38.766821157092338 ], [ -9.116012476433168, 38.766814380048288 ], [ -9.115788765757374, 38.766790319787702 ], [ -9.115569144830777, 38.766749208039016 ], [ -9.115355728869886, 38.766691440757526 ], [ -9.115338199509237, 38.766685129315206 ], [ -9.11525931645494, 38.766790719112166 ], [ -9.115233021176193, 38.766819108607123 ], [ -9.115350865417602, 38.766831783469485 ], [ -9.115570486481879, 38.766872895626143 ], [ -9.115783903151389, 38.766930662504308 ] ], [ [ -9.111713277936335, 38.763443479944407 ], [ -9.111684253556705, 38.763474814765615 ], [ -9.111769858058667, 38.763497990310562 ], [ -9.111804822259346, 38.763510581044379 ], [ -9.111764537639303, 38.763390145615212 ], [ -9.111762094832095, 38.763378138421288 ], [ -9.111713277936335, 38.763443479944407 ] ], [ [ -9.11133754581013, 38.749438561101272 ], [ -9.111314829383311, 38.749422781104755 ], [ -9.111161441459151, 38.749293066216389 ], [ -9.111025028759565, 38.749152202304543 ], [ -9.111009398299615, 38.749132267101402 ], [ -9.110953162277413, 38.749143799366912 ], [ -9.110874859068756, 38.749153565639816 ], [ -9.110722056905326, 38.749184900360234 ], [ -9.110721196543004, 38.749185007666377 ], [ -9.110695577725958, 38.749219304247696 ], [ -9.110563038675952, 38.74936241799616 ], [ -9.110413224131969, 38.749494669247539 ], [ -9.110247576867801, 38.749614784287573 ], [ -9.110067692166966, 38.749721606279643 ], [ -9.109875302458891, 38.749814106408188 ], [ -9.109773121654529, 38.749853001349365 ], [ -9.109783311726979, 38.749854098138222 ], [ -9.110002877576076, 38.749895221595416 ], [ -9.110216239115955, 38.749952999524297 ], [ -9.110421341688388, 38.750026875529151 ], [ -9.110547899535941, 38.750084847467363 ], [ -9.110591736592777, 38.750058815349348 ], [ -9.11078412600131, 38.74996631404877 ], [ -9.110987166797583, 38.74988902475004 ], [ -9.111198903686434, 38.749827691740379 ], [ -9.111417297648039, 38.749782905647514 ], [ -9.11156969888185, 38.749763896963259 ], [ -9.111554120847925, 38.749747810906946 ], [ -9.111435994951263, 38.749597155206686 ], [ -9.11133754581013, 38.749438561101272 ] ], [ [ -9.115269773359366, 38.747090825062067 ], [ -9.115349842705488, 38.746954483704243 ], [ -9.115364321668189, 38.746871952285872 ], [ -9.115416821156167, 38.746700011712342 ], [ -9.115490588103826, 38.746532928840836 ], [ -9.115584911965104, 38.746372312733406 ], [ -9.115698884241368, 38.746219710164446 ], [ -9.115831407234916, 38.74607659072614 ], [ -9.115981204623573, 38.745944332677581 ], [ -9.116146833754406, 38.745824209673671 ], [ -9.116326699538133, 38.745717378501496 ], [ -9.116519069810307, 38.745624867942276 ], [ -9.116722092011427, 38.745547568865987 ], [ -9.116933811025358, 38.745486225654076 ], [ -9.116961004101757, 38.745480647444992 ], [ -9.116826119045125, 38.745386955375288 ], [ -9.11667273009404, 38.745257247648958 ], [ -9.116536314550739, 38.745116390114823 ], [ -9.116418186130097, 38.744965739369285 ], [ -9.116319482401998, 38.744806746318666 ], [ -9.116241153838654, 38.744640942203922 ], [ -9.11618395466483, 38.744469923852016 ], [ -9.116182570956564, 38.744463122578821 ], [ -9.116163608373613, 38.744452354016722 ], [ -9.115994727074456, 38.744335044045087 ], [ -9.115981011349509, 38.744323445485058 ], [ -9.115979110695433, 38.74436223888037 ], [ -9.115948386863067, 38.74453738150298 ], [ -9.115895890128344, 38.744709322340661 ], [ -9.11582212591675, 38.744876405482501 ], [ -9.115727804487934, 38.745037021789223 ], [ -9.115613834100531, 38.745189624391443 ], [ -9.11548131226929, 38.745332743588712 ], [ -9.115331515198582, 38.745465001005584 ], [ -9.115165885493891, 38.745585122868398 ], [ -9.115098938897189, 38.745624884852013 ], [ -9.115176523522516, 38.745789118119959 ], [ -9.115233721423229, 38.745960136944447 ], [ -9.115269239178739, 38.746134722747726 ], [ -9.115282734579376, 38.746311194194682 ], [ -9.115274077495355, 38.746487851778497 ], [ -9.115243351136193, 38.746662994187339 ], [ -9.115190851255644, 38.746834934689119 ], [ -9.115117083309462, 38.747002017376147 ], [ -9.115022757593261, 38.747162633113497 ], [ -9.114995932404453, 38.7471985495552 ], [ -9.115060846077668, 38.747303113470153 ], [ -9.115088643385119, 38.747361954280073 ], [ -9.115174179162032, 38.747329389340891 ], [ -9.115196005347601, 38.747257907792722 ], [ -9.115269773359366, 38.747090825062067 ] ], [ [ -9.115150632832384, 38.741059618293548 ], [ -9.115316252269272, 38.740939496497091 ], [ -9.115462798462895, 38.740852451363288 ], [ -9.115375692695139, 38.740712128260768 ], [ -9.115297370977279, 38.740546323311555 ], [ -9.115240177520707, 38.740375304307129 ], [ -9.115204662988809, 38.740200718286765 ], [ -9.115191169251716, 38.740024246630938 ], [ -9.115199826099833, 38.739847588867839 ], [ -9.115230550000108, 38.739672446305541 ], [ -9.115283044906752, 38.73950050564774 ], [ -9.115345206606348, 38.739359695952466 ], [ -9.115288273467661, 38.739435932795182 ], [ -9.115155761369001, 38.739579051631679 ], [ -9.115005975484351, 38.739711308610325 ], [ -9.114840358311485, 38.73983142996169 ], [ -9.114660504844087, 38.739938258788428 ], [ -9.114468147210742, 38.740030766209188 ], [ -9.114265137991982, 38.740108061269645 ], [ -9.114242848778698, 38.740114519229238 ], [ -9.11427355992519, 38.740179536710741 ], [ -9.114330750919924, 38.740350556226062 ], [ -9.114366263411375, 38.74052514253443 ], [ -9.114379755240609, 38.740701614295894 ], [ -9.114371096312277, 38.740878272000572 ], [ -9.114340369853709, 38.741053414335504 ], [ -9.114336090028107, 38.741067431489505 ], [ -9.114337417554236, 38.74106818544054 ], [ -9.114506288382437, 38.741185498007894 ], [ -9.114659664604755, 38.741315208832106 ], [ -9.114785814806826, 38.741445479566082 ], [ -9.114868328053028, 38.741334993791348 ], [ -9.11500084390315, 38.741191875273167 ], [ -9.115150632832384, 38.741059618293548 ] ], [ [ -9.111020692714508, 38.737709242221015 ], [ -9.111115015479031, 38.737548629502129 ], [ -9.111228983735751, 38.737396031123161 ], [ -9.111230530989987, 38.737394360126459 ], [ -9.111222439728943, 38.737386003425257 ], [ -9.111104335443221, 38.737235346800155 ], [ -9.111005654411715, 38.737076348761512 ], [ -9.110927346888063, 38.736910540598309 ], [ -9.110870166894438, 38.736739519176488 ], [ -9.110834664964578, 38.73656493155859 ], [ -9.110821182847268, 38.736388459140478 ], [ -9.110829850221036, 38.736211801457621 ], [ -9.11086058345149, 38.736036659817358 ], [ -9.110913086403027, 38.735864720914471 ], [ -9.110986853296829, 38.735697640587908 ], [ -9.11108117358744, 38.735537027875253 ], [ -9.11115918939934, 38.735432565521521 ], [ -9.111158886398234, 38.735432393409283 ], [ -9.110992382417027, 38.735316706839981 ], [ -9.110963679318909, 38.735480282451434 ], [ -9.110911176751051, 38.735652221382985 ], [ -9.110837409724374, 38.735819301664748 ], [ -9.110743088525719, 38.735979914185009 ], [ -9.110629121411577, 38.736132512110864 ], [ -9.110496605865242, 38.73627562578686 ], [ -9.110417252620417, 38.736345688665054 ], [ -9.110413446691807, 38.736423251672548 ], [ -9.110382712221067, 38.736598393200197 ], [ -9.110330207492874, 38.736770331867135 ], [ -9.110256438009761, 38.736937411783337 ], [ -9.110162114082222, 38.737098023840559 ], [ -9.110048143993025, 38.737250621210393 ], [ -9.109915625254111, 38.737393734242744 ], [ -9.109765834040116, 38.737525984621556 ], [ -9.109600212900174, 38.737646098640987 ], [ -9.109577140902894, 38.737659801689304 ], [ -9.10958989435421, 38.737697948129338 ], [ -9.109625393880799, 38.737872536124065 ], [ -9.109638873414619, 38.738049008670551 ], [ -9.109630202978744, 38.738225666251367 ], [ -9.109612647228985, 38.73832569986638 ], [ -9.109613149675917, 38.738325508582193 ], [ -9.109824853850434, 38.738264178371502 ], [ -9.110043213651853, 38.738219395206485 ], [ -9.110266126296786, 38.738191590340726 ], [ -9.110491445168815, 38.738181031528654 ], [ -9.110717000485675, 38.73818782044777 ], [ -9.110867094639893, 38.73820397720025 ], [ -9.110894419689719, 38.738048261415884 ], [ -9.110946923930179, 38.737876322538085 ], [ -9.111020692714508, 38.737709242221015 ] ], [ [ -9.114106733770722, 38.730284364450284 ], [ -9.114222858516888, 38.73025071473927 ], [ -9.114228638695851, 38.730231781096549 ], [ -9.114302392306147, 38.730064698695443 ], [ -9.114396697974753, 38.729904083348643 ], [ -9.11441151062091, 38.729884246232487 ], [ -9.114266625770126, 38.729857107713798 ], [ -9.114053321265237, 38.729799336243055 ], [ -9.113848273388594, 38.729725465651271 ], [ -9.113653456971536, 38.729636207399174 ], [ -9.113470748284961, 38.729532421146438 ], [ -9.113301906966653, 38.729415106470753 ], [ -9.113148559072961, 38.729285393238939 ], [ -9.113012181418135, 38.729144530723389 ], [ -9.11289408735218, 38.728993875568491 ], [ -9.112795414114157, 38.728834878722964 ], [ -9.112773147371334, 38.728787728331469 ], [ -9.112771887298189, 38.728786426802849 ], [ -9.112653794337458, 38.728635771381754 ], [ -9.112555122137373, 38.728476774310344 ], [ -9.112476820866574, 38.728310966868285 ], [ -9.11242254918268, 38.728148634205482 ], [ -9.112402083488616, 38.728183488971702 ], [ -9.112288131974923, 38.728336088508151 ], [ -9.112155633853725, 38.728479204022101 ], [ -9.112091154277264, 38.728536142732125 ], [ -9.112023506780574, 38.728689383439956 ], [ -9.111929197295803, 38.728849996953691 ], [ -9.111815243737457, 38.729002596038953 ], [ -9.111794820466846, 38.729024655481901 ], [ -9.11172010360738, 38.729151900479422 ], [ -9.111606149133827, 38.729304499365149 ], [ -9.111526535816186, 38.72939048989285 ], [ -9.111553426205665, 38.72938922938372 ], [ -9.11177895391006, 38.729396016623426 ], [ -9.11200254644959, 38.729420086253015 ], [ -9.112222050663618, 38.729461206483734 ], [ -9.112435352753211, 38.72951898133195 ], [ -9.112640398632557, 38.729592854431559 ], [ -9.11283521370593, 38.729682114390762 ], [ -9.113017921879976, 38.729785901641293 ], [ -9.113186763628354, 38.729903216714469 ], [ -9.113340112934887, 38.730032929864429 ], [ -9.113476492952138, 38.730173791945688 ], [ -9.113594590224633, 38.730324446440697 ], [ -9.113626935728227, 38.730376564067768 ], [ -9.113716541403456, 38.730350599306597 ], [ -9.113934874628773, 38.730305809158516 ], [ -9.114106733770722, 38.730284364450284 ] ], [ [ -9.119997069123459, 38.736823273694249 ], [ -9.1198143329334, 38.736719497844959 ], [ -9.119645464259694, 38.736602192833899 ], [ -9.119492089422184, 38.736472488434849 ], [ -9.119355685494645, 38.736331633835171 ], [ -9.11923756608012, 38.736180985602978 ], [ -9.119225854022162, 38.736162118772775 ], [ -9.119154999462861, 38.736322648519867 ], [ -9.119060696400766, 38.736483267502273 ], [ -9.118946746384427, 38.736635873303051 ], [ -9.118814246732427, 38.7367789961909 ], [ -9.118664473435539, 38.736911257754898 ], [ -9.118498868870278, 38.737031384181478 ], [ -9.118319027908898, 38.737138218524379 ], [ -9.118126682559508, 38.737230731849138 ], [ -9.117923685284312, 38.737308033144629 ], [ -9.117711991156636, 38.737369377906113 ], [ -9.117493639028716, 38.737414175307343 ], [ -9.117270731891745, 38.737441993892013 ], [ -9.117045416617509, 38.737452565730329 ], [ -9.116819863276909, 38.737445789000013 ], [ -9.116596244234771, 38.737421728967412 ], [ -9.116376713222536, 38.737380617358724 ], [ -9.116163384590589, 38.737322850127875 ], [ -9.11610527708533, 38.737301919948344 ], [ -9.115930137087506, 38.737386153194457 ], [ -9.115727136926191, 38.737463450709917 ], [ -9.115515440378157, 38.737524791522212 ], [ -9.115357204445866, 38.737557252210074 ], [ -9.115378970335769, 38.737585014329348 ], [ -9.115477661710473, 38.737744008525929 ], [ -9.115555980643009, 38.737909813467517 ], [ -9.115613172757177, 38.738080832404592 ], [ -9.115648687120807, 38.738255418364105 ], [ -9.11566218155696, 38.738431890009473 ], [ -9.1156535259452, 38.738608547831923 ], [ -9.115622803480935, 38.738783690517366 ], [ -9.115570309880457, 38.738955631331031 ], [ -9.115508148958892, 38.73909644114525 ], [ -9.115565081599616, 38.739020204197672 ], [ -9.115697591862245, 38.738877084907863 ], [ -9.115847374742206, 38.738744827063819 ], [ -9.116012987726307, 38.738624704318525 ], [ -9.11619283588076, 38.738517873456566 ], [ -9.116385187210886, 38.738425363256205 ], [ -9.116588189339586, 38.738348064584009 ], [ -9.11663968455893, 38.738333143093598 ], [ -9.116730081839675, 38.738289666555865 ], [ -9.116933083202653, 38.73821236729281 ], [ -9.117144780500437, 38.738151023909325 ], [ -9.117363135094392, 38.738106227133052 ], [ -9.117586044251251, 38.73807840834862 ], [ -9.117811361388174, 38.73806783544449 ], [ -9.1180369167396, 38.738074610233845 ], [ -9.118240513251443, 38.73809651320007 ], [ -9.118289221552173, 38.738013556048159 ], [ -9.118403175108318, 38.737860950876744 ], [ -9.118535677543948, 38.737717828443962 ], [ -9.118685452734869, 38.737585567037755 ], [ -9.118851058241926, 38.737465440345346 ], [ -9.119030899203318, 38.737358605189385 ], [ -9.119223243693618, 38.737266090389475 ], [ -9.119426239401578, 38.737188786856464 ], [ -9.119637931466146, 38.737127439014678 ], [ -9.11985628129907, 38.73708263763465 ], [ -9.120079186212921, 38.737054814145381 ], [ -9.120304499665711, 38.7370442364806 ], [ -9.120423120949287, 38.737047796988442 ], [ -9.120382982764079, 38.73700635044856 ], [ -9.120355650070547, 38.736971491914751 ], [ -9.12019191292716, 38.736912520904298 ], [ -9.119997069123459, 38.736823273694249 ] ], [ [ -9.11920309254266, 38.731927189715428 ], [ -9.119297389510885, 38.731766570577513 ], [ -9.119411331258684, 38.73161396442103 ], [ -9.1195438203824, 38.731470840872703 ], [ -9.119693580886059, 38.731338578231302 ], [ -9.119859170471944, 38.731218450195932 ], [ -9.120038994431576, 38.731111613602216 ], [ -9.120231321003246, 38.731019097283564 ], [ -9.120434298048242, 38.730941792165538 ], [ -9.120645970885214, 38.73088044268767 ], [ -9.120864301111039, 38.730835639636297 ], [ -9.121087186227065, 38.73080781445649 ], [ -9.121312479881919, 38.730797235098272 ], [ -9.121519703470275, 38.730803453989793 ], [ -9.121461926132776, 38.730763316944042 ], [ -9.12130856077566, 38.730633614679164 ], [ -9.121172164678052, 38.730492761960882 ], [ -9.121158991387313, 38.730475960236802 ], [ -9.121015400296136, 38.730410184514916 ], [ -9.12083267920732, 38.7303064099492 ], [ -9.120663824225897, 38.730189106105172 ], [ -9.120510461539842, 38.73005940274534 ], [ -9.120374068105912, 38.729918549047056 ], [ -9.120255957426116, 38.729767901569758 ], [ -9.120157266899556, 38.729608911188258 ], [ -9.120080561370884, 38.729446526992248 ], [ -9.11986136441625, 38.729473890276132 ], [ -9.1196360746401, 38.729484466787916 ], [ -9.119410546238718, 38.72947769472102 ], [ -9.119186951336696, 38.72945363929685 ], [ -9.118967443432934, 38.729412532197209 ], [ -9.118754136655216, 38.729354769332588 ], [ -9.118549085394354, 38.729280907028219 ], [ -9.118354264514297, 38.729191656664966 ], [ -9.118171550328945, 38.729087877826579 ], [ -9.118002702529072, 38.728970570019278 ], [ -9.117849347233472, 38.728840863043757 ], [ -9.11771296132771, 38.728700006112184 ], [ -9.117594858241283, 38.728549355815126 ], [ -9.117496175300154, 38.728390363054537 ], [ -9.117417862776431, 38.728224559068572 ], [ -9.117360674740521, 38.728053540682922 ], [ -9.117325161803693, 38.727878954930951 ], [ -9.117311665820814, 38.727702483190491 ], [ -9.117318001359472, 38.727573104815576 ], [ -9.11731497124047, 38.727533483184722 ], [ -9.117323622004063, 38.727356824979879 ], [ -9.117354336007196, 38.727181681628004 ], [ -9.117390961297628, 38.72706168813918 ], [ -9.117285133132468, 38.726988160160381 ], [ -9.117131783429624, 38.726858452127267 ], [ -9.11700463591133, 38.726727130523138 ], [ -9.116953584721806, 38.726683949456913 ], [ -9.116817204744743, 38.726543091351878 ], [ -9.116706942266282, 38.726402434899732 ], [ -9.116604670959886, 38.726415199376781 ], [ -9.116379390166649, 38.726425769497439 ], [ -9.116189537342217, 38.726420063060104 ], [ -9.116278931795243, 38.726482175145726 ], [ -9.11643227916079, 38.726611884336734 ], [ -9.116568658525251, 38.726752742897439 ], [ -9.116686756439465, 38.726903394344212 ], [ -9.116785435484644, 38.727062387878512 ], [ -9.116807704288817, 38.72710953749187 ], [ -9.116808964404155, 38.727110838976785 ], [ -9.116927063423587, 38.727261490157296 ], [ -9.117025743506742, 38.727420483465629 ], [ -9.117104054211932, 38.727586287760275 ], [ -9.117161241242256, 38.72775730629791 ], [ -9.117196753714582, 38.727931892109318 ], [ -9.117210249470268, 38.728108363859342 ], [ -9.117201598376257, 38.728285022038214 ], [ -9.117170883584524, 38.728460165328407 ], [ -9.117118400737558, 38.728632106989359 ], [ -9.117044655127204, 38.728799191102226 ], [ -9.116950356834071, 38.728959808518397 ], [ -9.116935545082457, 38.728979645947632 ], [ -9.117080429092683, 38.729006781172309 ], [ -9.117293733546923, 38.729064547125859 ], [ -9.11749878293881, 38.729138411660195 ], [ -9.117693602638813, 38.729227663465934 ], [ -9.117876316509044, 38.729331443053383 ], [ -9.118045164968331, 38.729448751027633 ], [ -9.1181985219359, 38.729578457711185 ], [ -9.118334910490566, 38.729719314020798 ], [ -9.11845301709466, 38.729869963494558 ], [ -9.118462712987636, 38.729885584287707 ], [ -9.118566866674882, 38.729957943931687 ], [ -9.118720225679805, 38.730087649892887 ], [ -9.118856616235792, 38.730228505555431 ], [ -9.118974724785906, 38.730379154463641 ], [ -9.119073413808934, 38.730538145843433 ], [ -9.119151732777089, 38.730703948571801 ], [ -9.119208927313878, 38.730874965920592 ], [ -9.11924444646387, 38.731049550931999 ], [ -9.119257948004087, 38.731226022278598 ], [ -9.119249301745739, 38.731402680454522 ], [ -9.119218590794215, 38.731577824142271 ], [ -9.119166110754982, 38.731749766597453 ], [ -9.11909236689282, 38.731916851893587 ], [ -9.11899806927148, 38.732077470870657 ], [ -9.118884125920369, 38.732230076633627 ], [ -9.118751634093893, 38.732373199451622 ], [ -9.118601869707476, 38.732505460914361 ], [ -9.118513328462166, 38.732569690914637 ], [ -9.118726986993895, 38.732576107810232 ], [ -9.118950591518175, 38.732600163975484 ], [ -9.11903758600684, 38.732616454657489 ], [ -9.119046156289981, 38.732441361066336 ], [ -9.119076867988161, 38.732266217439047 ], [ -9.119129348593589, 38.732094275031159 ], [ -9.11920309254266, 38.731927189715428 ] ], [ [ -9.122572762966758, 38.766044972204192 ], [ -9.122559244868619, 38.765868502473126 ], [ -9.12256788529522, 38.765691845134107 ], [ -9.122579874935251, 38.765623478965956 ], [ -9.122470908629639, 38.765593990928259 ], [ -9.122265749175133, 38.765520137014548 ], [ -9.122177171487607, 38.765479583647739 ], [ -9.122082800608689, 38.765562894135584 ], [ -9.121917136687838, 38.765683025621044 ], [ -9.121737229938228, 38.765789865586697 ], [ -9.121687539690392, 38.765813758103775 ], [ -9.121781708223741, 38.765910952285004 ], [ -9.121899883285204, 38.766061596472717 ], [ -9.121998629590012, 38.766220583690512 ], [ -9.122066451436917, 38.766364073752698 ], [ -9.122246016058728, 38.766277733527879 ], [ -9.122449089915229, 38.766200424083202 ], [ -9.122595762382284, 38.766157931024317 ], [ -9.122572762966758, 38.766044972204192 ] ], [ [ -9.119785463109862, 38.760355393915745 ], [ -9.119899447956374, 38.760202787436349 ], [ -9.120031987721367, 38.760059663343498 ], [ -9.120181805921078, 38.759927399941127 ], [ -9.120347459702115, 38.759807270935617 ], [ -9.12052735373778, 38.759700433171872 ], [ -9.12071975559155, 38.759607915494506 ], [ -9.120922812399805, 38.759530608842084 ], [ -9.121134568713169, 38.759469257668897 ], [ -9.12133934946964, 38.759427249982224 ], [ -9.12130229151534, 38.75940151703697 ], [ -9.12114886404402, 38.759271815994133 ], [ -9.121012412543287, 38.759130964485188 ], [ -9.120894251074303, 38.75898031904854 ], [ -9.120795517525201, 38.758821330539419 ], [ -9.120717162655335, 38.758655530155075 ], [ -9.120659940942756, 38.758484514686593 ], [ -9.120637286968719, 38.758373223963915 ], [ -9.120559513770422, 38.758345222536626 ], [ -9.120364610676932, 38.758255977035809 ], [ -9.12018181864992, 38.758152202863378 ], [ -9.120115745390198, 38.75810631972228 ], [ -9.119973942421513, 38.758209154472766 ], [ -9.119794051239035, 38.758315991373181 ], [ -9.119601651590813, 38.758408507516791 ], [ -9.119398596462041, 38.758485811865263 ], [ -9.119186841483307, 38.758547159884444 ], [ -9.118968426093, 38.75859196071665 ], [ -9.118745453891709, 38.758619782872536 ], [ -9.118550676204851, 38.758628922398501 ], [ -9.118649465601223, 38.758730903871516 ], [ -9.118767621976266, 38.758881551651612 ], [ -9.118834018112183, 38.758988473939937 ], [ -9.118839424400543, 38.75899304444804 ], [ -9.118975871415159, 38.759133898557039 ], [ -9.119094029152233, 38.759284545979121 ], [ -9.119192759616752, 38.759443535954539 ], [ -9.119271111881673, 38.759609337373888 ], [ -9.119328331249671, 38.75978035352167 ], [ -9.119363866525967, 38.759954937451674 ], [ -9.119377375332064, 38.760131407846906 ], [ -9.119368727408961, 38.760308065210658 ], [ -9.119338005877845, 38.760483208233261 ], [ -9.119285506445847, 38.76065515017671 ], [ -9.119211734564297, 38.76082223511942 ], [ -9.119185889925848, 38.760866239846244 ], [ -9.119377601877963, 38.760857243335487 ], [ -9.119563496399175, 38.760862821833349 ], [ -9.119564861311899, 38.760855040396521 ], [ -9.11961736020694, 38.76068309834028 ], [ -9.119691131000662, 38.7605160131519 ], [ -9.119785463109862, 38.760355393915745 ] ], [ [ -9.122671964429131, 38.754899652049353 ], [ -9.122636423885746, 38.754725069049258 ], [ -9.122622908366337, 38.75454859896184 ], [ -9.122623250438872, 38.754541604391626 ], [ -9.122561137664459, 38.754524792942085 ], [ -9.12235601006147, 38.754450938632068 ], [ -9.122161115491668, 38.754361695958465 ], [ -9.121978330978749, 38.754257924431045 ], [ -9.121948191821296, 38.754236994597299 ], [ -9.121769110681747, 38.754154991854691 ], [ -9.121586327257031, 38.754051219696123 ], [ -9.121417414293182, 38.753933918165174 ], [ -9.121373986382745, 38.753897203293107 ], [ -9.121350351046672, 38.753902052107492 ], [ -9.121127394422558, 38.753929878625648 ], [ -9.120902028095644, 38.753940458544214 ], [ -9.120676422628621, 38.753933689963134 ], [ -9.120452750888463, 38.753909638070205 ], [ -9.120233167114256, 38.753868534513259 ], [ -9.120019786164637, 38.753810775168695 ], [ -9.119908009165819, 38.753770527582454 ], [ -9.120039218976103, 38.753905982395722 ], [ -9.120157370069212, 38.754056628959802 ], [ -9.120256095421659, 38.754215618241091 ], [ -9.120334444155665, 38.754381419136898 ], [ -9.120349717832838, 38.754427070331154 ], [ -9.120471106552221, 38.754411921163744 ], [ -9.120696474441875, 38.754401342056632 ], [ -9.120922081383256, 38.754408110579071 ], [ -9.121145754821177, 38.754432161549182 ], [ -9.121365340816117, 38.754473263357923 ], [ -9.121578724781756, 38.754531020199032 ], [ -9.121783851843967, 38.754604875879878 ], [ -9.121978746625361, 38.754694119176399 ], [ -9.12216153226511, 38.754797890680862 ], [ -9.122330448490953, 38.754915191076279 ], [ -9.122483868569537, 38.75504489075815 ], [ -9.122532054608783, 38.755094631993849 ], [ -9.122684639397159, 38.755149567995318 ], [ -9.122789075621975, 38.755197388472311 ], [ -9.122729187875953, 38.755070666610756 ], [ -9.122671964429131, 38.754899652049353 ] ], [ [ -9.124083804602227, 38.756205607372273 ], [ -9.124187821272754, 38.756243054852234 ], [ -9.124197788003064, 38.756247618296619 ], [ -9.124189454905892, 38.756234200412727 ], [ -9.124083804602227, 38.756205607372273 ] ], [ [ -9.123860919867182, 38.756126951746012 ], [ -9.123756481579449, 38.756079132261682 ], [ -9.123772116715644, 38.75611221446205 ], [ -9.123964936310429, 38.756164399427888 ], [ -9.123860919867182, 38.756126951746012 ] ], [ [ -9.125653518451852, 38.767837681071683 ], [ -9.125644885495836, 38.768014338477663 ], [ -9.125614176446435, 38.768189482763084 ], [ -9.12560727369948, 38.76821209471381 ], [ -9.125712189118726, 38.768172151191557 ], [ -9.125844908778779, 38.768133697268439 ], [ -9.12585994802672, 38.76809963047463 ], [ -9.125954275817284, 38.767939006515583 ], [ -9.126068259111809, 38.767786394228978 ], [ -9.126123626977495, 38.767726602596134 ], [ -9.126125298939508, 38.767721125429148 ], [ -9.126199061359289, 38.767554036436053 ], [ -9.126293387691293, 38.767393412208015 ], [ -9.126407369412931, 38.767240799597616 ], [ -9.126459584214453, 38.767184412095688 ], [ -9.126467870604282, 38.767165641183901 ], [ -9.126498548297281, 38.767113400875914 ], [ -9.126339053244633, 38.76722906775543 ], [ -9.126159149404112, 38.767335914464972 ], [ -9.125966734225932, 38.767428441158415 ], [ -9.125763660844848, 38.767505756695783 ], [ -9.125616987600079, 38.767548253732748 ], [ -9.125639992337506, 38.767661211855213 ], [ -9.125653518451852, 38.767837681071683 ] ], [ [ -9.118896541815781, 38.753051859201193 ], [ -9.118799293905941, 38.753182067169924 ], [ -9.118787839823222, 38.75319443678729 ], [ -9.118997670728136, 38.753251238183822 ], [ -9.119109446418072, 38.753291486661631 ], [ -9.118978239492964, 38.75315603075255 ], [ -9.118896541815781, 38.753051859201193 ] ], [ [ -9.119317421215607, 38.770320106070429 ], [ -9.11928573632642, 38.770338920296503 ], [ -9.119301494596073, 38.770372260978583 ], [ -9.119317421215607, 38.770320106070429 ] ], [ [ -9.101757741724107, 38.769973263685962 ], [ -9.101539280053602, 38.770018032448256 ], [ -9.101316264904982, 38.770045821843112 ], [ -9.101090844190525, 38.770056364221865 ], [ -9.100865188996851, 38.770049558046004 ], [ -9.100835193681466, 38.770046328255901 ], [ -9.100773186699922, 38.77004445791858 ], [ -9.100717281463469, 38.770038438187484 ], [ -9.100598582340574, 38.770034857676741 ], [ -9.100568589769175, 38.770031628111617 ], [ -9.100506580043648, 38.770029757549302 ], [ -9.10044942883663, 38.770023603520706 ], [ -9.100331875682025, 38.770020057307299 ], [ -9.100303137031636, 38.770016962695536 ], [ -9.100239973387385, 38.770015057179968 ], [ -9.100182827391325, 38.770008903578209 ], [ -9.10006526902577, 38.770005356937943 ], [ -9.100035281943683, 38.770002127822963 ], [ -9.099973266728853, 38.770000256810498 ], [ -9.099917377115073, 38.769994238367573 ], [ -9.099874943926139, 38.769992958109562 ], [ -9.099716502623549, 38.770069095996206 ], [ -9.099513392514824, 38.770146366344619 ], [ -9.09950180814041, 38.770149719727058 ], [ -9.099519913949832, 38.77016503047679 ], [ -9.099656345196223, 38.77030590709326 ], [ -9.099774481639457, 38.770456574051742 ], [ -9.099873185489441, 38.770615580404375 ], [ -9.099874919919824, 38.770619252419642 ], [ -9.099982320671705, 38.770541413528349 ], [ -9.100162272366338, 38.770434606567221 ], [ -9.100354729773382, 38.770342121874393 ], [ -9.100557839494362, 38.770264850070738 ], [ -9.10076964557048, 38.770203535274973 ], [ -9.10098810831577, 38.770158767939421 ], [ -9.101211123955686, 38.770130979165188 ], [ -9.10143654488218, 38.77012043655175 ], [ -9.101662200330408, 38.770127241620628 ], [ -9.101885917278155, 38.77015132883804 ], [ -9.102024450419691, 38.770177277294785 ], [ -9.102012897172514, 38.770025899718966 ], [ -9.102019437516653, 38.769892964861569 ], [ -9.10196954587007, 38.769911946736684 ], [ -9.101757741724107, 38.769973263685962 ] ], [ [ -9.103396068856311, 38.761739148109847 ], [ -9.1034210570204, 38.761734026392581 ], [ -9.103245082199532, 38.761715079354779 ], [ -9.103025483595555, 38.761673943702263 ], [ -9.102812092473359, 38.761616153136735 ], [ -9.102606964036186, 38.761542264250281 ], [ -9.10241207389133, 38.761452988679878 ], [ -9.102229299019799, 38.761349186252104 ], [ -9.102060399696782, 38.761231856700455 ], [ -9.101907002537212, 38.761102130035127 ], [ -9.101770584829707, 38.760961255657989 ], [ -9.101652460309865, 38.760810590327644 ], [ -9.101569361194777, 38.760676709687097 ], [ -9.101537807426258, 38.760650024487354 ], [ -9.101401391315258, 38.760509149648001 ], [ -9.101283268329439, 38.760358483913322 ], [ -9.101184575986199, 38.760199478334009 ], [ -9.10110626464796, 38.760033664271681 ], [ -9.10104908837344, 38.759862638649068 ], [ -9.101013597660369, 38.759688048569195 ], [ -9.101000134149313, 38.759511575451597 ], [ -9.101008827339419, 38.759334918838462 ], [ -9.101039593347487, 38.759159780026799 ], [ -9.101092135722075, 38.758987845684068 ], [ -9.101165948304569, 38.758820771605279 ], [ -9.101260320109393, 38.758660166767768 ], [ -9.101374342176195, 38.758507577837321 ], [ -9.101506916327793, 38.758364474274764 ], [ -9.101656765749384, 38.758232234186217 ], [ -9.101822447287013, 38.758112131053586 ], [ -9.101927102696477, 38.758050001729302 ], [ -9.101901998484006, 38.758040958315576 ], [ -9.101707118808939, 38.757951681382394 ], [ -9.10152435397449, 38.757847877662179 ], [ -9.101355464159179, 38.757730546900838 ], [ -9.101202075886361, 38.757600819120228 ], [ -9.101065666359069, 38.757459943732925 ], [ -9.100947549234123, 38.757309277507275 ], [ -9.100848861972489, 38.757150271498688 ], [ -9.100770554887658, 38.756984457072896 ], [ -9.100713381997407, 38.756813431156147 ], [ -9.100677893766898, 38.756638840854272 ], [ -9.100664431812802, 38.756462367588952 ], [ -9.100673125619302, 38.756285710903796 ], [ -9.100703891297282, 38.756110572096482 ], [ -9.100756432398512, 38.755938637834475 ], [ -9.100830242776656, 38.755771563911971 ], [ -9.100924611467388, 38.755610959304825 ], [ -9.101038629540371, 38.755458370676614 ], [ -9.101052691449956, 38.755443191450418 ], [ -9.100997707196541, 38.755326760811599 ], [ -9.100940535172365, 38.755155734947941 ], [ -9.1009050472958, 38.754981144662665 ], [ -9.100891585180131, 38.754804671377237 ], [ -9.100900278311103, 38.754628014635465 ], [ -9.100931042806128, 38.754452875735616 ], [ -9.100983582228372, 38.754280941345989 ], [ -9.101057390447682, 38.754113867262049 ], [ -9.101151756520538, 38.753953262461209 ], [ -9.101224772345137, 38.753855543837197 ], [ -9.101157764916072, 38.753747576160599 ], [ -9.101079461004931, 38.753581761807631 ], [ -9.101022290266327, 38.753410735918067 ], [ -9.100986803144727, 38.753236145597505 ], [ -9.100973341246153, 38.753059672267788 ], [ -9.100982034054274, 38.752883015473138 ], [ -9.101012797689624, 38.752707876512318 ], [ -9.101065335723662, 38.752535942054244 ], [ -9.101139142039623, 38.752368867895036 ], [ -9.101233505712319, 38.752208263012797 ], [ -9.101347517859754, 38.752055674073773 ], [ -9.1014800804003, 38.75191257053887 ], [ -9.101629916630991, 38.751780330513981 ], [ -9.101795583524911, 38.751660227480372 ], [ -9.10197548562919, 38.751553418032842 ], [ -9.102167890429698, 38.75146093074337 ], [ -9.102204359505455, 38.751447052105476 ], [ -9.102079197827644, 38.751401960396848 ], [ -9.101884336166904, 38.751312683428644 ], [ -9.101701588216308, 38.751208879653731 ], [ -9.101532713991761, 38.751091548818572 ], [ -9.10137933986646, 38.750961820945697 ], [ -9.1012429429072, 38.750820945448552 ], [ -9.101124836649774, 38.750670279096539 ], [ -9.101026158450518, 38.750511272946262 ], [ -9.100947858535676, 38.750345458364805 ], [ -9.100890690854019, 38.750174432279906 ], [ -9.10085520582059, 38.749999841799017 ], [ -9.100841745021329, 38.749823368345538 ], [ -9.100850437929344, 38.749646711464877 ], [ -9.100881200664231, 38.749471572456635 ], [ -9.10093373680615, 38.749299637990156 ], [ -9.101007540256575, 38.749132563861664 ], [ -9.101101900117943, 38.748971959048973 ], [ -9.101118763277475, 38.748949389252736 ], [ -9.101062785866837, 38.74887797764552 ], [ -9.100964110355507, 38.748718971361036 ], [ -9.100885812628665, 38.748553156660627 ], [ -9.100883788564488, 38.748547101189992 ], [ -9.100831585207484, 38.748572195142756 ], [ -9.100820200413642, 38.748576527734514 ], [ -9.100682279905792, 38.748658413574226 ], [ -9.100489880584183, 38.748750898389488 ], [ -9.100286831281801, 38.748828169571198 ], [ -9.100075087573163, 38.748889482904687 ], [ -9.099856688788147, 38.748934247866394 ], [ -9.099633738367412, 38.748962033312445 ], [ -9.099408383599718, 38.748972571632272 ], [ -9.099182794936409, 38.748965761326424 ], [ -9.099004782010656, 38.748946584393856 ], [ -9.09899982891173, 38.748955014309132 ], [ -9.098885816511554, 38.749107601038801 ], [ -9.098753253799618, 38.749250701698976 ], [ -9.098603417374081, 38.749382938092708 ], [ -9.098437750219544, 38.749503036648797 ], [ -9.09839565765057, 38.749528026119613 ], [ -9.098460184460629, 38.749632011268318 ], [ -9.098538477840815, 38.749797827620547 ], [ -9.098595639614182, 38.749968854943056 ], [ -9.098631119140622, 38.750143446181973 ], [ -9.098644574578575, 38.750319919949838 ], [ -9.098635876183064, 38.750496576717396 ], [ -9.098605107561442, 38.750671715180616 ], [ -9.098552564874458, 38.750843648645343 ], [ -9.098478753990143, 38.751010721271626 ], [ -9.098384385617663, 38.751171324021364 ], [ -9.098270368467796, 38.751323910155705 ], [ -9.098137800505709, 38.751467010132728 ], [ -9.098105414081161, 38.751495591199529 ], [ -9.098041468934435, 38.751640328998405 ], [ -9.097947098775126, 38.751800931401235 ], [ -9.097833079711686, 38.751953517117592 ], [ -9.097700509727712, 38.75209661660957 ], [ -9.097652874626945, 38.75213865387822 ], [ -9.09776393741349, 38.752215823827896 ], [ -9.097917307825195, 38.752345556467532 ], [ -9.098053701293216, 38.752486435856362 ], [ -9.098171804232399, 38.752637105310242 ], [ -9.098270479175373, 38.752796113857194 ], [ -9.098348775729724, 38.752961930208947 ], [ -9.098405939734604, 38.753132957506061 ], [ -9.098441420528395, 38.753307548694941 ], [ -9.098454876257298, 38.753484022388577 ], [ -9.098446177173514, 38.753660679058434 ], [ -9.098415406890998, 38.753835817401459 ], [ -9.098378981211297, 38.753955005839266 ], [ -9.098396335273332, 38.753972930100019 ], [ -9.098514441441138, 38.754123599128981 ], [ -9.098536523375243, 38.754159181748761 ], [ -9.098628342004234, 38.754236845662057 ], [ -9.098764740530514, 38.754377724111698 ], [ -9.09888284815016, 38.754528392739481 ], [ -9.098981527350722, 38.75468740058141 ], [ -9.099059827698781, 38.754853216355983 ], [ -9.099116994996942, 38.755024243209341 ], [ -9.09915247855186, 38.755198834092127 ], [ -9.099165936483132, 38.755375307620341 ], [ -9.099158230538761, 38.755531825313703 ], [ -9.099348844030979, 38.755619156535388 ], [ -9.099531600032543, 38.755722963810776 ], [ -9.099700482115546, 38.755840297347127 ], [ -9.09985386387531, 38.755970027220783 ], [ -9.099990268151757, 38.756110904125265 ], [ -9.100108381255641, 38.756261571400373 ], [ -9.100207065621699, 38.756420578095096 ], [ -9.100285370766766, 38.756586392939035 ], [ -9.10034254244724, 38.756757419087243 ], [ -9.100378029927562, 38.75693200949722 ], [ -9.100381750931119, 38.756980790526327 ], [ -9.100389849937777, 38.757005018094326 ], [ -9.100425337668387, 38.757179608479568 ], [ -9.100438799206087, 38.757356081756882 ], [ -9.100430104747105, 38.75753273840175 ], [ -9.100399337860825, 38.757707877111358 ], [ -9.100346794691225, 38.757879811189156 ], [ -9.100272981110928, 38.758046884789287 ], [ -9.100178607855014, 38.758207488864265 ], [ -9.100064583681238, 38.758360076662484 ], [ -9.099932006622382, 38.758503178626 ], [ -9.099782153414738, 38.758635416545275 ], [ -9.099616467204511, 38.75875551683442 ], [ -9.099567344976075, 38.758784676760555 ], [ -9.099558469983375, 38.758835192909828 ], [ -9.099505924018091, 38.75900712661344 ], [ -9.099432107359629, 38.759174199690833 ], [ -9.099337730772705, 38.759334803099556 ], [ -9.099223703047159, 38.759487390094414 ], [ -9.09909112224997, 38.759630491125193 ], [ -9.098941265153444, 38.759762727991344 ], [ -9.098775574941238, 38.759882827117117 ], [ -9.09859564731056, 38.759989631819124 ], [ -9.098403215104367, 38.760082113448327 ], [ -9.098346240480065, 38.760103790825966 ], [ -9.09845631296055, 38.760244198806411 ], [ -9.09855499936066, 38.760403206765666 ], [ -9.098633305251882, 38.760569022598048 ], [ -9.098652006580703, 38.760624967527114 ], [ -9.098664453839895, 38.760625343277965 ], [ -9.098888140158138, 38.760649436667862 ], [ -9.099107733397048, 38.760690580173012 ], [ -9.099321118900528, 38.760748377585671 ], [ -9.099526241779589, 38.760822272322542 ], [ -9.099721126697064, 38.760911552783519 ], [ -9.099903896887014, 38.761015359202958 ], [ -9.100072792225852, 38.761132691927713 ], [ -9.100226186181246, 38.761262421041927 ], [ -9.100362601475666, 38.76140329724646 ], [ -9.100480724313753, 38.761553963887849 ], [ -9.10057941703648, 38.761712970021222 ], [ -9.10065772908017, 38.761878784381558 ], [ -9.100714906134764, 38.76204981012863 ], [ -9.100750397412906, 38.762224400223779 ], [ -9.100763860959768, 38.762400873290552 ], [ -9.100755166952188, 38.762577529806443 ], [ -9.100724398955162, 38.762752668469886 ], [ -9.100671853123327, 38.762924602584796 ], [ -9.100598035354906, 38.763091676304917 ], [ -9.100503656425275, 38.763252280581625 ], [ -9.100389625146809, 38.763404868661375 ], [ -9.100257039620683, 38.763547970983467 ], [ -9.100107176664725, 38.763680209334922 ], [ -9.099941479519011, 38.763800310125667 ], [ -9.099761543947519, 38.763907116656284 ], [ -9.099569102869683, 38.763999600260121 ], [ -9.09936600966982, 38.764076870212222 ], [ -9.099154220345293, 38.764138182309729 ], [ -9.099069751891722, 38.76415549157921 ], [ -9.098994102533554, 38.764184273148778 ], [ -9.098801666609415, 38.76423998176395 ], [ -9.098845969961021, 38.764248282164566 ], [ -9.099059365921205, 38.764306079886758 ], [ -9.09926449880424, 38.764379974910952 ], [ -9.099459393176637, 38.764469255634296 ], [ -9.099642172181412, 38.764573062288619 ], [ -9.099811075610093, 38.764690395218523 ], [ -9.099964476852442, 38.764820124506194 ], [ -9.100100898560749, 38.764961000850825 ], [ -9.100219026877875, 38.765111667597594 ], [ -9.10031772409201, 38.765270673800629 ], [ -9.100396039596211, 38.765436488194254 ], [ -9.10045321904706, 38.765607513937915 ], [ -9.100472168394413, 38.7657007269692 ], [ -9.100543877289054, 38.765741451373344 ], [ -9.100595859022485, 38.7657775605011 ], [ -9.100701314515376, 38.765780741803852 ], [ -9.10073134162676, 38.765783975271063 ], [ -9.100793212221214, 38.765785841676568 ], [ -9.100849070292933, 38.765791856697142 ], [ -9.100967907859848, 38.765795441434598 ], [ -9.1009978987995, 38.765798670936206 ], [ -9.101059905563176, 38.7658005413072 ], [ -9.101117097777596, 38.765806699858821 ], [ -9.101234501204537, 38.76581024106541 ], [ -9.10126449488803, 38.765813470792018 ], [ -9.101326498907863, 38.765815340938012 ], [ -9.10155020225773, 38.765839428990837 ], [ -9.101769812893261, 38.765880567232749 ], [ -9.101983215990865, 38.765938359506684 ], [ -9.101992636048951, 38.765941752538609 ], [ -9.102068233540459, 38.765840593170232 ], [ -9.102200819552154, 38.765697488840658 ], [ -9.102350682728609, 38.76556524784484 ], [ -9.102516379783388, 38.765445143673382 ], [ -9.102696314973157, 38.765338332931968 ], [ -9.10274703329997, 38.765313957276369 ], [ -9.102592410312376, 38.765258263830951 ], [ -9.102397509977543, 38.765168988422687 ], [ -9.102214725531699, 38.765065186159504 ], [ -9.102045817342253, 38.764947856773333 ], [ -9.101892412109523, 38.764818130272751 ], [ -9.10175598719988, 38.764677256058043 ], [ -9.10163785641827, 38.764526590886291 ], [ -9.101539157357157, 38.764367585802745 ], [ -9.101460840443639, 38.764201772164277 ], [ -9.101403659790108, 38.764030746889532 ], [ -9.101368165936435, 38.763856157078202 ], [ -9.101354700553399, 38.763679684147213 ], [ -9.101363393158143, 38.763503027636986 ], [ -9.101394159873072, 38.763327888843527 ], [ -9.101446704239903, 38.763155954434112 ], [ -9.101520520080802, 38.762988880204404 ], [ -9.101614896378784, 38.762828275133181 ], [ -9.101728924130207, 38.762675685888489 ], [ -9.101861505103122, 38.762532581934146 ], [ -9.102011362417018, 38.762400341380051 ], [ -9.102177052841924, 38.762280237712588 ], [ -9.102356980698358, 38.762173427532588 ], [ -9.102549413224201, 38.762080939419079 ], [ -9.102696682586521, 38.762024902087859 ], [ -9.102788775607593, 38.76197023234765 ], [ -9.102981207020697, 38.7618777435342 ], [ -9.103184290004055, 38.761800467401464 ], [ -9.103396068856311, 38.761739148109847 ] ], [ [ -9.107318277950929, 38.750792369432702 ], [ -9.107432274828453, 38.750639774718621 ], [ -9.107564822513634, 38.750496664439488 ], [ -9.107714644446544, 38.750364416766168 ], [ -9.107880297737923, 38.750244305253609 ], [ -9.108060187065863, 38.750137486578218 ], [ -9.108206628859413, 38.750067081497157 ], [ -9.107991300238146, 38.750077166708046 ], [ -9.107765707630746, 38.750070373025743 ], [ -9.107542051784197, 38.750046296194796 ], [ -9.107322486784474, 38.750005168103272 ], [ -9.107109127309334, 38.749947384863852 ], [ -9.107068490344323, 38.749932746442319 ], [ -9.10705989406544, 38.7499608875492 ], [ -9.106986103992712, 38.750127965304266 ], [ -9.106891755950492, 38.750288574684951 ], [ -9.106822976831275, 38.750380640787171 ], [ -9.106871910990289, 38.750526995871169 ], [ -9.10690741093053, 38.750701584316225 ], [ -9.106920886861614, 38.750878056849054 ], [ -9.106912208841214, 38.751054713952321 ], [ -9.106881460280444, 38.751229854318808 ], [ -9.106828937146846, 38.751401791236056 ], [ -9.106812803096094, 38.751438321517369 ], [ -9.106967911604732, 38.751509376489331 ], [ -9.10706216404569, 38.75156290674925 ], [ -9.107066868547342, 38.751467134339556 ], [ -9.107097616743495, 38.751291993935887 ], [ -9.107150139155044, 38.751120056904121 ], [ -9.107223929815664, 38.750952979065197 ], [ -9.107318277950929, 38.750792369432702 ] ], [ [ -9.110174849149496, 38.732783674336453 ], [ -9.110145426090003, 38.732789709172771 ], [ -9.10992253014105, 38.732817513615437 ], [ -9.109697227998074, 38.73282807112183 ], [ -9.109471689605483, 38.732821280007741 ], [ -9.10937291749139, 38.732810645685632 ], [ -9.109437013514411, 38.732892416949575 ], [ -9.109509324268958, 38.733008938678502 ], [ -9.10965321549682, 38.733060780981653 ], [ -9.109848036470606, 38.733150045792733 ], [ -9.110030749362943, 38.733253837592734 ], [ -9.110199594602042, 38.733371156869197 ], [ -9.110289801736096, 38.733447461344156 ], [ -9.110330369171434, 38.733314608609781 ], [ -9.11040413493385, 38.73314752859546 ], [ -9.110498453306924, 38.732986916310523 ], [ -9.110516807911567, 38.732962339226887 ], [ -9.110365631433194, 38.732893072858431 ], [ -9.110182918997568, 38.732789281569907 ], [ -9.110174849149496, 38.732783674336453 ] ], [ [ -9.109346258446816, 38.745765009745085 ], [ -9.109385106367908, 38.745753756851578 ], [ -9.109301147429731, 38.745706071248748 ], [ -9.109132274153172, 38.745588751278262 ], [ -9.109005541567532, 38.745481566820516 ], [ -9.10909335976698, 38.745572259670595 ], [ -9.109211473977052, 38.745722917991543 ], [ -9.109258366511099, 38.745798467002935 ], [ -9.109346258446816, 38.745765009745085 ] ], [ [ -9.108441226781423, 38.744320615611159 ], [ -9.108449900567452, 38.744143958252828 ], [ -9.108480642614339, 38.743968817353235 ], [ -9.108533156701512, 38.743796879600005 ], [ -9.10860075746278, 38.743643794571355 ], [ -9.108490307153389, 38.743648968426569 ], [ -9.108264734762919, 38.743642175437593 ], [ -9.10804109887194, 38.743618099276851 ], [ -9.107821553374198, 38.743576971825938 ], [ -9.107783157037332, 38.743566572334686 ], [ -9.107780872124508, 38.743613100178806 ], [ -9.107750128498154, 38.74378824092512 ], [ -9.107697612531293, 38.743960178351124 ], [ -9.107623829834655, 38.744127256578743 ], [ -9.107529490845943, 38.744287866515997 ], [ -9.107415503992952, 38.744440461354841 ], [ -9.10728296694905, 38.744583571469548 ], [ -9.107133156065162, 38.744715818572153 ], [ -9.107024743867772, 38.744794430561605 ], [ -9.107169922835238, 38.744787631786927 ], [ -9.107395498773554, 38.744794426842034 ], [ -9.107619138152138, 38.744818504188395 ], [ -9.107838687359374, 38.744859631962974 ], [ -9.108052032163124, 38.744917414109473 ], [ -9.108257118066296, 38.744991294191593 ], [ -9.108451970087774, 38.745080560750282 ], [ -9.108634711778411, 38.745184354153771 ], [ -9.108803583289095, 38.745301674874192 ], [ -9.108930315253632, 38.745408859562239 ], [ -9.108842497462447, 38.745318166581868 ], [ -9.108724384704969, 38.745167507858952 ], [ -9.108625697616688, 38.745008508097605 ], [ -9.108547386509526, 38.744842698603364 ], [ -9.108490205440104, 38.74467167625501 ], [ -9.108454704952459, 38.744497088124 ], [ -9.108441226781423, 38.744320615611159 ] ], [ [ -9.107332343304869, 38.765612161280366 ], [ -9.10729683417394, 38.765437573513893 ], [ -9.107283353819744, 38.765261101506411 ], [ -9.107292031903592, 38.76508444478948 ], [ -9.107322784687716, 38.764909304661082 ], [ -9.107368507579764, 38.764759651617183 ], [ -9.107159489611185, 38.764785709292276 ], [ -9.106934086533027, 38.764796262726392 ], [ -9.106708447604634, 38.764789467620396 ], [ -9.10648474601531, 38.764765389417612 ], [ -9.10626513629167, 38.764724260019307 ], [ -9.106051733542294, 38.764666475550754 ], [ -9.10586547652264, 38.76459939359156 ], [ -9.105731498142706, 38.764717628401193 ], [ -9.105565808232223, 38.764837737054592 ], [ -9.105385878656316, 38.764944552151668 ], [ -9.105350018692649, 38.7649617879582 ], [ -9.105440068706136, 38.764994220553874 ], [ -9.105634972245721, 38.765083490847452 ], [ -9.105817761582255, 38.765187287695838 ], [ -9.105986676407808, 38.765304611538056 ], [ -9.10614009000242, 38.765434332543819 ], [ -9.10627652489946, 38.765575201492084 ], [ -9.106394667114811, 38.765725861799254 ], [ -9.106493378802851, 38.765884862581494 ], [ -9.106528630301824, 38.765959483159186 ], [ -9.106721205525378, 38.766011626159731 ], [ -9.106926350949868, 38.766085507547665 ], [ -9.107121259287549, 38.766174775283346 ], [ -9.107304053546995, 38.766278569723717 ], [ -9.10734802093428, 38.766309106902398 ], [ -9.107349256743126, 38.766309672894955 ], [ -9.107532051673813, 38.766413466967563 ], [ -9.10764535444595, 38.766492159816337 ], [ -9.107799223327996, 38.766433606504414 ], [ -9.107845603291844, 38.766420176259601 ], [ -9.107821171428656, 38.766399518672117 ], [ -9.107684731927522, 38.766258651606677 ], [ -9.107566586123797, 38.766107992663912 ], [ -9.107467871754647, 38.765948992829117 ], [ -9.107389539394616, 38.765783183408566 ], [ -9.107332343304869, 38.765612161280366 ] ], [ [ -9.110573494518826, 38.75596861173107 ], [ -9.110474514170926, 38.756016197663556 ], [ -9.110336962578867, 38.75606855287888 ], [ -9.110451694035326, 38.756165569549999 ], [ -9.110547511541981, 38.756264504856425 ], [ -9.110626082059518, 38.756159330787689 ], [ -9.110628501865527, 38.756156718160938 ], [ -9.110585761601834, 38.756028920423383 ], [ -9.110573494518826, 38.75596861173107 ] ], [ [ -9.106454678357315, 38.75475804067392 ], [ -9.106447490604863, 38.754722692546459 ], [ -9.106401397795143, 38.754736041108018 ], [ -9.106182985470612, 38.754780818027065 ], [ -9.106000258908566, 38.754803599021137 ], [ -9.106026434436695, 38.754825735537302 ], [ -9.106162848470666, 38.754966605135742 ], [ -9.106280972484699, 38.755117266058001 ], [ -9.106379668808493, 38.75527626741431 ], [ -9.106416252306174, 38.755353720057975 ], [ -9.106503079405687, 38.755464462183042 ], [ -9.106601776712887, 38.75562346332984 ], [ -9.106680095655456, 38.755789273730997 ], [ -9.106737281856942, 38.755960296584405 ], [ -9.10677278444197, 38.756134884879309 ], [ -9.106786261346878, 38.756311357256578 ], [ -9.106786194936177, 38.75631270906019 ], [ -9.10689498828328, 38.756195256962911 ], [ -9.107044823162463, 38.756063010104945 ], [ -9.107210490567914, 38.755942899471862 ], [ -9.107367001295978, 38.755849971731308 ], [ -9.10726570848869, 38.755792446926428 ], [ -9.107096814363263, 38.755675124480412 ], [ -9.106943420333693, 38.755545404267899 ], [ -9.106807003658488, 38.755404535628578 ], [ -9.106688878063347, 38.755253875265801 ], [ -9.106590181090846, 38.755094874178539 ], [ -9.106511863148041, 38.754929063685111 ], [ -9.106454678357315, 38.75475804067392 ] ], [ [ -9.096711751912769, 38.764079897381436 ], [ -9.096906642368424, 38.764169182417973 ], [ -9.097089416982735, 38.764272993127605 ], [ -9.097207660829421, 38.764355139173325 ], [ -9.097298392202632, 38.764320621283197 ], [ -9.097490829563077, 38.764264915126425 ], [ -9.097446526347401, 38.764256614210197 ], [ -9.097233131775029, 38.764198813523784 ], [ -9.0970280014355, 38.764124914897977 ], [ -9.096833110954414, 38.764035630063553 ], [ -9.096650337315992, 38.763931818936342 ], [ -9.096526066224046, 38.763845484058166 ], [ -9.096460311646446, 38.763858956959425 ], [ -9.096237313450427, 38.763886736469559 ], [ -9.096011911147379, 38.763897268822767 ], [ -9.095971544356031, 38.763896049410413 ], [ -9.096073627577672, 38.763907046739497 ], [ -9.096293229335972, 38.763948195403181 ], [ -9.096506622435049, 38.764005997827667 ], [ -9.096711751912769, 38.764079897381436 ] ], [ [ -9.149852899768989, 38.777783682105792 ], [ -9.149832445993571, 38.777683436348674 ], [ -9.149821015600187, 38.777659279812902 ], [ -9.149790281747036, 38.777567572668538 ], [ -9.149592592489002, 38.777496476460712 ], [ -9.14939760163638, 38.777407280861155 ], [ -9.149214719048476, 38.777303553663337 ], [ -9.149045706038173, 38.777186293876241 ], [ -9.148892190315584, 38.777056630838196 ], [ -9.148775368893899, 38.776936149705186 ], [ -9.148787099355603, 38.777088521675211 ], [ -9.148778522892092, 38.777265179760562 ], [ -9.148747867086563, 38.777440329143168 ], [ -9.148741421117991, 38.777461465872435 ], [ -9.148712372867328, 38.777627429742282 ], [ -9.148659932581033, 38.777799383604638 ], [ -9.148599640483111, 38.777936049243479 ], [ -9.148765335730245, 38.777940978378787 ], [ -9.148989091019409, 38.777964974844593 ], [ -9.14920876429481, 38.778006022983526 ], [ -9.149422240129823, 38.778063727506115 ], [ -9.149557506165479, 38.778112373948275 ], [ -9.149560273577112, 38.778109929824943 ], [ -9.149725918556557, 38.777989759639446 ], [ -9.149889409391788, 38.777892622956315 ], [ -9.149852899768989, 38.777783682105792 ] ], [ [ -9.154052138231989, 38.778672695086627 ], [ -9.154154331885421, 38.778709442318679 ], [ -9.15409608916667, 38.778676412570782 ], [ -9.153927065027428, 38.778559160024024 ], [ -9.153901857741468, 38.778537872102618 ], [ -9.153900047259174, 38.778539828201964 ], [ -9.153819081302558, 38.77861134205758 ], [ -9.153838657026087, 38.778614999103965 ], [ -9.154052138231989, 38.778672695086627 ] ], [ [ -9.153891385817003, 38.776011227805689 ], [ -9.153766020241562, 38.775924257613411 ], [ -9.153612634369761, 38.77579471527001 ], [ -9.153601751712795, 38.775802611221891 ], [ -9.153593437546661, 38.775807551581586 ], [ -9.153624738108688, 38.775829265955721 ], [ -9.153778259583152, 38.775958922722403 ], [ -9.153857719724881, 38.776040864066786 ], [ -9.153890747781665, 38.776011690736112 ], [ -9.153891385817003, 38.776011227805689 ] ] ], [ [ [ -9.213993419476045, 38.714044519340924 ], [ -9.214211636378229, 38.713999543373689 ], [ -9.214434429015713, 38.713971541390748 ], [ -9.214659651927422, 38.713960783044556 ], [ -9.214885136254958, 38.71396737193384 ], [ -9.215108710623687, 38.713991244606362 ], [ -9.215328222048013, 38.714032171169841 ], [ -9.215541556659744, 38.714089757505391 ], [ -9.215746660060159, 38.714163449062092 ], [ -9.215757957020417, 38.714168612900153 ], [ -9.215860758093505, 38.714205548066744 ], [ -9.216055655386072, 38.714294635006318 ], [ -9.216238469452321, 38.71439825963072 ], [ -9.216407439746691, 38.714515424037302 ], [ -9.216560939015668, 38.714644999931096 ], [ -9.21669748896826, 38.714785739488455 ], [ -9.21681577451308, 38.714936287371906 ], [ -9.216914656424979, 38.715095193780392 ], [ -9.216993182319102, 38.71526092840945 ], [ -9.217050595826658, 38.715431895186967 ], [ -9.217086343883819, 38.715606447642458 ], [ -9.217100082063428, 38.715782904762364 ], [ -9.217091677897931, 38.71595956717816 ], [ -9.217061212161312, 38.716134733531852 ], [ -9.21700897809745, 38.716306716861112 ], [ -9.216935478602084, 38.716473860846165 ], [ -9.216841421385295, 38.71663455576207 ], [ -9.216727712160882, 38.716787253982716 ], [ -9.216595445928013, 38.716930484887008 ], [ -9.216445896428969, 38.717062869023884 ], [ -9.216280503884381, 38.717183131399423 ], [ -9.216100861123993, 38.717290113758132 ], [ -9.215908698246496, 38.717382785740028 ], [ -9.215705865956158, 38.717460254805893 ], [ -9.215494317736823, 38.717521774835134 ], [ -9.215315044249564, 38.717558724740698 ], [ -9.215268399450775, 38.717664790865925 ], [ -9.215174336970369, 38.717825484484834 ], [ -9.215060622332176, 38.717978181131819 ], [ -9.214928350587503, 38.718121410200979 ], [ -9.214778795531723, 38.718253792258899 ], [ -9.214613397438987, 38.718374052331676 ], [ -9.214433749192487, 38.718481032186013 ], [ -9.214241580943755, 38.718573701486015 ], [ -9.214038743448803, 38.718651167718313 ], [ -9.213827190241615, 38.71871268478958 ], [ -9.213608958816767, 38.718757660213889 ], [ -9.213386151002585, 38.71878566082021 ], [ -9.213160912713979, 38.71879641692545 ], [ -9.212935413280205, 38.718789824932429 ], [ -9.212803625364645, 38.718775751611972 ], [ -9.212703507507134, 38.718772824627003 ], [ -9.212479918893628, 38.718748947577062 ], [ -9.212260394474535, 38.718708015882328 ], [ -9.212047048536876, 38.718650423763705 ], [ -9.211841935848884, 38.718576725901777 ], [ -9.211771552360272, 38.718544552518026 ], [ -9.211671614122075, 38.718652760640538 ], [ -9.211522051874795, 38.718785138622607 ], [ -9.211356647010977, 38.718905394172978 ], [ -9.211176992479034, 38.719012369101861 ], [ -9.210984818491061, 38.719105033120869 ], [ -9.210781975858358, 38.719182493767434 ], [ -9.210570418164409, 38.719244005002054 ], [ -9.210352182947014, 38.71928897439502 ], [ -9.210129372071039, 38.719316968833404 ], [ -9.209904131480892, 38.719327718693506 ], [ -9.209678630528, 38.719321120438302 ], [ -9.209455041072564, 38.719297237614981 ], [ -9.209235516561103, 38.719256300242819 ], [ -9.209022171281518, 38.719198702597403 ], [ -9.208960755147272, 38.719176633828347 ], [ -9.208894609068501, 38.71916429850495 ], [ -9.208681264323344, 38.719106700228593 ], [ -9.208476153638966, 38.719032996435615 ], [ -9.208281252451975, 38.71894389698015 ], [ -9.208098437850129, 38.718840259992355 ], [ -9.207929470491772, 38.718723083612304 ], [ -9.207775977647671, 38.718593496374886 ], [ -9.207639437528631, 38.718452746339125 ], [ -9.207521165049878, 38.718302189066165 ], [ -9.207422299169265, 38.718143274562252 ], [ -9.207343791921211, 38.717977533312023 ], [ -9.207286399251858, 38.717806561537238 ], [ -9.207250673743568, 38.717632005822622 ], [ -9.207236959298648, 38.717455547257046 ], [ -9.207245387833302, 38.717278885242969 ], [ -9.207275878013403, 38.717103721129739 ], [ -9.20732813604404, 38.716931741828922 ], [ -9.207401658504985, 38.716764603568848 ], [ -9.207495737204557, 38.716603915945342 ], [ -9.207609466004884, 38.716451226421761 ], [ -9.207741749552689, 38.716308005427969 ], [ -9.207891313831309, 38.716175632201235 ], [ -9.208056718432251, 38.716055381505804 ], [ -9.208236370427972, 38.715948411358532 ], [ -9.208428539712299, 38.71585575187904 ], [ -9.20863137566073, 38.715778295371436 ], [ -9.208842924950229, 38.715716787733093 ], [ -9.209061150367043, 38.715671821273283 ], [ -9.209283950421506, 38.715643829010553 ], [ -9.209509179581138, 38.715633080503729 ], [ -9.209734668927384, 38.715639679256839 ], [ -9.209958247037289, 38.71566356172265 ], [ -9.210177760889236, 38.715704497914587 ], [ -9.210391096591648, 38.715762093621052 ], [ -9.210452510200902, 38.715784161687054 ], [ -9.210518653397145, 38.715796496176935 ], [ -9.21073198963385, 38.715854091252517 ], [ -9.21093709337879, 38.715927791224296 ], [ -9.211007473910614, 38.715959965167023 ], [ -9.211107409508413, 38.715851757602806 ], [ -9.211256966545703, 38.715719380162874 ], [ -9.21142236436072, 38.715599124792398 ], [ -9.211602010091257, 38.715492149553285 ], [ -9.211794173691455, 38.715399484614188 ], [ -9.211997004591533, 38.715322022331733 ], [ -9.212208549517053, 38.715260508658986 ], [ -9.212426771296274, 38.715215535963281 ], [ -9.212502279709824, 38.715206046966173 ], [ -9.212552262748655, 38.715092397404284 ], [ -9.212646327712005, 38.71493170578821 ], [ -9.212760042867684, 38.714779011406904 ], [ -9.212892312993795, 38.71463578473702 ], [ -9.213041864202909, 38.714503405070502 ], [ -9.213207256212367, 38.714383147233605 ], [ -9.213386896215857, 38.714276169311994 ], [ -9.213579054222665, 38.714183501500131 ], [ -9.213781879716855, 38.714106036182365 ], [ -9.213993419476045, 38.714044519340924 ] ] ], [ [ [ -9.206877760137843, 38.722960440159348 ], [ -9.207080617731325, 38.722882986123061 ], [ -9.207292189223587, 38.722821481045003 ], [ -9.207510437187102, 38.722776517209773 ], [ -9.20773325991512, 38.722748527610648 ], [ -9.207958511656861, 38.722737781780793 ], [ -9.208184023276347, 38.722744383198467 ], [ -9.208407623136184, 38.722768268290771 ], [ -9.208627158005333, 38.722809207045863 ], [ -9.208840513789866, 38.722866805227461 ], [ -9.209045635887184, 38.722940508170595 ], [ -9.209240548967967, 38.723029606121926 ], [ -9.209423375995497, 38.723133241073228 ], [ -9.209592356299373, 38.723250415022449 ], [ -9.209745862529648, 38.723379999582733 ], [ -9.20988241632824, 38.723520746846987 ], [ -9.210000702566665, 38.72367130140352 ], [ -9.210099582013022, 38.723830213387025 ], [ -9.210178102306129, 38.723995952439353 ], [ -9.210235507131047, 38.724166922445782 ], [ -9.210271243507488, 38.724341476904748 ], [ -9.210284967120707, 38.724517934783321 ], [ -9.210276545643351, 38.724694596705689 ], [ -9.210246060016066, 38.724869761318587 ], [ -9.210193803674228, 38.725041741676407 ], [ -9.210120279728079, 38.725208881487958 ], [ -9.210026196123147, 38.725369571068491 ], [ -9.209912458827349, 38.725522262843207 ], [ -9.209780163110198, 38.725665486253092 ], [ -9.20963058299794, 38.725797861919204 ], [ -9.209465159006067, 38.725918114929186 ], [ -9.209415548235317, 38.725947651542789 ], [ -9.209437214516301, 38.725949965618177 ], [ -9.209656759708054, 38.725990902269238 ], [ -9.209870125798831, 38.726048498392743 ], [ -9.210075258086805, 38.726122199343578 ], [ -9.210270181144537, 38.72621129538755 ], [ -9.210453017839244, 38.726314928534848 ], [ -9.210622007407437, 38.726432100800757 ], [ -9.210775522409964, 38.726561683814673 ], [ -9.21091208440426, 38.72670242968438 ], [ -9.211030378182917, 38.726852983011646 ], [ -9.211129264441409, 38.727011893943001 ], [ -9.211207790752937, 38.727177632130434 ], [ -9.21126520074459, 38.727348601467554 ], [ -9.211300941386302, 38.727523155459238 ], [ -9.211314668322224, 38.727699613077121 ], [ -9.211306249192988, 38.727876274947839 ], [ -9.211275764916593, 38.728051439718655 ], [ -9.211223508915378, 38.728223420442454 ], [ -9.211149984296283, 38.728390560824494 ], [ -9.211055899011292, 38.728551251174544 ], [ -9.21094215904448, 38.728703943910396 ], [ -9.210809859691059, 38.728847168463751 ], [ -9.210660275012287, 38.728979545444695 ], [ -9.210494845567622, 38.729099799928164 ], [ -9.210315164542212, 38.729206773734667 ], [ -9.210122962403323, 38.729299436586558 ], [ -9.209920090233409, 38.729376896032527 ], [ -9.209708501900463, 38.729438406044608 ], [ -9.20949023523743, 38.729483374204854 ], [ -9.209267392412078, 38.729511367412179 ], [ -9.209042119676592, 38.729522116054746 ], [ -9.208816586692055, 38.729515516607279 ], [ -9.20859296562724, 38.729491632628438 ], [ -9.208373410233147, 38.729450694148625 ], [ -9.208160035095174, 38.729393095454128 ], [ -9.207954895262823, 38.729319391288868 ], [ -9.207759966453462, 38.729230291510554 ], [ -9.207577126020906, 38.729126654252561 ], [ -9.20740813487229, 38.729009477657499 ], [ -9.207254620507497, 38.728879890262391 ], [ -9.20711806134458, 38.728739140127786 ], [ -9.206999772482149, 38.728588582815838 ], [ -9.206900893035796, 38.728429668333149 ], [ -9.206822375170532, 38.728263927164186 ], [ -9.206764974934686, 38.728092955529931 ], [ -9.206729244983414, 38.72791840001377 ], [ -9.206715529261734, 38.727741941702675 ], [ -9.20672395969806, 38.727565279996639 ], [ -9.206754454939869, 38.727390116242063 ], [ -9.206806721143423, 38.727218137347023 ], [ -9.206880254809715, 38.727050999535969 ], [ -9.206974347639081, 38.72689031240035 ], [ -9.207088093357521, 38.726737623398812 ], [ -9.20722039644879, 38.726594402956181 ], [ -9.207369982707986, 38.72646203030439 ], [ -9.207535411514922, 38.726341780202112 ], [ -9.207585023347361, 38.72631224437341 ], [ -9.207563357008397, 38.726309929955562 ], [ -9.207343811938712, 38.726268989371725 ], [ -9.207130447108677, 38.726211388619248 ], [ -9.206925317468503, 38.726137682461903 ], [ -9.206730398637381, 38.726048580776556 ], [ -9.206547567873006, 38.725944941714921 ], [ -9.206378585989393, 38.725827763437017 ], [ -9.206225080397186, 38.725698174496067 ], [ -9.206088529429955, 38.725557422967469 ], [ -9.20597024810737, 38.725406864426809 ], [ -9.205871375472423, 38.725247948892509 ], [ -9.205792863624538, 38.725082206859163 ], [ -9.205735468554105, 38.724911234556053 ], [ -9.205699742866559, 38.724736678573038 ], [ -9.20568603046587, 38.72456022000155 ], [ -9.2056944632485, 38.724383558244078 ], [ -9.205724959839355, 38.724208394647533 ], [ -9.205777226381729, 38.724036416118473 ], [ -9.20585075937338, 38.723869278877807 ], [ -9.205944850521165, 38.723708592511493 ], [ -9.206058593567302, 38.723555904470778 ], [ -9.206190893021297, 38.723412685171247 ], [ -9.206340474713294, 38.723280313833804 ], [ -9.206505898067098, 38.723160065204482 ], [ -9.206685569974587, 38.723053097280278 ], [ -9.206877760137843, 38.722960440159348 ] ] ], [ [ [ -9.203570495265868, 38.728107901900565 ], [ -9.203793336220121, 38.728079919578114 ], [ -9.204018605453312, 38.728069181102214 ], [ -9.204244133661062, 38.728075789880286 ], [ -9.204467749046254, 38.728099682268571 ], [ -9.204687298228373, 38.72814062818496 ], [ -9.204900666975675, 38.72819823332425 ], [ -9.205105800560744, 38.728271942954478 ], [ -9.205300723543635, 38.728361047257913 ], [ -9.205483558792265, 38.728464688165175 ], [ -9.205652545557053, 38.728581867616882 ], [ -9.205806056425807, 38.728711457173162 ], [ -9.20594261299575, 38.728852208878855 ], [ -9.206060900111673, 38.729002767279518 ], [ -9.206159778533182, 38.729161682472778 ], [ -9.206238295908914, 38.729327424069623 ], [ -9.206295695951985, 38.729498395930769 ], [ -9.206331425728104, 38.729672951536827 ], [ -9.206345140986041, 38.729849409843823 ], [ -9.206336709478869, 38.730026071471762 ], [ -9.206306212243778, 38.730201235070226 ], [ -9.206253942827901, 38.730373213703352 ], [ -9.206180404467363, 38.730540351096536 ], [ -9.206086305246494, 38.730701037588311 ], [ -9.206020736631944, 38.730789048183858 ], [ -9.205951214619818, 38.730947055094227 ], [ -9.205949120317312, 38.730950631349785 ], [ -9.205994219012602, 38.730966835334726 ], [ -9.206189150467406, 38.731055937995457 ], [ -9.206371993928752, 38.731159577349167 ], [ -9.206512801510192, 38.73125721097027 ], [ -9.206628677469027, 38.731278818708553 ], [ -9.206842057088387, 38.731336420117415 ], [ -9.207047201640776, 38.731410126144361 ], [ -9.207174145385443, 38.731468149951354 ], [ -9.207324779387333, 38.73143711978507 ], [ -9.207547629023905, 38.731409130193654 ], [ -9.207772907971622, 38.731398384346534 ], [ -9.207998446832571, 38.731404985722087 ], [ -9.208222073707073, 38.731428870747834 ], [ -9.208441635103997, 38.73146980941258 ], [ -9.208655016673994, 38.731527407480911 ], [ -9.208860163566193, 38.731601110288992 ], [ -9.209055100212536, 38.731690208084778 ], [ -9.209237949349383, 38.731793842861556 ], [ -9.209406950093431, 38.731911016618987 ], [ -9.209560474897895, 38.732040600972049 ], [ -9.209697045225806, 38.732181348015708 ], [ -9.209815345789476, 38.732331902340405 ], [ -9.209914237219007, 38.73249081408305 ], [ -9.209992767037772, 38.732656552887882 ], [ -9.210050178839042, 38.732827522642516 ], [ -9.210085919575281, 38.73300207684786 ], [ -9.210099644889688, 38.733178534473431 ], [ -9.210091222438464, 38.733355196145858 ], [ -9.210060733171554, 38.733530360514237 ], [ -9.210008470559325, 38.733702340635375 ], [ -9.209936986960507, 38.73386482243879 ], [ -9.209918546512849, 38.733970763050159 ], [ -9.20986628326188, 38.734142743104464 ], [ -9.209792749713809, 38.734309882598794 ], [ -9.209698653906583, 38.734470571851439 ], [ -9.209584901925584, 38.73462326329075 ], [ -9.209452589181716, 38.734766486360918 ], [ -9.209302989865181, 38.734898861686247 ], [ -9.209137544676407, 38.735019114357669 ], [ -9.208957846952188, 38.735126086213114 ], [ -9.208765627320622, 38.735218746993681 ], [ -9.208562737032658, 38.735296204268025 ], [ -9.20835113013081, 38.735357712029071 ], [ -9.208132844626892, 38.73540267788055 ], [ -9.20790998287017, 38.735430668743632 ], [ -9.207810214658544, 38.735435427686888 ], [ -9.207826957602181, 38.73545673548066 ], [ -9.207925849136075, 38.735615648823348 ], [ -9.208004377981426, 38.735781388893678 ], [ -9.20806178774086, 38.735952359567094 ], [ -9.208097525386474, 38.736126914335657 ], [ -9.208111246591201, 38.736303372163462 ], [ -9.208102819050797, 38.736480033675129 ], [ -9.208072323764194, 38.736655197521394 ], [ -9.208020054259707, 38.736827176763974 ], [ -9.207946513774266, 38.736994315122445 ], [ -9.20785241041261, 38.737155002925988 ], [ -9.207738650332871, 38.737307692616923 ], [ -9.20760632902395, 38.737450913656239 ], [ -9.20745672075854, 38.737583286687844 ], [ -9.207291266323256, 38.737703536824704 ], [ -9.207111559143957, 38.737810505929147 ], [ -9.206919329939815, 38.737903163768806 ], [ -9.206716430053987, 38.737980617940615 ], [ -9.206504813621443, 38.738042122467419 ], [ -9.206286518745809, 38.738087084984059 ], [ -9.20606364786663, 38.738115072443826 ], [ -9.206040605340885, 38.738116171185247 ], [ -9.205917210094601, 38.738141586593848 ], [ -9.205694338885904, 38.738169573353652 ], [ -9.20546903828259, 38.73818031549132 ], [ -9.205243478214198, 38.738173709544263 ], [ -9.205019831110397, 38.73814981913371 ], [ -9.204800250973028, 38.738108874352037 ], [ -9.204586852625823, 38.738051269546268 ], [ -9.204381691341851, 38.73797755951918 ], [ -9.204186743045099, 38.737888454184954 ], [ -9.20400388527707, 38.737784811730492 ], [ -9.203945002578637, 38.737743985150267 ], [ -9.20389768545822, 38.737824772272653 ], [ -9.203783915837258, 38.737977458232791 ], [ -9.203651585319246, 38.738120674909339 ], [ -9.20350196826559, 38.738253042988191 ], [ -9.203336505547565, 38.738373287630026 ], [ -9.203156790670819, 38.738480250750094 ], [ -9.202964554428684, 38.738572902173644 ], [ -9.202761648232123, 38.738650349559428 ], [ -9.202550026276901, 38.738711846995621 ], [ -9.20233172671985, 38.738756802185407 ], [ -9.202108852045619, 38.738784782152621 ], [ -9.2018835488132, 38.738795517412939 ], [ -9.201657986977455, 38.738788904570001 ], [ -9.201434338985079, 38.738765007311486 ], [ -9.201214758846469, 38.738724055795743 ], [ -9.201001361385368, 38.738666444434607 ], [ -9.200796201866295, 38.738592728094019 ], [ -9.200601256196228, 38.738503616749007 ], [ -9.200418401891355, 38.73839996864433 ], [ -9.200249399992392, 38.738282782027106 ], [ -9.200095878102719, 38.738153185530912 ], [ -9.199959314712812, 38.73801242730395 ], [ -9.199841024961916, 38.737861862986314 ], [ -9.199742147974113, 38.737702942652106 ], [ -9.199663635890655, 38.737537196842119 ], [ -9.199606244704098, 38.737366221822057 ], [ -9.199570526982367, 38.737191664207863 ], [ -9.199556826552611, 38.737015205106736 ], [ -9.19955946212168, 38.736960095413458 ], [ -9.199543358547817, 38.73691212044119 ], [ -9.199507641230596, 38.736737562789031 ], [ -9.199493941068129, 38.73656110366359 ], [ -9.199502389838909, 38.736384442472648 ], [ -9.19953290601377, 38.736209280557667 ], [ -9.199585195547328, 38.736037304808939 ], [ -9.199658754715843, 38.735870171420586 ], [ -9.199752874974029, 38.735709489941442 ], [ -9.199866649783717, 38.735556807775659 ], [ -9.199998983348497, 38.735413595282154 ], [ -9.200028988537017, 38.735387050391864 ], [ -9.199963721091347, 38.735282145900719 ], [ -9.199885211279694, 38.735116400141493 ], [ -9.199827821638854, 38.734945425140396 ], [ -9.199792104721878, 38.734770867513205 ], [ -9.199778404348189, 38.734594408367222 ], [ -9.199786852298333, 38.734417747110442 ], [ -9.199817367051065, 38.734242585084907 ], [ -9.199869654574703, 38.734070609182048 ], [ -9.199943211164888, 38.733903475597437 ], [ -9.200037328301168, 38.733742793881802 ], [ -9.200151099475452, 38.733590111441558 ], [ -9.200283428926349, 38.73344689863832 ], [ -9.200300203961648, 38.733432057669312 ], [ -9.200301371627221, 38.733428217045919 ], [ -9.200374926580691, 38.733261083195238 ], [ -9.200469041931825, 38.733100401140362 ], [ -9.200582811189721, 38.732947718290994 ], [ -9.200715138611443, 38.732804505012652 ], [ -9.200851152927072, 38.732684169936128 ], [ -9.200842275861907, 38.732640787113525 ], [ -9.200828573435523, 38.732464328058299 ], [ -9.20083701866765, 38.732287666702618 ], [ -9.200867530063242, 38.732112504389512 ], [ -9.200919813622962, 38.731940528013141 ], [ -9.200993365680635, 38.731773393773643 ], [ -9.201087477759474, 38.731612711228095 ], [ -9.201201243400096, 38.731460027790909 ], [ -9.201333566894405, 38.731316813833274 ], [ -9.201455256094238, 38.731209148907297 ], [ -9.20149316822012, 38.731168116238308 ], [ -9.201642774563599, 38.731035750730747 ], [ -9.20170485995018, 38.730990629442154 ], [ -9.201701964688784, 38.730985975804792 ], [ -9.201623455820759, 38.730820231083321 ], [ -9.20156606573148, 38.730649256821955 ], [ -9.201530346978352, 38.730474699629326 ], [ -9.201516643398518, 38.73029824060859 ], [ -9.201525086803438, 38.730121579166514 ], [ -9.201555595715671, 38.729946416646946 ], [ -9.201607876159814, 38.72977443994607 ], [ -9.201681424499716, 38.729607305267145 ], [ -9.201775532294398, 38.729446622171466 ], [ -9.20184110498502, 38.729358613880549 ], [ -9.201910634650995, 38.729200609265185 ], [ -9.202004741415395, 38.729039925988893 ], [ -9.202118501128639, 38.728887241678819 ], [ -9.202250818139726, 38.728744026714566 ], [ -9.20240041810972, 38.72861166027532 ], [ -9.202565860286422, 38.7284914170599 ], [ -9.202745551380458, 38.728384455013142 ], [ -9.202937760909172, 38.728291804176592 ], [ -9.203140637860566, 38.728214356771119 ], [ -9.20335222851681, 38.728152858606435 ], [ -9.203570495265868, 38.728107901900565 ] ] ], [ [ [ -9.198542503887976, 38.715992914057118 ], [ -9.198754062878368, 38.715931424546099 ], [ -9.19897229570496, 38.715886476822043 ], [ -9.199195100806755, 38.715858503723048 ], [ -9.199420332602687, 38.715847774623484 ], [ -9.19964582214882, 38.715854392840441 ], [ -9.199869398020279, 38.715878294639332 ], [ -9.200088907216982, 38.715919249847396 ], [ -9.200302235892163, 38.71597686406993 ], [ -9.200507329704225, 38.716050582487533 ], [ -9.200530056804325, 38.716060974721643 ], [ -9.200683926669477, 38.716116280945805 ], [ -9.200878810954237, 38.716205393355018 ], [ -9.201061608588638, 38.716309041924283 ], [ -9.20123055918528, 38.716426228520405 ], [ -9.20138403568026, 38.716555824634732 ], [ -9.201520560001805, 38.716696582248851 ], [ -9.201638817305284, 38.716847145851425 ], [ -9.201737668637424, 38.717006065489954 ], [ -9.201816161907793, 38.717171810732566 ], [ -9.201873541061701, 38.717342785404867 ], [ -9.201909253366109, 38.717517342960328 ], [ -9.201922954738132, 38.7176938023362 ], [ -9.201914513064663, 38.717870464142173 ], [ -9.201884009480901, 38.7180456270261 ], [ -9.201831737595223, 38.718217604058999 ], [ -9.201758200667639, 38.718384738981662 ], [ -9.201664106768774, 38.718545422156424 ], [ -9.201550361965753, 38.718698106070185 ], [ -9.201418061600462, 38.718841320239584 ], [ -9.201268479743984, 38.718973685374735 ], [ -9.201103056928661, 38.719093926664684 ], [ -9.200923386275859, 38.719200886057003 ], [ -9.200731198152981, 38.719293533412916 ], [ -9.200528343507521, 38.719370976430369 ], [ -9.200316776038697, 38.719432469239649 ], [ -9.200098533378497, 38.719477419588522 ], [ -9.199875717463497, 38.719505394547483 ], [ -9.199650474286656, 38.719516124680474 ], [ -9.199424973224323, 38.719509506640513 ], [ -9.199201386137748, 38.719485604165335 ], [ -9.198981866450625, 38.719444647463511 ], [ -9.198768528404361, 38.719387030996835 ], [ -9.198563426691152, 38.719313309680388 ], [ -9.198540698825878, 38.719302917080242 ], [ -9.198386823656326, 38.719247608138495 ], [ -9.198191934019233, 38.719158491694095 ], [ -9.19800913307105, 38.71905483873153 ], [ -9.197840181338574, 38.718937647544685 ], [ -9.197686705942022, 38.718808046811056 ], [ -9.197550184924108, 38.71866728471965 ], [ -9.197431933016038, 38.718516716947711 ], [ -9.197333088977503, 38.718357793602543 ], [ -9.197254604632519, 38.71819204525395 ], [ -9.197197235706611, 38.718021068192002 ], [ -9.197161534553448, 38.717846509052322 ], [ -9.197147844840766, 38.717670048956741 ], [ -9.197156298246567, 38.717493387322385 ], [ -9.197186813197204, 38.717318225494942 ], [ -9.19723909565923, 38.717146250363911 ], [ -9.197312641977158, 38.716979118117443 ], [ -9.197406743729585, 38.716818438293423 ], [ -9.197520494556676, 38.716665758280058 ], [ -9.197652798893076, 38.716522548415618 ], [ -9.197802382521981, 38.716390187830179 ], [ -9.197967804848602, 38.716269951166204 ], [ -9.198147472774757, 38.716162996305464 ], [ -9.198339656040917, 38.716070353220374 ], [ -9.198542503887976, 38.715992914057118 ] ] ], [ [ [ -9.197298589962688, 38.719966097077481 ], [ -9.197522178000805, 38.719990003177905 ], [ -9.197741698594042, 38.720030962605222 ], [ -9.197955037785901, 38.72008858092412 ], [ -9.198160141133517, 38.720162303275742 ], [ -9.198355033488076, 38.720251419719837 ], [ -9.198537838012395, 38.72035507207007 ], [ -9.198706794252715, 38.720472262156882 ], [ -9.198860275090766, 38.720601861437956 ], [ -9.198996802412939, 38.72074262186446 ], [ -9.199115061345672, 38.720893187897921 ], [ -9.199213912919982, 38.721052109562478 ], [ -9.199292405043062, 38.721217856406696 ], [ -9.199349781671245, 38.721388832240798 ], [ -9.199385490095775, 38.721563390507043 ], [ -9.199399186271096, 38.721739850135833 ], [ -9.199390738134117, 38.721916511734442 ], [ -9.199360226882247, 38.722091673952669 ], [ -9.199307946197688, 38.722263649867962 ], [ -9.199234399425166, 38.722430783231864 ], [ -9.1991402947301, 38.722591464421669 ], [ -9.199026538283579, 38.722744145943416 ], [ -9.19889422553962, 38.722887357336781 ], [ -9.198744630688521, 38.723019719338566 ], [ -9.198687665096912, 38.723061121563248 ], [ -9.198577128118599, 38.723180762115248 ], [ -9.198427532073698, 38.723313123721709 ], [ -9.198262094565807, 38.723433361113607 ], [ -9.198082408857809, 38.723540316276043 ], [ -9.197890205462127, 38.723632959110951 ], [ -9.197687335473365, 38.723710397359831 ], [ -9.197475752738544, 38.723771885198893 ], [ -9.197257495036711, 38.72381683042375 ], [ -9.197034664449339, 38.723844800154261 ], [ -9.196809407110731, 38.723855525004744 ], [ -9.196583892533656, 38.723848901679077 ], [ -9.196360292709556, 38.723824993965913 ], [ -9.19614076118482, 38.723784032124286 ], [ -9.195927412314886, 38.723726410665492 ], [ -9.19583762234422, 38.72369413624353 ], [ -9.195865973535195, 38.723832758239105 ], [ -9.195879661625094, 38.724009218329584 ], [ -9.195872995787401, 38.724148464388954 ], [ -9.19588311014704, 38.724157005050444 ], [ -9.196019638635603, 38.724297768856658 ], [ -9.196082890312322, 38.724378301988637 ], [ -9.196268303596655, 38.724369475409539 ], [ -9.196493819796379, 38.724376099320644 ], [ -9.196717421381184, 38.724400006751132 ], [ -9.196936955103418, 38.724440967474052 ], [ -9.197150306880175, 38.724498587041609 ], [ -9.197355422147419, 38.724572310582928 ], [ -9.197550325641561, 38.724661428146305 ], [ -9.197733140418151, 38.724765081534677 ], [ -9.197902105924699, 38.724882272568436 ], [ -9.197908582539572, 38.724887741182265 ], [ -9.198046605508228, 38.724983470608407 ], [ -9.198200095014689, 38.725113070537418 ], [ -9.19833662985052, 38.725253831524228 ], [ -9.198454895069784, 38.725404398024992 ], [ -9.198553751642933, 38.725563320059315 ], [ -9.198632247429, 38.725729067172253 ], [ -9.198689626349005, 38.725900043171428 ], [ -9.198725335672087, 38.72607460149753 ], [ -9.198739031344003, 38.726251061080355 ], [ -9.198730581306473, 38.726427722527625 ], [ -9.198700066775173, 38.726602884490617 ], [ -9.198647781463853, 38.726774860049183 ], [ -9.198574228761766, 38.726941992958352 ], [ -9.198480116891409, 38.727102673599781 ], [ -9.198366352092954, 38.727255354484733 ], [ -9.198234029900835, 38.727398565159049 ], [ -9.198084424596338, 38.727530926366434 ], [ -9.197918976937631, 38.727651163333768 ], [ -9.197739280285363, 38.727758118050218 ], [ -9.197547065257362, 38.727850760422015 ], [ -9.197344183060279, 38.727928198195102 ], [ -9.197132587658732, 38.727989685550291 ], [ -9.19691431695378, 38.728034630287816 ], [ -9.196691473152152, 38.728062599532251 ], [ -9.196466202515445, 38.728073323902585 ], [ -9.196240674684534, 38.728066700107306 ], [ -9.196017061778534, 38.728042791939615 ], [ -9.195797517469851, 38.728001829662915 ], [ -9.19558415623707, 38.727944207792696 ], [ -9.195394567529323, 38.727876064819633 ], [ -9.195369586399147, 38.7278981650487 ], [ -9.195204133267563, 38.728018398242533 ], [ -9.195024431562981, 38.728125348849268 ], [ -9.194832211951907, 38.728217986814663 ], [ -9.194629325685147, 38.72829541992715 ], [ -9.194417726766522, 38.728356902412386 ], [ -9.194199453130985, 38.728401842117549 ], [ -9.193976607013489, 38.728429806215672 ], [ -9.193751334697952, 38.728440525375291 ], [ -9.193525805841414, 38.728433896355128 ], [ -9.193302192572874, 38.728409982998677 ], [ -9.193082648568227, 38.728369015619329 ], [ -9.192995593941934, 38.728345502945587 ], [ -9.192999435167089, 38.728356951354186 ], [ -9.193035132043244, 38.728531511525169 ], [ -9.193048814339971, 38.728707971893286 ], [ -9.193040350127772, 38.728884633058676 ], [ -9.193009820758819, 38.729059793675304 ], [ -9.192957520089745, 38.729231766836001 ], [ -9.192883951657709, 38.729398896318827 ], [ -9.192789823836698, 38.729559572538427 ], [ -9.19267604302051, 38.729712248048678 ], [ -9.192543704897867, 38.729855452447097 ], [ -9.192394083903492, 38.729987806537856 ], [ -9.192228620946697, 38.730108035616347 ], [ -9.192048909535492, 38.730214981747743 ], [ -9.191856680429886, 38.730307614920903 ], [ -9.191653784972145, 38.730385042970411 ], [ -9.191442177254629, 38.730446520170666 ], [ -9.191406006263229, 38.7304539661517 ], [ -9.191241973049745, 38.730501621401828 ], [ -9.19102369079121, 38.730546555280796 ], [ -9.190800836651146, 38.730574513425893 ], [ -9.190575556990742, 38.730585226563015 ], [ -9.190350021537805, 38.730578591508873 ], [ -9.19012640248487, 38.730554672165091 ], [ -9.189906853563549, 38.730513698902747 ], [ -9.189693489296856, 38.730456066343137 ], [ -9.189488364629533, 38.730382329556413 ], [ -9.18929345513282, 38.730293198714449 ], [ -9.189110637974439, 38.730189532249831 ], [ -9.188941673837274, 38.730072328586473 ], [ -9.188788189960963, 38.729942716522096 ], [ -9.18865166446982, 38.729801944354826 ], [ -9.188533412138057, 38.72965136785897 ], [ -9.188434571729351, 38.729492437225858 ], [ -9.188356095032661, 38.729326683095458 ], [ -9.188298737699755, 38.729155701813561 ], [ -9.188263051972545, 38.728981140056369 ], [ -9.188249381370102, 38.728804678970924 ], [ -9.18825785738629, 38.728628017983837 ], [ -9.188288398229631, 38.728452858434558 ], [ -9.188340709617236, 38.7282808871906 ], [ -9.188414287614998, 38.728113760402628 ], [ -9.18850842349638, 38.727953087555903 ], [ -9.188622210572854, 38.727800415971444 ], [ -9.188754552929963, 38.727657215906262 ], [ -9.188904175984769, 38.727524866396045 ], [ -9.189069638762833, 38.727404641976577 ], [ -9.189249347776467, 38.727297700411675 ], [ -9.189441572370521, 38.727205071545676 ], [ -9.189644461387976, 38.727127647387853 ], [ -9.18985606099487, 38.727066173524072 ], [ -9.189892230457787, 38.727058728040262 ], [ -9.190056256790262, 38.727011074755076 ], [ -9.190274528987516, 38.726966142799263 ], [ -9.190497372176454, 38.726938185795959 ], [ -9.190722640409316, 38.726927472964512 ], [ -9.190948164391358, 38.726934107465411 ], [ -9.191171772366143, 38.726958025407242 ], [ -9.1913913110245, 38.726998996461838 ], [ -9.191478363507928, 38.727022510366247 ], [ -9.191474522600782, 38.72701106190064 ], [ -9.191438830353773, 38.726836501143957 ], [ -9.191425152476755, 38.726660040470676 ], [ -9.191433620533676, 38.726483379303481 ], [ -9.191464152809719, 38.726308218983533 ], [ -9.191516455104516, 38.726136246385778 ], [ -9.191590023571539, 38.725969117673976 ], [ -9.191684149576036, 38.725808442351877 ], [ -9.191729952226762, 38.725746980952017 ], [ -9.191722167124043, 38.725708906202406 ], [ -9.19170848882966, 38.725532445535549 ], [ -9.191716956119123, 38.725355784325991 ], [ -9.191747487285015, 38.725180623915307 ], [ -9.191762761353234, 38.725130400663978 ], [ -9.191683032818641, 38.725048191987412 ], [ -9.191564782260473, 38.724897618416733 ], [ -9.191465941986875, 38.724738690221869 ], [ -9.191387463785544, 38.724572938019257 ], [ -9.19133010332278, 38.724401958136141 ], [ -9.191294412870679, 38.724227397235268 ], [ -9.191280735993859, 38.72405093645542 ], [ -9.191289204246653, 38.723874275220304 ], [ -9.191319735912378, 38.723699114871742 ], [ -9.191372036796572, 38.723527142284958 ], [ -9.191445603066301, 38.723360013623584 ], [ -9.191539726107997, 38.72319933839092 ], [ -9.191653499356795, 38.72304666393098 ], [ -9.19178582703141, 38.722903460528492 ], [ -9.191935434690297, 38.72277110725129 ], [ -9.192100881507278, 38.722650878671466 ], [ -9.192280574148352, 38.722543932592892 ], [ -9.192472782116019, 38.72245129890338 ], [ -9.19267565441335, 38.722373869658668 ], [ -9.192887237367364, 38.72231239049362 ], [ -9.193105493440205, 38.72226745344333 ], [ -9.193328320847069, 38.72223949124313 ], [ -9.193553573792142, 38.722228773162385 ], [ -9.193779083127868, 38.722235402412188 ], [ -9.194002677238831, 38.722259315151625 ], [ -9.194222202949337, 38.722300281102655 ], [ -9.19443554625361, 38.722357905767097 ], [ -9.194525333931951, 38.722390181305975 ], [ -9.194496985958637, 38.72225155890672 ], [ -9.194483301701448, 38.722075098549084 ], [ -9.194491761941174, 38.721898437138144 ], [ -9.194522285038319, 38.72172327601745 ], [ -9.194574576880948, 38.721551302069692 ], [ -9.194648133723208, 38.721384171471598 ], [ -9.194742247042324, 38.721223493745143 ], [ -9.19485601036706, 38.721070816258361 ], [ -9.194988328011695, 38.72092760932513 ], [ -9.195137925631265, 38.720795252047317 ], [ -9.195194891542537, 38.720753851533146 ], [ -9.195305430589691, 38.720634214103498 ], [ -9.195455027015575, 38.720501856430303 ], [ -9.195620462673562, 38.720381622980938 ], [ -9.195800144337094, 38.720274671606177 ], [ -9.195992341614366, 38.720182032244828 ], [ -9.196195203611373, 38.720104597007271 ], [ -9.196406776754305, 38.720043111586072 ], [ -9.196625023599765, 38.719998168076543 ], [ -9.196847842451783, 38.719970199276261 ], [ -9.197073087596911, 38.719959474518127 ], [ -9.197298589962688, 38.719966097077481 ] ] ], [ [ [ -9.19927540419893, 38.730363953781762 ], [ -9.199411951351113, 38.730504713215637 ], [ -9.199530227716831, 38.730655278339761 ], [ -9.199629094159171, 38.730814199187044 ], [ -9.199707598442101, 38.730979945313969 ], [ -9.199764984404785, 38.73115092053763 ], [ -9.199800699248508, 38.731325478306225 ], [ -9.199814398865815, 38.731501937554924 ], [ -9.199805951160387, 38.731678598894675 ], [ -9.19977543732541, 38.731853760977778 ], [ -9.199723151067872, 38.732025736882953 ], [ -9.199649595786104, 38.732192870361871 ], [ -9.199555479727406, 38.732353551790695 ], [ -9.199441709172259, 38.732506233673128 ], [ -9.199309379710503, 38.732649445545363 ], [ -9.199159765693414, 38.732781808139556 ], [ -9.19899430796306, 38.732902046669224 ], [ -9.19881459997708, 38.733009003108513 ], [ -9.198622372462452, 38.73310164734702 ], [ -9.1984194767461, 38.733179087112696 ], [ -9.198207866922854, 38.733240576567141 ], [ -9.197989581032688, 38.733285523490395 ], [ -9.197766721428616, 38.733313494985964 ], [ -9.197541434524451, 38.73332422165111 ], [ -9.197442139592939, 38.733321306628028 ], [ -9.197420712849352, 38.733323995851016 ], [ -9.197195425845036, 38.733334721850447 ], [ -9.196969881421808, 38.733328099703961 ], [ -9.196746251858618, 38.733304193188843 ], [ -9.196526690988334, 38.733263232552623 ], [ -9.196313313449078, 38.733205612294967 ], [ -9.19610817431346, 38.733131887367527 ], [ -9.196104551755061, 38.733130231142212 ], [ -9.196099463308965, 38.733159431660738 ], [ -9.196047167318188, 38.73333140602238 ], [ -9.195973602146552, 38.733498537291851 ], [ -9.195879476136611, 38.733659215866616 ], [ -9.195765695664683, 38.733811894277856 ], [ -9.195633356416137, 38.73395510209518 ], [ -9.195483732836516, 38.73408746008981 ], [ -9.195318265860003, 38.734207693519515 ], [ -9.195138549033302, 38.734314644407576 ], [ -9.194946313168565, 38.734407282697056 ], [ -9.19474340967315, 38.734484716173199 ], [ -9.194531792716832, 38.734546199058173 ], [ -9.19431350040831, 38.734591139195295 ], [ -9.194090635162416, 38.734619103753417 ], [ -9.193865343447328, 38.734629823396681 ], [ -9.193639795106968, 38.734623194879113 ], [ -9.193416162458021, 38.734599282039369 ], [ -9.193196599363075, 38.734558315185893 ], [ -9.193188666780863, 38.734556172876559 ], [ -9.193105973501119, 38.734587729334933 ], [ -9.192894354770479, 38.734649209278437 ], [ -9.192676061053117, 38.734694146375645 ], [ -9.192453194777446, 38.734722107824702 ], [ -9.192336548589568, 38.734727656395464 ], [ -9.192212588867609, 38.734743208420724 ], [ -9.191987296398857, 38.734753924453308 ], [ -9.191761747757996, 38.734747292314907 ], [ -9.191538115264603, 38.734723375879042 ], [ -9.191318552779771, 38.734682405488762 ], [ -9.191105174957167, 38.734624775737721 ], [ -9.190900036872115, 38.734551041669022 ], [ -9.190705114225104, 38.734461913428383 ], [ -9.190612249479573, 38.734409259474454 ], [ -9.190498011957446, 38.734452850431737 ], [ -9.190286391277532, 38.734514325680856 ], [ -9.190068096222438, 38.734559257925689 ], [ -9.18984522923347, 38.734587214411121 ], [ -9.189619936795593, 38.734597925879008 ], [ -9.189394388759695, 38.734591289162161 ], [ -9.189170757439529, 38.734567368178226 ], [ -9.188951196684878, 38.734526393314063 ], [ -9.188737821132737, 38.734468759206422 ], [ -9.188532685836563, 38.734395020940333 ], [ -9.188337766469969, 38.734305888701989 ], [ -9.188154940295744, 38.734202220937362 ], [ -9.187985968083604, 38.734085016082965 ], [ -9.187832477150945, 38.733955402947949 ], [ -9.18769594569004, 38.733814629840765 ], [ -9.187577688532571, 38.73366405254481 ], [ -9.187478844488671, 38.733505121259107 ], [ -9.187400365382286, 38.733339366629906 ], [ -9.18734300688836, 38.733168385007794 ], [ -9.187307321259954, 38.732993823072306 ], [ -9.187293652015159, 38.732817361972131 ], [ -9.187302130634727, 38.732640701134081 ], [ -9.187332675302075, 38.732465541896119 ], [ -9.187384991697463, 38.732293571122767 ], [ -9.187458575838525, 38.732126444960166 ], [ -9.187552718939539, 38.731965772887548 ], [ -9.187666514242432, 38.731813102218453 ], [ -9.187798865753512, 38.731669903201066 ], [ -9.187801079965444, 38.731667944766464 ], [ -9.187840017294828, 38.731615705004714 ], [ -9.18797236809969, 38.731472505796106 ], [ -9.188122000419048, 38.731340157239821 ], [ -9.188287473189247, 38.731219933862427 ], [ -9.188467192826371, 38.731112993417703 ], [ -9.188659428572979, 38.731020365739205 ], [ -9.18886232916466, 38.730942942824733 ], [ -9.18907394065601, 38.730881470248214 ], [ -9.189292225234411, 38.730836539981262 ], [ -9.189515080840605, 38.730808584693897 ], [ -9.189740361407278, 38.730797873588934 ], [ -9.189965897520933, 38.730804509810248 ], [ -9.190189517308337, 38.730828429449829 ], [ -9.190409067346575, 38.730869402163208 ], [ -9.190622433395639, 38.730927033387118 ], [ -9.190827560754057, 38.731000768138465 ], [ -9.1910224740418, 38.731089896357595 ], [ -9.191205296220087, 38.731193559744867 ], [ -9.191265704102326, 38.731235459575544 ], [ -9.191267684798655, 38.731234884146701 ], [ -9.191485968978977, 38.731189949789858 ], [ -9.191708824728794, 38.731161990318157 ], [ -9.191825465186163, 38.731156442451791 ], [ -9.191949418819474, 38.731140890914105 ], [ -9.192174699957244, 38.731130175108348 ], [ -9.192400237233715, 38.731136806614224 ], [ -9.192623858764456, 38.731160721569154 ], [ -9.192734012862799, 38.731181276199422 ], [ -9.192741837079346, 38.731177505766652 ], [ -9.19294473354112, 38.73110007582374 ], [ -9.193156341823373, 38.731038595901026 ], [ -9.193374624144379, 38.730993658040859 ], [ -9.193597478466609, 38.730965694986395 ], [ -9.1938227587351, 38.730954976015212 ], [ -9.194048295539236, 38.730961604346945 ], [ -9.194271916999128, 38.730985516149566 ], [ -9.194491469675766, 38.731026481154018 ], [ -9.194704839303744, 38.7310841048713 ], [ -9.194909971147142, 38.731157832390586 ], [ -9.194920148475219, 38.731162485715238 ], [ -9.194960280968717, 38.731030514342301 ], [ -9.195033846117866, 38.730863383643467 ], [ -9.195127970513411, 38.730702705699095 ], [ -9.195241747577386, 38.730550027879303 ], [ -9.195374081491721, 38.730406820501173 ], [ -9.195523697754732, 38.730274462670813 ], [ -9.19568915545735, 38.730154229004135 ], [ -9.19586886116072, 38.730047277354004 ], [ -9.196061084241542, 38.729954637661862 ], [ -9.196263973557343, 38.729877202041237 ], [ -9.196475575271261, 38.729815716188384 ], [ -9.196693851664808, 38.729770772202741 ], [ -9.196916700757519, 38.72974280288647 ], [ -9.197141976544781, 38.729732077577424 ], [ -9.197241266497105, 38.729734992928009 ], [ -9.197262692179002, 38.72973230375144 ], [ -9.197487967866142, 38.729721577776758 ], [ -9.197713500963919, 38.729728199088044 ], [ -9.197937119628145, 38.729752103920873 ], [ -9.198156670446723, 38.729793062073313 ], [ -9.198370039172143, 38.729850679122301 ], [ -9.198575171077183, 38.729924400221243 ], [ -9.198770090738055, 38.730013515441961 ], [ -9.198952921054646, 38.730117166609951 ], [ -9.19912190132483, 38.730234355566999 ], [ -9.19927540419893, 38.730363953781762 ] ] ], [ [ [ -9.180560064794344, 38.712259167371926 ], [ -9.180771629003827, 38.712197710303514 ], [ -9.180989862561026, 38.71215279612214 ], [ -9.181212663897941, 38.712124857342943 ], [ -9.181437887469775, 38.712114163009794 ], [ -9.181663364411781, 38.712120816105092 ], [ -9.181886923420421, 38.712144752558359 ], [ -9.182106411657962, 38.712185741863181 ], [ -9.182319715479405, 38.712243389296546 ], [ -9.182524780782416, 38.712317139719239 ], [ -9.182719632784449, 38.712406282920682 ], [ -9.182902395036823, 38.712509960456885 ], [ -9.183071307492767, 38.712627173915735 ], [ -9.183224743455574, 38.712756794529795 ], [ -9.183361225243706, 38.712897574044788 ], [ -9.183378384764644, 38.712919432288949 ], [ -9.183391408269554, 38.712928469566613 ], [ -9.183544845457581, 38.713058089736805 ], [ -9.183681328451671, 38.713198868854072 ], [ -9.18379954280509, 38.713349451199896 ], [ -9.183898349978115, 38.71350838664128 ], [ -9.183976798305512, 38.713674144594101 ], [ -9.184034132165365, 38.713845128761506 ], [ -9.184069799260813, 38.714019692505474 ], [ -9.184083455944339, 38.714196154703586 ], [ -9.184074970533237, 38.71437281593829 ], [ -9.184044424583949, 38.714547974862874 ], [ -9.183996258653659, 38.714706313460127 ], [ -9.18416658071947, 38.714724545661589 ], [ -9.184386078085636, 38.714765530539388 ], [ -9.184599391359018, 38.714823173654722 ], [ -9.18480446634628, 38.714896919909968 ], [ -9.184999328171637, 38.714986059134667 ], [ -9.185182100291822, 38.715089732923154 ], [ -9.185351022565056, 38.715206942899364 ], [ -9.185504468200104, 38.715336560329469 ], [ -9.185640959422292, 38.715477336989814 ], [ -9.185759181705654, 38.715627917185564 ], [ -9.185857996434102, 38.71578685080442 ], [ -9.185936451869638, 38.715952607279817 ], [ -9.185993792321886, 38.716123590329154 ], [ -9.186029465430481, 38.716298153325184 ], [ -9.186043127489993, 38.716474615152684 ], [ -9.186041944606927, 38.716499255729751 ], [ -9.186066805962161, 38.71657338875935 ], [ -9.186102479496581, 38.716747951714211 ], [ -9.186116141846462, 38.716924413516061 ], [ -9.186107661274493, 38.717101074751191 ], [ -9.186077119290498, 38.717276234072891 ], [ -9.186024809872704, 38.717448204586425 ], [ -9.185951236642625, 38.71761533009532 ], [ -9.185857108020562, 38.717776001052528 ], [ -9.185743330408128, 38.717928670062577 ], [ -9.185610999463265, 38.718071866785614 ], [ -9.185461389551655, 38.718204212099749 ], [ -9.185433035922221, 38.718224814699525 ], [ -9.185455080888715, 38.718223767218433 ], [ -9.185680577237463, 38.718230412283546 ], [ -9.185904156492295, 38.718254340743357 ], [ -9.186123665620549, 38.718295322168387 ], [ -9.186336990776093, 38.718352961911492 ], [ -9.186542077651186, 38.718426704907543 ], [ -9.18673695125559, 38.718515841017471 ], [ -9.186919734932621, 38.718619511865612 ], [ -9.187088668429221, 38.718736719104214 ], [ -9.187242124846078, 38.718866334025812 ], [ -9.187378626304698, 38.719007108430951 ], [ -9.187496858180536, 38.71915768664649 ], [ -9.187595681765117, 38.719316618579235 ], [ -9.187674145235146, 38.719482373678858 ], [ -9.187731492822856, 38.719653355676009 ], [ -9.187767172099147, 38.719827917953594 ], [ -9.187780839299164, 38.720004379403321 ], [ -9.187772362638867, 38.720181040614868 ], [ -9.187741823590384, 38.72035620024176 ], [ -9.18768951610364, 38.720528171386327 ], [ -9.18761594378153, 38.720695297846056 ], [ -9.187521815035581, 38.720855970064683 ], [ -9.187484834251755, 38.720905591684478 ], [ -9.187476077386165, 38.720920539071962 ], [ -9.187532392131986, 38.720935753850007 ], [ -9.187737487631775, 38.721009494595407 ], [ -9.18793236976482, 38.721098628553953 ], [ -9.188115161792318, 38.721202297370716 ], [ -9.188284103380806, 38.721319502717485 ], [ -9.188437567553054, 38.721449115905045 ], [ -9.188574076355884, 38.7215898887506 ], [ -9.188692315094027, 38.721740465596099 ], [ -9.188791144992914, 38.721899396361501 ], [ -9.188869614168436, 38.72206515050776 ], [ -9.188926966797869, 38.722236131774686 ], [ -9.188962650403537, 38.722410693552256 ], [ -9.188976321178883, 38.722587154736971 ], [ -9.18896784730541, 38.722763815921077 ], [ -9.188937310228386, 38.722938975758353 ], [ -9.188885003878729, 38.723110947349127 ], [ -9.188811431848361, 38.723278074486572 ], [ -9.188798113296118, 38.723300808510743 ], [ -9.188748735331831, 38.723412975567953 ], [ -9.188654605717787, 38.723573648639629 ], [ -9.188540825209294, 38.723726320268973 ], [ -9.188408489492154, 38.723869520090894 ], [ -9.18825887297797, 38.72400186895365 ], [ -9.188093416532935, 38.72412209220299 ], [ -9.187913713602372, 38.72422903196022 ], [ -9.187721494864629, 38.724321658275642 ], [ -9.187518611562124, 38.724399079049839 ], [ -9.187307017670156, 38.724460548627384 ], [ -9.187088751075262, 38.724505474979743 ], [ -9.186865913944597, 38.724533425408595 ], [ -9.186640652475507, 38.724544130714129 ], [ -9.186415136220557, 38.724537487788517 ], [ -9.186191537187344, 38.724513560609211 ], [ -9.18597200891463, 38.724472579622741 ], [ -9.185758665726514, 38.724414939524792 ], [ -9.185553562364687, 38.724341195458123 ], [ -9.185358674195149, 38.724252057664756 ], [ -9.185175878180191, 38.724148384644145 ], [ -9.185006934799031, 38.724031174883379 ], [ -9.184853471091383, 38.723901557238875 ], [ -9.184716964987309, 38.723760780062499 ], [ -9.184598731074296, 38.723610199176761 ], [ -9.18449990793864, 38.723451264815282 ], [ -9.184421447202963, 38.723285507653898 ], [ -9.184364104365336, 38.723114524067533 ], [ -9.184328431528108, 38.722939960754623 ], [ -9.184314772086246, 38.722763498877143 ], [ -9.184323257426181, 38.722586837869336 ], [ -9.184353805666689, 38.722411679070817 ], [ -9.184406122453696, 38.722239709341864 ], [ -9.184479703801154, 38.722072584818562 ], [ -9.184493023514086, 38.722049851265666 ], [ -9.184542407284257, 38.721937685900045 ], [ -9.184565280136423, 38.721898647280504 ], [ -9.184508965226611, 38.721883431077302 ], [ -9.18430387039666, 38.721809684666752 ], [ -9.184108990681585, 38.721720544633456 ], [ -9.183926202962237, 38.721616869498476 ], [ -9.18375726763793, 38.721499657769236 ], [ -9.183603811670777, 38.721370038321126 ], [ -9.183467312916283, 38.721229259523327 ], [ -9.183349085891159, 38.721078677214017 ], [ -9.183250269115366, 38.720919741640472 ], [ -9.183171814150281, 38.720753983490233 ], [ -9.183114476438416, 38.720582999147709 ], [ -9.183078808032761, 38.720408435318625 ], [ -9.183065152285632, 38.720231973169916 ], [ -9.183073640547891, 38.720055312138442 ], [ -9.183104190910191, 38.719880153564048 ], [ -9.183156508998049, 38.719708184304814 ], [ -9.183230090812911, 38.719541060492332 ], [ -9.183324227591548, 38.719380391583179 ], [ -9.183361210521138, 38.719330771237502 ], [ -9.183441231627675, 38.719194193543863 ], [ -9.183555016135177, 38.719041526710079 ], [ -9.183687352980845, 38.718898332255137 ], [ -9.183836967634869, 38.718765989160694 ], [ -9.183865321941783, 38.718745386940491 ], [ -9.183843276785124, 38.71874643412427 ], [ -9.183617778902573, 38.718739785535959 ], [ -9.183394198793811, 38.718715852715739 ], [ -9.183174689815301, 38.718674866164456 ], [ -9.182961366105275, 38.718617220631458 ], [ -9.182756282217792, 38.718543471311776 ], [ -9.182561413331262, 38.718454328498019 ], [ -9.182378636222229, 38.718350650738032 ], [ -9.182209711187802, 38.71823343656451 ], [ -9.18205626509099, 38.718103814876358 ], [ -9.181919775692231, 38.717963034064347 ], [ -9.18180155741813, 38.71781244998602 ], [ -9.181702748704373, 38.71765351290572 ], [ -9.181624301034709, 38.717487753525447 ], [ -9.181566969781397, 38.717316768241467 ], [ -9.181531306935256, 38.71714220376856 ], [ -9.181517655795071, 38.716965741279864 ], [ -9.181518840236906, 38.716941100728633 ], [ -9.181493983422355, 38.716866966672328 ], [ -9.181458321001809, 38.716692402158294 ], [ -9.181444670151746, 38.716515939643962 ], [ -9.181453162175901, 38.716339278569727 ], [ -9.181483715128726, 38.716164120275799 ], [ -9.181531887532, 38.716005782661291 ], [ -9.181361562999349, 38.715987546658305 ], [ -9.181142063477019, 38.715946556138213 ], [ -9.180928749476823, 38.715888906732985 ], [ -9.18072367545928, 38.715815153675003 ], [ -9.18052881650773, 38.715726007292851 ], [ -9.180346049303004, 38.715622326168749 ], [ -9.18017713404682, 38.715505108867774 ], [ -9.180023697507993, 38.715375484318947 ], [ -9.179887217354905, 38.715234700940599 ], [ -9.179870058315977, 38.715212842185373 ], [ -9.179857034824446, 38.715203804518495 ], [ -9.179703599510969, 38.715074179525843 ], [ -9.179567120563929, 38.714933395749838 ], [ -9.179448912309262, 38.714782809076546 ], [ -9.179350113086166, 38.714623869795268 ], [ -9.179271674286984, 38.714458108629231 ], [ -9.179214351198562, 38.714287121991873 ], [ -9.179178695733096, 38.714112556610999 ], [ -9.179165051118314, 38.713936093668458 ], [ -9.17917354859792, 38.713759432608747 ], [ -9.179204106173849, 38.713584274771954 ], [ -9.179256429402205, 38.713412307009094 ], [ -9.179330014234976, 38.713245185437295 ], [ -9.179424151879939, 38.713084519491588 ], [ -9.179537935631693, 38.712931856426501 ], [ -9.179670269607922, 38.71278866641704 ], [ -9.179819879306482, 38.712656328402069 ], [ -9.179985323881644, 38.712536116806682 ], [ -9.180165010021067, 38.712429189271262 ], [ -9.180357207289923, 38.712336575505034 ], [ -9.180560064794344, 38.712259167371926 ] ] ], [ [ [ -9.180843350900634, 38.721487884673216 ], [ -9.181046233510367, 38.721410475461084 ], [ -9.18125782408921, 38.721349017235639 ], [ -9.181476085025924, 38.721304101830356 ], [ -9.181698914488889, 38.721276161772153 ], [ -9.181924166662506, 38.72126546611721 ], [ -9.182149672406652, 38.721272117860643 ], [ -9.182373260140487, 38.721296052944993 ], [ -9.182592776749702, 38.721337040877053 ], [ -9.182806108316139, 38.721394686947001 ], [ -9.18301120047032, 38.7214684360288 ], [ -9.183206078171164, 38.721557577924784 ], [ -9.183388864722531, 38.721661254203568 ], [ -9.183557799843665, 38.721778466465111 ], [ -9.183711256619594, 38.721908085953608 ], [ -9.183847757168341, 38.722048864425595 ], [ -9.183965986874092, 38.722199446168794 ], [ -9.184064807049246, 38.722358381056011 ], [ -9.184143265903304, 38.722524138508504 ], [ -9.184200607712928, 38.722695122234221 ], [ -9.184236280104621, 38.722869685599427 ], [ -9.184249939379807, 38.723046147485356 ], [ -9.18424145383074, 38.723222808477438 ], [ -9.184210905015124, 38.72339796723135 ], [ -9.184158586976935, 38.723569936857771 ], [ -9.184085003420664, 38.723737061168805 ], [ -9.183990862866029, 38.723897730628892 ], [ -9.183877071829535, 38.724050397856963 ], [ -9.183744726098395, 38.724193592530341 ], [ -9.18359510018068, 38.724325935546823 ], [ -9.183429635033173, 38.724446152308474 ], [ -9.183249924185038, 38.724553084999087 ], [ -9.1830576983909, 38.724645703737011 ], [ -9.182854808961165, 38.724723116495831 ], [ -9.182643209930161, 38.724784577697292 ], [ -9.182424939233941, 38.724829495393564 ], [ -9.182202099079177, 38.724857436969685 ], [ -9.181976835692348, 38.724868133311126 ], [ -9.181751318644494, 38.724861481396402 ], [ -9.18152771995085, 38.724837545289553 ], [ -9.181308193146904, 38.724796555523092 ], [ -9.181094852542595, 38.724738906877306 ], [ -9.180889752854716, 38.724665154577252 ], [ -9.180694869413868, 38.724576008944268 ], [ -9.180512079136776, 38.724472328553325 ], [ -9.18034314244737, 38.724355111962502 ], [ -9.180189686320894, 38.724225488093978 ], [ -9.180053188614364, 38.724084705359566 ], [ -9.17993496383437, 38.72393411963531 ], [ -9.179836150479218, 38.723775181201397 ], [ -9.179757700077321, 38.723609420772895 ], [ -9.179700368027206, 38.72343843475619 ], [ -9.17966470632731, 38.723263869873072 ], [ -9.179651058265335, 38.723087407300653 ], [ -9.179659555118111, 38.72291074647984 ], [ -9.179690114893534, 38.722735588748442 ], [ -9.179742443126454, 38.722563620956414 ], [ -9.179816035720599, 38.722396499221205 ], [ -9.17991018380893, 38.722235832979372 ], [ -9.18002398058543, 38.722083169488322 ], [ -9.180156330042294, 38.721939978927097 ], [ -9.180305957528281, 38.721807640239895 ], [ -9.180471422026336, 38.721687427858257 ], [ -9.180651130032254, 38.72158049943009 ], [ -9.180843350900634, 38.721487884673216 ] ] ], [ [ [ -9.185427270767399, 38.739062138001167 ], [ -9.185630197535238, 38.738984720433606 ], [ -9.185841835507182, 38.738923253419493 ], [ -9.186060146615654, 38.738878328876872 ], [ -9.186283028545967, 38.738850379420633 ], [ -9.186508334977352, 38.738839674197457 ], [ -9.186733896247295, 38.73884631629457 ], [ -9.186957540240353, 38.738870241747399 ], [ -9.187177113300562, 38.738911220155479 ], [ -9.18739050096624, 38.73896885690074 ], [ -9.187595648327781, 38.739042596946923 ], [ -9.187790579812539, 38.739131730183438 ], [ -9.187973418206504, 38.739235398262288 ], [ -9.188142402729719, 38.739352602862475 ], [ -9.188295905991492, 38.739482215301962 ], [ -9.188432449662178, 38.739622987405241 ], [ -9.188550718710673, 38.73977356352141 ], [ -9.188649574070441, 38.73993249357752 ], [ -9.188728063612077, 38.740098247041367 ], [ -9.188785431316612, 38.740269227659383 ], [ -9.188821124561063, 38.740443788827754 ], [ -9.188834799445901, 38.740620249448938 ], [ -9.188826324112918, 38.740796910120572 ], [ -9.188795780021286, 38.740972069501368 ], [ -9.188743461169336, 38.741144040696049 ], [ -9.188669871269264, 38.741311167501564 ], [ -9.188575718901747, 38.741471840358351 ], [ -9.18846191069694, 38.741624511852578 ], [ -9.188329542607299, 38.741767711620476 ], [ -9.188179889356146, 38.741900060510737 ], [ -9.188014392163456, 38.742020283868833 ], [ -9.187834644866982, 38.742127223814968 ], [ -9.187642378572376, 38.742219850397596 ], [ -9.187439444980122, 38.742297271514708 ], [ -9.187227798549923, 38.742358741507495 ], [ -9.187009477674401, 38.742403668343442 ], [ -9.186786585043583, 38.742431619319518 ], [ -9.186561267389454, 38.742442325230655 ], [ -9.186335694805813, 38.742435682963176 ], [ -9.186112039842881, 38.742411756488202 ], [ -9.185892456578189, 38.742370776245473 ], [ -9.185679059865569, 38.74231313692357 ], [ -9.185473904962297, 38.742239393657783 ], [ -9.185278967730847, 38.742150256682415 ], [ -9.185096125606067, 38.742046584489145 ], [ -9.184927139511288, 38.741929375557106 ], [ -9.184773636897596, 38.741799758734757 ], [ -9.18463709606973, 38.741658982366083 ], [ -9.18451883194955, 38.741508402265879 ], [ -9.184419983414196, 38.741349468660232 ], [ -9.184341502330819, 38.741183712217712 ], [ -9.184284144393335, 38.741012729306384 ], [ -9.184248461849387, 38.740838166618154 ], [ -9.184234798187289, 38.740661705309023 ], [ -9.184243284833972, 38.740485044807762 ], [ -9.184273839895479, 38.740309886449097 ], [ -9.184326168951912, 38.740137917089065 ], [ -9.184399767898926, 38.73997079286017 ], [ -9.184493927808171, 38.739810123223002 ], [ -9.184607741759674, 38.739657455467622 ], [ -9.18474011358013, 38.739514259814158 ], [ -9.184889768402845, 38.739381915255763 ], [ -9.185055264947456, 38.739261696280522 ], [ -9.185235009401108, 38.73915476059976 ], [ -9.185427270767399, 38.739062138001167 ] ] ], [ [ [ -9.189000619991315, 38.762417484275112 ], [ -9.189203608321373, 38.762340059931581 ], [ -9.189415311603094, 38.762278585760875 ], [ -9.189633691140061, 38.762233653749931 ], [ -9.189856643958732, 38.762205696585511 ], [ -9.190082023055824, 38.762194983488506 ], [ -9.190307658069189, 38.762201617621947 ], [ -9.190531376173389, 38.762225535097961 ], [ -9.190751022998914, 38.762266505592905 ], [ -9.190964483373866, 38.762324134564921 ], [ -9.191169701688573, 38.762397867052641 ], [ -9.191364701687208, 38.762486993018271 ], [ -9.191547605496051, 38.762590654183917 ], [ -9.191716651705251, 38.762707852295179 ], [ -9.191870212330091, 38.762837458732577 ], [ -9.192006808488497, 38.762978225378447 ], [ -9.192125124643852, 38.763128796634504 ], [ -9.192224021275893, 38.763287722474672 ], [ -9.192302545857645, 38.76345347240737 ], [ -9.192359942032553, 38.763624450213101 ], [ -9.192395656903301, 38.763799009315186 ], [ -9.192409346361913, 38.763975468635962 ], [ -9.192400878409639, 38.764152128785632 ], [ -9.192370334434383, 38.764327288427985 ], [ -9.19235469116985, 38.764378700950232 ], [ -9.192361562190762, 38.764467269355805 ], [ -9.192353094090336, 38.764643929489857 ], [ -9.192322549815911, 38.764819089109793 ], [ -9.192270223367389, 38.764991061318014 ], [ -9.192196618529934, 38.765158189901683 ], [ -9.192102444027917, 38.765318865284094 ], [ -9.191988606704513, 38.7654715400271 ], [ -9.191856202792492, 38.765614743735547 ], [ -9.191706507360079, 38.765747097220171 ], [ -9.191540962033432, 38.765867325782125 ], [ -9.191361161113852, 38.765974271491451 ], [ -9.191168836223435, 38.766066904341031 ], [ -9.190965839627045, 38.766144332168466 ], [ -9.190754126391246, 38.76620580925028 ], [ -9.190535735552162, 38.766250743485614 ], [ -9.190312770473772, 38.766278702100152 ], [ -9.19008737858594, 38.76628941581523 ], [ -9.189861730697565, 38.766282781442015 ], [ -9.189638000084289, 38.766258862875574 ], [ -9.189418341552392, 38.766217890479496 ], [ -9.189204870680753, 38.766160258866812 ], [ -9.188999643441003, 38.766086523098558 ], [ -9.188804636392403, 38.765997393336917 ], [ -9.188621727642294, 38.765893728004087 ], [ -9.188452678755729, 38.765776525513203 ], [ -9.188299117788562, 38.765646914650752 ], [ -9.188162523607515, 38.765506143703369 ], [ -9.18804421164824, 38.765355568433691 ], [ -9.187945321248531, 38.765196639021326 ], [ -9.18786680467861, 38.76503088609455 ], [ -9.187809417974027, 38.764859905987549 ], [ -9.187773713659302, 38.764685345365322 ], [ -9.187760035432246, 38.764508885363988 ], [ -9.187768514859862, 38.764332225399706 ], [ -9.187799070117528, 38.764157066802085 ], [ -9.187814716621096, 38.764105654842474 ], [ -9.187807851261033, 38.764017086084628 ], [ -9.187816330540224, 38.763840426104707 ], [ -9.187846885498457, 38.76366526748464 ], [ -9.187899221716641, 38.76349329708296 ], [ -9.187972835021279, 38.763326171042223 ], [ -9.188067016345585, 38.763165498840415 ], [ -9.188180858563204, 38.763012827792274 ], [ -9.188313265228501, 38.762869628149595 ], [ -9.188462961139125, 38.762737278943938 ], [ -9.188628504618963, 38.762617054708031 ], [ -9.188808301403142, 38.762510113203867 ], [ -9.189000619991315, 38.762417484275112 ] ] ], [ [ [ -9.178613595483862, 38.734287669037592 ], [ -9.17881651648322, 38.734210263323348 ], [ -9.179028146578391, 38.734148808712519 ], [ -9.179246447777654, 38.734103897003727 ], [ -9.179469317861738, 38.734075960688287 ], [ -9.17969461062394, 38.73406526878636 ], [ -9.179920156533356, 38.734071924256895 ], [ -9.180143783622428, 38.734095863006573 ], [ -9.180363338397939, 38.734136854506865 ], [ -9.180576706574248, 38.734194504013651 ], [ -9.180781833429382, 38.734268256367784 ], [ -9.180976743588127, 38.73435740134012 ], [ -9.181159560041797, 38.7344610804697 ], [ -9.181328522221678, 38.734578295329037 ], [ -9.181482002952208, 38.734707917137342 ], [ -9.181618524120692, 38.73484869762882 ], [ -9.181736770912702, 38.734999281071801 ], [ -9.181835604476019, 38.735158217322727 ], [ -9.181914072891143, 38.73532397578974 ], [ -9.181971420342562, 38.735494960171039 ], [ -9.182007094402358, 38.735669523826559 ], [ -9.182020751355783, 38.735845985634761 ], [ -9.182012259517347, 38.736022646181851 ], [ -9.18198170050522, 38.736197804127706 ], [ -9.181929368461478, 38.736369772590827 ], [ -9.181855767225413, 38.736536895394487 ], [ -9.18176160548693, 38.736697563017607 ], [ -9.181647789966489, 38.736850228096792 ], [ -9.181515416687057, 38.73699342033003 ], [ -9.181365760421993, 38.737125760638605 ], [ -9.181200262420342, 38.737245974450602 ], [ -9.181020516527688, 38.737352903978206 ], [ -9.180828253836198, 38.737445519370205 ], [ -9.180625326011677, 38.737522928632373 ], [ -9.180413687458289, 38.737584386220128 ], [ -9.180195376492801, 38.737629300220412 ], [ -9.179972495709789, 38.73765723805387 ], [ -9.179747191727111, 38.73766793064199 ], [ -9.179521634506875, 38.737661274999468 ], [ -9.179297996451298, 38.737637335226232 ], [ -9.179078431475038, 38.737596341890118 ], [ -9.178865054255745, 38.737538689805824 ], [ -9.178659919862907, 38.737464934231546 ], [ -9.17846500396141, 38.737375785520157 ], [ -9.178282183780633, 38.737272102276357 ], [ -9.178113220032513, 38.737154883085672 ], [ -9.177959739952884, 38.737025256895386 ], [ -9.177823221629424, 38.736884472139671 ], [ -9.177704979767235, 38.736733884714099 ], [ -9.17760615302908, 38.736574944915226 ], [ -9.177527693072173, 38.736409183471309 ], [ -9.17747035538698, 38.73623819679851 ], [ -9.177434692026109, 38.736063631624972 ], [ -9.177421046293158, 38.735887169130578 ], [ -9.177429549442421, 38.735710508755474 ], [ -9.177460119421051, 38.735535351833192 ], [ -9.177512461665543, 38.735363385205879 ], [ -9.177586071944592, 38.735196264979727 ], [ -9.177680241220777, 38.735035600576751 ], [ -9.17779406248397, 38.734882939236591 ], [ -9.177926439490511, 38.734739751117594 ], [ -9.178076097323812, 38.734607415140374 ], [ -9.178241594674564, 38.734487205710359 ], [ -9.178421337722192, 38.734380280446977 ], [ -9.178613595483862, 38.734287669037592 ] ] ], [ [ [ -9.17747828781064, 38.773918077024248 ], [ -9.177681321367292, 38.773840672218512 ], [ -9.177893068786823, 38.773779218430022 ], [ -9.178111490947858, 38.773734307449459 ], [ -9.178334484466481, 38.773706371761065 ], [ -9.178559901947558, 38.773695680378935 ], [ -9.17878557265939, 38.773702336257017 ], [ -9.179009323432822, 38.77372627529806 ], [ -9.179228999583801, 38.7737672669708 ], [ -9.179442485658056, 38.773824916529449 ], [ -9.179647725798446, 38.773898668814446 ], [ -9.179842743538959, 38.77398781359738 ], [ -9.180025660834996, 38.774091492419188 ], [ -9.180194716146772, 38.774208706855454 ], [ -9.18034828140185, 38.774338328129524 ], [ -9.180484877673488, 38.774479107980852 ], [ -9.180603189423881, 38.774629690684009 ], [ -9.180702077175079, 38.774788626102669 ], [ -9.180780588485522, 38.774954383653025 ], [ -9.180837967126349, 38.775125367042179 ], [ -9.180842086505733, 38.775145513467109 ], [ -9.180871870347419, 38.775234266350445 ], [ -9.180907563732802, 38.775408828932441 ], [ -9.180921227787806, 38.775585289618256 ], [ -9.180912730758228, 38.775761949004888 ], [ -9.180882154311915, 38.77593710576339 ], [ -9.18082979275853, 38.77610907302369 ], [ -9.180756150221274, 38.776276194620557 ], [ -9.180661935787555, 38.776436861044523 ], [ -9.180548056685108, 38.776589524943653 ], [ -9.180415609549078, 38.776732716027205 ], [ -9.180265869864, 38.776865055227439 ], [ -9.18010027968227, 38.776985267983072 ], [ -9.179920433737241, 38.777092196516321 ], [ -9.179728064084729, 38.77718481098551 ], [ -9.179525023420787, 38.777262219405195 ], [ -9.179313267236477, 38.777323676238829 ], [ -9.179094834981669, 38.777368589580597 ], [ -9.178871830419304, 38.777396526857402 ], [ -9.178646401359607, 38.777407218996103 ], [ -9.178420718969564, 38.777400563015703 ], [ -9.178196956857173, 38.777376623019386 ], [ -9.177977270132134, 38.777335629577195 ], [ -9.177763774644891, 38.777277977504873 ], [ -9.177558526604164, 38.777204222060547 ], [ -9.177363502769543, 38.777115073595922 ], [ -9.17718058141001, 38.777011390713398 ], [ -9.177172422417902, 38.777005733550403 ], [ -9.177158375142991, 38.777086177523309 ], [ -9.177106003830147, 38.777258143217608 ], [ -9.177032351426679, 38.77742526257245 ], [ -9.176938127115019, 38.777585926099924 ], [ -9.176824238218042, 38.777738586475984 ], [ -9.176691781465237, 38.777881773443823 ], [ -9.176542032433774, 38.778014107975324 ], [ -9.176376433266082, 38.778134315554155 ], [ -9.17622371837543, 38.778225104091497 ], [ -9.176150832118386, 38.778289513434338 ], [ -9.175985231654762, 38.778409720471103 ], [ -9.175805375890334, 38.778516642779948 ], [ -9.175612996975516, 38.778609250579066 ], [ -9.175409947695584, 38.778686651947325 ], [ -9.175198183624609, 38.778748101416056 ], [ -9.174979744288434, 38.778793007150377 ], [ -9.174756733518226, 38.778820936650483 ], [ -9.174531299184014, 38.778831620918147 ], [ -9.174305612503595, 38.778824957048151 ], [ -9.174081847126294, 38.778801009219727 ], [ -9.173862158193257, 38.778760008078301 ], [ -9.173648661576193, 38.778702348513818 ], [ -9.173443413494699, 38.778628585856573 ], [ -9.173248390708741, 38.778539430527751 ], [ -9.173065471477187, 38.778435741195842 ], [ -9.172896417465969, 38.778318516505124 ], [ -9.172742856780213, 38.778188885455933 ], [ -9.172606268283825, 38.778048096529325 ], [ -9.172487967357588, 38.777897505661123 ], [ -9.172389093232908, 38.777738563181138 ], [ -9.172310598023129, 38.77757279984349 ], [ -9.17225323755795, 38.777401812082623 ], [ -9.172217564109056, 38.777227246637182 ], [ -9.172203921076868, 38.777050784689692 ], [ -9.172212439689337, 38.776874125675029 ], [ -9.172243037744371, 38.776698970913586 ], [ -9.172295420407753, 38.776527007226655 ], [ -9.172369083058644, 38.776359890692056 ], [ -9.172463316155005, 38.7761992306962 ], [ -9.172577212071889, 38.776046574436172 ], [ -9.172709673846544, 38.775903392021313 ], [ -9.172859425745946, 38.775771062317212 ], [ -9.173025025554857, 38.775650859668787 ], [ -9.173177739179184, 38.775560075292447 ], [ -9.173250625429736, 38.775495667775928 ], [ -9.173416223942903, 38.775375464585416 ], [ -9.173596075573869, 38.775268545957275 ], [ -9.173788448294204, 38.775175941514867 ], [ -9.173991489520612, 38.775098543032172 ], [ -9.174203243953585, 38.775037095847743 ], [ -9.174421672404234, 38.774992191688668 ], [ -9.174644671428092, 38.774964262973498 ], [ -9.174870093577017, 38.774953578649182 ], [ -9.175095768074373, 38.774960241601732 ], [ -9.175319521714561, 38.774984187665751 ], [ -9.175539199785916, 38.775025186242353 ], [ -9.175752686815676, 38.775082842519311 ], [ -9.175957926937489, 38.775156601272329 ], [ -9.176152943685516, 38.775245752210751 ], [ -9.176296034083499, 38.775326862306713 ], [ -9.176324169250588, 38.775165749423913 ], [ -9.176376541032596, 38.774993784014498 ], [ -9.17645019260363, 38.774826665017954 ], [ -9.176544414528351, 38.774666001844373 ], [ -9.176658299289388, 38.774513341721487 ], [ -9.176790750031412, 38.774370154795847 ], [ -9.176940491127624, 38.774237819976484 ], [ -9.177106080466812, 38.774117611657587 ], [ -9.177285923342533, 38.774010687447806 ], [ -9.17747828781064, 38.773918077024248 ] ] ], [ [ [ -9.136626769362003, 38.76204357193231 ], [ -9.136829815250511, 38.761966237809261 ], [ -9.137041564468467, 38.761904857923611 ], [ -9.137259977877278, 38.761860023354423 ], [ -9.137482952177361, 38.761832165850223 ], [ -9.137708340158659, 38.761821553672263 ], [ -9.137933971373508, 38.761828289011888 ], [ -9.138157673033023, 38.76185230700672 ], [ -9.138377290925979, 38.761893376365236 ], [ -9.138590710158962, 38.761951101593652 ], [ -9.13879587551831, 38.762024926803733 ], [ -9.138990811257946, 38.762114141064863 ], [ -9.139173640122703, 38.762217885248873 ], [ -9.139342601424165, 38.762335160301923 ], [ -9.13949606799499, 38.762464836863579 ], [ -9.139632561858571, 38.762605666140814 ], [ -9.139750768463124, 38.762756291932114 ], [ -9.139849549343122, 38.762915263686111 ], [ -9.139927953086083, 38.763081050468962 ], [ -9.139985224498981, 38.763252055706104 ], [ -9.14002081188586, 38.763426632556566 ], [ -9.14003437236638, 38.763603099771537 ], [ -9.140025775183881, 38.76377975788504 ], [ -9.139995102970852, 38.763954905580249 ], [ -9.139942650959403, 38.764126856074228 ], [ -9.139868924144094, 38.764293953363129 ], [ -9.139774632424217, 38.764454588171425 ], [ -9.139660683772075, 38.764607213451619 ], [ -9.139528175492883, 38.764750359284861 ], [ -9.139378383660299, 38.764882647039151 ], [ -9.139212750829193, 38.765002802648645 ], [ -9.139032872143916, 38.765109668885998 ], [ -9.13884047997581, 38.765202216509493 ], [ -9.138637427237954, 38.765279554177575 ], [ -9.138425669537842, 38.765340937035155 ], [ -9.138207246340031, 38.765385773888987 ], [ -9.137984261320289, 38.765413632902735 ], [ -9.137758862100627, 38.765424245757124 ], [ -9.137533219560593, 38.76541751023484 ], [ -9.137309506924289, 38.765393491205266 ], [ -9.137089878824774, 38.76535241999968 ], [ -9.136876450547691, 38.76529469218287 ], [ -9.136671277654264, 38.765220863742528 ], [ -9.136476336180104, 38.765131645733405 ], [ -9.136293503600749, 38.765027897427714 ], [ -9.136124540747366, 38.764910618037675 ], [ -9.135971074846932, 38.7647809370904 ], [ -9.135834583850297, 38.764640103547457 ], [ -9.135716382199067, 38.764489473774269 ], [ -9.135617608168419, 38.764330498475232 ], [ -9.135539212907613, 38.764164708720465 ], [ -9.135481951283715, 38.763993701198665 ], [ -9.135446374616494, 38.763819122838676 ], [ -9.135432825374336, 38.763642654947269 ], [ -9.135441433882022, 38.763465997016425 ], [ -9.135472117071842, 38.763290850355958 ], [ -9.135524579289852, 38.763118901709049 ], [ -9.135598315149258, 38.762951807008548 ], [ -9.135692614403212, 38.762791175430493 ], [ -9.13580656878988, 38.762638553898306 ], [ -9.135939080783672, 38.762495412186759 ], [ -9.136088874168179, 38.762363128769444 ], [ -9.136254506328891, 38.762242977545569 ], [ -9.136434382147222, 38.762136115573924 ], [ -9.136626769362003, 38.76204357193231 ] ] ] ] } }
]
}
