{
"type": "FeatureCollection",
"name": "pois_lisboa_dgt",
"crs": { "type": "name", "properties": { "name": "urn:ogc:def:crs:OGC:1.3:CRS84" } },
"features": [
{ "type": "Feature", "properties": { "osm_id": "32996787", "lastchange": null, "code": "2801", "fclass": "fuel", "name": null }, "geometry": { "type": "Point", "coordinates": [ -9.121514, 38.7226803 ] } },
{ "type": "Feature", "properties": { "osm_id": "145997451", "lastchange": null, "code": "2801", "fclass": "fuel", "name": null }, "geometry": { "type": "Point", "coordinates": [ -9.1921147, 38.7836334 ] } },
{ "type": "Feature", "properties": { "osm_id": "219221494", "lastchange": null, "code": "2003", "fclass": "recycling", "name": null }, "geometry": { "type": "Point", "coordinates": [ -9.1724586, 38.7806973 ] } },
{ "type": "Feature", "properties": { "osm_id": "256838158", "lastchange": null, "code": "2702", "fclass": "attraction", "name": "Cristo Rei" }, "geometry": { "type": "Point", "coordinates": [ -9.1713481, 38.6786 ] } },
{ "type": "Feature", "properties": { "osm_id": "256841676", "lastchange": null, "code": "2804", "fclass": "parking", "name": null }, "geometry": { "type": "Point", "coordinates": [ -9.1784176, 38.6656861 ] } },
{ "type": "Feature", "properties": { "osm_id": "256842588", "lastchange": null, "code": "2804", "fclass": "parking", "name": null }, "geometry": { "type": "Point", "coordinates": [ -9.1662368, 38.6681901 ] } },
{ "type": "Feature", "properties": { "osm_id": "256842651", "lastchange": null, "code": "2804", "fclass": "parking", "name": null }, "geometry": { "type": "Point", "coordinates": [ -9.1670179, 38.6681767 ] } },
{ "type": "Feature", "properties": { "osm_id": "257164925", "lastchange": null, "code": "2804", "fclass": "parking", "name": null }, "geometry": { "type": "Point", "coordinates": [ -9.258029, 38.7123511 ] } },
{ "type": "Feature", "properties": { "osm_id": "257666658", "lastchange": null, "code": "2804", "fclass": "parking", "name": null }, "geometry": { "type": "Point", "coordinates": [ -9.1575959, 38.672139 ] } },
{ "type": "Feature", "properties": { "osm_id": "257668098", "lastchange": null, "code": "2804", "fclass": "parking", "name": null }, "geometry": { "type": "Point", "coordinates": [ -9.1511011, 38.6376897 ] } },
{ "type": "Feature", "properties": { "osm_id": "257668100", "lastchange": null, "code": "2804", "fclass": "parking", "name": null }, "geometry": { "type": "Point", "coordinates": [ -9.1507321, 38.637321 ] } },
{ "type": "Feature", "properties": { "osm_id": "257668101", "lastchange": null, "code": "2804", "fclass": "parking", "name": null }, "geometry": { "type": "Point", "coordinates": [ -9.1501484, 38.6370327 ] } },
{ "type": "Feature", "properties": { "osm_id": "257972086", "lastchange": null, "code": "2804", "fclass": "parking", "name": null }, "geometry": { "type": "Point", "coordinates": [ -9.0775554, 38.6535602 ] } },
{ "type": "Feature", "properties": { "osm_id": "257972105", "lastchange": null, "code": "2804", "fclass": "parking", "name": null }, "geometry": { "type": "Point", "coordinates": [ -9.0768795, 38.6530753 ] } },
{ "type": "Feature", "properties": { "osm_id": "258038721", "lastchange": null, "code": "2804", "fclass": "parking", "name": null }, "geometry": { "type": "Point", "coordinates": [ -9.2262281, 38.6977648 ] } },
{ "type": "Feature", "properties": { "osm_id": "258038722", "lastchange": null, "code": "2804", "fclass": "parking", "name": null }, "geometry": { "type": "Point", "coordinates": [ -9.2259706, 38.6984012 ] } },
{ "type": "Feature", "properties": { "osm_id": "258038723", "lastchange": null, "code": "2804", "fclass": "parking", "name": null }, "geometry": { "type": "Point", "coordinates": [ -9.2264169, 38.6992519 ] } },
{ "type": "Feature", "properties": { "osm_id": "258421576", "lastchange": null, "code": "2804", "fclass": "parking", "name": null }, "geometry": { "type": "Point", "coordinates": [ -9.2310738, 38.6740653 ] } },
{ "type": "Feature", "properties": { "osm_id": "258421840", "lastchange": null, "code": "2804", "fclass": "parking", "name": null }, "geometry": { "type": "Point", "coordinates": [ -9.2345586, 38.6728458 ] } },
{ "type": "Feature", "properties": { "osm_id": "258421842", "lastchange": null, "code": "2804", "fclass": "parking", "name": null }, "geometry": { "type": "Point", "coordinates": [ -9.2348847, 38.6731473 ] } },
{ "type": "Feature", "properties": { "osm_id": "259100448", "lastchange": null, "code": "2804", "fclass": "parking", "name": null }, "geometry": { "type": "Point", "coordinates": [ -9.1522834, 38.6390371 ] } },
{ "type": "Feature", "properties": { "osm_id": "259100449", "lastchange": null, "code": "2804", "fclass": "parking", "name": null }, "geometry": { "type": "Point", "coordinates": [ -9.1524208, 38.6396539 ] } },
{ "type": "Feature", "properties": { "osm_id": "259100499", "lastchange": null, "code": "2804", "fclass": "parking", "name": null }, "geometry": { "type": "Point", "coordinates": [ -9.1528585, 38.6360939 ] } },
{ "type": "Feature", "properties": { "osm_id": "259100500", "lastchange": null, "code": "2804", "fclass": "parking", "name": null }, "geometry": { "type": "Point", "coordinates": [ -9.154352, 38.637113 ] } },
{ "type": "Feature", "properties": { "osm_id": "259100507", "lastchange": null, "code": "2804", "fclass": "parking", "name": null }, "geometry": { "type": "Point", "coordinates": [ -9.1537168, 38.6366906 ] } },
{ "type": "Feature", "properties": { "osm_id": "259100575", "lastchange": null, "code": "2804", "fclass": "parking", "name": null }, "geometry": { "type": "Point", "coordinates": [ -9.1541374, 38.6361006 ] } },
{ "type": "Feature", "properties": { "osm_id": "259100590", "lastchange": null, "code": "2804", "fclass": "parking", "name": null }, "geometry": { "type": "Point", "coordinates": [ -9.154661, 38.6364693 ] } },
{ "type": "Feature", "properties": { "osm_id": "259102036", "lastchange": null, "code": "2804", "fclass": "parking", "name": null }, "geometry": { "type": "Point", "coordinates": [ -9.1517894, 38.6414692 ] } },
{ "type": "Feature", "properties": { "osm_id": "259106591", "lastchange": null, "code": "2082", "fclass": "school", "name": "Colégio Alemão" }, "geometry": { "type": "Point", "coordinates": [ -9.1639866, 38.758369 ] } },
{ "type": "Feature", "properties": { "osm_id": "259111342", "lastchange": null, "code": "2801", "fclass": "fuel", "name": "Galp" }, "geometry": { "type": "Point", "coordinates": [ -9.1656127, 38.7654393 ] } },
{ "type": "Feature", "properties": { "osm_id": "259112393", "lastchange": null, "code": "2005", "fclass": "post_office", "name": null }, "geometry": { "type": "Point", "coordinates": [ -9.1679173, 38.7611334 ] } },
{ "type": "Feature", "properties": { "osm_id": "259113774", "lastchange": null, "code": "2601", "fclass": "bank", "name": "Millennium BCP" }, "geometry": { "type": "Point", "coordinates": [ -9.1695223, 38.7606448 ] } },
{ "type": "Feature", "properties": { "osm_id": "259114221", "lastchange": null, "code": "2082", "fclass": "school", "name": null }, "geometry": { "type": "Point", "coordinates": [ -9.1713591, 38.7596877 ] } },
{ "type": "Feature", "properties": { "osm_id": "259114288", "lastchange": null, "code": "2082", "fclass": "school", "name": null }, "geometry": { "type": "Point", "coordinates": [ -9.1704064, 38.7600625 ] } },
{ "type": "Feature", "properties": { "osm_id": "259114501", "lastchange": null, "code": "2003", "fclass": "recycling", "name": null }, "geometry": { "type": "Point", "coordinates": [ -9.1657372, 38.7576999 ] } },
{ "type": "Feature", "properties": { "osm_id": "259114629", "lastchange": null, "code": "2003", "fclass": "recycling", "name": null }, "geometry": { "type": "Point", "coordinates": [ -9.1661406, 38.7624117 ] } },
{ "type": "Feature", "properties": { "osm_id": "259114738", "lastchange": null, "code": "2003", "fclass": "recycling", "name": null }, "geometry": { "type": "Point", "coordinates": [ -9.1707668, 38.7638037 ] } },
{ "type": "Feature", "properties": { "osm_id": "259114981", "lastchange": null, "code": "2003", "fclass": "recycling", "name": null }, "geometry": { "type": "Point", "coordinates": [ -9.1691961, 38.7607519 ] } },
{ "type": "Feature", "properties": { "osm_id": "262369214", "lastchange": null, "code": "2601", "fclass": "bank", "name": "BES" }, "geometry": { "type": "Point", "coordinates": [ -9.1708226, 38.7606139 ] } },
{ "type": "Feature", "properties": { "osm_id": "262369569", "lastchange": null, "code": "2804", "fclass": "parking", "name": null }, "geometry": { "type": "Point", "coordinates": [ -9.164866, 38.7612564 ] } },
{ "type": "Feature", "properties": { "osm_id": "262369674", "lastchange": null, "code": "2804", "fclass": "parking", "name": null }, "geometry": { "type": "Point", "coordinates": [ -9.1665654, 38.7608749 ] } },
{ "type": "Feature", "properties": { "osm_id": "262369830", "lastchange": null, "code": "2801", "fclass": "fuel", "name": "BP" }, "geometry": { "type": "Point", "coordinates": [ -9.1632781, 38.7623942 ] } },
{ "type": "Feature", "properties": { "osm_id": "262369967", "lastchange": null, "code": "2804", "fclass": "parking", "name": null }, "geometry": { "type": "Point", "coordinates": [ -9.1599736, 38.7602994 ] } },
{ "type": "Feature", "properties": { "osm_id": "262369984", "lastchange": null, "code": "2804", "fclass": "parking", "name": null }, "geometry": { "type": "Point", "coordinates": [ -9.162128, 38.762093 ] } },
{ "type": "Feature", "properties": { "osm_id": "267274798", "lastchange": null, "code": "2801", "fclass": "fuel", "name": null }, "geometry": { "type": "Point", "coordinates": [ -9.1689457, 38.7888889 ] } },
{ "type": "Feature", "properties": { "osm_id": "267591151", "lastchange": null, "code": "2110", "fclass": "hospital", "name": "Hospital Fernando Fonseca" }, "geometry": { "type": "Point", "coordinates": [ -9.2461598, 38.7442865 ] } },
{ "type": "Feature", "properties": { "osm_id": "267677450", "lastchange": null, "code": "2503", "fclass": "kiosk", "name": null }, "geometry": { "type": "Point", "coordinates": [ -9.1599251, 38.7996966 ] } },
{ "type": "Feature", "properties": { "osm_id": "267795754", "lastchange": null, "code": "2503", "fclass": "kiosk", "name": null }, "geometry": { "type": "Point", "coordinates": [ -9.1635887, 38.7993577 ] } },
{ "type": "Feature", "properties": { "osm_id": "267795759", "lastchange": null, "code": "2101", "fclass": "pharmacy", "name": null }, "geometry": { "type": "Point", "coordinates": [ -9.1637576, 38.7992207 ] } },
{ "type": "Feature", "properties": { "osm_id": "268253880", "lastchange": null, "code": "2801", "fclass": "fuel", "name": "BP Famões" }, "geometry": { "type": "Point", "coordinates": [ -9.2082984, 38.7854964 ] } },
{ "type": "Feature", "properties": { "osm_id": "268283740", "lastchange": null, "code": "2101", "fclass": "pharmacy", "name": "Farmácia de Famões" }, "geometry": { "type": "Point", "coordinates": [ -9.2103757, 38.7916534 ] } },
{ "type": "Feature", "properties": { "osm_id": "268331995", "lastchange": null, "code": "2005", "fclass": "post_office", "name": null }, "geometry": { "type": "Point", "coordinates": [ -9.1637329, 38.798689 ] } },
{ "type": "Feature", "properties": { "osm_id": "268334624", "lastchange": null, "code": "2001", "fclass": "police", "name": null }, "geometry": { "type": "Point", "coordinates": [ -9.1658451, 38.7981465 ] } },
{ "type": "Feature", "properties": { "osm_id": "269275857", "lastchange": null, "code": "2081", "fclass": "university", "name": "Instituto Superior de Gestão" }, "geometry": { "type": "Point", "coordinates": [ -9.160719, 38.781528 ] } },
{ "type": "Feature", "properties": { "osm_id": "269275865", "lastchange": null, "code": "2081", "fclass": "university", "name": "Instituto Superior Novas Profissões" }, "geometry": { "type": "Point", "coordinates": [ -9.1606589, 38.7814544 ] } },
{ "type": "Feature", "properties": { "osm_id": "269276021", "lastchange": null, "code": "2082", "fclass": "school", "name": "Escola Básica n.º 108" }, "geometry": { "type": "Point", "coordinates": [ -9.1592733, 38.7802146 ] } },
{ "type": "Feature", "properties": { "osm_id": "272695794", "lastchange": null, "code": "2201", "fclass": "theatre", "name": "Teatro da Malaposta" }, "geometry": { "type": "Point", "coordinates": [ -9.1700612, 38.7871984 ] } },
{ "type": "Feature", "properties": { "osm_id": "289048230", "lastchange": null, "code": "2301", "fclass": "restaurant", "name": "Saraiva" }, "geometry": { "type": "Point", "coordinates": [ -9.1522811, 38.7318639 ] } },
{ "type": "Feature", "properties": { "osm_id": "298176963", "lastchange": null, "code": "2601", "fclass": "bank", "name": "Santander" }, "geometry": { "type": "Point", "coordinates": [ -9.1486617, 38.719886 ] } },
{ "type": "Feature", "properties": { "osm_id": "298458057", "lastchange": null, "code": "2804", "fclass": "parking", "name": null }, "geometry": { "type": "Point", "coordinates": [ -9.2396864, 38.7605845 ] } },
{ "type": "Feature", "properties": { "osm_id": "298458078", "lastchange": null, "code": "2804", "fclass": "parking", "name": null }, "geometry": { "type": "Point", "coordinates": [ -9.2384212, 38.7598022 ] } },
{ "type": "Feature", "properties": { "osm_id": "298513179", "lastchange": null, "code": "2804", "fclass": "parking", "name": null }, "geometry": { "type": "Point", "coordinates": [ -9.2460478, 38.7585109 ] } },
{ "type": "Feature", "properties": { "osm_id": "298898741", "lastchange": null, "code": "2801", "fclass": "fuel", "name": null }, "geometry": { "type": "Point", "coordinates": [ -9.2409012, 38.7554493 ] } },
{ "type": "Feature", "properties": { "osm_id": "300857346", "lastchange": null, "code": "2081", "fclass": "university", "name": "Faculdade de Letras da Universidade de Lisboa" }, "geometry": { "type": "Point", "coordinates": [ -9.1578019, 38.7540204 ] } },
{ "type": "Feature", "properties": { "osm_id": "300857510", "lastchange": null, "code": "2081", "fclass": "university", "name": "Universidade de Lisboa" }, "geometry": { "type": "Point", "coordinates": [ -9.1561421, 38.7533492 ] } },
{ "type": "Feature", "properties": { "osm_id": "300857800", "lastchange": null, "code": "2081", "fclass": "university", "name": "Faculdade de Direito da Universidade de Lisboa" }, "geometry": { "type": "Point", "coordinates": [ -9.156787, 38.7520332 ] } },
{ "type": "Feature", "properties": { "osm_id": "300857840", "lastchange": null, "code": "2081", "fclass": "university", "name": "Faculdade de Psicologioa da Universidade de Lisboa" }, "geometry": { "type": "Point", "coordinates": [ -9.1552871, 38.752501 ] } },
{ "type": "Feature", "properties": { "osm_id": "308119440", "lastchange": null, "code": "2005", "fclass": "post_office", "name": null }, "geometry": { "type": "Point", "coordinates": [ -9.1498342, 38.7313602 ] } },
{ "type": "Feature", "properties": { "osm_id": "308121340", "lastchange": null, "code": "2602", "fclass": "atm", "name": null }, "geometry": { "type": "Point", "coordinates": [ -9.1503447, 38.7304245 ] } },
{ "type": "Feature", "properties": { "osm_id": "308123449", "lastchange": null, "code": "2801", "fclass": "fuel", "name": null }, "geometry": { "type": "Point", "coordinates": [ -9.1314105, 38.7087206 ] } },
{ "type": "Feature", "properties": { "osm_id": "310163324", "lastchange": null, "code": "2801", "fclass": "fuel", "name": "BP" }, "geometry": { "type": "Point", "coordinates": [ -9.2144715, 38.7111655 ] } },
{ "type": "Feature", "properties": { "osm_id": "310163749", "lastchange": null, "code": "2804", "fclass": "parking", "name": null }, "geometry": { "type": "Point", "coordinates": [ -9.2022789, 38.7027774 ] } },
{ "type": "Feature", "properties": { "osm_id": "310164246", "lastchange": null, "code": "2801", "fclass": "fuel", "name": "BP" }, "geometry": { "type": "Point", "coordinates": [ -9.2177224, 38.6938505 ] } },
{ "type": "Feature", "properties": { "osm_id": "320278083", "lastchange": null, "code": "2082", "fclass": "school", "name": "Escola Primaria N1 de Barcarena" }, "geometry": { "type": "Point", "coordinates": [ -9.2813633, 38.7319782 ] } },
{ "type": "Feature", "properties": { "osm_id": "320278456", "lastchange": null, "code": "2801", "fclass": "fuel", "name": null }, "geometry": { "type": "Point", "coordinates": [ -9.2797582, 38.7326745 ] } },
{ "type": "Feature", "properties": { "osm_id": "320280183", "lastchange": null, "code": "2002", "fclass": "fire_station", "name": "Bombeiros Voluntarios de Barcarena" }, "geometry": { "type": "Point", "coordinates": [ -9.277664, 38.7320318 ] } },
{ "type": "Feature", "properties": { "osm_id": "320385373", "lastchange": null, "code": "2081", "fclass": "university", "name": "Universidade Atlantica" }, "geometry": { "type": "Point", "coordinates": [ -9.28502, 38.7412908 ] } },
{ "type": "Feature", "properties": { "osm_id": "320385380", "lastchange": null, "code": "2702", "fclass": "attraction", "name": "Fabrica da Polvora" }, "geometry": { "type": "Point", "coordinates": [ -9.2842819, 38.7406883 ] } },
{ "type": "Feature", "properties": { "osm_id": "331631036", "lastchange": null, "code": "2081", "fclass": "university", "name": "ISEL" }, "geometry": { "type": "Point", "coordinates": [ -9.1161168, 38.7564151 ] } },
{ "type": "Feature", "properties": { "osm_id": "331631712", "lastchange": null, "code": "2804", "fclass": "parking", "name": null }, "geometry": { "type": "Point", "coordinates": [ -9.1259719, 38.7674721 ] } },
{ "type": "Feature", "properties": { "osm_id": "338247977", "lastchange": null, "code": "2304", "fclass": "pub", "name": "Magnetic" }, "geometry": { "type": "Point", "coordinates": [ -9.1483241, 38.7354035 ] } },
{ "type": "Feature", "properties": { "osm_id": "340426762", "lastchange": null, "code": "2304", "fclass": "pub", "name": null }, "geometry": { "type": "Point", "coordinates": [ -9.1438586, 38.7068316 ] } },
{ "type": "Feature", "properties": { "osm_id": "341029973", "lastchange": null, "code": "2804", "fclass": "parking", "name": null }, "geometry": { "type": "Point", "coordinates": [ -9.1300945, 38.7124086 ] } },
{ "type": "Feature", "properties": { "osm_id": "355020443", "lastchange": null, "code": "2801", "fclass": "fuel", "name": null }, "geometry": { "type": "Point", "coordinates": [ -9.139566, 38.7457669 ] } },
{ "type": "Feature", "properties": { "osm_id": "355666493", "lastchange": null, "code": "2804", "fclass": "parking", "name": null }, "geometry": { "type": "Point", "coordinates": [ -9.1361561, 38.7460995 ] } },
{ "type": "Feature", "properties": { "osm_id": "364001274", "lastchange": null, "code": "2804", "fclass": "parking", "name": "Parque Campo Mártires da Pátria" }, "geometry": { "type": "Point", "coordinates": [ -9.1399467, 38.7204435 ] } },
{ "type": "Feature", "properties": { "osm_id": "364001275", "lastchange": null, "code": "2804", "fclass": "parking", "name": null }, "geometry": { "type": "Point", "coordinates": [ -9.1400831, 38.7251534 ] } },
{ "type": "Feature", "properties": { "osm_id": "371083164", "lastchange": null, "code": "2301", "fclass": "restaurant", "name": "The Great American Disaster" }, "geometry": { "type": "Point", "coordinates": [ -9.1500561, 38.7243442 ] } },
{ "type": "Feature", "properties": { "osm_id": "376811896", "lastchange": null, "code": "2301", "fclass": "restaurant", "name": "Hard Rock Cafe Lisboa" }, "geometry": { "type": "Point", "coordinates": [ -9.141757, 38.7166133 ] } },
{ "type": "Feature", "properties": { "osm_id": "377054268", "lastchange": null, "code": "2702", "fclass": "attraction", "name": "Telecabina Lisboa" }, "geometry": { "type": "Point", "coordinates": [ -9.0918224, 38.7678246 ] } },
{ "type": "Feature", "properties": { "osm_id": "381037558", "lastchange": null, "code": "2601", "fclass": "bank", "name": "Santander Totta" }, "geometry": { "type": "Point", "coordinates": [ -9.160226, 38.7353088 ] } },
{ "type": "Feature", "properties": { "osm_id": "381075424", "lastchange": null, "code": "2601", "fclass": "bank", "name": "Banco Popular" }, "geometry": { "type": "Point", "coordinates": [ -9.1598088, 38.735757 ] } },
{ "type": "Feature", "properties": { "osm_id": "381102120", "lastchange": null, "code": "2201", "fclass": "theatre", "name": "Teatro Aberto" }, "geometry": { "type": "Point", "coordinates": [ -9.1585197, 38.7361737 ] } },
{ "type": "Feature", "properties": { "osm_id": "387777702", "lastchange": null, "code": "2003", "fclass": "recycling", "name": null }, "geometry": { "type": "Point", "coordinates": [ -9.1682882, 38.7456499 ] } },
{ "type": "Feature", "properties": { "osm_id": "398922337", "lastchange": null, "code": "2303", "fclass": "cafe", "name": "Pasteis de Belém" }, "geometry": { "type": "Point", "coordinates": [ -9.2033124, 38.6974828 ] } },
{ "type": "Feature", "properties": { "osm_id": "402593471", "lastchange": null, "code": "2301", "fclass": "restaurant", "name": "Pizza Hut" }, "geometry": { "type": "Point", "coordinates": [ -9.147032, 38.7305751 ] } },
{ "type": "Feature", "properties": { "osm_id": "402605346", "lastchange": null, "code": "2301", "fclass": "restaurant", "name": "Cafe Alegria" }, "geometry": { "type": "Point", "coordinates": [ -9.1456512, 38.718134 ] } },
{ "type": "Feature", "properties": { "osm_id": "404032478", "lastchange": null, "code": "2702", "fclass": "attraction", "name": "Elevador de Santa Justa" }, "geometry": { "type": "Point", "coordinates": [ -9.1393672, 38.7120894 ] } },
{ "type": "Feature", "properties": { "osm_id": "404043524", "lastchange": null, "code": "2703", "fclass": "museum", "name": "Museu do Azulejo" }, "geometry": { "type": "Point", "coordinates": [ -9.1135434, 38.7251278 ] } },
{ "type": "Feature", "properties": { "osm_id": "415004847", "lastchange": null, "code": "2501", "fclass": "supermarket", "name": null }, "geometry": { "type": "Point", "coordinates": [ -9.1430333, 38.6510997 ] } },
{ "type": "Feature", "properties": { "osm_id": "419313423", "lastchange": null, "code": "2304", "fclass": "pub", "name": "Instituto Do Vinho Do Porto" }, "geometry": { "type": "Point", "coordinates": [ -9.1439688, 38.7138872 ] } },
{ "type": "Feature", "properties": { "osm_id": "431535580", "lastchange": null, "code": "2501", "fclass": "supermarket", "name": "Staples" }, "geometry": { "type": "Point", "coordinates": [ -9.1038959, 38.7563932 ] } },
{ "type": "Feature", "properties": { "osm_id": "431535582", "lastchange": null, "code": "2501", "fclass": "supermarket", "name": "Staples" }, "geometry": { "type": "Point", "coordinates": [ -9.2157157, 38.7216297 ] } },
{ "type": "Feature", "properties": { "osm_id": "452981903", "lastchange": null, "code": "2301", "fclass": "restaurant", "name": "Toledo" }, "geometry": { "type": "Point", "coordinates": [ -9.1619138, 38.7761534 ] } },
{ "type": "Feature", "properties": { "osm_id": "454653397", "lastchange": null, "code": "2501", "fclass": "supermarket", "name": null }, "geometry": { "type": "Point", "coordinates": [ -9.1605828, 38.779103 ] } },
{ "type": "Feature", "properties": { "osm_id": "454653398", "lastchange": null, "code": "2003", "fclass": "recycling", "name": null }, "geometry": { "type": "Point", "coordinates": [ -9.159969, 38.7791717 ] } },
{ "type": "Feature", "properties": { "osm_id": "470729376", "lastchange": null, "code": "2101", "fclass": "pharmacy", "name": "Farmácia Costa Ferreira" }, "geometry": { "type": "Point", "coordinates": [ -9.1218269, 38.7188677 ] } },
{ "type": "Feature", "properties": { "osm_id": "470731039", "lastchange": null, "code": "2006", "fclass": "telephone", "name": null }, "geometry": { "type": "Point", "coordinates": [ -9.121202, 38.7197598 ] } },
{ "type": "Feature", "properties": { "osm_id": "474976351", "lastchange": null, "code": "2303", "fclass": "cafe", "name": "Brown's Coffee Shop" }, "geometry": { "type": "Point", "coordinates": [ -9.1383231, 38.710885 ] } },
{ "type": "Feature", "properties": { "osm_id": "474998227", "lastchange": null, "code": "2804", "fclass": "parking", "name": null }, "geometry": { "type": "Point", "coordinates": [ -9.1434902, 38.649767 ] } },
{ "type": "Feature", "properties": { "osm_id": "476312378", "lastchange": null, "code": "2301", "fclass": "restaurant", "name": null }, "geometry": { "type": "Point", "coordinates": [ -9.1426788, 38.6497394 ] } },
{ "type": "Feature", "properties": { "osm_id": "476312379", "lastchange": null, "code": "2501", "fclass": "supermarket", "name": "Lidl" }, "geometry": { "type": "Point", "coordinates": [ -9.1426273, 38.6498802 ] } },
{ "type": "Feature", "properties": { "osm_id": "476906469", "lastchange": null, "code": "2003", "fclass": "recycling", "name": null }, "geometry": { "type": "Point", "coordinates": [ -9.1479029, 38.6877674 ] } },
{ "type": "Feature", "properties": { "osm_id": "476925248", "lastchange": null, "code": "2602", "fclass": "atm", "name": null }, "geometry": { "type": "Point", "coordinates": [ -9.1430653, 38.6508178 ] } },
{ "type": "Feature", "properties": { "osm_id": "476925256", "lastchange": null, "code": "2602", "fclass": "atm", "name": null }, "geometry": { "type": "Point", "coordinates": [ -9.1429966, 38.649933 ] } },
{ "type": "Feature", "properties": { "osm_id": "476943348", "lastchange": null, "code": "2203", "fclass": "cinema", "name": "UCI" }, "geometry": { "type": "Point", "coordinates": [ -9.1539388, 38.7336043 ] } },
{ "type": "Feature", "properties": { "osm_id": "476951485", "lastchange": null, "code": "2203", "fclass": "cinema", "name": "Warner Lusomundo Vasco da Gama" }, "geometry": { "type": "Point", "coordinates": [ -9.0972953, 38.768011 ] } },
{ "type": "Feature", "properties": { "osm_id": "477853299", "lastchange": null, "code": "2303", "fclass": "cafe", "name": "Starbucks" }, "geometry": { "type": "Point", "coordinates": [ -9.2036825, 38.6975312 ] } },
{ "type": "Feature", "properties": { "osm_id": "484248271", "lastchange": null, "code": "2801", "fclass": "fuel", "name": null }, "geometry": { "type": "Point", "coordinates": [ -9.1086112, 38.7631727 ] } },
{ "type": "Feature", "properties": { "osm_id": "485243343", "lastchange": null, "code": "2501", "fclass": "supermarket", "name": "Jumbo" }, "geometry": { "type": "Point", "coordinates": [ -9.1754636, 38.6596288 ] } },
{ "type": "Feature", "properties": { "osm_id": "485355740", "lastchange": null, "code": "2801", "fclass": "fuel", "name": "Laranjeiro" }, "geometry": { "type": "Point", "coordinates": [ -9.1535813, 38.6538867 ] } },
{ "type": "Feature", "properties": { "osm_id": "489668425", "lastchange": null, "code": "2303", "fclass": "cafe", "name": null }, "geometry": { "type": "Point", "coordinates": [ -9.1418332, 38.7098681 ] } },
{ "type": "Feature", "properties": { "osm_id": "489668433", "lastchange": null, "code": "2701", "fclass": "information", "name": null }, "geometry": { "type": "Point", "coordinates": [ -9.1415852, 38.7107721 ] } },
{ "type": "Feature", "properties": { "osm_id": "489736331", "lastchange": null, "code": "2303", "fclass": "cafe", "name": null }, "geometry": { "type": "Point", "coordinates": [ -9.1417794, 38.710653 ] } },
{ "type": "Feature", "properties": { "osm_id": "489736332", "lastchange": null, "code": "2303", "fclass": "cafe", "name": "Brasileira" }, "geometry": { "type": "Point", "coordinates": [ -9.1420313, 38.710674 ] } },
{ "type": "Feature", "properties": { "osm_id": "489789755", "lastchange": null, "code": "2101", "fclass": "pharmacy", "name": "Farmácia Celta" }, "geometry": { "type": "Point", "coordinates": [ -9.1360807, 38.7482514 ] } },
{ "type": "Feature", "properties": { "osm_id": "489793044", "lastchange": null, "code": "2301", "fclass": "restaurant", "name": "Aqui há Peixe" }, "geometry": { "type": "Point", "coordinates": [ -9.1417006, 38.7117871 ] } },
{ "type": "Feature", "properties": { "osm_id": "489867178", "lastchange": null, "code": "2005", "fclass": "post_office", "name": null }, "geometry": { "type": "Point", "coordinates": [ -9.1551953, 38.6538517 ] } },
{ "type": "Feature", "properties": { "osm_id": "490041114", "lastchange": null, "code": "2301", "fclass": "restaurant", "name": "Casa Alcobaça" }, "geometry": { "type": "Point", "coordinates": [ -9.1414191, 38.7123669 ] } },
{ "type": "Feature", "properties": { "osm_id": "490051466", "lastchange": null, "code": "2301", "fclass": "restaurant", "name": "Cacador de Oliveira" }, "geometry": { "type": "Point", "coordinates": [ -9.1422883, 38.7131427 ] } },
{ "type": "Feature", "properties": { "osm_id": "490185689", "lastchange": null, "code": "2301", "fclass": "restaurant", "name": "Adega da Condessa" }, "geometry": { "type": "Point", "coordinates": [ -9.1416319, 38.7129747 ] } },
{ "type": "Feature", "properties": { "osm_id": "490185698", "lastchange": null, "code": "2304", "fclass": "pub", "name": "Carioca da Trindade" }, "geometry": { "type": "Point", "coordinates": [ -9.1419742, 38.7119484 ] } },
{ "type": "Feature", "properties": { "osm_id": "491102939", "lastchange": null, "code": "2301", "fclass": "restaurant", "name": "Lisboà Noite" }, "geometry": { "type": "Point", "coordinates": [ -9.1434485, 38.712182 ] } },
{ "type": "Feature", "properties": { "osm_id": "491102945", "lastchange": null, "code": "2301", "fclass": "restaurant", "name": "Restaurante 560" }, "geometry": { "type": "Point", "coordinates": [ -9.1433503, 38.7122671 ] } },
{ "type": "Feature", "properties": { "osm_id": "491133053", "lastchange": null, "code": "2301", "fclass": "restaurant", "name": "Restaurante Osignal" }, "geometry": { "type": "Point", "coordinates": [ -9.1434345, 38.7123696 ] } },
{ "type": "Feature", "properties": { "osm_id": "491133061", "lastchange": null, "code": "2301", "fclass": "restaurant", "name": "Mojito company - Tosca Cubana" }, "geometry": { "type": "Point", "coordinates": [ -9.1435928, 38.7130928 ] } },
{ "type": "Feature", "properties": { "osm_id": "491133062", "lastchange": null, "code": "2301", "fclass": "restaurant", "name": "Luso" }, "geometry": { "type": "Point", "coordinates": [ -9.1436883, 38.7130574 ] } },
{ "type": "Feature", "properties": { "osm_id": "491133064", "lastchange": null, "code": "2304", "fclass": "pub", "name": "Bar Arché Cohiba" }, "geometry": { "type": "Point", "coordinates": [ -9.1437643, 38.7128195 ] } },
{ "type": "Feature", "properties": { "osm_id": "491172345", "lastchange": null, "code": "2301", "fclass": "restaurant", "name": "Italiano Mama Rosa" }, "geometry": { "type": "Point", "coordinates": [ -9.1437575, 38.7135205 ] } },
{ "type": "Feature", "properties": { "osm_id": "491204130", "lastchange": null, "code": "2301", "fclass": "restaurant", "name": "Restaurante Indiano" }, "geometry": { "type": "Point", "coordinates": [ -9.1444802, 38.7137566 ] } },
{ "type": "Feature", "properties": { "osm_id": "491204143", "lastchange": null, "code": "2304", "fclass": "pub", "name": "Dos Copotes Brancos" }, "geometry": { "type": "Point", "coordinates": [ -9.1445814, 38.7138835 ] } },
{ "type": "Feature", "properties": { "osm_id": "494151416", "lastchange": null, "code": "2001", "fclass": "police", "name": null }, "geometry": { "type": "Point", "coordinates": [ -9.2060852, 38.7332716 ] } },
{ "type": "Feature", "properties": { "osm_id": "494151674", "lastchange": null, "code": "2501", "fclass": "supermarket", "name": null }, "geometry": { "type": "Point", "coordinates": [ -9.205493, 38.7329903 ] } },
{ "type": "Feature", "properties": { "osm_id": "494151781", "lastchange": null, "code": "2501", "fclass": "supermarket", "name": null }, "geometry": { "type": "Point", "coordinates": [ -9.2048407, 38.734008 ] } },
{ "type": "Feature", "properties": { "osm_id": "494152270", "lastchange": null, "code": "2082", "fclass": "school", "name": null }, "geometry": { "type": "Point", "coordinates": [ -9.203682, 38.7334188 ] } },
{ "type": "Feature", "properties": { "osm_id": "494153005", "lastchange": null, "code": "2004", "fclass": "post_box", "name": null }, "geometry": { "type": "Point", "coordinates": [ -9.2061281, 38.7331778 ] } },
{ "type": "Feature", "properties": { "osm_id": "494335671", "lastchange": null, "code": "2804", "fclass": "parking", "name": "Parque Mercado 1º de Maio" }, "geometry": { "type": "Point", "coordinates": [ -9.0779332, 38.6613944 ] } },
{ "type": "Feature", "properties": { "osm_id": "494335696", "lastchange": null, "code": "2804", "fclass": "parking", "name": "Parque Forum Barreiro" }, "geometry": { "type": "Point", "coordinates": [ -9.0734488, 38.6619682 ] } },
{ "type": "Feature", "properties": { "osm_id": "494335903", "lastchange": null, "code": "2101", "fclass": "pharmacy", "name": "Farmácia Central" }, "geometry": { "type": "Point", "coordinates": [ -9.0781735, 38.6608717 ] } },
{ "type": "Feature", "properties": { "osm_id": "494335971", "lastchange": null, "code": "2001", "fclass": "police", "name": null }, "geometry": { "type": "Point", "coordinates": [ -9.0768814, 38.6639459 ] } },
{ "type": "Feature", "properties": { "osm_id": "494336025", "lastchange": null, "code": "2501", "fclass": "supermarket", "name": "Pingo Doce" }, "geometry": { "type": "Point", "coordinates": [ -9.073029, 38.6620147 ] } },
{ "type": "Feature", "properties": { "osm_id": "494336213", "lastchange": null, "code": "2203", "fclass": "cinema", "name": "Castello Lopes Forum Barreiro" }, "geometry": { "type": "Point", "coordinates": [ -9.0741719, 38.6622245 ] } },
{ "type": "Feature", "properties": { "osm_id": "494402658", "lastchange": null, "code": "2602", "fclass": "atm", "name": null }, "geometry": { "type": "Point", "coordinates": [ -9.1391551, 38.7084048 ] } },
{ "type": "Feature", "properties": { "osm_id": "494833114", "lastchange": null, "code": "2801", "fclass": "fuel", "name": null }, "geometry": { "type": "Point", "coordinates": [ -9.1960241, 38.6357807 ] } },
{ "type": "Feature", "properties": { "osm_id": "495220434", "lastchange": null, "code": "2804", "fclass": "parking", "name": null }, "geometry": { "type": "Point", "coordinates": [ -9.1722419, 38.6576938 ] } },
{ "type": "Feature", "properties": { "osm_id": "495231884", "lastchange": null, "code": "2804", "fclass": "parking", "name": null }, "geometry": { "type": "Point", "coordinates": [ -9.1720531, 38.6583573 ] } },
{ "type": "Feature", "properties": { "osm_id": "495262011", "lastchange": null, "code": "2501", "fclass": "supermarket", "name": "lidl" }, "geometry": { "type": "Point", "coordinates": [ -9.1798328, 38.6463189 ] } },
{ "type": "Feature", "properties": { "osm_id": "495262066", "lastchange": null, "code": "2801", "fclass": "fuel", "name": "Jumbo" }, "geometry": { "type": "Point", "coordinates": [ -9.1722029, 38.6567949 ] } },
{ "type": "Feature", "properties": { "osm_id": "495262085", "lastchange": null, "code": "2101", "fclass": "pharmacy", "name": null }, "geometry": { "type": "Point", "coordinates": [ -9.1838068, 38.6468552 ] } },
{ "type": "Feature", "properties": { "osm_id": "495319627", "lastchange": null, "code": "2081", "fclass": "university", "name": "FCT-UNL" }, "geometry": { "type": "Point", "coordinates": [ -9.2043594, 38.6609245 ] } },
{ "type": "Feature", "properties": { "osm_id": "495319663", "lastchange": null, "code": "2001", "fclass": "police", "name": null }, "geometry": { "type": "Point", "coordinates": [ -9.1599849, 38.6712785 ] } },
{ "type": "Feature", "properties": { "osm_id": "495417572", "lastchange": null, "code": "2005", "fclass": "post_office", "name": "Correios da Piedade" }, "geometry": { "type": "Point", "coordinates": [ -9.1566122, 38.6724964 ] } },
{ "type": "Feature", "properties": { "osm_id": "495417573", "lastchange": null, "code": "2501", "fclass": "supermarket", "name": "Seleção" }, "geometry": { "type": "Point", "coordinates": [ -9.1603458, 38.671967 ] } },
{ "type": "Feature", "properties": { "osm_id": "495417579", "lastchange": null, "code": "2101", "fclass": "pharmacy", "name": "Rainha Dona Leonor" }, "geometry": { "type": "Point", "coordinates": [ -9.1591785, 38.6733675 ] } },
{ "type": "Feature", "properties": { "osm_id": "495417580", "lastchange": null, "code": "2804", "fclass": "parking", "name": null }, "geometry": { "type": "Point", "coordinates": [ -9.160629, 38.6683952 ] } },
{ "type": "Feature", "properties": { "osm_id": "495417585", "lastchange": null, "code": "2804", "fclass": "parking", "name": null }, "geometry": { "type": "Point", "coordinates": [ -9.1602514, 38.6692329 ] } },
{ "type": "Feature", "properties": { "osm_id": "495417589", "lastchange": null, "code": "2804", "fclass": "parking", "name": null }, "geometry": { "type": "Point", "coordinates": [ -9.1599424, 38.6689179 ] } },
{ "type": "Feature", "properties": { "osm_id": "495417622", "lastchange": null, "code": "2804", "fclass": "parking", "name": null }, "geometry": { "type": "Point", "coordinates": [ -9.1576079, 38.6809403 ] } },
{ "type": "Feature", "properties": { "osm_id": "495417650", "lastchange": null, "code": "2302", "fclass": "fast_food", "name": "McDonalds" }, "geometry": { "type": "Point", "coordinates": [ -9.1567866, 38.6788724 ] } },
{ "type": "Feature", "properties": { "osm_id": "495463087", "lastchange": null, "code": "2302", "fclass": "fast_food", "name": "McDonald's" }, "geometry": { "type": "Point", "coordinates": [ -9.1892062, 38.6130271 ] } },
{ "type": "Feature", "properties": { "osm_id": "498563297", "lastchange": null, "code": "2301", "fclass": "restaurant", "name": "Casa do Alentejo" }, "geometry": { "type": "Point", "coordinates": [ -9.1398742, 38.7158752 ] } },
{ "type": "Feature", "properties": { "osm_id": "498563682", "lastchange": null, "code": "2301", "fclass": "restaurant", "name": "Pinóquio" }, "geometry": { "type": "Point", "coordinates": [ -9.1407154, 38.7154534 ] } },
{ "type": "Feature", "properties": { "osm_id": "501860566", "lastchange": null, "code": "2501", "fclass": "supermarket", "name": "Suportel" }, "geometry": { "type": "Point", "coordinates": [ -9.1107241, 38.7825975 ] } },
{ "type": "Feature", "properties": { "osm_id": "501864246", "lastchange": null, "code": "2082", "fclass": "school", "name": "Escola Gaspar Correia" }, "geometry": { "type": "Point", "coordinates": [ -9.1139104, 38.7854622 ] } },
{ "type": "Feature", "properties": { "osm_id": "501864538", "lastchange": null, "code": "2082", "fclass": "school", "name": "Escola Secundária da Portela" }, "geometry": { "type": "Point", "coordinates": [ -9.114226, 38.7859027 ] } },
{ "type": "Feature", "properties": { "osm_id": "503354384", "lastchange": null, "code": "2801", "fclass": "fuel", "name": null }, "geometry": { "type": "Point", "coordinates": [ -9.1045006, 38.7959143 ] } },
{ "type": "Feature", "properties": { "osm_id": "503528067", "lastchange": null, "code": "2501", "fclass": "supermarket", "name": "Lidl do Feijó" }, "geometry": { "type": "Point", "coordinates": [ -9.157969, 38.6544581 ] } },
{ "type": "Feature", "properties": { "osm_id": "503534503", "lastchange": null, "code": "2801", "fclass": "fuel", "name": "Repsol" }, "geometry": { "type": "Point", "coordinates": [ -9.1621489, 38.6645116 ] } },
{ "type": "Feature", "properties": { "osm_id": "506822409", "lastchange": null, "code": "2303", "fclass": "cafe", "name": "Noobai Cafe" }, "geometry": { "type": "Point", "coordinates": [ -9.147988, 38.7095829 ] } },
{ "type": "Feature", "properties": { "osm_id": "507117362", "lastchange": null, "code": "2602", "fclass": "atm", "name": null }, "geometry": { "type": "Point", "coordinates": [ -9.210986, 38.7921365 ] } },
{ "type": "Feature", "properties": { "osm_id": "507117625", "lastchange": null, "code": "2602", "fclass": "atm", "name": null }, "geometry": { "type": "Point", "coordinates": [ -9.2097758, 38.7904841 ] } },
{ "type": "Feature", "properties": { "osm_id": "507401897", "lastchange": null, "code": "2801", "fclass": "fuel", "name": null }, "geometry": { "type": "Point", "coordinates": [ -9.2857976, 38.7132404 ] } },
{ "type": "Feature", "properties": { "osm_id": "507401902", "lastchange": null, "code": "2801", "fclass": "fuel", "name": null }, "geometry": { "type": "Point", "coordinates": [ -9.2849643, 38.7151312 ] } },
{ "type": "Feature", "properties": { "osm_id": "507419538", "lastchange": null, "code": "2804", "fclass": "parking", "name": "Parque da Fábrica da Pólvora" }, "geometry": { "type": "Point", "coordinates": [ -9.2851396, 38.739459 ] } },
{ "type": "Feature", "properties": { "osm_id": "524375357", "lastchange": null, "code": "2082", "fclass": "school", "name": null }, "geometry": { "type": "Point", "coordinates": [ -9.1928308, 38.7905948 ] } },
{ "type": "Feature", "properties": { "osm_id": "530674204", "lastchange": null, "code": "2301", "fclass": "restaurant", "name": "Gustus & Sushi Alentejano" }, "geometry": { "type": "Point", "coordinates": [ -9.1552935, 38.735203 ] } },
{ "type": "Feature", "properties": { "osm_id": "530674344", "lastchange": null, "code": "2303", "fclass": "cafe", "name": "Ideal Bairro Azul" }, "geometry": { "type": "Point", "coordinates": [ -9.1554732, 38.7352428 ] } },
{ "type": "Feature", "properties": { "osm_id": "532059104", "lastchange": null, "code": "2302", "fclass": "fast_food", "name": "McDonald's Barreiro" }, "geometry": { "type": "Point", "coordinates": [ -9.0759207, 38.6619078 ] } },
{ "type": "Feature", "properties": { "osm_id": "538017626", "lastchange": null, "code": "2003", "fclass": "recycling", "name": null }, "geometry": { "type": "Point", "coordinates": [ -9.156943, 38.7357805 ] } },
{ "type": "Feature", "properties": { "osm_id": "569489054", "lastchange": null, "code": "2301", "fclass": "restaurant", "name": "Zé Varunca" }, "geometry": { "type": "Point", "coordinates": [ -9.1428539, 38.7189975 ] } },
{ "type": "Feature", "properties": { "osm_id": "569495728", "lastchange": null, "code": "2301", "fclass": "restaurant", "name": "As Velhas" }, "geometry": { "type": "Point", "coordinates": [ -9.1443367, 38.7174028 ] } },
{ "type": "Feature", "properties": { "osm_id": "569497523", "lastchange": null, "code": "2202", "fclass": "nightclub", "name": "Maxime" }, "geometry": { "type": "Point", "coordinates": [ -9.1453279, 38.7182877 ] } },
{ "type": "Feature", "properties": { "osm_id": "578460076", "lastchange": null, "code": "2703", "fclass": "museum", "name": "Museu dos Combatentes do Ultramar" }, "geometry": { "type": "Point", "coordinates": [ -9.2174185, 38.6925267 ] } },
{ "type": "Feature", "properties": { "osm_id": "578460077", "lastchange": null, "code": "2702", "fclass": "attraction", "name": "Fairy IIID" }, "geometry": { "type": "Point", "coordinates": [ -9.2139451, 38.6922032 ] } },
{ "type": "Feature", "properties": { "osm_id": "578460078", "lastchange": null, "code": "2801", "fclass": "fuel", "name": null }, "geometry": { "type": "Point", "coordinates": [ -9.2121715, 38.6937841 ] } },
{ "type": "Feature", "properties": { "osm_id": "580298161", "lastchange": null, "code": "2501", "fclass": "supermarket", "name": "Bricomarché Famões" }, "geometry": { "type": "Point", "coordinates": [ -9.2152594, 38.7915519 ] } },
{ "type": "Feature", "properties": { "osm_id": "580298167", "lastchange": null, "code": "2002", "fclass": "fire_station", "name": "Bombeiros Voluntários da Pontinha" }, "geometry": { "type": "Point", "coordinates": [ -9.2085539, 38.7746746 ] } },
{ "type": "Feature", "properties": { "osm_id": "580298171", "lastchange": null, "code": "2082", "fclass": "school", "name": null }, "geometry": { "type": "Point", "coordinates": [ -9.2053353, 38.768192 ] } },
{ "type": "Feature", "properties": { "osm_id": "580298174", "lastchange": null, "code": "2082", "fclass": "school", "name": null }, "geometry": { "type": "Point", "coordinates": [ -9.2020522, 38.7677904 ] } },
{ "type": "Feature", "properties": { "osm_id": "580298178", "lastchange": null, "code": "2101", "fclass": "pharmacy", "name": null }, "geometry": { "type": "Point", "coordinates": [ -9.1986619, 38.7656991 ] } },
{ "type": "Feature", "properties": { "osm_id": "580298189", "lastchange": null, "code": "2303", "fclass": "cafe", "name": "O Isqueiro" }, "geometry": { "type": "Point", "coordinates": [ -9.2148324, 38.7855368 ] } },
{ "type": "Feature", "properties": { "osm_id": "580298193", "lastchange": null, "code": "2303", "fclass": "cafe", "name": "Café Fonseca" }, "geometry": { "type": "Point", "coordinates": [ -9.2148678, 38.7831117 ] } },
{ "type": "Feature", "properties": { "osm_id": "580298194", "lastchange": null, "code": "2006", "fclass": "telephone", "name": null }, "geometry": { "type": "Point", "coordinates": [ -9.2148705, 38.7830699 ] } },
{ "type": "Feature", "properties": { "osm_id": "580298196", "lastchange": null, "code": "2501", "fclass": "supermarket", "name": "LIDL Presa" }, "geometry": { "type": "Point", "coordinates": [ -9.2211174, 38.7841508 ] } },
{ "type": "Feature", "properties": { "osm_id": "580298200", "lastchange": null, "code": "2501", "fclass": "supermarket", "name": "Intermarché Famões" }, "geometry": { "type": "Point", "coordinates": [ -9.2165898, 38.7921122 ] } },
{ "type": "Feature", "properties": { "osm_id": "580298238", "lastchange": null, "code": "2082", "fclass": "school", "name": null }, "geometry": { "type": "Point", "coordinates": [ -9.2125477, 38.7803433 ] } },
{ "type": "Feature", "properties": { "osm_id": "580298244", "lastchange": null, "code": "2101", "fclass": "pharmacy", "name": "Farmácia do Casal do Rato" }, "geometry": { "type": "Point", "coordinates": [ -9.2166569, 38.7826266 ] } },
{ "type": "Feature", "properties": { "osm_id": "580298249", "lastchange": null, "code": "2003", "fclass": "recycling", "name": null }, "geometry": { "type": "Point", "coordinates": [ -9.2146854, 38.7847258 ] } },
{ "type": "Feature", "properties": { "osm_id": "580298254", "lastchange": null, "code": "2003", "fclass": "recycling", "name": null }, "geometry": { "type": "Point", "coordinates": [ -9.2155974, 38.7829695 ] } },
{ "type": "Feature", "properties": { "osm_id": "580811930", "lastchange": null, "code": "2303", "fclass": "cafe", "name": null }, "geometry": { "type": "Point", "coordinates": [ -9.1695707, 38.7151727 ] } },
{ "type": "Feature", "properties": { "osm_id": "580824497", "lastchange": null, "code": "2082", "fclass": "school", "name": "Salesianos" }, "geometry": { "type": "Point", "coordinates": [ -9.1683352, 38.7139575 ] } },
{ "type": "Feature", "properties": { "osm_id": "580906946", "lastchange": null, "code": "2001", "fclass": "police", "name": null }, "geometry": { "type": "Point", "coordinates": [ -9.1678084, 38.7150618 ] } },
{ "type": "Feature", "properties": { "osm_id": "580906949", "lastchange": null, "code": "2004", "fclass": "post_box", "name": null }, "geometry": { "type": "Point", "coordinates": [ -9.1616608, 38.7166272 ] } },
{ "type": "Feature", "properties": { "osm_id": "580906955", "lastchange": null, "code": "2002", "fclass": "fire_station", "name": "Bombeiros Voluntários Campo de Ourique" }, "geometry": { "type": "Point", "coordinates": [ -9.1663139, 38.7188668 ] } },
{ "type": "Feature", "properties": { "osm_id": "580906963", "lastchange": null, "code": "2804", "fclass": "parking", "name": null }, "geometry": { "type": "Point", "coordinates": [ -9.1669823, 38.7156143 ] } },
{ "type": "Feature", "properties": { "osm_id": "583855230", "lastchange": null, "code": "2703", "fclass": "museum", "name": "Museu Nacional de Etnologia" }, "geometry": { "type": "Point", "coordinates": [ -9.2084235, 38.7047977 ] } },
{ "type": "Feature", "properties": { "osm_id": "583878489", "lastchange": null, "code": "2082", "fclass": "school", "name": "Escola Secundária do Restelo" }, "geometry": { "type": "Point", "coordinates": [ -9.2141833, 38.7095072 ] } },
{ "type": "Feature", "properties": { "osm_id": "583879487", "lastchange": null, "code": "2003", "fclass": "recycling", "name": null }, "geometry": { "type": "Point", "coordinates": [ -9.2116786, 38.7059405 ] } },
{ "type": "Feature", "properties": { "osm_id": "583879999", "lastchange": null, "code": "2003", "fclass": "recycling", "name": null }, "geometry": { "type": "Point", "coordinates": [ -9.2109018, 38.7082178 ] } },
{ "type": "Feature", "properties": { "osm_id": "583880864", "lastchange": null, "code": "2302", "fclass": "fast_food", "name": "McDonald's" }, "geometry": { "type": "Point", "coordinates": [ -9.2137632, 38.7110232 ] } },
{ "type": "Feature", "properties": { "osm_id": "583885127", "lastchange": null, "code": "2006", "fclass": "telephone", "name": null }, "geometry": { "type": "Point", "coordinates": [ -9.2114351, 38.7058987 ] } },
{ "type": "Feature", "properties": { "osm_id": "583885268", "lastchange": null, "code": "2004", "fclass": "post_box", "name": null }, "geometry": { "type": "Point", "coordinates": [ -9.2126201, 38.7049944 ] } },
{ "type": "Feature", "properties": { "osm_id": "583885964", "lastchange": null, "code": "2501", "fclass": "supermarket", "name": "SPAR" }, "geometry": { "type": "Point", "coordinates": [ -9.2078532, 38.7108382 ] } },
{ "type": "Feature", "properties": { "osm_id": "583886293", "lastchange": null, "code": "2501", "fclass": "supermarket", "name": null }, "geometry": { "type": "Point", "coordinates": [ -9.2128958, 38.7112317 ] } },
{ "type": "Feature", "properties": { "osm_id": "583887191", "lastchange": null, "code": "2082", "fclass": "school", "name": "EB1 Nº30 Moinhos do Restelo" }, "geometry": { "type": "Point", "coordinates": [ -9.2068447, 38.7073136 ] } },
{ "type": "Feature", "properties": { "osm_id": "583887945", "lastchange": null, "code": "2082", "fclass": "school", "name": "EB 2+3 Paula Vicente" }, "geometry": { "type": "Point", "coordinates": [ -9.2043449, 38.7052037 ] } },
{ "type": "Feature", "properties": { "osm_id": "583930983", "lastchange": null, "code": "2703", "fclass": "museum", "name": "Museu de Marinha" }, "geometry": { "type": "Point", "coordinates": [ -9.2080426, 38.6971505 ] } },
{ "type": "Feature", "properties": { "osm_id": "583941696", "lastchange": null, "code": "2804", "fclass": "parking", "name": null }, "geometry": { "type": "Point", "coordinates": [ -9.2138415, 38.7123451 ] } },
{ "type": "Feature", "properties": { "osm_id": "583946186", "lastchange": null, "code": "2703", "fclass": "museum", "name": "Moinhos de Santana" }, "geometry": { "type": "Point", "coordinates": [ -9.2068678, 38.7095992 ] } },
{ "type": "Feature", "properties": { "osm_id": "583952936", "lastchange": null, "code": "2804", "fclass": "parking", "name": null }, "geometry": { "type": "Point", "coordinates": [ -9.2151934, 38.7119684 ] } },
{ "type": "Feature", "properties": { "osm_id": "589527256", "lastchange": null, "code": "2501", "fclass": "supermarket", "name": "Pingo Doce" }, "geometry": { "type": "Point", "coordinates": [ -9.1928061, 38.7821293 ] } },
{ "type": "Feature", "properties": { "osm_id": "593576649", "lastchange": null, "code": "2101", "fclass": "pharmacy", "name": "Farmácia Belém" }, "geometry": { "type": "Point", "coordinates": [ -9.2052254, 38.7064514 ] } },
{ "type": "Feature", "properties": { "osm_id": "593795993", "lastchange": null, "code": "2082", "fclass": "school", "name": "Escola EB nº 23" }, "geometry": { "type": "Point", "coordinates": [ -9.217945, 38.7015115 ] } },
{ "type": "Feature", "properties": { "osm_id": "593889380", "lastchange": null, "code": "2301", "fclass": "restaurant", "name": "uai" }, "geometry": { "type": "Point", "coordinates": [ -9.1605431, 38.7026342 ] } },
{ "type": "Feature", "properties": { "osm_id": "593889412", "lastchange": null, "code": "2001", "fclass": "police", "name": null }, "geometry": { "type": "Point", "coordinates": [ -9.1659246, 38.7031107 ] } },
{ "type": "Feature", "properties": { "osm_id": "593916895", "lastchange": null, "code": "2804", "fclass": "parking", "name": null }, "geometry": { "type": "Point", "coordinates": [ -9.1699307, 38.702173 ] } },
{ "type": "Feature", "properties": { "osm_id": "593916896", "lastchange": null, "code": "2804", "fclass": "parking", "name": null }, "geometry": { "type": "Point", "coordinates": [ -9.1667336, 38.7026753 ] } },
{ "type": "Feature", "properties": { "osm_id": "595006194", "lastchange": null, "code": "2501", "fclass": "supermarket", "name": null }, "geometry": { "type": "Point", "coordinates": [ -9.2088576, 38.7076821 ] } },
{ "type": "Feature", "properties": { "osm_id": "595010406", "lastchange": null, "code": "2501", "fclass": "supermarket", "name": null }, "geometry": { "type": "Point", "coordinates": [ -9.2078734, 38.7071919 ] } },
{ "type": "Feature", "properties": { "osm_id": "595010409", "lastchange": null, "code": "2303", "fclass": "cafe", "name": "Spots" }, "geometry": { "type": "Point", "coordinates": [ -9.2095152, 38.7067277 ] } },
{ "type": "Feature", "properties": { "osm_id": "595839237", "lastchange": null, "code": "2602", "fclass": "atm", "name": null }, "geometry": { "type": "Point", "coordinates": [ -9.2987457, 38.692302 ] } },
{ "type": "Feature", "properties": { "osm_id": "595839243", "lastchange": null, "code": "2101", "fclass": "pharmacy", "name": "Pargana" }, "geometry": { "type": "Point", "coordinates": [ -9.297862, 38.6927524 ] } },
{ "type": "Feature", "properties": { "osm_id": "595839380", "lastchange": null, "code": "2301", "fclass": "restaurant", "name": null }, "geometry": { "type": "Point", "coordinates": [ -9.2988126, 38.692249 ] } },
{ "type": "Feature", "properties": { "osm_id": "595839381", "lastchange": null, "code": "2301", "fclass": "restaurant", "name": "Xico" }, "geometry": { "type": "Point", "coordinates": [ -9.2991155, 38.6921407 ] } },
{ "type": "Feature", "properties": { "osm_id": "598502163", "lastchange": null, "code": "2301", "fclass": "restaurant", "name": "Mimosa de Santos" }, "geometry": { "type": "Point", "coordinates": [ -9.1569126, 38.707271 ] } },
{ "type": "Feature", "properties": { "osm_id": "601737992", "lastchange": null, "code": "2501", "fclass": "supermarket", "name": "Continente" }, "geometry": { "type": "Point", "coordinates": [ -9.1958678, 38.792106 ] } },
{ "type": "Feature", "properties": { "osm_id": "601737994", "lastchange": null, "code": "2082", "fclass": "school", "name": null }, "geometry": { "type": "Point", "coordinates": [ -9.1931212, 38.7938537 ] } },
{ "type": "Feature", "properties": { "osm_id": "601738002", "lastchange": null, "code": "2082", "fclass": "school", "name": null }, "geometry": { "type": "Point", "coordinates": [ -9.1937971, 38.7972653 ] } },
{ "type": "Feature", "properties": { "osm_id": "601738011", "lastchange": null, "code": "2082", "fclass": "school", "name": null }, "geometry": { "type": "Point", "coordinates": [ -9.1917479, 38.7986952 ] } },
{ "type": "Feature", "properties": { "osm_id": "601738058", "lastchange": null, "code": "2101", "fclass": "pharmacy", "name": "Torres" }, "geometry": { "type": "Point", "coordinates": [ -9.1939366, 38.7957351 ] } },
{ "type": "Feature", "properties": { "osm_id": "610536457", "lastchange": null, "code": "2804", "fclass": "parking", "name": null }, "geometry": { "type": "Point", "coordinates": [ -9.1260867, 38.7317532 ] } },
{ "type": "Feature", "properties": { "osm_id": "610536670", "lastchange": null, "code": "2804", "fclass": "parking", "name": null }, "geometry": { "type": "Point", "coordinates": [ -9.1257755, 38.7327324 ] } },
{ "type": "Feature", "properties": { "osm_id": "610554965", "lastchange": null, "code": "2801", "fclass": "fuel", "name": null }, "geometry": { "type": "Point", "coordinates": [ -9.1264623, 38.7298526 ] } },
{ "type": "Feature", "properties": { "osm_id": "610555879", "lastchange": null, "code": "2801", "fclass": "fuel", "name": null }, "geometry": { "type": "Point", "coordinates": [ -9.1280179, 38.7291494 ] } },
{ "type": "Feature", "properties": { "osm_id": "620172733", "lastchange": null, "code": "2110", "fclass": "hospital", "name": "Centro de Saúde de Paço de Arcos" }, "geometry": { "type": "Point", "coordinates": [ -9.2982314, 38.7024687 ] } },
{ "type": "Feature", "properties": { "osm_id": "620172916", "lastchange": null, "code": "2101", "fclass": "pharmacy", "name": null }, "geometry": { "type": "Point", "coordinates": [ -9.2925605, 38.7002282 ] } },
{ "type": "Feature", "properties": { "osm_id": "620173032", "lastchange": null, "code": "2101", "fclass": "pharmacy", "name": null }, "geometry": { "type": "Point", "coordinates": [ -9.2923137, 38.6950869 ] } },
{ "type": "Feature", "properties": { "osm_id": "625670883", "lastchange": null, "code": "2110", "fclass": "hospital", "name": "Hospital Cuf Descobertas" }, "geometry": { "type": "Point", "coordinates": [ -9.0996397, 38.7581945 ] } },
{ "type": "Feature", "properties": { "osm_id": "638334781", "lastchange": null, "code": "2804", "fclass": "parking", "name": null }, "geometry": { "type": "Point", "coordinates": [ -9.2079141, 38.7010681 ] } },
{ "type": "Feature", "properties": { "osm_id": "663104901", "lastchange": null, "code": "2303", "fclass": "cafe", "name": "O Trenó" }, "geometry": { "type": "Point", "coordinates": [ -9.1606691, 38.7725542 ] } },
{ "type": "Feature", "properties": { "osm_id": "666418794", "lastchange": null, "code": "2101", "fclass": "pharmacy", "name": "Farmácia Nita" }, "geometry": { "type": "Point", "coordinates": [ -9.1882236, 38.6089796 ] } },
{ "type": "Feature", "properties": { "osm_id": "666446897", "lastchange": null, "code": "2804", "fclass": "parking", "name": null }, "geometry": { "type": "Point", "coordinates": [ -9.1856594, 38.6050894 ] } },
{ "type": "Feature", "properties": { "osm_id": "666467914", "lastchange": null, "code": "2082", "fclass": "school", "name": "EPED" }, "geometry": { "type": "Point", "coordinates": [ -9.2028514, 38.6636047 ] } },
{ "type": "Feature", "properties": { "osm_id": "666470158", "lastchange": null, "code": "2804", "fclass": "parking", "name": null }, "geometry": { "type": "Point", "coordinates": [ -9.1414396, 38.7068272 ] } },
{ "type": "Feature", "properties": { "osm_id": "666472788", "lastchange": null, "code": "2203", "fclass": "cinema", "name": "Academia Almadense" }, "geometry": { "type": "Point", "coordinates": [ -9.1602011, 38.6806552 ] } },
{ "type": "Feature", "properties": { "osm_id": "666479691", "lastchange": null, "code": "2110", "fclass": "hospital", "name": null }, "geometry": { "type": "Point", "coordinates": [ -9.1993361, 38.6269025 ] } },
{ "type": "Feature", "properties": { "osm_id": "666950331", "lastchange": null, "code": "2804", "fclass": "parking", "name": null }, "geometry": { "type": "Point", "coordinates": [ -9.1477052, 38.7111612 ] } },
{ "type": "Feature", "properties": { "osm_id": "672214226", "lastchange": null, "code": "2804", "fclass": "parking", "name": "Parque Agualva Shopping" }, "geometry": { "type": "Point", "coordinates": [ -9.2969822, 38.7695862 ] } },
{ "type": "Feature", "properties": { "osm_id": "672214227", "lastchange": null, "code": "2501", "fclass": "supermarket", "name": "Pingo Doce" }, "geometry": { "type": "Point", "coordinates": [ -9.2972231, 38.7698069 ] } },
{ "type": "Feature", "properties": { "osm_id": "672220851", "lastchange": null, "code": "2804", "fclass": "parking", "name": null }, "geometry": { "type": "Point", "coordinates": [ -9.2952832, 38.7692851 ] } },
{ "type": "Feature", "properties": { "osm_id": "672358980", "lastchange": null, "code": "2001", "fclass": "police", "name": "Esquadra da Polícia de Segurança Pública da Damaia" }, "geometry": { "type": "Point", "coordinates": [ -9.2184376, 38.7426288 ] } },
{ "type": "Feature", "properties": { "osm_id": "672358981", "lastchange": null, "code": "2501", "fclass": "supermarket", "name": "Pingo Doce Damaia" }, "geometry": { "type": "Point", "coordinates": [ -9.2176544, 38.7425368 ] } },
{ "type": "Feature", "properties": { "osm_id": "672358982", "lastchange": null, "code": "2004", "fclass": "post_box", "name": "CTT Damaia" }, "geometry": { "type": "Point", "coordinates": [ -9.2176973, 38.7428046 ] } },
{ "type": "Feature", "properties": { "osm_id": "672368245", "lastchange": null, "code": "2301", "fclass": "restaurant", "name": "Princesa de Neudel" }, "geometry": { "type": "Point", "coordinates": [ -9.2223751, 38.743474 ] } },
{ "type": "Feature", "properties": { "osm_id": "672368260", "lastchange": null, "code": "2101", "fclass": "pharmacy", "name": "FARMÁCIA DAMAIA" }, "geometry": { "type": "Point", "coordinates": [ -9.219371, 38.7456999 ] } },
{ "type": "Feature", "properties": { "osm_id": "672368266", "lastchange": null, "code": "2003", "fclass": "recycling", "name": null }, "geometry": { "type": "Point", "coordinates": [ -9.2215383, 38.7437585 ] } },
{ "type": "Feature", "properties": { "osm_id": "672691531", "lastchange": null, "code": "2002", "fclass": "fire_station", "name": "Bombeiros Voluntários do Dafundo" }, "geometry": { "type": "Point", "coordinates": [ -9.2406694, 38.7062573 ] } },
{ "type": "Feature", "properties": { "osm_id": "672694259", "lastchange": null, "code": "2101", "fclass": "pharmacy", "name": "Farmácia Pinto" }, "geometry": { "type": "Point", "coordinates": [ -9.2446761, 38.7102759 ] } },
{ "type": "Feature", "properties": { "osm_id": "672772563", "lastchange": null, "code": "2082", "fclass": "school", "name": "Escola Básica Dom Pedro V" }, "geometry": { "type": "Point", "coordinates": [ -9.2460735, 38.7121176 ] } },
{ "type": "Feature", "properties": { "osm_id": "674107597", "lastchange": null, "code": "2002", "fclass": "fire_station", "name": "Bombeiros Voluntários de Agualva-Cacém (BVAC)" }, "geometry": { "type": "Point", "coordinates": [ -9.2968925, 38.7731723 ] } },
{ "type": "Feature", "properties": { "osm_id": "674107598", "lastchange": null, "code": "2004", "fclass": "post_box", "name": "CTT Agualva" }, "geometry": { "type": "Point", "coordinates": [ -9.294359, 38.7746176 ] } },
{ "type": "Feature", "properties": { "osm_id": "674107600", "lastchange": null, "code": "2001", "fclass": "police", "name": "PSP Cacém" }, "geometry": { "type": "Point", "coordinates": [ -9.294949, 38.7684277 ] } },
{ "type": "Feature", "properties": { "osm_id": "675646075", "lastchange": null, "code": "2703", "fclass": "museum", "name": "Museu da Cidade" }, "geometry": { "type": "Point", "coordinates": [ -9.1563455, 38.758553 ] } },
{ "type": "Feature", "properties": { "osm_id": "675649773", "lastchange": null, "code": "2110", "fclass": "hospital", "name": "Hospital da Luz" }, "geometry": { "type": "Point", "coordinates": [ -9.192598, 38.7560583 ] } },
{ "type": "Feature", "properties": { "osm_id": "675649774", "lastchange": null, "code": "2501", "fclass": "supermarket", "name": "Continente" }, "geometry": { "type": "Point", "coordinates": [ -9.190093, 38.754656 ] } },
{ "type": "Feature", "properties": { "osm_id": "675696721", "lastchange": null, "code": "2501", "fclass": "supermarket", "name": "Pingo Doce" }, "geometry": { "type": "Point", "coordinates": [ -9.1536004, 38.7669542 ] } },
{ "type": "Feature", "properties": { "osm_id": "675696731", "lastchange": null, "code": "2303", "fclass": "cafe", "name": "Rota do Pão" }, "geometry": { "type": "Point", "coordinates": [ -9.1530204, 38.7730695 ] } },
{ "type": "Feature", "properties": { "osm_id": "675696739", "lastchange": null, "code": "2101", "fclass": "pharmacy", "name": "Farmácia Alto do Lumiar" }, "geometry": { "type": "Point", "coordinates": [ -9.151858, 38.774876 ] } },
{ "type": "Feature", "properties": { "osm_id": "675699759", "lastchange": null, "code": "2302", "fclass": "fast_food", "name": null }, "geometry": { "type": "Point", "coordinates": [ -9.1532421, 38.7729194 ] } },
{ "type": "Feature", "properties": { "osm_id": "676804525", "lastchange": null, "code": "2001", "fclass": "police", "name": "PSP - Divisão de Trânsito" }, "geometry": { "type": "Point", "coordinates": [ -9.1497311, 38.7670339 ] } },
{ "type": "Feature", "properties": { "osm_id": "676804527", "lastchange": null, "code": "2801", "fclass": "fuel", "name": "Repsol" }, "geometry": { "type": "Point", "coordinates": [ -9.1407104, 38.7634367 ] } },
{ "type": "Feature", "properties": { "osm_id": "676804528", "lastchange": null, "code": "2801", "fclass": "fuel", "name": "Repsol" }, "geometry": { "type": "Point", "coordinates": [ -9.140532, 38.7626151 ] } },
{ "type": "Feature", "properties": { "osm_id": "676806021", "lastchange": null, "code": "2801", "fclass": "fuel", "name": null }, "geometry": { "type": "Point", "coordinates": [ -9.1565072, 38.7633262 ] } },
{ "type": "Feature", "properties": { "osm_id": "679218362", "lastchange": null, "code": "2082", "fclass": "school", "name": "Escola Básica do Barreiro nº 5" }, "geometry": { "type": "Point", "coordinates": [ -9.0634836, 38.6560242 ] } },
{ "type": "Feature", "properties": { "osm_id": "679218459", "lastchange": null, "code": "2303", "fclass": "cafe", "name": "Impróprio" }, "geometry": { "type": "Point", "coordinates": [ -9.0628849, 38.6561273 ] } },
{ "type": "Feature", "properties": { "osm_id": "679218725", "lastchange": null, "code": "2804", "fclass": "parking", "name": "Parking Bingo" }, "geometry": { "type": "Point", "coordinates": [ -9.0623591, 38.6562195 ] } },
{ "type": "Feature", "properties": { "osm_id": "687953369", "lastchange": null, "code": "2082", "fclass": "school", "name": "Jardim de Infância da Ameixoeira" }, "geometry": { "type": "Point", "coordinates": [ -9.1589431, 38.7806934 ] } },
{ "type": "Feature", "properties": { "osm_id": "687953371", "lastchange": null, "code": "2082", "fclass": "school", "name": "Academia de Música de Santa Cecília" }, "geometry": { "type": "Point", "coordinates": [ -9.1588894, 38.7820734 ] } },
{ "type": "Feature", "properties": { "osm_id": "688019975", "lastchange": null, "code": "2082", "fclass": "school", "name": "Escola Preparatória do Lumiar" }, "geometry": { "type": "Point", "coordinates": [ -9.163271, 38.7693368 ] } },
{ "type": "Feature", "properties": { "osm_id": "688019976", "lastchange": null, "code": "2082", "fclass": "school", "name": "Escola Secundária do Lumiar" }, "geometry": { "type": "Point", "coordinates": [ -9.1624127, 38.7698889 ] } },
{ "type": "Feature", "properties": { "osm_id": "688019977", "lastchange": null, "code": "2082", "fclass": "school", "name": "Escola Primária do Lumiar" }, "geometry": { "type": "Point", "coordinates": [ -9.1624771, 38.7707756 ] } },
{ "type": "Feature", "properties": { "osm_id": "694111052", "lastchange": null, "code": "2101", "fclass": "pharmacy", "name": null }, "geometry": { "type": "Point", "coordinates": [ -9.1530504, 38.7673083 ] } },
{ "type": "Feature", "properties": { "osm_id": "694113066", "lastchange": null, "code": "2082", "fclass": "school", "name": "Externato Infante Dom Pedro" }, "geometry": { "type": "Point", "coordinates": [ -9.1463168, 38.738351 ] } },
{ "type": "Feature", "properties": { "osm_id": "701191112", "lastchange": null, "code": "2110", "fclass": "hospital", "name": "centro saude lumiar" }, "geometry": { "type": "Point", "coordinates": [ -9.1612105, 38.7722731 ] } },
{ "type": "Feature", "properties": { "osm_id": "701876385", "lastchange": null, "code": "2501", "fclass": "supermarket", "name": "Pingo Doce" }, "geometry": { "type": "Point", "coordinates": [ -9.1565043, 38.6785428 ] } },
{ "type": "Feature", "properties": { "osm_id": "702173727", "lastchange": null, "code": "2101", "fclass": "pharmacy", "name": "Pinto Leal" }, "geometry": { "type": "Point", "coordinates": [ -9.2843646, 38.7529118 ] } },
{ "type": "Feature", "properties": { "osm_id": "702176826", "lastchange": null, "code": "2301", "fclass": "restaurant", "name": "100 Sabores" }, "geometry": { "type": "Point", "coordinates": [ -9.286124, 38.7531901 ] } },
{ "type": "Feature", "properties": { "osm_id": "702180735", "lastchange": null, "code": "2301", "fclass": "restaurant", "name": "Manjuba" }, "geometry": { "type": "Point", "coordinates": [ -9.2843063, 38.7525001 ] } },
{ "type": "Feature", "properties": { "osm_id": "702182025", "lastchange": null, "code": "2082", "fclass": "school", "name": "Escola E B 1 N. 2 de Massamá" }, "geometry": { "type": "Point", "coordinates": [ -9.287036, 38.7535499 ] } },
{ "type": "Feature", "properties": { "osm_id": "712051425", "lastchange": null, "code": "2101", "fclass": "pharmacy", "name": "Farmácia Benfiluz" }, "geometry": { "type": "Point", "coordinates": [ -9.1900335, 38.7491384 ] } },
{ "type": "Feature", "properties": { "osm_id": "717070693", "lastchange": null, "code": "2110", "fclass": "hospital", "name": "Hospital Egas Moniz" }, "geometry": { "type": "Point", "coordinates": [ -9.1885067, 38.6986182 ] } },
{ "type": "Feature", "properties": { "osm_id": "721674597", "lastchange": null, "code": "2101", "fclass": "pharmacy", "name": "FARMÁCIA DO BOREL" }, "geometry": { "type": "Point", "coordinates": [ -9.2363748, 38.7479496 ] } },
{ "type": "Feature", "properties": { "osm_id": "721674604", "lastchange": null, "code": "2001", "fclass": "police", "name": "Esquadra da Polícia de Segurança Pública da Reboleira" }, "geometry": { "type": "Point", "coordinates": [ -9.2304632, 38.7528109 ] } },
{ "type": "Feature", "properties": { "osm_id": "721674605", "lastchange": null, "code": "2501", "fclass": "supermarket", "name": "Pingo Doce" }, "geometry": { "type": "Point", "coordinates": [ -9.2295727, 38.7505685 ] } },
{ "type": "Feature", "properties": { "osm_id": "721674607", "lastchange": null, "code": "2082", "fclass": "school", "name": "EB1/JI Vasco Martins Rebolo" }, "geometry": { "type": "Point", "coordinates": [ -9.2321637, 38.7509179 ] } },
{ "type": "Feature", "properties": { "osm_id": "721688868", "lastchange": null, "code": "2110", "fclass": "hospital", "name": "Clínica de Santo António" }, "geometry": { "type": "Point", "coordinates": [ -9.2308387, 38.7487194 ] } },
{ "type": "Feature", "properties": { "osm_id": "721688877", "lastchange": null, "code": "2101", "fclass": "pharmacy", "name": "FARMÁCIA SAO JORGE" }, "geometry": { "type": "Point", "coordinates": [ -9.2292295, 38.7517902 ] } },
{ "type": "Feature", "properties": { "osm_id": "721688885", "lastchange": null, "code": "2101", "fclass": "pharmacy", "name": "FARMÁCIA JARDIM" }, "geometry": { "type": "Point", "coordinates": [ -9.2327163, 38.7529699 ] } },
{ "type": "Feature", "properties": { "osm_id": "721740266", "lastchange": null, "code": "2082", "fclass": "school", "name": "EB1/JI José Ruy" }, "geometry": { "type": "Point", "coordinates": [ -9.2280787, 38.7492199 ] } },
{ "type": "Feature", "properties": { "osm_id": "721742873", "lastchange": null, "code": "2301", "fclass": "restaurant", "name": "La Siesta" }, "geometry": { "type": "Point", "coordinates": [ -9.2300616, 38.6956797 ] } },
{ "type": "Feature", "properties": { "osm_id": "721743195", "lastchange": null, "code": "2101", "fclass": "pharmacy", "name": "Farmácia Branco" }, "geometry": { "type": "Point", "coordinates": [ -9.2297505, 38.7011559 ] } },
{ "type": "Feature", "properties": { "osm_id": "721746450", "lastchange": null, "code": "2203", "fclass": "cinema", "name": "Alegro" }, "geometry": { "type": "Point", "coordinates": [ -9.2200623, 38.7280867 ] } },
{ "type": "Feature", "properties": { "osm_id": "726710156", "lastchange": null, "code": "2201", "fclass": "theatre", "name": "Chapitô" }, "geometry": { "type": "Point", "coordinates": [ -9.1338485, 38.7116187 ] } },
{ "type": "Feature", "properties": { "osm_id": "726754421", "lastchange": null, "code": "2602", "fclass": "atm", "name": null }, "geometry": { "type": "Point", "coordinates": [ -9.1355317, 38.7126421 ] } },
{ "type": "Feature", "properties": { "osm_id": "726754428", "lastchange": null, "code": "2003", "fclass": "recycling", "name": null }, "geometry": { "type": "Point", "coordinates": [ -9.1319876, 38.7111544 ] } },
{ "type": "Feature", "properties": { "osm_id": "726754430", "lastchange": null, "code": "2201", "fclass": "theatre", "name": "Taborda" }, "geometry": { "type": "Point", "coordinates": [ -9.1321481, 38.7147909 ] } },
{ "type": "Feature", "properties": { "osm_id": "726784486", "lastchange": null, "code": "2003", "fclass": "recycling", "name": null }, "geometry": { "type": "Point", "coordinates": [ -9.1355487, 38.7116181 ] } },
{ "type": "Feature", "properties": { "osm_id": "726796583", "lastchange": null, "code": "2201", "fclass": "theatre", "name": "Gotta" }, "geometry": { "type": "Point", "coordinates": [ -9.1340534, 38.7107455 ] } },
{ "type": "Feature", "properties": { "osm_id": "727910029", "lastchange": null, "code": "2005", "fclass": "post_office", "name": null }, "geometry": { "type": "Point", "coordinates": [ -9.1472561, 38.7157894 ] } },
{ "type": "Feature", "properties": { "osm_id": "734057836", "lastchange": null, "code": "2804", "fclass": "parking", "name": null }, "geometry": { "type": "Point", "coordinates": [ -9.1432965, 38.7106465 ] } },
{ "type": "Feature", "properties": { "osm_id": "734057838", "lastchange": null, "code": "2804", "fclass": "parking", "name": null }, "geometry": { "type": "Point", "coordinates": [ -9.1502143, 38.712238 ] } },
{ "type": "Feature", "properties": { "osm_id": "734057839", "lastchange": null, "code": "2001", "fclass": "police", "name": null }, "geometry": { "type": "Point", "coordinates": [ -9.1469986, 38.7113068 ] } },
{ "type": "Feature", "properties": { "osm_id": "736963040", "lastchange": null, "code": "2004", "fclass": "post_box", "name": null }, "geometry": { "type": "Point", "coordinates": [ -9.1512726, 38.714971 ] } },
{ "type": "Feature", "properties": { "osm_id": "736963041", "lastchange": null, "code": "2101", "fclass": "pharmacy", "name": "Farmácia Confiança" }, "geometry": { "type": "Point", "coordinates": [ -9.1511189, 38.7151937 ] } },
{ "type": "Feature", "properties": { "osm_id": "736963042", "lastchange": null, "code": "2004", "fclass": "post_box", "name": null }, "geometry": { "type": "Point", "coordinates": [ -9.1501645, 38.7172274 ] } },
{ "type": "Feature", "properties": { "osm_id": "737754491", "lastchange": null, "code": "2004", "fclass": "post_box", "name": null }, "geometry": { "type": "Point", "coordinates": [ -9.1525358, 38.7184599 ] } },
{ "type": "Feature", "properties": { "osm_id": "739539803", "lastchange": null, "code": "2301", "fclass": "restaurant", "name": null }, "geometry": { "type": "Point", "coordinates": [ -9.2409805, 38.7264536 ] } },
{ "type": "Feature", "properties": { "osm_id": "739539812", "lastchange": null, "code": "2110", "fclass": "hospital", "name": "Hospital de Santa Cruz" }, "geometry": { "type": "Point", "coordinates": [ -9.2340282, 38.72678 ] } },
{ "type": "Feature", "properties": { "osm_id": "739539814", "lastchange": null, "code": "2301", "fclass": "restaurant", "name": null }, "geometry": { "type": "Point", "coordinates": [ -9.2381266, 38.7267215 ] } },
{ "type": "Feature", "properties": { "osm_id": "739539822", "lastchange": null, "code": "2804", "fclass": "parking", "name": null }, "geometry": { "type": "Point", "coordinates": [ -9.2407015, 38.7254241 ] } },
{ "type": "Feature", "properties": { "osm_id": "739539825", "lastchange": null, "code": "2804", "fclass": "parking", "name": null }, "geometry": { "type": "Point", "coordinates": [ -9.2401436, 38.7254827 ] } },
{ "type": "Feature", "properties": { "osm_id": "739539827", "lastchange": null, "code": "2804", "fclass": "parking", "name": null }, "geometry": { "type": "Point", "coordinates": [ -9.2395106, 38.7255999 ] } },
{ "type": "Feature", "properties": { "osm_id": "739539829", "lastchange": null, "code": "2804", "fclass": "parking", "name": null }, "geometry": { "type": "Point", "coordinates": [ -9.2388776, 38.7256919 ] } },
{ "type": "Feature", "properties": { "osm_id": "739539832", "lastchange": null, "code": "2303", "fclass": "cafe", "name": null }, "geometry": { "type": "Point", "coordinates": [ -9.2412916, 38.7265541 ] } },
{ "type": "Feature", "properties": { "osm_id": "739539836", "lastchange": null, "code": "2101", "fclass": "pharmacy", "name": null }, "geometry": { "type": "Point", "coordinates": [ -9.2395503, 38.726162 ] } },
{ "type": "Feature", "properties": { "osm_id": "739539839", "lastchange": null, "code": "2501", "fclass": "supermarket", "name": "Pingo Doce" }, "geometry": { "type": "Point", "coordinates": [ -9.2405084, 38.7259347 ] } },
{ "type": "Feature", "properties": { "osm_id": "747825598", "lastchange": null, "code": "2006", "fclass": "telephone", "name": null }, "geometry": { "type": "Point", "coordinates": [ -9.1513528, 38.7151535 ] } },
{ "type": "Feature", "properties": { "osm_id": "762128509", "lastchange": null, "code": "2001", "fclass": "police", "name": null }, "geometry": { "type": "Point", "coordinates": [ -9.2817449, 38.758126 ] } },
{ "type": "Feature", "properties": { "osm_id": "762131643", "lastchange": null, "code": "2303", "fclass": "cafe", "name": null }, "geometry": { "type": "Point", "coordinates": [ -9.2810904, 38.758377 ] } },
{ "type": "Feature", "properties": { "osm_id": "768963738", "lastchange": null, "code": "2302", "fclass": "fast_food", "name": "McDonald's" }, "geometry": { "type": "Point", "coordinates": [ -9.2352668, 38.723395 ] } },
{ "type": "Feature", "properties": { "osm_id": "804840379", "lastchange": null, "code": "2082", "fclass": "school", "name": null }, "geometry": { "type": "Point", "coordinates": [ -9.2615816, 38.7794302 ] } },
{ "type": "Feature", "properties": { "osm_id": "804848236", "lastchange": null, "code": "2082", "fclass": "school", "name": null }, "geometry": { "type": "Point", "coordinates": [ -9.2345551, 38.7991786 ] } },
{ "type": "Feature", "properties": { "osm_id": "804851313", "lastchange": null, "code": "2004", "fclass": "post_box", "name": null }, "geometry": { "type": "Point", "coordinates": [ -9.2325392, 38.7994799 ] } },
{ "type": "Feature", "properties": { "osm_id": "807338502", "lastchange": null, "code": "2001", "fclass": "police", "name": "PSP do SEIXAL" }, "geometry": { "type": "Point", "coordinates": [ -9.1007835, 38.6438713 ] } },
{ "type": "Feature", "properties": { "osm_id": "812477729", "lastchange": null, "code": "2002", "fclass": "fire_station", "name": "Bombeiros Mistos do Seixal" }, "geometry": { "type": "Point", "coordinates": [ -9.0982051, 38.6380522 ] } },
{ "type": "Feature", "properties": { "osm_id": "812514456", "lastchange": null, "code": "2110", "fclass": "hospital", "name": "Centro de Saude do Seixal" }, "geometry": { "type": "Point", "coordinates": [ -9.0996372, 38.6405386 ] } },
{ "type": "Feature", "properties": { "osm_id": "813749360", "lastchange": null, "code": "2001", "fclass": "police", "name": "Tribunal do Seixal" }, "geometry": { "type": "Point", "coordinates": [ -9.1016578, 38.638742 ] } },
{ "type": "Feature", "properties": { "osm_id": "846889515", "lastchange": null, "code": "2303", "fclass": "cafe", "name": "Blue Bar" }, "geometry": { "type": "Point", "coordinates": [ -9.1964949, 38.7603733 ] } },
{ "type": "Feature", "properties": { "osm_id": "846906930", "lastchange": null, "code": "2001", "fclass": "police", "name": "Esquadra Carnide" }, "geometry": { "type": "Point", "coordinates": [ -9.192029, 38.7592271 ] } },
{ "type": "Feature", "properties": { "osm_id": "848517083", "lastchange": null, "code": "2801", "fclass": "fuel", "name": null }, "geometry": { "type": "Point", "coordinates": [ -9.1651739, 38.7507803 ] } },
{ "type": "Feature", "properties": { "osm_id": "850633301", "lastchange": null, "code": "2802", "fclass": "service", "name": null }, "geometry": { "type": "Point", "coordinates": [ -9.1829528, 38.7536663 ] } },
{ "type": "Feature", "properties": { "osm_id": "854064420", "lastchange": null, "code": "2082", "fclass": "school", "name": "Escola Basica 1 Foros de Amora" }, "geometry": { "type": "Point", "coordinates": [ -9.133604, 38.6101636 ] } },
{ "type": "Feature", "properties": { "osm_id": "878876698", "lastchange": null, "code": "2602", "fclass": "atm", "name": null }, "geometry": { "type": "Point", "coordinates": [ -9.1695279, 38.7434278 ] } },
{ "type": "Feature", "properties": { "osm_id": "878876711", "lastchange": null, "code": "2301", "fclass": "restaurant", "name": null }, "geometry": { "type": "Point", "coordinates": [ -9.169294, 38.7425743 ] } },
{ "type": "Feature", "properties": { "osm_id": "878876720", "lastchange": null, "code": "2301", "fclass": "restaurant", "name": null }, "geometry": { "type": "Point", "coordinates": [ -9.1689105, 38.7435643 ] } },
{ "type": "Feature", "properties": { "osm_id": "878876771", "lastchange": null, "code": "2602", "fclass": "atm", "name": null }, "geometry": { "type": "Point", "coordinates": [ -9.1689756, 38.7432598 ] } },
{ "type": "Feature", "properties": { "osm_id": "878876779", "lastchange": null, "code": "2901", "fclass": "toilet", "name": null }, "geometry": { "type": "Point", "coordinates": [ -9.1677826, 38.7433037 ] } },
{ "type": "Feature", "properties": { "osm_id": "878876867", "lastchange": null, "code": "2301", "fclass": "restaurant", "name": null }, "geometry": { "type": "Point", "coordinates": [ -9.1684941, 38.743668 ] } },
{ "type": "Feature", "properties": { "osm_id": "878876912", "lastchange": null, "code": "2301", "fclass": "restaurant", "name": null }, "geometry": { "type": "Point", "coordinates": [ -9.1691202, 38.7433432 ] } },
{ "type": "Feature", "properties": { "osm_id": "878877062", "lastchange": null, "code": "2301", "fclass": "restaurant", "name": null }, "geometry": { "type": "Point", "coordinates": [ -9.1699531, 38.7434222 ] } },
{ "type": "Feature", "properties": { "osm_id": "878877094", "lastchange": null, "code": "2301", "fclass": "restaurant", "name": null }, "geometry": { "type": "Point", "coordinates": [ -9.169126, 38.7430579 ] } },
{ "type": "Feature", "properties": { "osm_id": "882576138", "lastchange": null, "code": "2804", "fclass": "parking", "name": null }, "geometry": { "type": "Point", "coordinates": [ -9.2099606, 38.6935828 ] } },
{ "type": "Feature", "properties": { "osm_id": "886043801", "lastchange": null, "code": "2301", "fclass": "restaurant", "name": null }, "geometry": { "type": "Point", "coordinates": [ -9.1533574, 38.7594964 ] } },
{ "type": "Feature", "properties": { "osm_id": "886044334", "lastchange": null, "code": "2501", "fclass": "supermarket", "name": "Lidl" }, "geometry": { "type": "Point", "coordinates": [ -9.1597568, 38.7604283 ] } },
{ "type": "Feature", "properties": { "osm_id": "886222727", "lastchange": null, "code": "2301", "fclass": "restaurant", "name": null }, "geometry": { "type": "Point", "coordinates": [ -9.1454154, 38.7422266 ] } },
{ "type": "Feature", "properties": { "osm_id": "886222730", "lastchange": null, "code": "2301", "fclass": "restaurant", "name": null }, "geometry": { "type": "Point", "coordinates": [ -9.1457051, 38.7427119 ] } },
{ "type": "Feature", "properties": { "osm_id": "886222732", "lastchange": null, "code": "2301", "fclass": "restaurant", "name": null }, "geometry": { "type": "Point", "coordinates": [ -9.1455656, 38.7422935 ] } },
{ "type": "Feature", "properties": { "osm_id": "886222734", "lastchange": null, "code": "2301", "fclass": "restaurant", "name": null }, "geometry": { "type": "Point", "coordinates": [ -9.145233, 38.7421638 ] } },
{ "type": "Feature", "properties": { "osm_id": "887113336", "lastchange": null, "code": "2702", "fclass": "attraction", "name": "Comboio do Zoo" }, "geometry": { "type": "Point", "coordinates": [ -9.1708635, 38.7431562 ] } },
{ "type": "Feature", "properties": { "osm_id": "888498524", "lastchange": null, "code": "2801", "fclass": "fuel", "name": "Repsol" }, "geometry": { "type": "Point", "coordinates": [ -9.1832024, 38.7553634 ] } },
{ "type": "Feature", "properties": { "osm_id": "888498537", "lastchange": null, "code": "2801", "fclass": "fuel", "name": "Repsol" }, "geometry": { "type": "Point", "coordinates": [ -9.1687294, 38.7891831 ] } },
{ "type": "Feature", "properties": { "osm_id": "888498546", "lastchange": null, "code": "2801", "fclass": "fuel", "name": "Galp" }, "geometry": { "type": "Point", "coordinates": [ -9.1674098, 38.7847257 ] } },
{ "type": "Feature", "properties": { "osm_id": "888498548", "lastchange": null, "code": "2801", "fclass": "fuel", "name": "Galp" }, "geometry": { "type": "Point", "coordinates": [ -9.1708537, 38.7676544 ] } },
{ "type": "Feature", "properties": { "osm_id": "890389015", "lastchange": null, "code": "2302", "fclass": "fast_food", "name": null }, "geometry": { "type": "Point", "coordinates": [ -9.1704399, 38.7447463 ] } },
{ "type": "Feature", "properties": { "osm_id": "890389112", "lastchange": null, "code": "2901", "fclass": "toilet", "name": null }, "geometry": { "type": "Point", "coordinates": [ -9.1702842, 38.7447774 ] } },
{ "type": "Feature", "properties": { "osm_id": "905074496", "lastchange": null, "code": "2501", "fclass": "supermarket", "name": "MiniPreço" }, "geometry": { "type": "Point", "coordinates": [ -9.1571122, 38.682554 ] } },
{ "type": "Feature", "properties": { "osm_id": "910746522", "lastchange": null, "code": "2804", "fclass": "parking", "name": "Central Park" }, "geometry": { "type": "Point", "coordinates": [ -9.2385228, 38.7171453 ] } },
{ "type": "Feature", "properties": { "osm_id": "911793689", "lastchange": null, "code": "2101", "fclass": "pharmacy", "name": "Marta" }, "geometry": { "type": "Point", "coordinates": [ -9.2413554, 38.7149202 ] } },
{ "type": "Feature", "properties": { "osm_id": "911795858", "lastchange": null, "code": "2082", "fclass": "school", "name": "EB1" }, "geometry": { "type": "Point", "coordinates": [ -9.2407776, 38.7108349 ] } },
{ "type": "Feature", "properties": { "osm_id": "911795859", "lastchange": null, "code": "2082", "fclass": "school", "name": "JI" }, "geometry": { "type": "Point", "coordinates": [ -9.2419363, 38.710433 ] } },
{ "type": "Feature", "properties": { "osm_id": "912123811", "lastchange": null, "code": "2301", "fclass": "restaurant", "name": "O Farol" }, "geometry": { "type": "Point", "coordinates": [ -9.1484463, 38.6880017 ] } },
{ "type": "Feature", "properties": { "osm_id": "915620717", "lastchange": null, "code": "2804", "fclass": "parking", "name": null }, "geometry": { "type": "Point", "coordinates": [ -9.2956606, 38.7689252 ] } },
{ "type": "Feature", "properties": { "osm_id": "915620823", "lastchange": null, "code": "2801", "fclass": "fuel", "name": "BP" }, "geometry": { "type": "Point", "coordinates": [ -9.2965623, 38.7618197 ] } },
{ "type": "Feature", "properties": { "osm_id": "945916150", "lastchange": null, "code": "2501", "fclass": "supermarket", "name": "Pingo Doce" }, "geometry": { "type": "Point", "coordinates": [ -9.160818, 38.6393875 ] } },
{ "type": "Feature", "properties": { "osm_id": "950396228", "lastchange": null, "code": "2101", "fclass": "pharmacy", "name": "Farmácia Central do Restelo" }, "geometry": { "type": "Point", "coordinates": [ -9.2100767, 38.7080632 ] } },
{ "type": "Feature", "properties": { "osm_id": "950502579", "lastchange": null, "code": "2804", "fclass": "parking", "name": null }, "geometry": { "type": "Point", "coordinates": [ -9.1986278, 38.7128438 ] } },
{ "type": "Feature", "properties": { "osm_id": "950508346", "lastchange": null, "code": "2801", "fclass": "fuel", "name": null }, "geometry": { "type": "Point", "coordinates": [ -9.2067254, 38.7016418 ] } },
{ "type": "Feature", "properties": { "osm_id": "950508832", "lastchange": null, "code": "2303", "fclass": "cafe", "name": null }, "geometry": { "type": "Point", "coordinates": [ -9.2062211, 38.7024372 ] } },
{ "type": "Feature", "properties": { "osm_id": "950508984", "lastchange": null, "code": "2303", "fclass": "cafe", "name": null }, "geometry": { "type": "Point", "coordinates": [ -9.2072189, 38.7077035 ] } },
{ "type": "Feature", "properties": { "osm_id": "950509262", "lastchange": null, "code": "2303", "fclass": "cafe", "name": null }, "geometry": { "type": "Point", "coordinates": [ -9.2122185, 38.7084151 ] } },
{ "type": "Feature", "properties": { "osm_id": "950509615", "lastchange": null, "code": "2303", "fclass": "cafe", "name": null }, "geometry": { "type": "Point", "coordinates": [ -9.2134153, 38.7116764 ] } },
{ "type": "Feature", "properties": { "osm_id": "950509889", "lastchange": null, "code": "2303", "fclass": "cafe", "name": null }, "geometry": { "type": "Point", "coordinates": [ -9.21327, 38.7115758 ] } },
{ "type": "Feature", "properties": { "osm_id": "954067999", "lastchange": null, "code": "2301", "fclass": "restaurant", "name": null }, "geometry": { "type": "Point", "coordinates": [ -9.2072618, 38.6938043 ] } },
{ "type": "Feature", "properties": { "osm_id": "954068009", "lastchange": null, "code": "2301", "fclass": "restaurant", "name": null }, "geometry": { "type": "Point", "coordinates": [ -9.2074335, 38.6951273 ] } },
{ "type": "Feature", "properties": { "osm_id": "954068019", "lastchange": null, "code": "2301", "fclass": "restaurant", "name": "Vela Latina" }, "geometry": { "type": "Point", "coordinates": [ -9.2132887, 38.6931367 ] } },
{ "type": "Feature", "properties": { "osm_id": "954068028", "lastchange": null, "code": "2303", "fclass": "cafe", "name": null }, "geometry": { "type": "Point", "coordinates": [ -9.2138386, 38.691828 ] } },
{ "type": "Feature", "properties": { "osm_id": "954068050", "lastchange": null, "code": "2301", "fclass": "restaurant", "name": null }, "geometry": { "type": "Point", "coordinates": [ -9.202584, 38.6942397 ] } },
{ "type": "Feature", "properties": { "osm_id": "954068054", "lastchange": null, "code": "2301", "fclass": "restaurant", "name": null }, "geometry": { "type": "Point", "coordinates": [ -9.2023051, 38.69429 ] } },
{ "type": "Feature", "properties": { "osm_id": "954068059", "lastchange": null, "code": "2301", "fclass": "restaurant", "name": null }, "geometry": { "type": "Point", "coordinates": [ -9.2021227, 38.6943151 ] } },
{ "type": "Feature", "properties": { "osm_id": "954068063", "lastchange": null, "code": "2301", "fclass": "restaurant", "name": null }, "geometry": { "type": "Point", "coordinates": [ -9.2069614, 38.6938797 ] } },
{ "type": "Feature", "properties": { "osm_id": "954710515", "lastchange": null, "code": "2501", "fclass": "supermarket", "name": "Pingo Doce" }, "geometry": { "type": "Point", "coordinates": [ -9.2152602, 38.6954227 ] } },
{ "type": "Feature", "properties": { "osm_id": "976210195", "lastchange": null, "code": "2804", "fclass": "parking", "name": null }, "geometry": { "type": "Point", "coordinates": [ -9.2275791, 38.7046717 ] } },
{ "type": "Feature", "properties": { "osm_id": "976665542", "lastchange": null, "code": "2081", "fclass": "university", "name": "ISEGI" }, "geometry": { "type": "Point", "coordinates": [ -9.1600079, 38.7322979 ] } },
{ "type": "Feature", "properties": { "osm_id": "976667352", "lastchange": null, "code": "2101", "fclass": "pharmacy", "name": "Miraflores" }, "geometry": { "type": "Point", "coordinates": [ -9.2276004, 38.7022333 ] } },
{ "type": "Feature", "properties": { "osm_id": "976668634", "lastchange": null, "code": "2002", "fclass": "fire_station", "name": "Algés" }, "geometry": { "type": "Point", "coordinates": [ -9.2248323, 38.7081527 ] } },
{ "type": "Feature", "properties": { "osm_id": "976669147", "lastchange": null, "code": "2082", "fclass": "school", "name": null }, "geometry": { "type": "Point", "coordinates": [ -9.226388, 38.709308 ] } },
{ "type": "Feature", "properties": { "osm_id": "976675106", "lastchange": null, "code": "2303", "fclass": "cafe", "name": "Via Veneza" }, "geometry": { "type": "Point", "coordinates": [ -9.1915656, 38.7489626 ] } },
{ "type": "Feature", "properties": { "osm_id": "976675107", "lastchange": null, "code": "2303", "fclass": "cafe", "name": "A Casa do Pão" }, "geometry": { "type": "Point", "coordinates": [ -9.1925646, 38.7495833 ] } },
{ "type": "Feature", "properties": { "osm_id": "976675746", "lastchange": null, "code": "2301", "fclass": "restaurant", "name": "Tico TIco" }, "geometry": { "type": "Point", "coordinates": [ -9.1389472, 38.7543402 ] } },
{ "type": "Feature", "properties": { "osm_id": "976681033", "lastchange": null, "code": "2081", "fclass": "university", "name": "Universidade Lusofona" }, "geometry": { "type": "Point", "coordinates": [ -9.1526456, 38.7579401 ] } },
{ "type": "Feature", "properties": { "osm_id": "976684323", "lastchange": null, "code": "2301", "fclass": "restaurant", "name": "Edmundo" }, "geometry": { "type": "Point", "coordinates": [ -9.1973258, 38.7503753 ] } },
{ "type": "Feature", "properties": { "osm_id": "983167376", "lastchange": null, "code": "2303", "fclass": "cafe", "name": null }, "geometry": { "type": "Point", "coordinates": [ -9.1597424, 38.7141718 ] } },
{ "type": "Feature", "properties": { "osm_id": "985927822", "lastchange": null, "code": "2901", "fclass": "toilet", "name": "WC parque nações" }, "geometry": { "type": "Point", "coordinates": [ -9.0914009, 38.7800605 ] } },
{ "type": "Feature", "properties": { "osm_id": "988611907", "lastchange": null, "code": "2804", "fclass": "parking", "name": null }, "geometry": { "type": "Point", "coordinates": [ -9.1509809, 38.7060181 ] } },
{ "type": "Feature", "properties": { "osm_id": "988995568", "lastchange": null, "code": "2801", "fclass": "fuel", "name": "BP" }, "geometry": { "type": "Point", "coordinates": [ -9.2969854, 38.6938264 ] } },
{ "type": "Feature", "properties": { "osm_id": "1003593569", "lastchange": null, "code": "2082", "fclass": "school", "name": "EB1 de Porto Salvo" }, "geometry": { "type": "Point", "coordinates": [ -9.2993742, 38.7164061 ] } },
{ "type": "Feature", "properties": { "osm_id": "1018965420", "lastchange": null, "code": "2101", "fclass": "pharmacy", "name": null }, "geometry": { "type": "Point", "coordinates": [ -9.2795571, 38.733473 ] } },
{ "type": "Feature", "properties": { "osm_id": "1019022449", "lastchange": null, "code": "2301", "fclass": "restaurant", "name": "Pizzaria BiancoNero" }, "geometry": { "type": "Point", "coordinates": [ -9.222705, 38.743758 ] } },
{ "type": "Feature", "properties": { "osm_id": "1019026866", "lastchange": null, "code": "2804", "fclass": "parking", "name": null }, "geometry": { "type": "Point", "coordinates": [ -9.2317601, 38.7416995 ] } },
{ "type": "Feature", "properties": { "osm_id": "1019033963", "lastchange": null, "code": "2804", "fclass": "parking", "name": null }, "geometry": { "type": "Point", "coordinates": [ -9.2253014, 38.7367871 ] } },
{ "type": "Feature", "properties": { "osm_id": "1019042081", "lastchange": null, "code": "2804", "fclass": "parking", "name": null }, "geometry": { "type": "Point", "coordinates": [ -9.2177161, 38.7266434 ] } },
{ "type": "Feature", "properties": { "osm_id": "1019042763", "lastchange": null, "code": "2804", "fclass": "parking", "name": null }, "geometry": { "type": "Point", "coordinates": [ -9.2185851, 38.7283258 ] } },
{ "type": "Feature", "properties": { "osm_id": "1025212650", "lastchange": null, "code": "2801", "fclass": "fuel", "name": "GALP" }, "geometry": { "type": "Point", "coordinates": [ -9.2749303, 38.7399993 ] } },
{ "type": "Feature", "properties": { "osm_id": "1025266285", "lastchange": null, "code": "2501", "fclass": "supermarket", "name": "MEDIAMARKT Alfragide" }, "geometry": { "type": "Point", "coordinates": [ -9.2231882, 38.7298241 ] } },
{ "type": "Feature", "properties": { "osm_id": "1025271390", "lastchange": null, "code": "2002", "fclass": "fire_station", "name": "Monsanto" }, "geometry": { "type": "Point", "coordinates": [ -9.1969454, 38.7264092 ] } },
{ "type": "Feature", "properties": { "osm_id": "1025277792", "lastchange": null, "code": "2804", "fclass": "parking", "name": "PingoDoce" }, "geometry": { "type": "Point", "coordinates": [ -9.2591743, 38.7188172 ] } },
{ "type": "Feature", "properties": { "osm_id": "1025279745", "lastchange": null, "code": "2004", "fclass": "post_box", "name": "CTT Queijas" }, "geometry": { "type": "Point", "coordinates": [ -9.2616988, 38.7186414 ] } },
{ "type": "Feature", "properties": { "osm_id": "1025280512", "lastchange": null, "code": "2301", "fclass": "restaurant", "name": "O Barbosa" }, "geometry": { "type": "Point", "coordinates": [ -9.2645468, 38.7176034 ] } },
{ "type": "Feature", "properties": { "osm_id": "1025284642", "lastchange": null, "code": "2082", "fclass": "school", "name": null }, "geometry": { "type": "Point", "coordinates": [ -9.2635919, 38.7242749 ] } },
{ "type": "Feature", "properties": { "osm_id": "1026367264", "lastchange": null, "code": "2501", "fclass": "supermarket", "name": "Conforama" }, "geometry": { "type": "Point", "coordinates": [ -9.2306457, 38.7400474 ] } },
{ "type": "Feature", "properties": { "osm_id": "1026371181", "lastchange": null, "code": "2301", "fclass": "restaurant", "name": "Leitão" }, "geometry": { "type": "Point", "coordinates": [ -9.2171166, 38.735294 ] } },
{ "type": "Feature", "properties": { "osm_id": "1113779357", "lastchange": null, "code": "2501", "fclass": "supermarket", "name": "Pingo Doce" }, "geometry": { "type": "Point", "coordinates": [ -9.1957177, 38.7539306 ] } },
{ "type": "Feature", "properties": { "osm_id": "1116824984", "lastchange": null, "code": "2004", "fclass": "post_box", "name": null }, "geometry": { "type": "Point", "coordinates": [ -9.1322642, 38.7276043 ] } },
{ "type": "Feature", "properties": { "osm_id": "1128850005", "lastchange": null, "code": "2601", "fclass": "bank", "name": "Millenium" }, "geometry": { "type": "Point", "coordinates": [ -9.1882853, 38.7472976 ] } },
{ "type": "Feature", "properties": { "osm_id": "1128850006", "lastchange": null, "code": "2601", "fclass": "bank", "name": "Barclays" }, "geometry": { "type": "Point", "coordinates": [ -9.1888915, 38.7474335 ] } },
{ "type": "Feature", "properties": { "osm_id": "1128850007", "lastchange": null, "code": "2003", "fclass": "recycling", "name": null }, "geometry": { "type": "Point", "coordinates": [ -9.1896507, 38.7463145 ] } },
{ "type": "Feature", "properties": { "osm_id": "1128850010", "lastchange": null, "code": "2602", "fclass": "atm", "name": null }, "geometry": { "type": "Point", "coordinates": [ -9.1896104, 38.746283 ] } },
{ "type": "Feature", "properties": { "osm_id": "1128850011", "lastchange": null, "code": "2003", "fclass": "recycling", "name": null }, "geometry": { "type": "Point", "coordinates": [ -9.1922172, 38.7452935 ] } },
{ "type": "Feature", "properties": { "osm_id": "1128850013", "lastchange": null, "code": "2601", "fclass": "bank", "name": "Millenium" }, "geometry": { "type": "Point", "coordinates": [ -9.1889229, 38.7476472 ] } },
{ "type": "Feature", "properties": { "osm_id": "1128850018", "lastchange": null, "code": "2601", "fclass": "bank", "name": "Caixa Geral de Depósitos" }, "geometry": { "type": "Point", "coordinates": [ -9.1922764, 38.7493267 ] } },
{ "type": "Feature", "properties": { "osm_id": "1128850021", "lastchange": null, "code": "2601", "fclass": "bank", "name": "Banif" }, "geometry": { "type": "Point", "coordinates": [ -9.1919009, 38.7492932 ] } },
{ "type": "Feature", "properties": { "osm_id": "1128850023", "lastchange": null, "code": "2601", "fclass": "bank", "name": "Santander Totta" }, "geometry": { "type": "Point", "coordinates": [ -9.188719, 38.7474381 ] } },
{ "type": "Feature", "properties": { "osm_id": "1131134030", "lastchange": null, "code": "2001", "fclass": "police", "name": null }, "geometry": { "type": "Point", "coordinates": [ -9.1517518, 38.7378946 ] } },
{ "type": "Feature", "properties": { "osm_id": "1131588828", "lastchange": null, "code": "2601", "fclass": "bank", "name": "Deutsche Bank" }, "geometry": { "type": "Point", "coordinates": [ -9.1493715, 38.7206336 ] } },
{ "type": "Feature", "properties": { "osm_id": "1131783095", "lastchange": null, "code": "2601", "fclass": "bank", "name": "Santander Totta" }, "geometry": { "type": "Point", "coordinates": [ -9.1409844, 38.7156904 ] } },
{ "type": "Feature", "properties": { "osm_id": "1131783096", "lastchange": null, "code": "2005", "fclass": "post_office", "name": null }, "geometry": { "type": "Point", "coordinates": [ -9.1412095, 38.7159749 ] } },
{ "type": "Feature", "properties": { "osm_id": "1131794992", "lastchange": null, "code": "2601", "fclass": "bank", "name": "Banco do Brasil" }, "geometry": { "type": "Point", "coordinates": [ -9.1488699, 38.725032 ] } },
{ "type": "Feature", "properties": { "osm_id": "1131794994", "lastchange": null, "code": "2601", "fclass": "bank", "name": "Barclays" }, "geometry": { "type": "Point", "coordinates": [ -9.149063, 38.725869 ] } },
{ "type": "Feature", "properties": { "osm_id": "1131812174", "lastchange": null, "code": "2601", "fclass": "bank", "name": "BBVA" }, "geometry": { "type": "Point", "coordinates": [ -9.145442, 38.7332299 ] } },
{ "type": "Feature", "properties": { "osm_id": "1131812176", "lastchange": null, "code": "2601", "fclass": "bank", "name": "Santander Totta" }, "geometry": { "type": "Point", "coordinates": [ -9.1469333, 38.7310706 ] } },
{ "type": "Feature", "properties": { "osm_id": "1131812177", "lastchange": null, "code": "2601", "fclass": "bank", "name": "Millennium BCP" }, "geometry": { "type": "Point", "coordinates": [ -9.146708, 38.7314556 ] } },
{ "type": "Feature", "properties": { "osm_id": "1135612815", "lastchange": null, "code": "2503", "fclass": "kiosk", "name": null }, "geometry": { "type": "Point", "coordinates": [ -9.1478689, 38.7161762 ] } },
{ "type": "Feature", "properties": { "osm_id": "1135629311", "lastchange": null, "code": "2804", "fclass": "parking", "name": "Praça da Figueira" }, "geometry": { "type": "Point", "coordinates": [ -9.1378551, 38.7138628 ] } },
{ "type": "Feature", "properties": { "osm_id": "1135629331", "lastchange": null, "code": "2804", "fclass": "parking", "name": "Restauradores" }, "geometry": { "type": "Point", "coordinates": [ -9.1418303, 38.7159984 ] } },
{ "type": "Feature", "properties": { "osm_id": "1135818867", "lastchange": null, "code": "2804", "fclass": "parking", "name": "Marquês" }, "geometry": { "type": "Point", "coordinates": [ -9.1502926, 38.7265228 ] } },
{ "type": "Feature", "properties": { "osm_id": "1135912684", "lastchange": null, "code": "2804", "fclass": "parking", "name": "Martim Moniz" }, "geometry": { "type": "Point", "coordinates": [ -9.1367761, 38.7152163 ] } },
{ "type": "Feature", "properties": { "osm_id": "1137274415", "lastchange": null, "code": "2804", "fclass": "parking", "name": "Praça do Municipio" }, "geometry": { "type": "Point", "coordinates": [ -9.1389755, 38.7078859 ] } },
{ "type": "Feature", "properties": { "osm_id": "1138174545", "lastchange": null, "code": "2003", "fclass": "recycling", "name": null }, "geometry": { "type": "Point", "coordinates": [ -9.1917719, 38.7446533 ] } },
{ "type": "Feature", "properties": { "osm_id": "1138290808", "lastchange": null, "code": "2804", "fclass": "parking", "name": null }, "geometry": { "type": "Point", "coordinates": [ -9.1528198, 38.7077844 ] } },
{ "type": "Feature", "properties": { "osm_id": "1140186971", "lastchange": null, "code": "2804", "fclass": "parking", "name": null }, "geometry": { "type": "Point", "coordinates": [ -9.0929693, 38.7694809 ] } },
{ "type": "Feature", "properties": { "osm_id": "1141369838", "lastchange": null, "code": "2004", "fclass": "post_box", "name": null }, "geometry": { "type": "Point", "coordinates": [ -9.1607312, 38.7043593 ] } },
{ "type": "Feature", "properties": { "osm_id": "1141510241", "lastchange": null, "code": "2804", "fclass": "parking", "name": "Alameda" }, "geometry": { "type": "Point", "coordinates": [ -9.1348722, 38.7370188 ] } },
{ "type": "Feature", "properties": { "osm_id": "1142781145", "lastchange": null, "code": "2801", "fclass": "fuel", "name": null }, "geometry": { "type": "Point", "coordinates": [ -9.0959281, 38.7752398 ] } },
{ "type": "Feature", "properties": { "osm_id": "1144604772", "lastchange": null, "code": "2601", "fclass": "bank", "name": "Banco Espírito Santo" }, "geometry": { "type": "Point", "coordinates": [ -9.188476, 38.7488287 ] } },
{ "type": "Feature", "properties": { "osm_id": "1152964018", "lastchange": null, "code": "2801", "fclass": "fuel", "name": null }, "geometry": { "type": "Point", "coordinates": [ -9.1792578, 38.6639711 ] } },
{ "type": "Feature", "properties": { "osm_id": "1152965350", "lastchange": null, "code": "2801", "fclass": "fuel", "name": null }, "geometry": { "type": "Point", "coordinates": [ -9.1795383, 38.6643997 ] } },
{ "type": "Feature", "properties": { "osm_id": "1155500370", "lastchange": null, "code": "2804", "fclass": "parking", "name": null }, "geometry": { "type": "Point", "coordinates": [ -9.1524292, 38.7383604 ] } },
{ "type": "Feature", "properties": { "osm_id": "1156940888", "lastchange": null, "code": "2101", "fclass": "pharmacy", "name": "Monserrate" }, "geometry": { "type": "Point", "coordinates": [ -9.1764411, 38.7905501 ] } },
{ "type": "Feature", "properties": { "osm_id": "1156940889", "lastchange": null, "code": "2101", "fclass": "pharmacy", "name": "Catela Tavares" }, "geometry": { "type": "Point", "coordinates": [ -9.178157, 38.793518 ] } },
{ "type": "Feature", "properties": { "osm_id": "1156978706", "lastchange": null, "code": "2101", "fclass": "pharmacy", "name": "Gonçalves" }, "geometry": { "type": "Point", "coordinates": [ -9.1744729, 38.7926938 ] } },
{ "type": "Feature", "properties": { "osm_id": "1156978715", "lastchange": null, "code": "2101", "fclass": "pharmacy", "name": "Tanara" }, "geometry": { "type": "Point", "coordinates": [ -9.192114, 38.782995 ] } },
{ "type": "Feature", "properties": { "osm_id": "1157008785", "lastchange": null, "code": "2101", "fclass": "pharmacy", "name": "JOLENI" }, "geometry": { "type": "Point", "coordinates": [ -9.18221, 38.787758 ] } },
{ "type": "Feature", "properties": { "osm_id": "1157023784", "lastchange": null, "code": "2101", "fclass": "pharmacy", "name": "Almeida" }, "geometry": { "type": "Point", "coordinates": [ -9.182768, 38.79477 ] } },
{ "type": "Feature", "properties": { "osm_id": "1157023785", "lastchange": null, "code": "2101", "fclass": "pharmacy", "name": "Leitão" }, "geometry": { "type": "Point", "coordinates": [ -9.179922, 38.790525 ] } },
{ "type": "Feature", "properties": { "osm_id": "1157113440", "lastchange": null, "code": "2302", "fclass": "fast_food", "name": "McDonalds" }, "geometry": { "type": "Point", "coordinates": [ -9.1812552, 38.7945294 ] } },
{ "type": "Feature", "properties": { "osm_id": "1157329672", "lastchange": null, "code": "2101", "fclass": "pharmacy", "name": "Nabais Vicente" }, "geometry": { "type": "Point", "coordinates": [ -9.1784015, 38.799258 ] } },
{ "type": "Feature", "properties": { "osm_id": "1159228821", "lastchange": null, "code": "2101", "fclass": "pharmacy", "name": "Farmácia Carlos" }, "geometry": { "type": "Point", "coordinates": [ -9.2373912, 38.7673036 ] } },
{ "type": "Feature", "properties": { "osm_id": "1159228828", "lastchange": null, "code": "2101", "fclass": "pharmacy", "name": "FARMÁCIA AMADORA" }, "geometry": { "type": "Point", "coordinates": [ -9.2334081, 38.7611047 ] } },
{ "type": "Feature", "properties": { "osm_id": "1159228829", "lastchange": null, "code": "2101", "fclass": "pharmacy", "name": "FARMÁCIA CENTRAL" }, "geometry": { "type": "Point", "coordinates": [ -9.2369888, 38.7607889 ] } },
{ "type": "Feature", "properties": { "osm_id": "1159228830", "lastchange": null, "code": "2101", "fclass": "pharmacy", "name": "FARMÁCIA DIAS E BRITO" }, "geometry": { "type": "Point", "coordinates": [ -9.2381449, 38.7629138 ] } },
{ "type": "Feature", "properties": { "osm_id": "1159228836", "lastchange": null, "code": "2101", "fclass": "pharmacy", "name": "FARMÁCIA DE CARENQUE" }, "geometry": { "type": "Point", "coordinates": [ -9.2518025, 38.7718228 ] } },
{ "type": "Feature", "properties": { "osm_id": "1159465908", "lastchange": null, "code": "2082", "fclass": "school", "name": "Colégio São João de Brito" }, "geometry": { "type": "Point", "coordinates": [ -9.1584026, 38.7742528 ] } },
{ "type": "Feature", "properties": { "osm_id": "1159493015", "lastchange": null, "code": "2303", "fclass": "cafe", "name": null }, "geometry": { "type": "Point", "coordinates": [ -9.1564659, 38.769326 ] } },
{ "type": "Feature", "properties": { "osm_id": "1159493024", "lastchange": null, "code": "2301", "fclass": "restaurant", "name": "O Conchas" }, "geometry": { "type": "Point", "coordinates": [ -9.1563371, 38.7709069 ] } },
{ "type": "Feature", "properties": { "osm_id": "1159701050", "lastchange": null, "code": "2101", "fclass": "pharmacy", "name": "Central de Odivelas" }, "geometry": { "type": "Point", "coordinates": [ -9.176959, 38.788384 ] } },
{ "type": "Feature", "properties": { "osm_id": "1161216788", "lastchange": null, "code": "2001", "fclass": "police", "name": "Esquadra da Polícia de Segurança Pública - Divisão da Amadora" }, "geometry": { "type": "Point", "coordinates": [ -9.2358113, 38.7611549 ] } },
{ "type": "Feature", "properties": { "osm_id": "1161217002", "lastchange": null, "code": "2005", "fclass": "post_office", "name": null }, "geometry": { "type": "Point", "coordinates": [ -9.2318202, 38.7599441 ] } },
{ "type": "Feature", "properties": { "osm_id": "1161506293", "lastchange": null, "code": "2101", "fclass": "pharmacy", "name": "FARMÁCIA NUNES" }, "geometry": { "type": "Point", "coordinates": [ -9.2304764, 38.7651265 ] } },
{ "type": "Feature", "properties": { "osm_id": "1161506298", "lastchange": null, "code": "2101", "fclass": "pharmacy", "name": "FARMÁCIA ROMEIRO" }, "geometry": { "type": "Point", "coordinates": [ -9.2299986, 38.7674835 ] } },
{ "type": "Feature", "properties": { "osm_id": "1161506303", "lastchange": null, "code": "2101", "fclass": "pharmacy", "name": "FARMÁCIA ALTO DA BRANDOA" }, "geometry": { "type": "Point", "coordinates": [ -9.2236153, 38.7679937 ] } },
{ "type": "Feature", "properties": { "osm_id": "1161524699", "lastchange": null, "code": "2101", "fclass": "pharmacy", "name": "FARMÁCIA BRITO" }, "geometry": { "type": "Point", "coordinates": [ -9.2126478, 38.766718 ] } },
{ "type": "Feature", "properties": { "osm_id": "1161524705", "lastchange": null, "code": "2101", "fclass": "pharmacy", "name": "FARMÁCIA TAVARES DE MATOS E NECA LDA" }, "geometry": { "type": "Point", "coordinates": [ -9.2193989, 38.768389 ] } },
{ "type": "Feature", "properties": { "osm_id": "1161543643", "lastchange": null, "code": "2101", "fclass": "pharmacy", "name": "FARMÁCIA SOLLA" }, "geometry": { "type": "Point", "coordinates": [ -9.2261285, 38.7490274 ] } },
{ "type": "Feature", "properties": { "osm_id": "1161543649", "lastchange": null, "code": "2101", "fclass": "pharmacy", "name": "FARMÁCIA HELENO" }, "geometry": { "type": "Point", "coordinates": [ -9.2225156, 38.7499771 ] } },
{ "type": "Feature", "properties": { "osm_id": "1161543653", "lastchange": null, "code": "2110", "fclass": "hospital", "name": "Centro de Saúde da Reboleira" }, "geometry": { "type": "Point", "coordinates": [ -9.2306159, 38.7497512 ] } },
{ "type": "Feature", "properties": { "osm_id": "1161560794", "lastchange": null, "code": "2101", "fclass": "pharmacy", "name": "FARMÁCIA D JOAO V" }, "geometry": { "type": "Point", "coordinates": [ -9.2188169, 38.7433981 ] } },
{ "type": "Feature", "properties": { "osm_id": "1161599622", "lastchange": null, "code": "2101", "fclass": "pharmacy", "name": "FARMÁCIA MELO" }, "geometry": { "type": "Point", "coordinates": [ -9.2470335, 38.7579862 ] } },
{ "type": "Feature", "properties": { "osm_id": "1161626709", "lastchange": null, "code": "2101", "fclass": "pharmacy", "name": "FARMÁCIA DA IGREJA" }, "geometry": { "type": "Point", "coordinates": [ -9.2397191, 38.7571056 ] } },
{ "type": "Feature", "properties": { "osm_id": "1161626721", "lastchange": null, "code": "2101", "fclass": "pharmacy", "name": "Farmácia Confiança" }, "geometry": { "type": "Point", "coordinates": [ -9.2417737, 38.7590947 ] } },
{ "type": "Feature", "properties": { "osm_id": "1161626727", "lastchange": null, "code": "2101", "fclass": "pharmacy", "name": "FARMÁCIA HELENICA" }, "geometry": { "type": "Point", "coordinates": [ -9.2388769, 38.759833 ] } },
{ "type": "Feature", "properties": { "osm_id": "1161626732", "lastchange": null, "code": "2101", "fclass": "pharmacy", "name": "FARMÁCIA CLABEL" }, "geometry": { "type": "Point", "coordinates": [ -9.2426566, 38.7594594 ] } },
{ "type": "Feature", "properties": { "osm_id": "1161651929", "lastchange": null, "code": "2101", "fclass": "pharmacy", "name": "FARMÁCIA CAMPOS" }, "geometry": { "type": "Point", "coordinates": [ -9.2350038, 38.7580071 ] } },
{ "type": "Feature", "properties": { "osm_id": "1161651953", "lastchange": null, "code": "2005", "fclass": "post_office", "name": null }, "geometry": { "type": "Point", "coordinates": [ -9.2359184, 38.75725 ] } },
{ "type": "Feature", "properties": { "osm_id": "1161651958", "lastchange": null, "code": "2101", "fclass": "pharmacy", "name": "FARMÁCIA CAVACA" }, "geometry": { "type": "Point", "coordinates": [ -9.2366131, 38.7582665 ] } },
{ "type": "Feature", "properties": { "osm_id": "1161656887", "lastchange": null, "code": "2101", "fclass": "pharmacy", "name": "FARMÁCIA CARMELE" }, "geometry": { "type": "Point", "coordinates": [ -9.228116, 38.7580469 ] } },
{ "type": "Feature", "properties": { "osm_id": "1161702708", "lastchange": null, "code": "2101", "fclass": "pharmacy", "name": "São Damião" }, "geometry": { "type": "Point", "coordinates": [ -9.2354115, 38.7791958 ] } },
{ "type": "Feature", "properties": { "osm_id": "1161702720", "lastchange": null, "code": "2101", "fclass": "pharmacy", "name": "FARMÁCIA NOVA" }, "geometry": { "type": "Point", "coordinates": [ -9.2102766, 38.7538198 ] } },
{ "type": "Feature", "properties": { "osm_id": "1161702729", "lastchange": null, "code": "2101", "fclass": "pharmacy", "name": "Soares Correia" }, "geometry": { "type": "Point", "coordinates": [ -9.2325013, 38.7789699 ] } },
{ "type": "Feature", "properties": { "osm_id": "1161702734", "lastchange": null, "code": "2101", "fclass": "pharmacy", "name": "Farmácia Girassol" }, "geometry": { "type": "Point", "coordinates": [ -9.2140965, 38.7545127 ] } },
{ "type": "Feature", "properties": { "osm_id": "1161702738", "lastchange": null, "code": "2101", "fclass": "pharmacy", "name": "VIDAL REIS" }, "geometry": { "type": "Point", "coordinates": [ -9.2041585, 38.7612344 ] } },
{ "type": "Feature", "properties": { "osm_id": "1161702744", "lastchange": null, "code": "2101", "fclass": "pharmacy", "name": "CASAL DA MIRA" }, "geometry": { "type": "Point", "coordinates": [ -9.2228885, 38.7823405 ] } },
{ "type": "Feature", "properties": { "osm_id": "1161702751", "lastchange": null, "code": "2110", "fclass": "hospital", "name": "Centro de Saúde da Venda Nova - Centro Diagnóstico Pneumológico" }, "geometry": { "type": "Point", "coordinates": [ -9.2134686, 38.7534684 ] } },
{ "type": "Feature", "properties": { "osm_id": "1161702764", "lastchange": null, "code": "2101", "fclass": "pharmacy", "name": "FARMÁCIA CORREIA" }, "geometry": { "type": "Point", "coordinates": [ -9.2058778, 38.7628009 ] } },
{ "type": "Feature", "properties": { "osm_id": "1161702766", "lastchange": null, "code": "2101", "fclass": "pharmacy", "name": "FARMÁCIA FLAMA" }, "geometry": { "type": "Point", "coordinates": [ -9.22306, 38.7572897 ] } },
{ "type": "Feature", "properties": { "osm_id": "1161702770", "lastchange": null, "code": "2101", "fclass": "pharmacy", "name": "FARMÁCIA LEMOS" }, "geometry": { "type": "Point", "coordinates": [ -9.2126772, 38.7492953 ] } },
{ "type": "Feature", "properties": { "osm_id": "1161935387", "lastchange": null, "code": "2101", "fclass": "pharmacy", "name": "FARMÁCIA VAZ MARTINS" }, "geometry": { "type": "Point", "coordinates": [ -9.2087157, 38.7421471 ] } },
{ "type": "Feature", "properties": { "osm_id": "1161935392", "lastchange": null, "code": "2101", "fclass": "pharmacy", "name": "GASPAR POTE" }, "geometry": { "type": "Point", "coordinates": [ -9.2107299, 38.7384148 ] } },
{ "type": "Feature", "properties": { "osm_id": "1162163805", "lastchange": null, "code": "2110", "fclass": "hospital", "name": "Cruz Vermelha Portuguesa -  Amadora" }, "geometry": { "type": "Point", "coordinates": [ -9.2126799, 38.7661764 ] } },
{ "type": "Feature", "properties": { "osm_id": "1162195006", "lastchange": null, "code": "2001", "fclass": "police", "name": "Esquadra da Polícia de Segurança Pública de São Brás" }, "geometry": { "type": "Point", "coordinates": [ -9.2264504, 38.770359 ] } },
{ "type": "Feature", "properties": { "osm_id": "1162229887", "lastchange": null, "code": "2001", "fclass": "police", "name": "Esquadra da Polícia de Segurança Pública da Venda Nova" }, "geometry": { "type": "Point", "coordinates": [ -9.2113415, 38.7524999 ] } },
{ "type": "Feature", "properties": { "osm_id": "1162229889", "lastchange": null, "code": "2001", "fclass": "police", "name": "Esquadra da Polícia de Segurança Pública de Alfornelos" }, "geometry": { "type": "Point", "coordinates": [ -9.2051885, 38.7606322 ] } },
{ "type": "Feature", "properties": { "osm_id": "1163288612", "lastchange": null, "code": "2501", "fclass": "supermarket", "name": "LIDL" }, "geometry": { "type": "Point", "coordinates": [ -9.2267992, 38.763378 ] } },
{ "type": "Feature", "properties": { "osm_id": "1163627067", "lastchange": null, "code": "2804", "fclass": "parking", "name": null }, "geometry": { "type": "Point", "coordinates": [ -9.2328066, 38.7589001 ] } },
{ "type": "Feature", "properties": { "osm_id": "1163627185", "lastchange": null, "code": "2804", "fclass": "parking", "name": null }, "geometry": { "type": "Point", "coordinates": [ -9.2308974, 38.761224 ] } },
{ "type": "Feature", "properties": { "osm_id": "1163629785", "lastchange": null, "code": "2804", "fclass": "parking", "name": null }, "geometry": { "type": "Point", "coordinates": [ -9.2315787, 38.7606342 ] } },
{ "type": "Feature", "properties": { "osm_id": "1163774288", "lastchange": null, "code": "2501", "fclass": "supermarket", "name": "Pingo Doce" }, "geometry": { "type": "Point", "coordinates": [ -9.2379945, 38.7595842 ] } },
{ "type": "Feature", "properties": { "osm_id": "1166662996", "lastchange": null, "code": "2101", "fclass": "pharmacy", "name": "Farmácia Central do Lumiar" }, "geometry": { "type": "Point", "coordinates": [ -9.1607202, 38.7730232 ] } },
{ "type": "Feature", "properties": { "osm_id": "1166663019", "lastchange": null, "code": "2501", "fclass": "supermarket", "name": "Europa" }, "geometry": { "type": "Point", "coordinates": [ -9.159964, 38.7740271 ] } },
{ "type": "Feature", "properties": { "osm_id": "1168386587", "lastchange": null, "code": "2082", "fclass": "school", "name": "Escola Básica E B 1 Artur Bual" }, "geometry": { "type": "Point", "coordinates": [ -9.2280677, 38.7613368 ] } },
{ "type": "Feature", "properties": { "osm_id": "1168386600", "lastchange": null, "code": "2082", "fclass": "school", "name": "Escola Básica E23 Alfornelos" }, "geometry": { "type": "Point", "coordinates": [ -9.2091286, 38.7603039 ] } },
{ "type": "Feature", "properties": { "osm_id": "1168386633", "lastchange": null, "code": "2082", "fclass": "school", "name": "Agrupamento Vertical de Escolas Mães D'Água" }, "geometry": { "type": "Point", "coordinates": [ -9.2246323, 38.7634866 ] } },
{ "type": "Feature", "properties": { "osm_id": "1168418768", "lastchange": null, "code": "2082", "fclass": "school", "name": "Escola EB1 da Mina" }, "geometry": { "type": "Point", "coordinates": [ -9.2300366, 38.759009 ] } },
{ "type": "Feature", "properties": { "osm_id": "1170440058", "lastchange": null, "code": "2301", "fclass": "restaurant", "name": "Menina do Rio" }, "geometry": { "type": "Point", "coordinates": [ -9.139697, 38.7564386 ] } },
{ "type": "Feature", "properties": { "osm_id": "1172038855", "lastchange": null, "code": "2801", "fclass": "fuel", "name": null }, "geometry": { "type": "Point", "coordinates": [ -9.1339144, 38.6227005 ] } },
{ "type": "Feature", "properties": { "osm_id": "1172120109", "lastchange": null, "code": "2303", "fclass": "cafe", "name": null }, "geometry": { "type": "Point", "coordinates": [ -9.2056059, 38.6605639 ] } },
{ "type": "Feature", "properties": { "osm_id": "1172120111", "lastchange": null, "code": "2303", "fclass": "cafe", "name": null }, "geometry": { "type": "Point", "coordinates": [ -9.2040754, 38.6603119 ] } },
{ "type": "Feature", "properties": { "osm_id": "1172120129", "lastchange": null, "code": "2303", "fclass": "cafe", "name": null }, "geometry": { "type": "Point", "coordinates": [ -9.2029757, 38.6611706 ] } },
{ "type": "Feature", "properties": { "osm_id": "1180403523", "lastchange": null, "code": "2101", "fclass": "pharmacy", "name": "Farmácia Alentejo" }, "geometry": { "type": "Point", "coordinates": [ -9.1426674, 38.7537102 ] } },
{ "type": "Feature", "properties": { "osm_id": "1180403532", "lastchange": null, "code": "2101", "fclass": "pharmacy", "name": "Farmácia Alvalade" }, "geometry": { "type": "Point", "coordinates": [ -9.1413037, 38.7541545 ] } },
{ "type": "Feature", "properties": { "osm_id": "1180403534", "lastchange": null, "code": "2101", "fclass": "pharmacy", "name": "Farmácia Libia" }, "geometry": { "type": "Point", "coordinates": [ -9.1394959, 38.7547632 ] } },
{ "type": "Feature", "properties": { "osm_id": "1180403540", "lastchange": null, "code": "2101", "fclass": "pharmacy", "name": "Farmácia Cartaxo" }, "geometry": { "type": "Point", "coordinates": [ -9.1418911, 38.7536608 ] } },
{ "type": "Feature", "properties": { "osm_id": "1180403544", "lastchange": null, "code": "2101", "fclass": "pharmacy", "name": "FARMÁCIA SANEX" }, "geometry": { "type": "Point", "coordinates": [ -9.1432642, 38.753186 ] } },
{ "type": "Feature", "properties": { "osm_id": "1180403546", "lastchange": null, "code": "2101", "fclass": "pharmacy", "name": "Farmácia Brisália" }, "geometry": { "type": "Point", "coordinates": [ -9.1404695, 38.7579006 ] } },
{ "type": "Feature", "properties": { "osm_id": "1180411831", "lastchange": null, "code": "2110", "fclass": "hospital", "name": "Centro Clínico e Enfermagem Roma" }, "geometry": { "type": "Point", "coordinates": [ -9.1437901, 38.7522509 ] } },
{ "type": "Feature", "properties": { "osm_id": "1180411833", "lastchange": null, "code": "2110", "fclass": "hospital", "name": null }, "geometry": { "type": "Point", "coordinates": [ -9.1446818, 38.7457211 ] } },
{ "type": "Feature", "properties": { "osm_id": "1180411844", "lastchange": null, "code": "2101", "fclass": "pharmacy", "name": "Farmácia Avis" }, "geometry": { "type": "Point", "coordinates": [ -9.1412205, 38.7484711 ] } },
{ "type": "Feature", "properties": { "osm_id": "1180426256", "lastchange": null, "code": "2101", "fclass": "pharmacy", "name": "Farmácia Gomes" }, "geometry": { "type": "Point", "coordinates": [ -9.1550052, 38.7247495 ] } },
{ "type": "Feature", "properties": { "osm_id": "1180426259", "lastchange": null, "code": "2101", "fclass": "pharmacy", "name": "Farmácia Braamcamp" }, "geometry": { "type": "Point", "coordinates": [ -9.1519787, 38.7223621 ] } },
{ "type": "Feature", "properties": { "osm_id": "1180443566", "lastchange": null, "code": "2101", "fclass": "pharmacy", "name": "Farmácia Azevedo & Filhos" }, "geometry": { "type": "Point", "coordinates": [ -9.139748, 38.7132418 ] } },
{ "type": "Feature", "properties": { "osm_id": "1180443567", "lastchange": null, "code": "2101", "fclass": "pharmacy", "name": "Farmácia Estácio" }, "geometry": { "type": "Point", "coordinates": [ -9.1401557, 38.7142568 ] } },
{ "type": "Feature", "properties": { "osm_id": "1180446284", "lastchange": null, "code": "2101", "fclass": "pharmacy", "name": "Farmácia Frazão" }, "geometry": { "type": "Point", "coordinates": [ -9.140271, 38.7160985 ] } },
{ "type": "Feature", "properties": { "osm_id": "1180862331", "lastchange": null, "code": "2101", "fclass": "pharmacy", "name": "FARMÁCIA INTERNACIONAL" }, "geometry": { "type": "Point", "coordinates": [ -9.1389032, 38.7118667 ] } },
{ "type": "Feature", "properties": { "osm_id": "1180862347", "lastchange": null, "code": "2101", "fclass": "pharmacy", "name": "Farmácia Cortez" }, "geometry": { "type": "Point", "coordinates": [ -9.1381468, 38.7101045 ] } },
{ "type": "Feature", "properties": { "osm_id": "1180862354", "lastchange": null, "code": "2101", "fclass": "pharmacy", "name": "FARMÁCIA TEIXEIRA LOPES" }, "geometry": { "type": "Point", "coordinates": [ -9.1384472, 38.7107156 ] } },
{ "type": "Feature", "properties": { "osm_id": "1180862356", "lastchange": null, "code": "2101", "fclass": "pharmacy", "name": "Farmácia Barral" }, "geometry": { "type": "Point", "coordinates": [ -9.1382901, 38.7119943 ] } },
{ "type": "Feature", "properties": { "osm_id": "1180869728", "lastchange": null, "code": "2101", "fclass": "pharmacy", "name": "Farmácia Homeopática de Santa Justa" }, "geometry": { "type": "Point", "coordinates": [ -9.1369383, 38.7128168 ] } },
{ "type": "Feature", "properties": { "osm_id": "1180883946", "lastchange": null, "code": "2101", "fclass": "pharmacy", "name": "Farmácia Alcântara" }, "geometry": { "type": "Point", "coordinates": [ -9.1473285, 38.7455641 ] } },
{ "type": "Feature", "properties": { "osm_id": "1180883954", "lastchange": null, "code": "2101", "fclass": "pharmacy", "name": "Farmácia Belo" }, "geometry": { "type": "Point", "coordinates": [ -9.141247, 38.7475048 ] } },
{ "type": "Feature", "properties": { "osm_id": "1182482360", "lastchange": null, "code": "2003", "fclass": "recycling", "name": null }, "geometry": { "type": "Point", "coordinates": [ -9.1904231, 38.7480473 ] } },
{ "type": "Feature", "properties": { "osm_id": "1183566969", "lastchange": null, "code": "2083", "fclass": "kindergarten", "name": null }, "geometry": { "type": "Point", "coordinates": [ -9.0959287, 38.7792126 ] } },
{ "type": "Feature", "properties": { "osm_id": "1186929664", "lastchange": null, "code": "2002", "fclass": "fire_station", "name": "Bombeiros Voluntários de Carnaxide" }, "geometry": { "type": "Point", "coordinates": [ -9.2378309, 38.7287341 ] } },
{ "type": "Feature", "properties": { "osm_id": "1189403484", "lastchange": null, "code": "2501", "fclass": "supermarket", "name": "MiniPreço" }, "geometry": { "type": "Point", "coordinates": [ -9.132155, 38.7347938 ] } },
{ "type": "Feature", "properties": { "osm_id": "1189485655", "lastchange": null, "code": "2501", "fclass": "supermarket", "name": "Lidl" }, "geometry": { "type": "Point", "coordinates": [ -9.1267743, 38.7277149 ] } },
{ "type": "Feature", "properties": { "osm_id": "1194214068", "lastchange": null, "code": "2301", "fclass": "restaurant", "name": "Margem do Tejo" }, "geometry": { "type": "Point", "coordinates": [ -9.0996355, 38.7726776 ] } },
{ "type": "Feature", "properties": { "osm_id": "1194934441", "lastchange": null, "code": "2301", "fclass": "restaurant", "name": "100 Maneiras" }, "geometry": { "type": "Point", "coordinates": [ -9.1448577, 38.7146586 ] } },
{ "type": "Feature", "properties": { "osm_id": "1194935014", "lastchange": null, "code": "2301", "fclass": "restaurant", "name": "Adega do Teixeira" }, "geometry": { "type": "Point", "coordinates": [ -9.1449355, 38.7148069 ] } },
{ "type": "Feature", "properties": { "osm_id": "1194938018", "lastchange": null, "code": "2301", "fclass": "restaurant", "name": "1º de Maio" }, "geometry": { "type": "Point", "coordinates": [ -9.1449167, 38.7110064 ] } },
{ "type": "Feature", "properties": { "osm_id": "1195817339", "lastchange": null, "code": "2501", "fclass": "supermarket", "name": "Pingo Doce" }, "geometry": { "type": "Point", "coordinates": [ -9.1906699, 38.7485112 ] } },
{ "type": "Feature", "properties": { "osm_id": "1195817345", "lastchange": null, "code": "2601", "fclass": "bank", "name": "BPI" }, "geometry": { "type": "Point", "coordinates": [ -9.1886154, 38.7479213 ] } },
{ "type": "Feature", "properties": { "osm_id": "1197387420", "lastchange": null, "code": "2804", "fclass": "parking", "name": null }, "geometry": { "type": "Point", "coordinates": [ -9.1281999, 38.7708226 ] } },
{ "type": "Feature", "properties": { "osm_id": "1200292388", "lastchange": null, "code": "2602", "fclass": "atm", "name": null }, "geometry": { "type": "Point", "coordinates": [ -9.1006978, 38.7746667 ] } },
{ "type": "Feature", "properties": { "osm_id": "1204384734", "lastchange": null, "code": "2703", "fclass": "museum", "name": "Museu Colecção Berardo" }, "geometry": { "type": "Point", "coordinates": [ -9.2091561, 38.6954555 ] } },
{ "type": "Feature", "properties": { "osm_id": "1204957742", "lastchange": null, "code": "2005", "fclass": "post_office", "name": "Morais Soares" }, "geometry": { "type": "Point", "coordinates": [ -9.1298121, 38.732605 ] } },
{ "type": "Feature", "properties": { "osm_id": "1206994218", "lastchange": null, "code": "2301", "fclass": "restaurant", "name": "Sem Duvida" }, "geometry": { "type": "Point", "coordinates": [ -9.1428708, 38.7396473 ] } },
{ "type": "Feature", "properties": { "osm_id": "1212599440", "lastchange": null, "code": "2101", "fclass": "pharmacy", "name": "Farmácia Póvoas" }, "geometry": { "type": "Point", "coordinates": [ -9.0039718, 38.721323 ] } },
{ "type": "Feature", "properties": { "osm_id": "1212628289", "lastchange": null, "code": "2101", "fclass": "pharmacy", "name": "Farmácia Africana" }, "geometry": { "type": "Point", "coordinates": [ -9.1429735, 38.7067884 ] } },
{ "type": "Feature", "properties": { "osm_id": "1212628299", "lastchange": null, "code": "2101", "fclass": "pharmacy", "name": "Farmácia Açoreana" }, "geometry": { "type": "Point", "coordinates": [ -9.1509074, 38.7087396 ] } },
{ "type": "Feature", "properties": { "osm_id": "1212628304", "lastchange": null, "code": "2101", "fclass": "pharmacy", "name": "Farmácia Alb" }, "geometry": { "type": "Point", "coordinates": [ -9.1640792, 38.7117552 ] } },
{ "type": "Feature", "properties": { "osm_id": "1212628306", "lastchange": null, "code": "2101", "fclass": "pharmacy", "name": "Farmácia Alcális" }, "geometry": { "type": "Point", "coordinates": [ -9.131186, 38.7340328 ] } },
{ "type": "Feature", "properties": { "osm_id": "1212628307", "lastchange": null, "code": "2101", "fclass": "pharmacy", "name": "Farmácia Alegria" }, "geometry": { "type": "Point", "coordinates": [ -9.1738345, 38.7430536 ] } },
{ "type": "Feature", "properties": { "osm_id": "1212628308", "lastchange": null, "code": "2101", "fclass": "pharmacy", "name": "Farmácia Aguiar" }, "geometry": { "type": "Point", "coordinates": [ -9.1653377, 38.7390892 ] } },
{ "type": "Feature", "properties": { "osm_id": "1212628309", "lastchange": null, "code": "2101", "fclass": "pharmacy", "name": "Farmácia Albano" }, "geometry": { "type": "Point", "coordinates": [ -9.150368, 38.7173192 ] } },
{ "type": "Feature", "properties": { "osm_id": "1212628311", "lastchange": null, "code": "2101", "fclass": "pharmacy", "name": "Farmácia Alameda" }, "geometry": { "type": "Point", "coordinates": [ -9.1598554, 38.7700902 ] } },
{ "type": "Feature", "properties": { "osm_id": "1212671085", "lastchange": null, "code": "2101", "fclass": "pharmacy", "name": "Farmácia Algarve" }, "geometry": { "type": "Point", "coordinates": [ -9.1383836, 38.7423308 ] } },
{ "type": "Feature", "properties": { "osm_id": "1212671086", "lastchange": null, "code": "2101", "fclass": "pharmacy", "name": "Farmácia Alto dos Moinhos" }, "geometry": { "type": "Point", "coordinates": [ -9.1802058, 38.75134 ] } },
{ "type": "Feature", "properties": { "osm_id": "1212671087", "lastchange": null, "code": "2101", "fclass": "pharmacy", "name": "Farmácia Almeida Vaz" }, "geometry": { "type": "Point", "coordinates": [ -9.1221992, 38.7573157 ] } },
{ "type": "Feature", "properties": { "osm_id": "1212671088", "lastchange": null, "code": "2101", "fclass": "pharmacy", "name": "Farmácia Alquimista" }, "geometry": { "type": "Point", "coordinates": [ -9.178362, 38.7058201 ] } },
{ "type": "Feature", "properties": { "osm_id": "1212671089", "lastchange": null, "code": "2101", "fclass": "pharmacy", "name": "Farmácia Alto do Lumiar" }, "geometry": { "type": "Point", "coordinates": [ -9.1518441, 38.7748674 ] } },
{ "type": "Feature", "properties": { "osm_id": "1212671091", "lastchange": null, "code": "2101", "fclass": "pharmacy", "name": "Farmácia Aliança" }, "geometry": { "type": "Point", "coordinates": [ -9.1344485, 38.7327821 ] } },
{ "type": "Feature", "properties": { "osm_id": "1212671092", "lastchange": null, "code": "2101", "fclass": "pharmacy", "name": "Farmácia Almeida" }, "geometry": { "type": "Point", "coordinates": [ -9.1611871, 38.7201084 ] } },
{ "type": "Feature", "properties": { "osm_id": "1212671093", "lastchange": null, "code": "2101", "fclass": "pharmacy", "name": "Farmácia Alves da Graça" }, "geometry": { "type": "Point", "coordinates": [ -9.130837, 38.7326653 ] } },
{ "type": "Feature", "properties": { "osm_id": "1212694258", "lastchange": null, "code": "2101", "fclass": "pharmacy", "name": "Farmácia Antunes Rosas" }, "geometry": { "type": "Point", "coordinates": [ -9.1160533, 38.7656384 ] } },
{ "type": "Feature", "properties": { "osm_id": "1212694260", "lastchange": null, "code": "2101", "fclass": "pharmacy", "name": "Farmácia Andrade" }, "geometry": { "type": "Point", "coordinates": [ -9.1431919, 38.7101361 ] } },
{ "type": "Feature", "properties": { "osm_id": "1212694264", "lastchange": null, "code": "2101", "fclass": "pharmacy", "name": "Farmácia Andrade Ribeiro" }, "geometry": { "type": "Point", "coordinates": [ -9.1663045, 38.7094276 ] } },
{ "type": "Feature", "properties": { "osm_id": "1212694269", "lastchange": null, "code": "2101", "fclass": "pharmacy", "name": "Farmácia Ascenso" }, "geometry": { "type": "Point", "coordinates": [ -9.1185818, 38.7774598 ] } },
{ "type": "Feature", "properties": { "osm_id": "1212694279", "lastchange": null, "code": "2101", "fclass": "pharmacy", "name": "Farmácia Apolo 70" }, "geometry": { "type": "Point", "coordinates": [ -9.1482547, 38.7422564 ] } },
{ "type": "Feature", "properties": { "osm_id": "1212694280", "lastchange": null, "code": "2101", "fclass": "pharmacy", "name": "Farmácia Aurélio Rego" }, "geometry": { "type": "Point", "coordinates": [ -9.1573531, 38.7126563 ] } },
{ "type": "Feature", "properties": { "osm_id": "1212694281", "lastchange": null, "code": "2101", "fclass": "pharmacy", "name": "Farmácia Atena" }, "geometry": { "type": "Point", "coordinates": [ -9.134452, 38.7293856 ] } },
{ "type": "Feature", "properties": { "osm_id": "1212710134", "lastchange": null, "code": "2101", "fclass": "pharmacy", "name": "Farmácia Barros Gouveia" }, "geometry": { "type": "Point", "coordinates": [ -9.1042395, 38.7470267 ] } },
{ "type": "Feature", "properties": { "osm_id": "1212710141", "lastchange": null, "code": "2101", "fclass": "pharmacy", "name": "Farmácia Bairro Azul" }, "geometry": { "type": "Point", "coordinates": [ -9.1556282, 38.7346037 ] } },
{ "type": "Feature", "properties": { "osm_id": "1212710148", "lastchange": null, "code": "2101", "fclass": "pharmacy", "name": "Farmácia Bairrão" }, "geometry": { "type": "Point", "coordinates": [ -9.1716189, 38.7055417 ] } },
{ "type": "Feature", "properties": { "osm_id": "1212710155", "lastchange": null, "code": "2101", "fclass": "pharmacy", "name": "Farmácia Barreto" }, "geometry": { "type": "Point", "coordinates": [ -9.144627, 38.7107373 ] } },
{ "type": "Feature", "properties": { "osm_id": "1212710162", "lastchange": null, "code": "2101", "fclass": "pharmacy", "name": "Farmácia Bela Vista" }, "geometry": { "type": "Point", "coordinates": [ -9.1162618, 38.7487867 ] } },
{ "type": "Feature", "properties": { "osm_id": "1212710170", "lastchange": null, "code": "2101", "fclass": "pharmacy", "name": "Farmácia Bastos de Andrade" }, "geometry": { "type": "Point", "coordinates": [ -9.13275, 38.7158775 ] } },
{ "type": "Feature", "properties": { "osm_id": "1212710173", "lastchange": null, "code": "2101", "fclass": "pharmacy", "name": "Farmácia Benfica" }, "geometry": { "type": "Point", "coordinates": [ -9.2049869, 38.7520083 ] } },
{ "type": "Feature", "properties": { "osm_id": "1213082177", "lastchange": null, "code": "2101", "fclass": "pharmacy", "name": "Farmácia Canto" }, "geometry": { "type": "Point", "coordinates": [ -9.1691346, 38.7453478 ] } },
{ "type": "Feature", "properties": { "osm_id": "1213082179", "lastchange": null, "code": "2101", "fclass": "pharmacy", "name": "Farmácia Camões" }, "geometry": { "type": "Point", "coordinates": [ -9.1439398, 38.7105492 ] } },
{ "type": "Feature", "properties": { "osm_id": "1213082180", "lastchange": null, "code": "2101", "fclass": "pharmacy", "name": "Farmácia Bruxelas" }, "geometry": { "type": "Point", "coordinates": [ -9.171013, 38.7494469 ] } },
{ "type": "Feature", "properties": { "osm_id": "1213082184", "lastchange": null, "code": "2101", "fclass": "pharmacy", "name": "Farmácia Berne" }, "geometry": { "type": "Point", "coordinates": [ -9.1542255, 38.7387006 ] } },
{ "type": "Feature", "properties": { "osm_id": "1213082185", "lastchange": null, "code": "2101", "fclass": "pharmacy", "name": "Farmácia Branquinho" }, "geometry": { "type": "Point", "coordinates": [ -9.1273988, 38.7210673 ] } },
{ "type": "Feature", "properties": { "osm_id": "1213082186", "lastchange": null, "code": "2101", "fclass": "pharmacy", "name": "Farmácia Britanica" }, "geometry": { "type": "Point", "coordinates": [ -9.1563035, 38.723123 ] } },
{ "type": "Feature", "properties": { "osm_id": "1213082188", "lastchange": null, "code": "2101", "fclass": "pharmacy", "name": "Farmácia Boa-Hora" }, "geometry": { "type": "Point", "coordinates": [ -9.1941918, 38.702928 ] } },
{ "type": "Feature", "properties": { "osm_id": "1213123611", "lastchange": null, "code": "2101", "fclass": "pharmacy", "name": "Farmácia Cardote Lda." }, "geometry": { "type": "Point", "coordinates": [ -9.1466355, 38.7382878 ] } },
{ "type": "Feature", "properties": { "osm_id": "1213123620", "lastchange": null, "code": "2101", "fclass": "pharmacy", "name": "Farmácia Cardeira" }, "geometry": { "type": "Point", "coordinates": [ -9.1447127, 38.7353233 ] } },
{ "type": "Feature", "properties": { "osm_id": "1213123621", "lastchange": null, "code": "2101", "fclass": "pharmacy", "name": "Farmácia Central da Lapa" }, "geometry": { "type": "Point", "coordinates": [ -9.1590109, 38.7110559 ] } },
{ "type": "Feature", "properties": { "osm_id": "1213123633", "lastchange": null, "code": "2101", "fclass": "pharmacy", "name": "Farmácia Central" }, "geometry": { "type": "Point", "coordinates": [ -9.1448195, 38.7080199 ] } },
{ "type": "Feature", "properties": { "osm_id": "1213123654", "lastchange": null, "code": "2101", "fclass": "pharmacy", "name": null }, "geometry": { "type": "Point", "coordinates": [ -9.1540224, 38.7150775 ] } },
{ "type": "Feature", "properties": { "osm_id": "1213123662", "lastchange": null, "code": "2101", "fclass": "pharmacy", "name": "Farmácia Castro Fonseca" }, "geometry": { "type": "Point", "coordinates": [ -9.1647404, 38.7180911 ] } },
{ "type": "Feature", "properties": { "osm_id": "1213123665", "lastchange": null, "code": "2101", "fclass": "pharmacy", "name": "Farmácia Castro Sucr." }, "geometry": { "type": "Point", "coordinates": [ -9.1546398, 38.7155769 ] } },
{ "type": "Feature", "properties": { "osm_id": "1213123685", "lastchange": null, "code": "2101", "fclass": "pharmacy", "name": "Farmácia Castro" }, "geometry": { "type": "Point", "coordinates": [ -9.1345879, 38.7280974 ] } },
{ "type": "Feature", "properties": { "osm_id": "1213221679", "lastchange": null, "code": "2101", "fclass": "pharmacy", "name": "Farmácia Conceição Lda." }, "geometry": { "type": "Point", "coordinates": [ -9.1091588, 38.7285802 ] } },
{ "type": "Feature", "properties": { "osm_id": "1213221680", "lastchange": null, "code": "2101", "fclass": "pharmacy", "name": null }, "geometry": { "type": "Point", "coordinates": [ -9.1458094, 38.7178433 ] } },
{ "type": "Feature", "properties": { "osm_id": "1213221701", "lastchange": null, "code": "2101", "fclass": "pharmacy", "name": null }, "geometry": { "type": "Point", "coordinates": [ -9.1362658, 38.71257 ] } },
{ "type": "Feature", "properties": { "osm_id": "1213221703", "lastchange": null, "code": "2101", "fclass": "pharmacy", "name": "Farmácia Central de Telheiras" }, "geometry": { "type": "Point", "coordinates": [ -9.1648294, 38.7611172 ] } },
{ "type": "Feature", "properties": { "osm_id": "1213221706", "lastchange": null, "code": "2101", "fclass": "pharmacy", "name": "Farmácia Conde Barão" }, "geometry": { "type": "Point", "coordinates": [ -9.1531403, 38.7083551 ] } },
{ "type": "Feature", "properties": { "osm_id": "1213221721", "lastchange": null, "code": "2101", "fclass": "pharmacy", "name": "Farmácia Central do Areeiro" }, "geometry": { "type": "Point", "coordinates": [ -9.1336659, 38.7411726 ] } },
{ "type": "Feature", "properties": { "osm_id": "1213221722", "lastchange": null, "code": "2101", "fclass": "pharmacy", "name": "Farmácia Central de Campolide" }, "geometry": { "type": "Point", "coordinates": [ -9.1629455, 38.7285298 ] } },
{ "type": "Feature", "properties": { "osm_id": "1213221725", "lastchange": null, "code": "2101", "fclass": "pharmacy", "name": "Farmácia Central Park" }, "geometry": { "type": "Point", "coordinates": [ -9.238227, 38.7171598 ] } },
{ "type": "Feature", "properties": { "osm_id": "1213221741", "lastchange": null, "code": "2101", "fclass": "pharmacy", "name": "Farmácia Colonial" }, "geometry": { "type": "Point", "coordinates": [ -9.1335186, 38.7253864 ] } },
{ "type": "Feature", "properties": { "osm_id": "1213293446", "lastchange": null, "code": "2101", "fclass": "pharmacy", "name": "Farmácia da Boavista" }, "geometry": { "type": "Point", "coordinates": [ -9.2049139, 38.7338911 ] } },
{ "type": "Feature", "properties": { "osm_id": "1213293455", "lastchange": null, "code": "2101", "fclass": "pharmacy", "name": "Farmácia Cosmos" }, "geometry": { "type": "Point", "coordinates": [ -9.148866, 38.7360252 ] } },
{ "type": "Feature", "properties": { "osm_id": "1213293468", "lastchange": null, "code": "2101", "fclass": "pharmacy", "name": "Farmácia Cruz Nunes" }, "geometry": { "type": "Point", "coordinates": [ -9.144159, 38.734134 ] } },
{ "type": "Feature", "properties": { "osm_id": "1213293480", "lastchange": null, "code": "2101", "fclass": "pharmacy", "name": "Farmácia Confiança" }, "geometry": { "type": "Point", "coordinates": [ -9.1348585, 38.7251885 ] } },
{ "type": "Feature", "properties": { "osm_id": "1213293493", "lastchange": null, "code": "2101", "fclass": "pharmacy", "name": "Farmácia Curie" }, "geometry": { "type": "Point", "coordinates": [ -9.1622636, 38.739096 ] } },
{ "type": "Feature", "properties": { "osm_id": "1213293499", "lastchange": null, "code": "2101", "fclass": "pharmacy", "name": "Farmácia da Luz" }, "geometry": { "type": "Point", "coordinates": [ -9.1740368, 38.7533971 ] } },
{ "type": "Feature", "properties": { "osm_id": "1213293505", "lastchange": null, "code": "2101", "fclass": "pharmacy", "name": "Farmácia Correia de Azevedo" }, "geometry": { "type": "Point", "coordinates": [ -9.1812662, 38.7029888 ] } },
{ "type": "Feature", "properties": { "osm_id": "1213293530", "lastchange": null, "code": "2101", "fclass": "pharmacy", "name": "Farmácia Corvo" }, "geometry": { "type": "Point", "coordinates": [ -9.1323609, 38.7356713 ] } },
{ "type": "Feature", "properties": { "osm_id": "1213369969", "lastchange": null, "code": "2101", "fclass": "pharmacy", "name": "Farmácia do Cruzeiro" }, "geometry": { "type": "Point", "coordinates": [ -9.1905489, 38.7063793 ] } },
{ "type": "Feature", "properties": { "osm_id": "1213369984", "lastchange": null, "code": "2101", "fclass": "pharmacy", "name": "Farmácia de São Sebastião" }, "geometry": { "type": "Point", "coordinates": [ -9.1514442, 38.7321262 ] } },
{ "type": "Feature", "properties": { "osm_id": "1213369986", "lastchange": null, "code": "2101", "fclass": "pharmacy", "name": "Farmácia do Largo" }, "geometry": { "type": "Point", "coordinates": [ -9.1501085, 38.7809522 ] } },
{ "type": "Feature", "properties": { "osm_id": "1213370006", "lastchange": null, "code": "2101", "fclass": "pharmacy", "name": "Farmácia de Marvila" }, "geometry": { "type": "Point", "coordinates": [ -9.1085226, 38.7419191 ] } },
{ "type": "Feature", "properties": { "osm_id": "1213370009", "lastchange": null, "code": "2101", "fclass": "pharmacy", "name": "Farmácia do Marquês" }, "geometry": { "type": "Point", "coordinates": [ -9.1458156, 38.7273723 ] } },
{ "type": "Feature", "properties": { "osm_id": "1213370033", "lastchange": null, "code": "2101", "fclass": "pharmacy", "name": "Farmácia do Calvário" }, "geometry": { "type": "Point", "coordinates": [ -9.1771957, 38.7051207 ] } },
{ "type": "Feature", "properties": { "osm_id": "1213370040", "lastchange": null, "code": "2101", "fclass": "pharmacy", "name": "Farmácia Dimar Lda" }, "geometry": { "type": "Point", "coordinates": [ -9.128726, 38.728359 ] } },
{ "type": "Feature", "properties": { "osm_id": "1213370057", "lastchange": null, "code": "2101", "fclass": "pharmacy", "name": "Farmácia Dalva" }, "geometry": { "type": "Point", "coordinates": [ -9.1459396, 38.7350127 ] } },
{ "type": "Feature", "properties": { "osm_id": "1213370061", "lastchange": null, "code": "2101", "fclass": "pharmacy", "name": "Farmácia Dalton" }, "geometry": { "type": "Point", "coordinates": [ -9.1266495, 38.7303286 ] } },
{ "type": "Feature", "properties": { "osm_id": "1213370078", "lastchange": null, "code": "2101", "fclass": "pharmacy", "name": "Farmácia do Combro" }, "geometry": { "type": "Point", "coordinates": [ -9.1480424, 38.7111155 ] } },
{ "type": "Feature", "properties": { "osm_id": "1213461372", "lastchange": null, "code": "2101", "fclass": "pharmacy", "name": "Farmácia Douro Lda." }, "geometry": { "type": "Point", "coordinates": [ -9.1570385, 38.7634754 ] } },
{ "type": "Feature", "properties": { "osm_id": "1213461376", "lastchange": null, "code": "2101", "fclass": "pharmacy", "name": "Farmácia dos Capuchos" }, "geometry": { "type": "Point", "coordinates": [ -9.1424681, 38.7233844 ] } },
{ "type": "Feature", "properties": { "osm_id": "1213461380", "lastchange": null, "code": "2101", "fclass": "pharmacy", "name": "Farmácia dos Oceanos" }, "geometry": { "type": "Point", "coordinates": [ -9.0952542, 38.7792758 ] } },
{ "type": "Feature", "properties": { "osm_id": "1213461384", "lastchange": null, "code": "2101", "fclass": "pharmacy", "name": "Farmácia dos Jerónimos" }, "geometry": { "type": "Point", "coordinates": [ -9.2029966, 38.6972378 ] } },
{ "type": "Feature", "properties": { "osm_id": "1213461388", "lastchange": null, "code": "2101", "fclass": "pharmacy", "name": "Farmácia Ducal Lda." }, "geometry": { "type": "Point", "coordinates": [ -9.1437583, 38.7289287 ] } },
{ "type": "Feature", "properties": { "osm_id": "1213461391", "lastchange": null, "code": "2101", "fclass": "pharmacy", "name": "Farmácia Esperança" }, "geometry": { "type": "Point", "coordinates": [ -9.1329923, 38.738358 ] } },
{ "type": "Feature", "properties": { "osm_id": "1213461399", "lastchange": null, "code": "2101", "fclass": "pharmacy", "name": null }, "geometry": { "type": "Point", "coordinates": [ -9.1221767, 38.7281801 ] } },
{ "type": "Feature", "properties": { "osm_id": "1213461403", "lastchange": null, "code": "2101", "fclass": "pharmacy", "name": "Farmácia dos Olivais" }, "geometry": { "type": "Point", "coordinates": [ -9.1085109, 38.7687091 ] } },
{ "type": "Feature", "properties": { "osm_id": "1213461407", "lastchange": null, "code": "2101", "fclass": "pharmacy", "name": "Farmácia dos Lusíadas" }, "geometry": { "type": "Point", "coordinates": [ -9.1766102, 38.748457 ] } },
{ "type": "Feature", "properties": { "osm_id": "1213461410", "lastchange": null, "code": "2101", "fclass": "pharmacy", "name": null }, "geometry": { "type": "Point", "coordinates": [ -9.1437366, 38.7338023 ] } },
{ "type": "Feature", "properties": { "osm_id": "1213461413", "lastchange": null, "code": "2101", "fclass": "pharmacy", "name": "Farmácia Durão" }, "geometry": { "type": "Point", "coordinates": [ -9.141442, 38.7107906 ] } },
{ "type": "Feature", "properties": { "osm_id": "1213461417", "lastchange": null, "code": "2101", "fclass": "pharmacy", "name": "Farmácia do Restelo" }, "geometry": { "type": "Point", "coordinates": [ -9.2184776, 38.6984991 ] } },
{ "type": "Feature", "properties": { "osm_id": "1213529434", "lastchange": null, "code": "2101", "fclass": "pharmacy", "name": "Farmácia Fátima" }, "geometry": { "type": "Point", "coordinates": [ -9.1486919, 38.7401033 ] } },
{ "type": "Feature", "properties": { "osm_id": "1213529439", "lastchange": null, "code": "2101", "fclass": "pharmacy", "name": "Farmácia Eusil" }, "geometry": { "type": "Point", "coordinates": [ -9.128517, 38.7343039 ] } },
{ "type": "Feature", "properties": { "osm_id": "1213529449", "lastchange": null, "code": "2101", "fclass": "pharmacy", "name": "Farmácia Estefânia" }, "geometry": { "type": "Point", "coordinates": [ -9.138698, 38.7316749 ] } },
{ "type": "Feature", "properties": { "osm_id": "1213529453", "lastchange": null, "code": "2101", "fclass": "pharmacy", "name": "Farmácia Exposul" }, "geometry": { "type": "Point", "coordinates": [ -9.0958562, 38.7601443 ] } },
{ "type": "Feature", "properties": { "osm_id": "1213529469", "lastchange": null, "code": "2101", "fclass": "pharmacy", "name": "Farmácia Estados Unidos" }, "geometry": { "type": "Point", "coordinates": [ -9.1338078, 38.7491591 ] } },
{ "type": "Feature", "properties": { "osm_id": "1213529470", "lastchange": null, "code": "2101", "fclass": "pharmacy", "name": "Farmácia Europa" }, "geometry": { "type": "Point", "coordinates": [ -9.1286576, 38.7249966 ] } },
{ "type": "Feature", "properties": { "osm_id": "1213529474", "lastchange": null, "code": "2101", "fclass": "pharmacy", "name": "Farmácia Ferrão Lda." }, "geometry": { "type": "Point", "coordinates": [ -9.1356096, 38.7154954 ] } },
{ "type": "Feature", "properties": { "osm_id": "1213529484", "lastchange": null, "code": "2101", "fclass": "pharmacy", "name": "Farmácia Fernandes" }, "geometry": { "type": "Point", "coordinates": [ -9.1441333, 38.7201676 ] } },
{ "type": "Feature", "properties": { "osm_id": "1213563553", "lastchange": null, "code": "2101", "fclass": "pharmacy", "name": "Farmácia Gama" }, "geometry": { "type": "Point", "coordinates": [ -9.1587354, 38.7132285 ] } },
{ "type": "Feature", "properties": { "osm_id": "1213563554", "lastchange": null, "code": "2101", "fclass": "pharmacy", "name": "Farmácia Fontes Pereira de Melo" }, "geometry": { "type": "Point", "coordinates": [ -9.1479391, 38.7290451 ] } },
{ "type": "Feature", "properties": { "osm_id": "1213563555", "lastchange": null, "code": "2101", "fclass": "pharmacy", "name": "Farmácia Garantia" }, "geometry": { "type": "Point", "coordinates": [ -9.133844, 38.7430867 ] } },
{ "type": "Feature", "properties": { "osm_id": "1213563556", "lastchange": null, "code": "2101", "fclass": "pharmacy", "name": "Farmácia Gare do Oriente" }, "geometry": { "type": "Point", "coordinates": [ -9.0987268, 38.7682105 ] } },
{ "type": "Feature", "properties": { "osm_id": "1213563557", "lastchange": null, "code": "2101", "fclass": "pharmacy", "name": "Farmácia Galénica" }, "geometry": { "type": "Point", "coordinates": [ -9.1432226, 38.7189765 ] } },
{ "type": "Feature", "properties": { "osm_id": "1213563558", "lastchange": null, "code": "2101", "fclass": "pharmacy", "name": "Farmácia G. Silva" }, "geometry": { "type": "Point", "coordinates": [ -9.1567082, 38.7426866 ] } },
{ "type": "Feature", "properties": { "osm_id": "1213563559", "lastchange": null, "code": "2101", "fclass": "pharmacy", "name": "Farmácia Figueiras" }, "geometry": { "type": "Point", "coordinates": [ -9.1502158, 38.7363474 ] } },
{ "type": "Feature", "properties": { "osm_id": "1213563561", "lastchange": null, "code": "2101", "fclass": "pharmacy", "name": "Farmácia Freitas" }, "geometry": { "type": "Point", "coordinates": [ -9.1015829, 38.7459929 ] } },
{ "type": "Feature", "properties": { "osm_id": "1213598914", "lastchange": null, "code": "2101", "fclass": "pharmacy", "name": "Farmácia Higiene" }, "geometry": { "type": "Point", "coordinates": [ -9.1209237, 38.766208 ] } },
{ "type": "Feature", "properties": { "osm_id": "1213598926", "lastchange": null, "code": "2101", "fclass": "pharmacy", "name": "Farmácia Guimarães Morais" }, "geometry": { "type": "Point", "coordinates": [ -9.1889195, 38.7599135 ] } },
{ "type": "Feature", "properties": { "osm_id": "1213598934", "lastchange": null, "code": "2101", "fclass": "pharmacy", "name": "Farmácia Gasparinho" }, "geometry": { "type": "Point", "coordinates": [ -9.1374582, 38.747857 ] } },
{ "type": "Feature", "properties": { "osm_id": "1213598949", "lastchange": null, "code": "2101", "fclass": "pharmacy", "name": "Farmácia Gouveia" }, "geometry": { "type": "Point", "coordinates": [ -9.1376987, 38.7115705 ] } },
{ "type": "Feature", "properties": { "osm_id": "1213598968", "lastchange": null, "code": "2101", "fclass": "pharmacy", "name": "Farmácia Grijó" }, "geometry": { "type": "Point", "coordinates": [ -9.1054855, 38.7331664 ] } },
{ "type": "Feature", "properties": { "osm_id": "1213598975", "lastchange": null, "code": "2101", "fclass": "pharmacy", "name": "Farmácia Guerra Suc." }, "geometry": { "type": "Point", "coordinates": [ -9.1344908, 38.7226585 ] } },
{ "type": "Feature", "properties": { "osm_id": "1213598992", "lastchange": null, "code": "2101", "fclass": "pharmacy", "name": "Farmácia Gomes Suc." }, "geometry": { "type": "Point", "coordinates": [ -9.1959874, 38.6975759 ] } },
{ "type": "Feature", "properties": { "osm_id": "1214608202", "lastchange": null, "code": "2301", "fclass": "restaurant", "name": "Faisão Azul" }, "geometry": { "type": "Point", "coordinates": [ -9.1737055, 38.7443683 ] } },
{ "type": "Feature", "properties": { "osm_id": "1214610190", "lastchange": null, "code": "2301", "fclass": "restaurant", "name": "Solar dos Canadianos" }, "geometry": { "type": "Point", "coordinates": [ -9.174317, 38.7435985 ] } },
{ "type": "Feature", "properties": { "osm_id": "1215485958", "lastchange": null, "code": "2101", "fclass": "pharmacy", "name": "Farmácia Ibéria" }, "geometry": { "type": "Point", "coordinates": [ -9.128773, 38.7385373 ] } },
{ "type": "Feature", "properties": { "osm_id": "1215488058", "lastchange": null, "code": "2101", "fclass": "pharmacy", "name": "Farmácia Imperial" }, "geometry": { "type": "Point", "coordinates": [ -9.1363144, 38.7398668 ] } },
{ "type": "Feature", "properties": { "osm_id": "1215488065", "lastchange": null, "code": "2101", "fclass": "pharmacy", "name": "Farmácia Ideal" }, "geometry": { "type": "Point", "coordinates": [ -9.1314191, 38.7472024 ] } },
{ "type": "Feature", "properties": { "osm_id": "1215938072", "lastchange": null, "code": "2082", "fclass": "school", "name": "Escola Básica Frei Luis de Sousa" }, "geometry": { "type": "Point", "coordinates": [ -9.1720714, 38.7411493 ] } },
{ "type": "Feature", "properties": { "osm_id": "1224803280", "lastchange": null, "code": "2501", "fclass": "supermarket", "name": "MiniPreço" }, "geometry": { "type": "Point", "coordinates": [ -9.1532645, 38.6824129 ] } },
{ "type": "Feature", "properties": { "osm_id": "1225610149", "lastchange": null, "code": "2005", "fclass": "post_office", "name": "Cacilhas" }, "geometry": { "type": "Point", "coordinates": [ -9.1496732, 38.6841651 ] } },
{ "type": "Feature", "properties": { "osm_id": "1225610165", "lastchange": null, "code": "2801", "fclass": "fuel", "name": "Repsol" }, "geometry": { "type": "Point", "coordinates": [ -9.1597279, 38.6677537 ] } },
{ "type": "Feature", "properties": { "osm_id": "1225695919", "lastchange": null, "code": "2701", "fclass": "information", "name": "Posto de Turismo de Cacilhas" }, "geometry": { "type": "Point", "coordinates": [ -9.1498355, 38.6855475 ] } },
{ "type": "Feature", "properties": { "osm_id": "1225695927", "lastchange": null, "code": "2101", "fclass": "pharmacy", "name": "Central" }, "geometry": { "type": "Point", "coordinates": [ -9.1558124, 38.6809349 ] } },
{ "type": "Feature", "properties": { "osm_id": "1225695978", "lastchange": null, "code": "2101", "fclass": "pharmacy", "name": "Silva Júnior" }, "geometry": { "type": "Point", "coordinates": [ -9.1477652, 38.6847865 ] } },
{ "type": "Feature", "properties": { "osm_id": "1225696031", "lastchange": null, "code": "2101", "fclass": "pharmacy", "name": "Macedo Henriques" }, "geometry": { "type": "Point", "coordinates": [ -9.1530918, 38.6823189 ] } },
{ "type": "Feature", "properties": { "osm_id": "1225926997", "lastchange": null, "code": "2601", "fclass": "bank", "name": "Millenium BCP" }, "geometry": { "type": "Point", "coordinates": [ -9.1529631, 38.6821974 ] } },
{ "type": "Feature", "properties": { "osm_id": "1225927016", "lastchange": null, "code": "2601", "fclass": "bank", "name": "Banco Santader Totta" }, "geometry": { "type": "Point", "coordinates": [ -9.1561581, 38.682098 ] } },
{ "type": "Feature", "properties": { "osm_id": "1225927020", "lastchange": null, "code": "2601", "fclass": "bank", "name": "Caixa Geral de Depósitos" }, "geometry": { "type": "Point", "coordinates": [ -9.1479553, 38.6870194 ] } },
{ "type": "Feature", "properties": { "osm_id": "1225927028", "lastchange": null, "code": "2602", "fclass": "atm", "name": null }, "geometry": { "type": "Point", "coordinates": [ -9.1522056, 38.6819784 ] } },
{ "type": "Feature", "properties": { "osm_id": "1225927044", "lastchange": null, "code": "2601", "fclass": "bank", "name": "Millenium BCP" }, "geometry": { "type": "Point", "coordinates": [ -9.1561737, 38.6799717 ] } },
{ "type": "Feature", "properties": { "osm_id": "1225927046", "lastchange": null, "code": "2602", "fclass": "atm", "name": null }, "geometry": { "type": "Point", "coordinates": [ -9.147685, 38.6881452 ] } },
{ "type": "Feature", "properties": { "osm_id": "1225927054", "lastchange": null, "code": "2602", "fclass": "atm", "name": null }, "geometry": { "type": "Point", "coordinates": [ -9.1561035, 38.6806318 ] } },
{ "type": "Feature", "properties": { "osm_id": "1225927073", "lastchange": null, "code": "2601", "fclass": "bank", "name": "Barclays" }, "geometry": { "type": "Point", "coordinates": [ -9.1571795, 38.679488 ] } },
{ "type": "Feature", "properties": { "osm_id": "1225927077", "lastchange": null, "code": "2601", "fclass": "bank", "name": "Caixa Geral de Depósitos" }, "geometry": { "type": "Point", "coordinates": [ -9.1578904, 38.6788662 ] } },
{ "type": "Feature", "properties": { "osm_id": "1225927091", "lastchange": null, "code": "2301", "fclass": "restaurant", "name": "A Toca" }, "geometry": { "type": "Point", "coordinates": [ -9.1492468, 38.6860689 ] } },
{ "type": "Feature", "properties": { "osm_id": "1225927103", "lastchange": null, "code": "2601", "fclass": "bank", "name": "Banif" }, "geometry": { "type": "Point", "coordinates": [ -9.152031, 38.6828512 ] } },
{ "type": "Feature", "properties": { "osm_id": "1225927124", "lastchange": null, "code": "2601", "fclass": "bank", "name": "Finibanco" }, "geometry": { "type": "Point", "coordinates": [ -9.1555065, 38.6817569 ] } },
{ "type": "Feature", "properties": { "osm_id": "1225927130", "lastchange": null, "code": "2601", "fclass": "bank", "name": "Banco Espirito Santo" }, "geometry": { "type": "Point", "coordinates": [ -9.15059, 38.6839776 ] } },
{ "type": "Feature", "properties": { "osm_id": "1226030169", "lastchange": null, "code": "2301", "fclass": "restaurant", "name": "O Moisés" }, "geometry": { "type": "Point", "coordinates": [ -9.1458339, 38.7350025 ] } },
{ "type": "Feature", "properties": { "osm_id": "1226030170", "lastchange": null, "code": "2602", "fclass": "atm", "name": null }, "geometry": { "type": "Point", "coordinates": [ -9.1469794, 38.7345443 ] } },
{ "type": "Feature", "properties": { "osm_id": "1226030177", "lastchange": null, "code": "2602", "fclass": "atm", "name": null }, "geometry": { "type": "Point", "coordinates": [ -9.1487521, 38.7356845 ] } },
{ "type": "Feature", "properties": { "osm_id": "1228765572", "lastchange": null, "code": "2601", "fclass": "bank", "name": "Caixa Geral de Depósitos" }, "geometry": { "type": "Point", "coordinates": [ -9.1555246, 38.6800199 ] } },
{ "type": "Feature", "properties": { "osm_id": "1228767806", "lastchange": null, "code": "2005", "fclass": "post_office", "name": null }, "geometry": { "type": "Point", "coordinates": [ -9.1553933, 38.6803088 ] } },
{ "type": "Feature", "properties": { "osm_id": "1228767808", "lastchange": null, "code": "2601", "fclass": "bank", "name": "Banco Popular" }, "geometry": { "type": "Point", "coordinates": [ -9.1594051, 38.6790742 ] } },
{ "type": "Feature", "properties": { "osm_id": "1229597087", "lastchange": null, "code": "2003", "fclass": "recycling", "name": null }, "geometry": { "type": "Point", "coordinates": [ -9.2128972, 38.7823846 ] } },
{ "type": "Feature", "properties": { "osm_id": "1231057229", "lastchange": null, "code": "2001", "fclass": "police", "name": "PSP" }, "geometry": { "type": "Point", "coordinates": [ -9.2990259, 38.7195596 ] } },
{ "type": "Feature", "properties": { "osm_id": "1232550015", "lastchange": null, "code": "2101", "fclass": "pharmacy", "name": "Farmácia Infante Santo" }, "geometry": { "type": "Point", "coordinates": [ -9.1678008, 38.7050458 ] } },
{ "type": "Feature", "properties": { "osm_id": "1232550036", "lastchange": null, "code": "2101", "fclass": "pharmacy", "name": "Farmácia Império Lda" }, "geometry": { "type": "Point", "coordinates": [ -9.1477057, 38.734262 ] } },
{ "type": "Feature", "properties": { "osm_id": "1233116555", "lastchange": null, "code": "2101", "fclass": "pharmacy", "name": "Reis" }, "geometry": { "type": "Point", "coordinates": [ -9.1497077, 38.6854519 ] } },
{ "type": "Feature", "properties": { "osm_id": "1233123143", "lastchange": null, "code": "2101", "fclass": "pharmacy", "name": "Galeno" }, "geometry": { "type": "Point", "coordinates": [ -9.1601094, 38.6800416 ] } },
{ "type": "Feature", "properties": { "osm_id": "1233125939", "lastchange": null, "code": "2101", "fclass": "pharmacy", "name": "Nuno Álvares" }, "geometry": { "type": "Point", "coordinates": [ -9.1613083, 38.6777571 ] } },
{ "type": "Feature", "properties": { "osm_id": "1233130000", "lastchange": null, "code": "2101", "fclass": "pharmacy", "name": "Cristo Rei" }, "geometry": { "type": "Point", "coordinates": [ -9.1664233, 38.6776525 ] } },
{ "type": "Feature", "properties": { "osm_id": "1233134299", "lastchange": null, "code": "2101", "fclass": "pharmacy", "name": "Pragal" }, "geometry": { "type": "Point", "coordinates": [ -9.1689955, 38.6742267 ] } },
{ "type": "Feature", "properties": { "osm_id": "1234108475", "lastchange": null, "code": "2804", "fclass": "parking", "name": null }, "geometry": { "type": "Point", "coordinates": [ -9.1507335, 38.6831409 ] } },
{ "type": "Feature", "properties": { "osm_id": "1237566224", "lastchange": null, "code": "2101", "fclass": "pharmacy", "name": "Farmácia Leonel Pinheiro" }, "geometry": { "type": "Point", "coordinates": [ -9.1424628, 38.7384765 ] } },
{ "type": "Feature", "properties": { "osm_id": "1237566227", "lastchange": null, "code": "2101", "fclass": "pharmacy", "name": "Farmácia J. Ribeiro" }, "geometry": { "type": "Point", "coordinates": [ -9.1779412, 38.7566831 ] } },
{ "type": "Feature", "properties": { "osm_id": "1237566232", "lastchange": null, "code": "2101", "fclass": "pharmacy", "name": "Farmácia Latina" }, "geometry": { "type": "Point", "coordinates": [ -9.1506614, 38.7301815 ] } },
{ "type": "Feature", "properties": { "osm_id": "1237566234", "lastchange": null, "code": "2101", "fclass": "pharmacy", "name": "Farmácia Linaida" }, "geometry": { "type": "Point", "coordinates": [ -9.1638289, 38.7166488 ] } },
{ "type": "Feature", "properties": { "osm_id": "1237566235", "lastchange": null, "code": "2101", "fclass": "pharmacy", "name": "Farmácia João XXI" }, "geometry": { "type": "Point", "coordinates": [ -9.1366667, 38.7425696 ] } },
{ "type": "Feature", "properties": { "osm_id": "1237566239", "lastchange": null, "code": "2101", "fclass": "pharmacy", "name": "Farmácia Lusitana" }, "geometry": { "type": "Point", "coordinates": [ -9.1387105, 38.7437339 ] } },
{ "type": "Feature", "properties": { "osm_id": "1237566241", "lastchange": null, "code": "2101", "fclass": "pharmacy", "name": "Farmácia Lobel" }, "geometry": { "type": "Point", "coordinates": [ -9.1679115, 38.7183913 ] } },
{ "type": "Feature", "properties": { "osm_id": "1237566247", "lastchange": null, "code": "2101", "fclass": "pharmacy", "name": "Farmácia Lys" }, "geometry": { "type": "Point", "coordinates": [ -9.1536226, 38.7086075 ] } },
{ "type": "Feature", "properties": { "osm_id": "1237566250", "lastchange": null, "code": "2101", "fclass": "pharmacy", "name": "Farmácia Lavinha" }, "geometry": { "type": "Point", "coordinates": [ -9.206747, 38.7478494 ] } },
{ "type": "Feature", "properties": { "osm_id": "1237566251", "lastchange": null, "code": "2101", "fclass": "pharmacy", "name": "Farmácia Macedo" }, "geometry": { "type": "Point", "coordinates": [ -9.197655, 38.753994 ] } },
{ "type": "Feature", "properties": { "osm_id": "1237566255", "lastchange": null, "code": "2101", "fclass": "pharmacy", "name": "Farmácia Jaime de Matos" }, "geometry": { "type": "Point", "coordinates": [ -9.134299, 38.7249032 ] } },
{ "type": "Feature", "properties": { "osm_id": "1237566257", "lastchange": null, "code": "2101", "fclass": "pharmacy", "name": "Farmácia Labor" }, "geometry": { "type": "Point", "coordinates": [ -9.2012829, 38.7449644 ] } },
{ "type": "Feature", "properties": { "osm_id": "1237566262", "lastchange": null, "code": "2101", "fclass": "pharmacy", "name": "Farmácia Lusa" }, "geometry": { "type": "Point", "coordinates": [ -9.1341642, 38.7359209 ] } },
{ "type": "Feature", "properties": { "osm_id": "1237566264", "lastchange": null, "code": "2101", "fclass": "pharmacy", "name": "Farmácia Lisbonense" }, "geometry": { "type": "Point", "coordinates": [ -9.1783623, 38.7048548 ] } },
{ "type": "Feature", "properties": { "osm_id": "1237566265", "lastchange": null, "code": "2101", "fclass": "pharmacy", "name": "Farmácia Madre de Deus" }, "geometry": { "type": "Point", "coordinates": [ -9.1098777, 38.7308238 ] } },
{ "type": "Feature", "properties": { "osm_id": "1237566267", "lastchange": null, "code": "2101", "fclass": "pharmacy", "name": "Farmácia Ivone" }, "geometry": { "type": "Point", "coordinates": [ -9.1602217, 38.7227148 ] } },
{ "type": "Feature", "properties": { "osm_id": "1239143774", "lastchange": null, "code": "2101", "fclass": "pharmacy", "name": "Farmácia Marques" }, "geometry": { "type": "Point", "coordinates": [ -9.200715, 38.750613 ] } },
{ "type": "Feature", "properties": { "osm_id": "1239143785", "lastchange": null, "code": "2101", "fclass": "pharmacy", "name": "Farmácia Marluz" }, "geometry": { "type": "Point", "coordinates": [ -9.1234548, 38.7376962 ] } },
{ "type": "Feature", "properties": { "osm_id": "1239143786", "lastchange": null, "code": "2101", "fclass": "pharmacy", "name": "Farmácia Matos Viegas" }, "geometry": { "type": "Point", "coordinates": [ -9.1610335, 38.7668945 ] } },
{ "type": "Feature", "properties": { "osm_id": "1239143796", "lastchange": null, "code": "2101", "fclass": "pharmacy", "name": "Farmácia Martim Moniz" }, "geometry": { "type": "Point", "coordinates": [ -9.1356881, 38.7170908 ] } },
{ "type": "Feature", "properties": { "osm_id": "1239143798", "lastchange": null, "code": "2101", "fclass": "pharmacy", "name": "Farmácia Magalhães" }, "geometry": { "type": "Point", "coordinates": [ -9.1352769, 38.7209564 ] } },
{ "type": "Feature", "properties": { "osm_id": "1239143801", "lastchange": null, "code": "2101", "fclass": "pharmacy", "name": "Farmácia Marbel" }, "geometry": { "type": "Point", "coordinates": [ -9.145681, 38.755886 ] } },
{ "type": "Feature", "properties": { "osm_id": "1239143805", "lastchange": null, "code": "2101", "fclass": "pharmacy", "name": "Farmácia Martins" }, "geometry": { "type": "Point", "coordinates": [ -9.158006, 38.71274 ] } },
{ "type": "Feature", "properties": { "osm_id": "1239143811", "lastchange": null, "code": "2101", "fclass": "pharmacy", "name": "Farmácia Marques Freire" }, "geometry": { "type": "Point", "coordinates": [ -9.1634983, 38.7134096 ] } },
{ "type": "Feature", "properties": { "osm_id": "1239143813", "lastchange": null, "code": "2101", "fclass": "pharmacy", "name": "Farmácia Mendes Gomes" }, "geometry": { "type": "Point", "coordinates": [ -9.1992317, 38.704564 ] } },
{ "type": "Feature", "properties": { "osm_id": "1239241428", "lastchange": null, "code": "2101", "fclass": "pharmacy", "name": "Farmácia Mundial" }, "geometry": { "type": "Point", "coordinates": [ -9.1410745, 38.7319114 ] } },
{ "type": "Feature", "properties": { "osm_id": "1239241430", "lastchange": null, "code": "2101", "fclass": "pharmacy", "name": "Farmácia Neoterapia" }, "geometry": { "type": "Point", "coordinates": [ -9.1495, 38.752523 ] } },
{ "type": "Feature", "properties": { "osm_id": "1239241431", "lastchange": null, "code": "2101", "fclass": "pharmacy", "name": "Farmácia Moura" }, "geometry": { "type": "Point", "coordinates": [ -9.2017345, 38.7021785 ] } },
{ "type": "Feature", "properties": { "osm_id": "1239241432", "lastchange": null, "code": "2101", "fclass": "pharmacy", "name": "Farmácia Nacional" }, "geometry": { "type": "Point", "coordinates": [ -9.1459673, 38.7194858 ] } },
{ "type": "Feature", "properties": { "osm_id": "1239241434", "lastchange": null, "code": "2101", "fclass": "pharmacy", "name": "Farmácia Miranda" }, "geometry": { "type": "Point", "coordinates": [ -9.144205, 38.743282 ] } },
{ "type": "Feature", "properties": { "osm_id": "1239241435", "lastchange": null, "code": "2101", "fclass": "pharmacy", "name": "Farmácia Nobel" }, "geometry": { "type": "Point", "coordinates": [ -9.1304752, 38.7365878 ] } },
{ "type": "Feature", "properties": { "osm_id": "1239241436", "lastchange": null, "code": "2101", "fclass": "pharmacy", "name": "Farmácia Nicolau" }, "geometry": { "type": "Point", "coordinates": [ -9.1640074, 38.7813262 ] } },
{ "type": "Feature", "properties": { "osm_id": "1239241437", "lastchange": null, "code": "2101", "fclass": "pharmacy", "name": "Farmácia Moz Teixeira" }, "geometry": { "type": "Point", "coordinates": [ -9.1516083, 38.7098007 ] } },
{ "type": "Feature", "properties": { "osm_id": "1240465058", "lastchange": null, "code": "2101", "fclass": "pharmacy", "name": "Farmácia Sociedade Higilux Lda" }, "geometry": { "type": "Point", "coordinates": [ -9.2195701, 38.6962343 ] } },
{ "type": "Feature", "properties": { "osm_id": "1240465059", "lastchange": null, "code": "2101", "fclass": "pharmacy", "name": "Farmácia Porfirio" }, "geometry": { "type": "Point", "coordinates": [ -9.1665238, 38.7171987 ] } },
{ "type": "Feature", "properties": { "osm_id": "1240465060", "lastchange": null, "code": "2101", "fclass": "pharmacy", "name": "Farmácia Zenel" }, "geometry": { "type": "Point", "coordinates": [ -9.170639, 38.731878 ] } },
{ "type": "Feature", "properties": { "osm_id": "1240465061", "lastchange": null, "code": "2101", "fclass": "pharmacy", "name": "Farmácia Reis Oliveira" }, "geometry": { "type": "Point", "coordinates": [ -9.120207, 38.7634521 ] } },
{ "type": "Feature", "properties": { "osm_id": "1240465062", "lastchange": null, "code": "2101", "fclass": "pharmacy", "name": "Farmácia Santa Luzia" }, "geometry": { "type": "Point", "coordinates": [ -9.1317679, 38.7105942 ] } },
{ "type": "Feature", "properties": { "osm_id": "1240465063", "lastchange": null, "code": "2101", "fclass": "pharmacy", "name": "Farmácia Sagres" }, "geometry": { "type": "Point", "coordinates": [ -9.150171, 38.733653 ] } },
{ "type": "Feature", "properties": { "osm_id": "1240465064", "lastchange": null, "code": "2101", "fclass": "pharmacy", "name": "Farmácia São Tomé" }, "geometry": { "type": "Point", "coordinates": [ -9.1632158, 38.779281 ] } },
{ "type": "Feature", "properties": { "osm_id": "1240465065", "lastchange": null, "code": "2101", "fclass": "pharmacy", "name": "Farmácia Oliveira" }, "geometry": { "type": "Point", "coordinates": [ -9.1474141, 38.7159256 ] } },
{ "type": "Feature", "properties": { "osm_id": "1240465066", "lastchange": null, "code": "2101", "fclass": "pharmacy", "name": "Farmácia Zil" }, "geometry": { "type": "Point", "coordinates": [ -9.1402628, 38.75419 ] } },
{ "type": "Feature", "properties": { "osm_id": "1240465067", "lastchange": null, "code": "2101", "fclass": "pharmacy", "name": "Farmácia Ronil" }, "geometry": { "type": "Point", "coordinates": [ -9.1587809, 38.7290628 ] } },
{ "type": "Feature", "properties": { "osm_id": "1240465068", "lastchange": null, "code": "2101", "fclass": "pharmacy", "name": "Farmácia Santa Maria" }, "geometry": { "type": "Point", "coordinates": [ -9.1502162, 38.7464483 ] } },
{ "type": "Feature", "properties": { "osm_id": "1240465069", "lastchange": null, "code": "2101", "fclass": "pharmacy", "name": "Farmácia Nova Iorque" }, "geometry": { "type": "Point", "coordinates": [ -9.1473448, 38.7486828 ] } },
{ "type": "Feature", "properties": { "osm_id": "1240465070", "lastchange": null, "code": "2101", "fclass": "pharmacy", "name": "Farmácia Simão" }, "geometry": { "type": "Point", "coordinates": [ -9.1119595, 38.7680967 ] } },
{ "type": "Feature", "properties": { "osm_id": "1240465071", "lastchange": null, "code": "2101", "fclass": "pharmacy", "name": "Farmácia Morais Sarmento" }, "geometry": { "type": "Point", "coordinates": [ -9.1458248, 38.7218912 ] } },
{ "type": "Feature", "properties": { "osm_id": "1240465072", "lastchange": null, "code": "2101", "fclass": "pharmacy", "name": "Farmácia Sepol" }, "geometry": { "type": "Point", "coordinates": [ -9.1915229, 38.7011301 ] } },
{ "type": "Feature", "properties": { "osm_id": "1240465073", "lastchange": null, "code": "2101", "fclass": "pharmacy", "name": "Farmácia Paiva da Costa Lda." }, "geometry": { "type": "Point", "coordinates": [ -9.1615993, 38.709312 ] } },
{ "type": "Feature", "properties": { "osm_id": "1240465074", "lastchange": null, "code": "2101", "fclass": "pharmacy", "name": "Farmácia União" }, "geometry": { "type": "Point", "coordinates": [ -9.1643578, 38.7153159 ] } },
{ "type": "Feature", "properties": { "osm_id": "1240465075", "lastchange": null, "code": "2101", "fclass": "pharmacy", "name": "Farmácia Portugal" }, "geometry": { "type": "Point", "coordinates": [ -9.138298, 38.731711 ] } },
{ "type": "Feature", "properties": { "osm_id": "1240465076", "lastchange": null, "code": "2101", "fclass": "pharmacy", "name": "Farmácia São Bartolomeu" }, "geometry": { "type": "Point", "coordinates": [ -9.1548937, 38.792448 ] } },
{ "type": "Feature", "properties": { "osm_id": "1240465077", "lastchange": null, "code": "2101", "fclass": "pharmacy", "name": "Farmácia Nova Luz" }, "geometry": { "type": "Point", "coordinates": [ -9.1187821, 38.726683 ] } },
{ "type": "Feature", "properties": { "osm_id": "1240465078", "lastchange": null, "code": "2101", "fclass": "pharmacy", "name": "Farmácia Simões" }, "geometry": { "type": "Point", "coordinates": [ -9.2045809, 38.7568294 ] } },
{ "type": "Feature", "properties": { "osm_id": "1240465079", "lastchange": null, "code": "2101", "fclass": "pharmacy", "name": "Farmácia Picoas" }, "geometry": { "type": "Point", "coordinates": [ -9.1474474, 38.7319071 ] } },
{ "type": "Feature", "properties": { "osm_id": "1240465080", "lastchange": null, "code": "2101", "fclass": "pharmacy", "name": "Farmácia Veral Lda." }, "geometry": { "type": "Point", "coordinates": [ -9.1322479, 38.733032 ] } },
{ "type": "Feature", "properties": { "osm_id": "1240465081", "lastchange": null, "code": "2101", "fclass": "pharmacy", "name": "Farmácia Palma" }, "geometry": { "type": "Point", "coordinates": [ -9.141719, 38.735043 ] } },
{ "type": "Feature", "properties": { "osm_id": "1240465082", "lastchange": null, "code": "2101", "fclass": "pharmacy", "name": "Farmácia Universal" }, "geometry": { "type": "Point", "coordinates": [ -9.1427106, 38.7321488 ] } },
{ "type": "Feature", "properties": { "osm_id": "1240465083", "lastchange": null, "code": "2101", "fclass": "pharmacy", "name": "Farmácia Progresso" }, "geometry": { "type": "Point", "coordinates": [ -9.209895, 38.750752 ] } },
{ "type": "Feature", "properties": { "osm_id": "1240465084", "lastchange": null, "code": "2101", "fclass": "pharmacy", "name": "Farmácia Rualto Lda." }, "geometry": { "type": "Point", "coordinates": [ -9.1715807, 38.7690605 ] } },
{ "type": "Feature", "properties": { "osm_id": "1240465085", "lastchange": null, "code": "2101", "fclass": "pharmacy", "name": "Farmácia Sousa" }, "geometry": { "type": "Point", "coordinates": [ -9.184719, 38.746725 ] } },
{ "type": "Feature", "properties": { "osm_id": "1240465086", "lastchange": null, "code": "2101", "fclass": "pharmacy", "name": "Farmácia Pinheiro" }, "geometry": { "type": "Point", "coordinates": [ -9.1646799, 38.7210281 ] } },
{ "type": "Feature", "properties": { "osm_id": "1240465087", "lastchange": null, "code": "2101", "fclass": "pharmacy", "name": "Farmácia Vieira Borges" }, "geometry": { "type": "Point", "coordinates": [ -9.1496912, 38.7227502 ] } },
{ "type": "Feature", "properties": { "osm_id": "1240465088", "lastchange": null, "code": "2101", "fclass": "pharmacy", "name": "Farmácia Rio de Janeiro" }, "geometry": { "type": "Point", "coordinates": [ -9.1372062, 38.750102 ] } },
{ "type": "Feature", "properties": { "osm_id": "1240465090", "lastchange": null, "code": "2101", "fclass": "pharmacy", "name": "Farmácia Salus" }, "geometry": { "type": "Point", "coordinates": [ -9.1447638, 38.7255396 ] } },
{ "type": "Feature", "properties": { "osm_id": "1240465091", "lastchange": null, "code": "2101", "fclass": "pharmacy", "name": "Farmácia São João" }, "geometry": { "type": "Point", "coordinates": [ -9.1287763, 38.7323785 ] } },
{ "type": "Feature", "properties": { "osm_id": "1240465092", "lastchange": null, "code": "2101", "fclass": "pharmacy", "name": "Farmácia Onilda" }, "geometry": { "type": "Point", "coordinates": [ -9.136399, 38.742239 ] } },
{ "type": "Feature", "properties": { "osm_id": "1240465093", "lastchange": null, "code": "2101", "fclass": "pharmacy", "name": "Farmácia Zira" }, "geometry": { "type": "Point", "coordinates": [ -9.1138838, 38.7719679 ] } },
{ "type": "Feature", "properties": { "osm_id": "1240465094", "lastchange": null, "code": "2101", "fclass": "pharmacy", "name": "Farmácia Rodrigues & Aires Lda." }, "geometry": { "type": "Point", "coordinates": [ -9.1596433, 38.7105288 ] } },
{ "type": "Feature", "properties": { "osm_id": "1240465095", "lastchange": null, "code": "2101", "fclass": "pharmacy", "name": "Farmácia Santo Amaro" }, "geometry": { "type": "Point", "coordinates": [ -9.1845499, 38.7035996 ] } },
{ "type": "Feature", "properties": { "osm_id": "1240465096", "lastchange": null, "code": "2101", "fclass": "pharmacy", "name": "Farmácia Normal" }, "geometry": { "type": "Point", "coordinates": [ -9.1372965, 38.7122239 ] } },
{ "type": "Feature", "properties": { "osm_id": "1240465097", "lastchange": null, "code": "2101", "fclass": "pharmacy", "name": "Farmácia Salutar" }, "geometry": { "type": "Point", "coordinates": [ -9.14261, 38.727584 ] } },
{ "type": "Feature", "properties": { "osm_id": "1240465098", "lastchange": null, "code": "2101", "fclass": "pharmacy", "name": "Farmácia Nogueira" }, "geometry": { "type": "Point", "coordinates": [ -9.1746317, 38.7064393 ] } },
{ "type": "Feature", "properties": { "osm_id": "1240465099", "lastchange": null, "code": "2101", "fclass": "pharmacy", "name": "Farmácia Serejo Lda." }, "geometry": { "type": "Point", "coordinates": [ -9.1125054, 38.7466355 ] } },
{ "type": "Feature", "properties": { "osm_id": "1240465100", "lastchange": null, "code": "2101", "fclass": "pharmacy", "name": "Farmácia Oriental de Lisboa" }, "geometry": { "type": "Point", "coordinates": [ -9.0967513, 38.775409 ] } },
{ "type": "Feature", "properties": { "osm_id": "1240465101", "lastchange": null, "code": "2101", "fclass": "pharmacy", "name": "Farmácia Teles" }, "geometry": { "type": "Point", "coordinates": [ -9.1851438, 38.7057012 ] } },
{ "type": "Feature", "properties": { "osm_id": "1240465102", "lastchange": null, "code": "2101", "fclass": "pharmacy", "name": "Farmácia Prates e Mota" }, "geometry": { "type": "Point", "coordinates": [ -9.156473, 38.741714 ] } },
{ "type": "Feature", "properties": { "osm_id": "1240465103", "lastchange": null, "code": "2101", "fclass": "pharmacy", "name": "Farmácia Santo António" }, "geometry": { "type": "Point", "coordinates": [ -9.1115227, 38.7429255 ] } },
{ "type": "Feature", "properties": { "osm_id": "1240465105", "lastchange": null, "code": "2101", "fclass": "pharmacy", "name": "Farmácia Simões Pires" }, "geometry": { "type": "Point", "coordinates": [ -9.1368916, 38.7105246 ] } },
{ "type": "Feature", "properties": { "osm_id": "1240465106", "lastchange": null, "code": "2101", "fclass": "pharmacy", "name": "Farmácia Pátria" }, "geometry": { "type": "Point", "coordinates": [ -9.1653989, 38.7269811 ] } },
{ "type": "Feature", "properties": { "osm_id": "1240465107", "lastchange": null, "code": "2101", "fclass": "pharmacy", "name": "Farmácia Silmar" }, "geometry": { "type": "Point", "coordinates": [ -9.1371546, 38.7193362 ] } },
{ "type": "Feature", "properties": { "osm_id": "1240465108", "lastchange": null, "code": "2101", "fclass": "pharmacy", "name": "Farmácia Paris" }, "geometry": { "type": "Point", "coordinates": [ -9.137929, 38.7578086 ] } },
{ "type": "Feature", "properties": { "osm_id": "1240465109", "lastchange": null, "code": "2101", "fclass": "pharmacy", "name": "Farmácia Urbano de Freitas" }, "geometry": { "type": "Point", "coordinates": [ -9.161699, 38.716383 ] } },
{ "type": "Feature", "properties": { "osm_id": "1240465110", "lastchange": null, "code": "2101", "fclass": "pharmacy", "name": "Farmácia Principe Real" }, "geometry": { "type": "Point", "coordinates": [ -9.1494626, 38.7172934 ] } },
{ "type": "Feature", "properties": { "osm_id": "1240465111", "lastchange": null, "code": "2101", "fclass": "pharmacy", "name": "Farmácia S A e Silva Filhos" }, "geometry": { "type": "Point", "coordinates": [ -9.1584604, 38.7078294 ] } },
{ "type": "Feature", "properties": { "osm_id": "1240465112", "lastchange": null, "code": "2101", "fclass": "pharmacy", "name": "Farmácia Ocidental" }, "geometry": { "type": "Point", "coordinates": [ -9.22582, 38.700496 ] } },
{ "type": "Feature", "properties": { "osm_id": "1240465113", "lastchange": null, "code": "2101", "fclass": "pharmacy", "name": "Farmácia Sirius" }, "geometry": { "type": "Point", "coordinates": [ -9.157759, 38.734609 ] } },
{ "type": "Feature", "properties": { "osm_id": "1240465114", "lastchange": null, "code": "2101", "fclass": "pharmacy", "name": "Farmácia Pinto" }, "geometry": { "type": "Point", "coordinates": [ -9.1627264, 38.72583 ] } },
{ "type": "Feature", "properties": { "osm_id": "1240465115", "lastchange": null, "code": "2101", "fclass": "pharmacy", "name": "Farmácia Vitalis" }, "geometry": { "type": "Point", "coordinates": [ -9.1296681, 38.7323625 ] } },
{ "type": "Feature", "properties": { "osm_id": "1240465116", "lastchange": null, "code": "2101", "fclass": "pharmacy", "name": "Farmácia Rebocho" }, "geometry": { "type": "Point", "coordinates": [ -9.1895534, 38.7459341 ] } },
{ "type": "Feature", "properties": { "osm_id": "1240465117", "lastchange": null, "code": "2101", "fclass": "pharmacy", "name": "Farmácia Valle" }, "geometry": { "type": "Point", "coordinates": [ -9.1494625, 38.7378477 ] } },
{ "type": "Feature", "properties": { "osm_id": "1240465118", "lastchange": null, "code": "2101", "fclass": "pharmacy", "name": "Farmácia Rainha Santa" }, "geometry": { "type": "Point", "coordinates": [ -9.149685, 38.7552493 ] } },
{ "type": "Feature", "properties": { "osm_id": "1240465119", "lastchange": null, "code": "2101", "fclass": "pharmacy", "name": "Farmácia S. Paulo" }, "geometry": { "type": "Point", "coordinates": [ -9.0999615, 38.7731272 ] } },
{ "type": "Feature", "properties": { "osm_id": "1240465120", "lastchange": null, "code": "2101", "fclass": "pharmacy", "name": "Farmácia São João de Deus" }, "geometry": { "type": "Point", "coordinates": [ -9.1376191, 38.745805 ] } },
{ "type": "Feature", "properties": { "osm_id": "1240465121", "lastchange": null, "code": "2101", "fclass": "pharmacy", "name": "Farmácia Pontes Leite" }, "geometry": { "type": "Point", "coordinates": [ -9.1189097, 38.7456922 ] } },
{ "type": "Feature", "properties": { "osm_id": "1240465122", "lastchange": null, "code": "2101", "fclass": "pharmacy", "name": "Farmácia Vitex" }, "geometry": { "type": "Point", "coordinates": [ -9.179742, 38.744626 ] } },
{ "type": "Feature", "properties": { "osm_id": "1240465123", "lastchange": null, "code": "2101", "fclass": "pharmacy", "name": "Farmácia Roma" }, "geometry": { "type": "Point", "coordinates": [ -9.1432761, 38.7512641 ] } },
{ "type": "Feature", "properties": { "osm_id": "1240465124", "lastchange": null, "code": "2101", "fclass": "pharmacy", "name": "Farmácia Santa Cruz" }, "geometry": { "type": "Point", "coordinates": [ -9.1978052, 38.7488876 ] } },
{ "type": "Feature", "properties": { "osm_id": "1240465125", "lastchange": null, "code": "2101", "fclass": "pharmacy", "name": "Farmácia Nova" }, "geometry": { "type": "Point", "coordinates": [ -9.165498, 38.735085 ] } },
{ "type": "Feature", "properties": { "osm_id": "1240465128", "lastchange": null, "code": "2101", "fclass": "pharmacy", "name": "Farmácia São Miguel" }, "geometry": { "type": "Point", "coordinates": [ -9.143701, 38.745908 ] } },
{ "type": "Feature", "properties": { "osm_id": "1240465129", "lastchange": null, "code": "2101", "fclass": "pharmacy", "name": "Farmácia Padre Cruz" }, "geometry": { "type": "Point", "coordinates": [ -9.1906599, 38.7684613 ] } },
{ "type": "Feature", "properties": { "osm_id": "1240465130", "lastchange": null, "code": "2101", "fclass": "pharmacy", "name": "Farmácia Ultramarina" }, "geometry": { "type": "Point", "coordinates": [ -9.147019, 38.708395 ] } },
{ "type": "Feature", "properties": { "osm_id": "1240465131", "lastchange": null, "code": "2101", "fclass": "pharmacy", "name": "Farmácia Romano Baptista" }, "geometry": { "type": "Point", "coordinates": [ -9.1366768, 38.7272589 ] } },
{ "type": "Feature", "properties": { "osm_id": "1240465132", "lastchange": null, "code": "2101", "fclass": "pharmacy", "name": "Farmácia Santos" }, "geometry": { "type": "Point", "coordinates": [ -9.1600646, 38.7807655 ] } },
{ "type": "Feature", "properties": { "osm_id": "1240465133", "lastchange": null, "code": "2101", "fclass": "pharmacy", "name": "Farmácia Nova dos Olivais" }, "geometry": { "type": "Point", "coordinates": [ -9.1077179, 38.7592264 ] } },
{ "type": "Feature", "properties": { "osm_id": "1240465134", "lastchange": null, "code": "2101", "fclass": "pharmacy", "name": "Farmácia Silva Pinto" }, "geometry": { "type": "Point", "coordinates": [ -9.134581, 38.7314821 ] } },
{ "type": "Feature", "properties": { "osm_id": "1240465135", "lastchange": null, "code": "2101", "fclass": "pharmacy", "name": "Farmácia Patuleia" }, "geometry": { "type": "Point", "coordinates": [ -9.1611287, 38.7734848 ] } },
{ "type": "Feature", "properties": { "osm_id": "1240465136", "lastchange": null, "code": "2101", "fclass": "pharmacy", "name": "Farmácia Silva Carvalho" }, "geometry": { "type": "Point", "coordinates": [ -9.1358384, 38.7106778 ] } },
{ "type": "Feature", "properties": { "osm_id": "1240465137", "lastchange": null, "code": "2101", "fclass": "pharmacy", "name": "Farmácia Paes" }, "geometry": { "type": "Point", "coordinates": [ -9.1310139, 38.7390147 ] } },
{ "type": "Feature", "properties": { "osm_id": "1240465138", "lastchange": null, "code": "2101", "fclass": "pharmacy", "name": "Farmácia União" }, "geometry": { "type": "Point", "coordinates": [ -9.199477, 38.750756 ] } },
{ "type": "Feature", "properties": { "osm_id": "1240465139", "lastchange": null, "code": "2101", "fclass": "pharmacy", "name": "Farmácia Privativa  Ass. Soc. M. Empregados do Estado" }, "geometry": { "type": "Point", "coordinates": [ -9.1366224, 38.7084654 ] } },
{ "type": "Feature", "properties": { "osm_id": "1240465140", "lastchange": null, "code": "2101", "fclass": "pharmacy", "name": "Farmácia Santos Silva" }, "geometry": { "type": "Point", "coordinates": [ -9.1178325, 38.7694627 ] } },
{ "type": "Feature", "properties": { "osm_id": "1240465141", "lastchange": null, "code": "2101", "fclass": "pharmacy", "name": "Farmácia Oliveira" }, "geometry": { "type": "Point", "coordinates": [ -9.1622711, 38.727813 ] } },
{ "type": "Feature", "properties": { "osm_id": "1240465142", "lastchange": null, "code": "2101", "fclass": "pharmacy", "name": "Farmácia Soares" }, "geometry": { "type": "Point", "coordinates": [ -9.1557329, 38.7195038 ] } },
{ "type": "Feature", "properties": { "osm_id": "1240465143", "lastchange": null, "code": "2101", "fclass": "pharmacy", "name": "Farmácia Peninsular" }, "geometry": { "type": "Point", "coordinates": [ -9.1392177, 38.722587 ] } },
{ "type": "Feature", "properties": { "osm_id": "1240465144", "lastchange": null, "code": "2101", "fclass": "pharmacy", "name": "Farmácia Vera Cruz" }, "geometry": { "type": "Point", "coordinates": [ -9.135869, 38.745101 ] } },
{ "type": "Feature", "properties": { "osm_id": "1240465145", "lastchange": null, "code": "2101", "fclass": "pharmacy", "name": "Farmácia Reis" }, "geometry": { "type": "Point", "coordinates": [ -9.1537017, 38.7627605 ] } },
{ "type": "Feature", "properties": { "osm_id": "1240465146", "lastchange": null, "code": "2101", "fclass": "pharmacy", "name": "Farmácia Varzea" }, "geometry": { "type": "Point", "coordinates": [ -9.1664889, 38.7554126 ] } },
{ "type": "Feature", "properties": { "osm_id": "1240465147", "lastchange": null, "code": "2101", "fclass": "pharmacy", "name": "Farmácia Probidade" }, "geometry": { "type": "Point", "coordinates": [ -9.1747792, 38.7064096 ] } },
{ "type": "Feature", "properties": { "osm_id": "1240465148", "lastchange": null, "code": "2101", "fclass": "pharmacy", "name": "Farmácia Sacramento Ldª." }, "geometry": { "type": "Point", "coordinates": [ -9.1136184, 38.7543267 ] } },
{ "type": "Feature", "properties": { "osm_id": "1242631000", "lastchange": null, "code": "2101", "fclass": "pharmacy", "name": "Farmácia Fidalguinhos" }, "geometry": { "type": "Point", "coordinates": [ -9.0486261, 38.65363 ] } },
{ "type": "Feature", "properties": { "osm_id": "1257168686", "lastchange": null, "code": "2602", "fclass": "atm", "name": null }, "geometry": { "type": "Point", "coordinates": [ -9.182493, 38.70396 ] } },
{ "type": "Feature", "properties": { "osm_id": "1258378319", "lastchange": null, "code": "2201", "fclass": "theatre", "name": "Academia Alto Santo Amaro" }, "geometry": { "type": "Point", "coordinates": [ -9.1833905, 38.7013779 ] } },
{ "type": "Feature", "properties": { "osm_id": "1261057863", "lastchange": null, "code": "2082", "fclass": "school", "name": "Escola Secundaria Vitorino Nemesio" }, "geometry": { "type": "Point", "coordinates": [ -9.1141352, 38.7570115 ] } },
{ "type": "Feature", "properties": { "osm_id": "1262067048", "lastchange": null, "code": "2303", "fclass": "cafe", "name": "O Raul" }, "geometry": { "type": "Point", "coordinates": [ -9.2060816, 38.752301 ] } },
{ "type": "Feature", "properties": { "osm_id": "1268503339", "lastchange": null, "code": "2003", "fclass": "recycling", "name": null }, "geometry": { "type": "Point", "coordinates": [ -9.2245535, 38.7223797 ] } },
{ "type": "Feature", "properties": { "osm_id": "1268503343", "lastchange": null, "code": "2303", "fclass": "cafe", "name": "Café Erva Doce" }, "geometry": { "type": "Point", "coordinates": [ -9.2241157, 38.7215663 ] } },
{ "type": "Feature", "properties": { "osm_id": "1268503354", "lastchange": null, "code": "2003", "fclass": "recycling", "name": null }, "geometry": { "type": "Point", "coordinates": [ -9.2233332, 38.7211378 ] } },
{ "type": "Feature", "properties": { "osm_id": "1268503391", "lastchange": null, "code": "2083", "fclass": "kindergarten", "name": "Colégio Santiago" }, "geometry": { "type": "Point", "coordinates": [ -9.2236372, 38.7214843 ] } },
{ "type": "Feature", "properties": { "osm_id": "1271936274", "lastchange": null, "code": "2082", "fclass": "school", "name": null }, "geometry": { "type": "Point", "coordinates": [ -9.2130421, 38.7329394 ] } },
{ "type": "Feature", "properties": { "osm_id": "1272056471", "lastchange": null, "code": "2082", "fclass": "school", "name": "Queen Elizabeth's School" }, "geometry": { "type": "Point", "coordinates": [ -9.1343515, 38.7515089 ] } },
{ "type": "Feature", "properties": { "osm_id": "1272056472", "lastchange": null, "code": "2005", "fclass": "post_office", "name": null }, "geometry": { "type": "Point", "coordinates": [ -9.141007, 38.7539365 ] } },
{ "type": "Feature", "properties": { "osm_id": "1273393908", "lastchange": null, "code": "2703", "fclass": "museum", "name": "Clube do Automóvel de Portugal" }, "geometry": { "type": "Point", "coordinates": [ -9.2843416, 38.6991777 ] } },
{ "type": "Feature", "properties": { "osm_id": "1274234118", "lastchange": null, "code": "2201", "fclass": "theatre", "name": "Auditório Natália Correia" }, "geometry": { "type": "Point", "coordinates": [ -9.190853, 38.7694518 ] } },
{ "type": "Feature", "properties": { "osm_id": "1278018498", "lastchange": null, "code": "2601", "fclass": "bank", "name": "BBVA, Avenida da Liberdade (Sede)" }, "geometry": { "type": "Point", "coordinates": [ -9.1466404, 38.7224407 ] } },
{ "type": "Feature", "properties": { "osm_id": "1278023092", "lastchange": null, "code": "2601", "fclass": "bank", "name": "BBVA, Castilho" }, "geometry": { "type": "Point", "coordinates": [ -9.151968, 38.7229615 ] } },
{ "type": "Feature", "properties": { "osm_id": "1280174941", "lastchange": null, "code": "2301", "fclass": "restaurant", "name": "Colóquio" }, "geometry": { "type": "Point", "coordinates": [ -9.2221104, 38.7369523 ] } },
{ "type": "Feature", "properties": { "osm_id": "1282303172", "lastchange": null, "code": "2301", "fclass": "restaurant", "name": "Os Ferreiras" }, "geometry": { "type": "Point", "coordinates": [ -9.1375745, 38.7195925 ] } },
{ "type": "Feature", "properties": { "osm_id": "1282625924", "lastchange": null, "code": "2602", "fclass": "atm", "name": null }, "geometry": { "type": "Point", "coordinates": [ -9.2223165, 38.7385422 ] } },
{ "type": "Feature", "properties": { "osm_id": "1283983557", "lastchange": null, "code": "2804", "fclass": "parking", "name": null }, "geometry": { "type": "Point", "coordinates": [ -9.2506964, 38.6586804 ] } },
{ "type": "Feature", "properties": { "osm_id": "1283988847", "lastchange": null, "code": "2601", "fclass": "bank", "name": "Banco Popular" }, "geometry": { "type": "Point", "coordinates": [ -9.2221219, 38.7368933 ] } },
{ "type": "Feature", "properties": { "osm_id": "1283988858", "lastchange": null, "code": "2601", "fclass": "bank", "name": "Santander Totta" }, "geometry": { "type": "Point", "coordinates": [ -9.2245637, 38.7395116 ] } },
{ "type": "Feature", "properties": { "osm_id": "1283988924", "lastchange": null, "code": "2303", "fclass": "cafe", "name": "Aquarius" }, "geometry": { "type": "Point", "coordinates": [ -9.2235412, 38.7372037 ] } },
{ "type": "Feature", "properties": { "osm_id": "1283996558", "lastchange": null, "code": "2804", "fclass": "parking", "name": null }, "geometry": { "type": "Point", "coordinates": [ -9.2574057, 38.7042941 ] } },
{ "type": "Feature", "properties": { "osm_id": "1283996565", "lastchange": null, "code": "2804", "fclass": "parking", "name": null }, "geometry": { "type": "Point", "coordinates": [ -9.256114, 38.7046704 ] } },
{ "type": "Feature", "properties": { "osm_id": "1283996571", "lastchange": null, "code": "2804", "fclass": "parking", "name": null }, "geometry": { "type": "Point", "coordinates": [ -9.2405143, 38.7151353 ] } },
{ "type": "Feature", "properties": { "osm_id": "1283996574", "lastchange": null, "code": "2501", "fclass": "supermarket", "name": "LIDL" }, "geometry": { "type": "Point", "coordinates": [ -9.2059045, 38.7460968 ] } },
{ "type": "Feature", "properties": { "osm_id": "1283996585", "lastchange": null, "code": "2804", "fclass": "parking", "name": null }, "geometry": { "type": "Point", "coordinates": [ -9.2390337, 38.7156794 ] } },
{ "type": "Feature", "properties": { "osm_id": "1283996588", "lastchange": null, "code": "2601", "fclass": "bank", "name": "Caixa Geral de Depósitos" }, "geometry": { "type": "Point", "coordinates": [ -9.2009668, 38.7502637 ] } },
{ "type": "Feature", "properties": { "osm_id": "1284008946", "lastchange": null, "code": "2804", "fclass": "parking", "name": null }, "geometry": { "type": "Point", "coordinates": [ -9.2568628, 38.6636336 ] } },
{ "type": "Feature", "properties": { "osm_id": "1284045605", "lastchange": null, "code": "2303", "fclass": "cafe", "name": null }, "geometry": { "type": "Point", "coordinates": [ -9.1591131, 38.7107786 ] } },
{ "type": "Feature", "properties": { "osm_id": "1284045614", "lastchange": null, "code": "2303", "fclass": "cafe", "name": null }, "geometry": { "type": "Point", "coordinates": [ -9.1594886, 38.7093093 ] } },
{ "type": "Feature", "properties": { "osm_id": "1284045616", "lastchange": null, "code": "2303", "fclass": "cafe", "name": null }, "geometry": { "type": "Point", "coordinates": [ -9.1591828, 38.7105023 ] } },
{ "type": "Feature", "properties": { "osm_id": "1284045623", "lastchange": null, "code": "2303", "fclass": "cafe", "name": "Café Capoeira" }, "geometry": { "type": "Point", "coordinates": [ -9.1601967, 38.7088656 ] } },
{ "type": "Feature", "properties": { "osm_id": "1284073846", "lastchange": null, "code": "2804", "fclass": "parking", "name": null }, "geometry": { "type": "Point", "coordinates": [ -9.1616381, 38.7258749 ] } },
{ "type": "Feature", "properties": { "osm_id": "1284073851", "lastchange": null, "code": "2303", "fclass": "cafe", "name": "Califa" }, "geometry": { "type": "Point", "coordinates": [ -9.1888893, 38.746956 ] } },
{ "type": "Feature", "properties": { "osm_id": "1284073857", "lastchange": null, "code": "2082", "fclass": "school", "name": "Colégio da Torre do Bugio" }, "geometry": { "type": "Point", "coordinates": [ -9.2984621, 38.6975056 ] } },
{ "type": "Feature", "properties": { "osm_id": "1284073873", "lastchange": null, "code": "2082", "fclass": "school", "name": "Externato A minha Escola" }, "geometry": { "type": "Point", "coordinates": [ -9.2948011, 38.696639 ] } },
{ "type": "Feature", "properties": { "osm_id": "1284073875", "lastchange": null, "code": "2082", "fclass": "school", "name": "Colégio da Linha" }, "geometry": { "type": "Point", "coordinates": [ -9.2943424, 38.6972858 ] } },
{ "type": "Feature", "properties": { "osm_id": "1284088073", "lastchange": null, "code": "2601", "fclass": "bank", "name": "Montepio" }, "geometry": { "type": "Point", "coordinates": [ -9.2245129, 38.7396474 ] } },
{ "type": "Feature", "properties": { "osm_id": "1284088112", "lastchange": null, "code": "2601", "fclass": "bank", "name": "Barclays" }, "geometry": { "type": "Point", "coordinates": [ -9.2236645, 38.7396813 ] } },
{ "type": "Feature", "properties": { "osm_id": "1284088157", "lastchange": null, "code": "2301", "fclass": "restaurant", "name": "O Conde Chinês" }, "geometry": { "type": "Point", "coordinates": [ -9.2209119, 38.7361691 ] } },
{ "type": "Feature", "properties": { "osm_id": "1284088178", "lastchange": null, "code": "2601", "fclass": "bank", "name": "CGD" }, "geometry": { "type": "Point", "coordinates": [ -9.2238458, 38.7396926 ] } },
{ "type": "Feature", "properties": { "osm_id": "1285053867", "lastchange": null, "code": "2301", "fclass": "restaurant", "name": "Baia dos golfinhos" }, "geometry": { "type": "Point", "coordinates": [ -9.2756221, 38.698526 ] } },
{ "type": "Feature", "properties": { "osm_id": "1285072970", "lastchange": null, "code": "2303", "fclass": "cafe", "name": "Pastelaria de Santo António" }, "geometry": { "type": "Point", "coordinates": [ -9.2360795, 38.6501843 ] } },
{ "type": "Feature", "properties": { "osm_id": "1288829575", "lastchange": null, "code": "2801", "fclass": "fuel", "name": "GALP" }, "geometry": { "type": "Point", "coordinates": [ -9.2402702, 38.7162512 ] } },
{ "type": "Feature", "properties": { "osm_id": "1291031021", "lastchange": null, "code": "2002", "fclass": "fire_station", "name": "Sapadores Bombeiros" }, "geometry": { "type": "Point", "coordinates": [ -9.1404703, 38.7566019 ] } },
{ "type": "Feature", "properties": { "osm_id": "1291042122", "lastchange": null, "code": "2001", "fclass": "police", "name": "Esquadra do Campo Grande" }, "geometry": { "type": "Point", "coordinates": [ -9.1468861, 38.7497327 ] } },
{ "type": "Feature", "properties": { "osm_id": "1291051969", "lastchange": null, "code": "2110", "fclass": "hospital", "name": "Clinica S. João de Deus" }, "geometry": { "type": "Point", "coordinates": [ -9.1469558, 38.749306 ] } },
{ "type": "Feature", "properties": { "osm_id": "1291052495", "lastchange": null, "code": "2501", "fclass": "supermarket", "name": "Pingo Doce" }, "geometry": { "type": "Point", "coordinates": [ -9.1460278, 38.7492725 ] } },
{ "type": "Feature", "properties": { "osm_id": "1291052791", "lastchange": null, "code": "2804", "fclass": "parking", "name": null }, "geometry": { "type": "Point", "coordinates": [ -9.1460117, 38.7494524 ] } },
{ "type": "Feature", "properties": { "osm_id": "1294560321", "lastchange": null, "code": "2005", "fclass": "post_office", "name": null }, "geometry": { "type": "Point", "coordinates": [ -9.1589069, 38.741515 ] } },
{ "type": "Feature", "properties": { "osm_id": "1294645908", "lastchange": null, "code": "2301", "fclass": "restaurant", "name": "Restaurante Tia Matilde" }, "geometry": { "type": "Point", "coordinates": [ -9.1560116, 38.7412074 ] } },
{ "type": "Feature", "properties": { "osm_id": "1294723364", "lastchange": null, "code": "2001", "fclass": "police", "name": null }, "geometry": { "type": "Point", "coordinates": [ -9.1570029, 38.7389846 ] } },
{ "type": "Feature", "properties": { "osm_id": "1295108618", "lastchange": null, "code": "2201", "fclass": "theatre", "name": "Teatro Maria Matos" }, "geometry": { "type": "Point", "coordinates": [ -9.138808, 38.7459016 ] } },
{ "type": "Feature", "properties": { "osm_id": "1295400489", "lastchange": null, "code": "2005", "fclass": "post_office", "name": null }, "geometry": { "type": "Point", "coordinates": [ -9.2323149, 38.6440902 ] } },
{ "type": "Feature", "properties": { "osm_id": "1295411746", "lastchange": null, "code": "2601", "fclass": "bank", "name": "Banco Santader" }, "geometry": { "type": "Point", "coordinates": [ -9.2328285, 38.644849 ] } },
{ "type": "Feature", "properties": { "osm_id": "1301481231", "lastchange": null, "code": "2601", "fclass": "bank", "name": "Millennium" }, "geometry": { "type": "Point", "coordinates": [ -9.1626504, 38.7759496 ] } },
{ "type": "Feature", "properties": { "osm_id": "1301481335", "lastchange": null, "code": "2804", "fclass": "parking", "name": null }, "geometry": { "type": "Point", "coordinates": [ -9.1596195, 38.7733881 ] } },
{ "type": "Feature", "properties": { "osm_id": "1301489342", "lastchange": null, "code": "2601", "fclass": "bank", "name": "Caixa Geral de Depósitos" }, "geometry": { "type": "Point", "coordinates": [ -9.1616901, 38.7730911 ] } },
{ "type": "Feature", "properties": { "osm_id": "1301489343", "lastchange": null, "code": "2601", "fclass": "bank", "name": "Santander Totta" }, "geometry": { "type": "Point", "coordinates": [ -9.1613629, 38.77256 ] } },
{ "type": "Feature", "properties": { "osm_id": "1301489346", "lastchange": null, "code": "2602", "fclass": "atm", "name": null }, "geometry": { "type": "Point", "coordinates": [ -9.1617813, 38.7732814 ] } },
{ "type": "Feature", "properties": { "osm_id": "1301489350", "lastchange": null, "code": "2601", "fclass": "bank", "name": "BPI" }, "geometry": { "type": "Point", "coordinates": [ -9.1615024, 38.7727795 ] } },
{ "type": "Feature", "properties": { "osm_id": "1301489351", "lastchange": null, "code": "2003", "fclass": "recycling", "name": null }, "geometry": { "type": "Point", "coordinates": [ -9.1618108, 38.7735512 ] } },
{ "type": "Feature", "properties": { "osm_id": "1301489352", "lastchange": null, "code": "2301", "fclass": "restaurant", "name": null }, "geometry": { "type": "Point", "coordinates": [ -9.1613173, 38.7760186 ] } },
{ "type": "Feature", "properties": { "osm_id": "1301489354", "lastchange": null, "code": "2303", "fclass": "cafe", "name": null }, "geometry": { "type": "Point", "coordinates": [ -9.1625565, 38.7762758 ] } },
{ "type": "Feature", "properties": { "osm_id": "1301489356", "lastchange": null, "code": "2303", "fclass": "cafe", "name": null }, "geometry": { "type": "Point", "coordinates": [ -9.1620576, 38.7763407 ] } },
{ "type": "Feature", "properties": { "osm_id": "1301489359", "lastchange": null, "code": "2303", "fclass": "cafe", "name": null }, "geometry": { "type": "Point", "coordinates": [ -9.1619047, 38.7752684 ] } },
{ "type": "Feature", "properties": { "osm_id": "1301489360", "lastchange": null, "code": "2501", "fclass": "supermarket", "name": "Pingo Doce Lumiar" }, "geometry": { "type": "Point", "coordinates": [ -9.160113, 38.7723425 ] } },
{ "type": "Feature", "properties": { "osm_id": "1301489361", "lastchange": null, "code": "2006", "fclass": "telephone", "name": null }, "geometry": { "type": "Point", "coordinates": [ -9.1625082, 38.7762047 ] } },
{ "type": "Feature", "properties": { "osm_id": "1301495505", "lastchange": null, "code": "2303", "fclass": "cafe", "name": null }, "geometry": { "type": "Point", "coordinates": [ -9.1610437, 38.773294 ] } },
{ "type": "Feature", "properties": { "osm_id": "1301495521", "lastchange": null, "code": "2503", "fclass": "kiosk", "name": null }, "geometry": { "type": "Point", "coordinates": [ -9.1615936, 38.7737603 ] } },
{ "type": "Feature", "properties": { "osm_id": "1301495523", "lastchange": null, "code": "2003", "fclass": "recycling", "name": null }, "geometry": { "type": "Point", "coordinates": [ -9.1628488, 38.7765728 ] } },
{ "type": "Feature", "properties": { "osm_id": "1301495525", "lastchange": null, "code": "2303", "fclass": "cafe", "name": null }, "geometry": { "type": "Point", "coordinates": [ -9.1599413, 38.7725913 ] } },
{ "type": "Feature", "properties": { "osm_id": "1301495528", "lastchange": null, "code": "2303", "fclass": "cafe", "name": null }, "geometry": { "type": "Point", "coordinates": [ -9.160459, 38.7718992 ] } },
{ "type": "Feature", "properties": { "osm_id": "1301495534", "lastchange": null, "code": "2601", "fclass": "bank", "name": "BBVA" }, "geometry": { "type": "Point", "coordinates": [ -9.1599923, 38.7729468 ] } },
{ "type": "Feature", "properties": { "osm_id": "1301495554", "lastchange": null, "code": "2501", "fclass": "supermarket", "name": "Minipreço" }, "geometry": { "type": "Point", "coordinates": [ -9.1630527, 38.7765623 ] } },
{ "type": "Feature", "properties": { "osm_id": "1301495566", "lastchange": null, "code": "2303", "fclass": "cafe", "name": null }, "geometry": { "type": "Point", "coordinates": [ -9.1627657, 38.7761211 ] } },
{ "type": "Feature", "properties": { "osm_id": "1301495575", "lastchange": null, "code": "2303", "fclass": "cafe", "name": null }, "geometry": { "type": "Point", "coordinates": [ -9.1596329, 38.7728527 ] } },
{ "type": "Feature", "properties": { "osm_id": "1301495585", "lastchange": null, "code": "2601", "fclass": "bank", "name": "Millennium" }, "geometry": { "type": "Point", "coordinates": [ -9.1604858, 38.7720476 ] } },
{ "type": "Feature", "properties": { "osm_id": "1301495588", "lastchange": null, "code": "2503", "fclass": "kiosk", "name": null }, "geometry": { "type": "Point", "coordinates": [ -9.1609257, 38.7721271 ] } },
{ "type": "Feature", "properties": { "osm_id": "1301519735", "lastchange": null, "code": "2601", "fclass": "bank", "name": "Millennium" }, "geometry": { "type": "Point", "coordinates": [ -9.160054, 38.770406 ] } },
{ "type": "Feature", "properties": { "osm_id": "1301526823", "lastchange": null, "code": "2703", "fclass": "museum", "name": "Museu do Traje" }, "geometry": { "type": "Point", "coordinates": [ -9.1648337, 38.7752324 ] } },
{ "type": "Feature", "properties": { "osm_id": "1301526826", "lastchange": null, "code": "2703", "fclass": "museum", "name": "Museu do Teatro" }, "geometry": { "type": "Point", "coordinates": [ -9.1668292, 38.7747494 ] } },
{ "type": "Feature", "properties": { "osm_id": "1301579404", "lastchange": null, "code": "2303", "fclass": "cafe", "name": null }, "geometry": { "type": "Point", "coordinates": [ -9.1631948, 38.7625866 ] } },
{ "type": "Feature", "properties": { "osm_id": "1301579429", "lastchange": null, "code": "2602", "fclass": "atm", "name": null }, "geometry": { "type": "Point", "coordinates": [ -9.1631707, 38.762551 ] } },
{ "type": "Feature", "properties": { "osm_id": "1301579515", "lastchange": null, "code": "2602", "fclass": "atm", "name": null }, "geometry": { "type": "Point", "coordinates": [ -9.165751, 38.7654225 ] } },
{ "type": "Feature", "properties": { "osm_id": "1301579561", "lastchange": null, "code": "2303", "fclass": "cafe", "name": null }, "geometry": { "type": "Point", "coordinates": [ -9.1656598, 38.7654183 ] } },
{ "type": "Feature", "properties": { "osm_id": "1301579564", "lastchange": null, "code": "2901", "fclass": "toilet", "name": null }, "geometry": { "type": "Point", "coordinates": [ -9.1632163, 38.7626368 ] } },
{ "type": "Feature", "properties": { "osm_id": "1301579619", "lastchange": null, "code": "2901", "fclass": "toilet", "name": null }, "geometry": { "type": "Point", "coordinates": [ -9.1656678, 38.7652907 ] } },
{ "type": "Feature", "properties": { "osm_id": "1301579633", "lastchange": null, "code": "2001", "fclass": "police", "name": "PSP - 19º Esquadra" }, "geometry": { "type": "Point", "coordinates": [ -9.164955, 38.7626128 ] } },
{ "type": "Feature", "properties": { "osm_id": "1301579703", "lastchange": null, "code": "2001", "fclass": "police", "name": "PSP - 44ª Esquadra" }, "geometry": { "type": "Point", "coordinates": [ -9.1501847, 38.7669678 ] } },
{ "type": "Feature", "properties": { "osm_id": "1301579733", "lastchange": null, "code": "2303", "fclass": "cafe", "name": null }, "geometry": { "type": "Point", "coordinates": [ -9.1615131, 38.7736641 ] } },
{ "type": "Feature", "properties": { "osm_id": "1301598431", "lastchange": null, "code": "2302", "fclass": "fast_food", "name": "Pizza Hut" }, "geometry": { "type": "Point", "coordinates": [ -9.1405194, 38.7634754 ] } },
{ "type": "Feature", "properties": { "osm_id": "1301598433", "lastchange": null, "code": "2303", "fclass": "cafe", "name": null }, "geometry": { "type": "Point", "coordinates": [ -9.1404626, 38.7635371 ] } },
{ "type": "Feature", "properties": { "osm_id": "1301598440", "lastchange": null, "code": "2303", "fclass": "cafe", "name": null }, "geometry": { "type": "Point", "coordinates": [ -9.1256386, 38.7693981 ] } },
{ "type": "Feature", "properties": { "osm_id": "1301598452", "lastchange": null, "code": "2602", "fclass": "atm", "name": null }, "geometry": { "type": "Point", "coordinates": [ -9.1256654, 38.7693102 ] } },
{ "type": "Feature", "properties": { "osm_id": "1301598457", "lastchange": null, "code": "2303", "fclass": "cafe", "name": null }, "geometry": { "type": "Point", "coordinates": [ -9.1412436, 38.7633583 ] } },
{ "type": "Feature", "properties": { "osm_id": "1301598464", "lastchange": null, "code": "2303", "fclass": "cafe", "name": null }, "geometry": { "type": "Point", "coordinates": [ -9.1407797, 38.7628131 ] } },
{ "type": "Feature", "properties": { "osm_id": "1301598476", "lastchange": null, "code": "2302", "fclass": "fast_food", "name": "KFC" }, "geometry": { "type": "Point", "coordinates": [ -9.1403853, 38.7634922 ] } },
{ "type": "Feature", "properties": { "osm_id": "1301598483", "lastchange": null, "code": "2302", "fclass": "fast_food", "name": "McDonald's" }, "geometry": { "type": "Point", "coordinates": [ -9.1402522, 38.7627142 ] } },
{ "type": "Feature", "properties": { "osm_id": "1301598486", "lastchange": null, "code": "2804", "fclass": "parking", "name": null }, "geometry": { "type": "Point", "coordinates": [ -9.1294902, 38.7687038 ] } },
{ "type": "Feature", "properties": { "osm_id": "1301617639", "lastchange": null, "code": "2602", "fclass": "atm", "name": null }, "geometry": { "type": "Point", "coordinates": [ -9.1707667, 38.767861 ] } },
{ "type": "Feature", "properties": { "osm_id": "1301617640", "lastchange": null, "code": "2302", "fclass": "fast_food", "name": "Telepizza" }, "geometry": { "type": "Point", "coordinates": [ -9.1705763, 38.767907 ] } },
{ "type": "Feature", "properties": { "osm_id": "1301617650", "lastchange": null, "code": "2303", "fclass": "cafe", "name": null }, "geometry": { "type": "Point", "coordinates": [ -9.1708499, 38.7678003 ] } },
{ "type": "Feature", "properties": { "osm_id": "1301617688", "lastchange": null, "code": "2901", "fclass": "toilet", "name": null }, "geometry": { "type": "Point", "coordinates": [ -9.1707023, 38.7678087 ] } },
{ "type": "Feature", "properties": { "osm_id": "1301617705", "lastchange": null, "code": "2302", "fclass": "fast_food", "name": "Burguer Ranch" }, "geometry": { "type": "Point", "coordinates": [ -9.1706004, 38.7679697 ] } },
{ "type": "Feature", "properties": { "osm_id": "1301636275", "lastchange": null, "code": "2006", "fclass": "telephone", "name": null }, "geometry": { "type": "Point", "coordinates": [ -9.1728723, 38.7679091 ] } },
{ "type": "Feature", "properties": { "osm_id": "1301636277", "lastchange": null, "code": "2006", "fclass": "telephone", "name": null }, "geometry": { "type": "Point", "coordinates": [ -9.1745567, 38.7647637 ] } },
{ "type": "Feature", "properties": { "osm_id": "1301636281", "lastchange": null, "code": "2804", "fclass": "parking", "name": null }, "geometry": { "type": "Point", "coordinates": [ -9.1588532, 38.7511463 ] } },
{ "type": "Feature", "properties": { "osm_id": "1301636286", "lastchange": null, "code": "2110", "fclass": "hospital", "name": "Hospital da Força Aérea" }, "geometry": { "type": "Point", "coordinates": [ -9.1755491, 38.7669136 ] } },
{ "type": "Feature", "properties": { "osm_id": "1301636304", "lastchange": null, "code": "2501", "fclass": "supermarket", "name": "Pingo Doce" }, "geometry": { "type": "Point", "coordinates": [ -9.1728401, 38.7683357 ] } },
{ "type": "Feature", "properties": { "osm_id": "1301636317", "lastchange": null, "code": "2602", "fclass": "atm", "name": null }, "geometry": { "type": "Point", "coordinates": [ -9.1756296, 38.7645379 ] } },
{ "type": "Feature", "properties": { "osm_id": "1301636318", "lastchange": null, "code": "2901", "fclass": "toilet", "name": null }, "geometry": { "type": "Point", "coordinates": [ -9.1757369, 38.7647554 ] } },
{ "type": "Feature", "properties": { "osm_id": "1301636321", "lastchange": null, "code": "2301", "fclass": "restaurant", "name": null }, "geometry": { "type": "Point", "coordinates": [ -9.1768419, 38.7649812 ] } },
{ "type": "Feature", "properties": { "osm_id": "1301636328", "lastchange": null, "code": "2303", "fclass": "cafe", "name": null }, "geometry": { "type": "Point", "coordinates": [ -9.1765844, 38.7649729 ] } },
{ "type": "Feature", "properties": { "osm_id": "1301636329", "lastchange": null, "code": "2302", "fclass": "fast_food", "name": null }, "geometry": { "type": "Point", "coordinates": [ -9.1767132, 38.7647303 ] } },
{ "type": "Feature", "properties": { "osm_id": "1301636336", "lastchange": null, "code": "2501", "fclass": "supermarket", "name": "Continente" }, "geometry": { "type": "Point", "coordinates": [ -9.1755008, 38.7648641 ] } },
{ "type": "Feature", "properties": { "osm_id": "1301636338", "lastchange": null, "code": "2503", "fclass": "kiosk", "name": null }, "geometry": { "type": "Point", "coordinates": [ -9.1729581, 38.7680429 ] } },
{ "type": "Feature", "properties": { "osm_id": "1301636339", "lastchange": null, "code": "2901", "fclass": "toilet", "name": null }, "geometry": { "type": "Point", "coordinates": [ -9.1727167, 38.7678631 ] } },
{ "type": "Feature", "properties": { "osm_id": "1301636340", "lastchange": null, "code": "2303", "fclass": "cafe", "name": null }, "geometry": { "type": "Point", "coordinates": [ -9.1730225, 38.7679007 ] } },
{ "type": "Feature", "properties": { "osm_id": "1301636346", "lastchange": null, "code": "2005", "fclass": "post_office", "name": null }, "geometry": { "type": "Point", "coordinates": [ -9.1732424, 38.7684361 ] } },
{ "type": "Feature", "properties": { "osm_id": "1301636348", "lastchange": null, "code": "2804", "fclass": "parking", "name": null }, "geometry": { "type": "Point", "coordinates": [ -9.159606, 38.7506455 ] } },
{ "type": "Feature", "properties": { "osm_id": "1301636350", "lastchange": null, "code": "2602", "fclass": "atm", "name": null }, "geometry": { "type": "Point", "coordinates": [ -9.1727703, 38.7680262 ] } },
{ "type": "Feature", "properties": { "osm_id": "1302807209", "lastchange": null, "code": "2801", "fclass": "fuel", "name": "Repsol" }, "geometry": { "type": "Point", "coordinates": [ -9.159244, 38.7579497 ] } },
{ "type": "Feature", "properties": { "osm_id": "1302807217", "lastchange": null, "code": "2901", "fclass": "toilet", "name": null }, "geometry": { "type": "Point", "coordinates": [ -9.1591125, 38.7580124 ] } },
{ "type": "Feature", "properties": { "osm_id": "1302807288", "lastchange": null, "code": "2303", "fclass": "cafe", "name": null }, "geometry": { "type": "Point", "coordinates": [ -9.1591179, 38.7579727 ] } },
{ "type": "Feature", "properties": { "osm_id": "1302820499", "lastchange": null, "code": "2301", "fclass": "restaurant", "name": null }, "geometry": { "type": "Point", "coordinates": [ -9.1624651, 38.7738941 ] } },
{ "type": "Feature", "properties": { "osm_id": "1302844512", "lastchange": null, "code": "2303", "fclass": "cafe", "name": null }, "geometry": { "type": "Point", "coordinates": [ -9.1587583, 38.7642618 ] } },
{ "type": "Feature", "properties": { "osm_id": "1302844524", "lastchange": null, "code": "2301", "fclass": "restaurant", "name": null }, "geometry": { "type": "Point", "coordinates": [ -9.1567252, 38.7645023 ] } },
{ "type": "Feature", "properties": { "osm_id": "1302844528", "lastchange": null, "code": "2804", "fclass": "parking", "name": null }, "geometry": { "type": "Point", "coordinates": [ -9.161124, 38.7700275 ] } },
{ "type": "Feature", "properties": { "osm_id": "1302844538", "lastchange": null, "code": "2804", "fclass": "parking", "name": null }, "geometry": { "type": "Point", "coordinates": [ -9.1616497, 38.773158 ] } },
{ "type": "Feature", "properties": { "osm_id": "1302844551", "lastchange": null, "code": "2804", "fclass": "parking", "name": null }, "geometry": { "type": "Point", "coordinates": [ -9.161926, 38.771849 ] } },
{ "type": "Feature", "properties": { "osm_id": "1302844568", "lastchange": null, "code": "2901", "fclass": "toilet", "name": null }, "geometry": { "type": "Point", "coordinates": [ -9.1588415, 38.7642555 ] } },
{ "type": "Feature", "properties": { "osm_id": "1302844600", "lastchange": null, "code": "2804", "fclass": "parking", "name": null }, "geometry": { "type": "Point", "coordinates": [ -9.1620628, 38.772606 ] } },
{ "type": "Feature", "properties": { "osm_id": "1302844607", "lastchange": null, "code": "2503", "fclass": "kiosk", "name": null }, "geometry": { "type": "Point", "coordinates": [ -9.1537935, 38.7668488 ] } },
{ "type": "Feature", "properties": { "osm_id": "1302844619", "lastchange": null, "code": "2602", "fclass": "atm", "name": null }, "geometry": { "type": "Point", "coordinates": [ -9.1587556, 38.7643726 ] } },
{ "type": "Feature", "properties": { "osm_id": "1302844647", "lastchange": null, "code": "2804", "fclass": "parking", "name": null }, "geometry": { "type": "Point", "coordinates": [ -9.1538847, 38.7668467 ] } },
{ "type": "Feature", "properties": { "osm_id": "1302844650", "lastchange": null, "code": "2804", "fclass": "parking", "name": null }, "geometry": { "type": "Point", "coordinates": [ -9.1609577, 38.772928 ] } },
{ "type": "Feature", "properties": { "osm_id": "1302849302", "lastchange": null, "code": "2503", "fclass": "kiosk", "name": null }, "geometry": { "type": "Point", "coordinates": [ -9.1529215, 38.7632434 ] } },
{ "type": "Feature", "properties": { "osm_id": "1302849307", "lastchange": null, "code": "2302", "fclass": "fast_food", "name": null }, "geometry": { "type": "Point", "coordinates": [ -9.1527177, 38.7629945 ] } },
{ "type": "Feature", "properties": { "osm_id": "1302849308", "lastchange": null, "code": "2501", "fclass": "supermarket", "name": "Continente" }, "geometry": { "type": "Point", "coordinates": [ -9.1527378, 38.7631669 ] } },
{ "type": "Feature", "properties": { "osm_id": "1302849309", "lastchange": null, "code": "2901", "fclass": "toilet", "name": null }, "geometry": { "type": "Point", "coordinates": [ -9.1527177, 38.7630635 ] } },
{ "type": "Feature", "properties": { "osm_id": "1302849311", "lastchange": null, "code": "2602", "fclass": "atm", "name": null }, "geometry": { "type": "Point", "coordinates": [ -9.1528115, 38.7633438 ] } },
{ "type": "Feature", "properties": { "osm_id": "1302849312", "lastchange": null, "code": "2302", "fclass": "fast_food", "name": null }, "geometry": { "type": "Point", "coordinates": [ -9.1527016, 38.7629276 ] } },
{ "type": "Feature", "properties": { "osm_id": "1302849313", "lastchange": null, "code": "2804", "fclass": "parking", "name": null }, "geometry": { "type": "Point", "coordinates": [ -9.1531817, 38.7625699 ] } },
{ "type": "Feature", "properties": { "osm_id": "1302849314", "lastchange": null, "code": "2006", "fclass": "telephone", "name": null }, "geometry": { "type": "Point", "coordinates": [ -9.1529081, 38.7630928 ] } },
{ "type": "Feature", "properties": { "osm_id": "1302849315", "lastchange": null, "code": "2303", "fclass": "cafe", "name": null }, "geometry": { "type": "Point", "coordinates": [ -9.152884, 38.7629548 ] } },
{ "type": "Feature", "properties": { "osm_id": "1302849316", "lastchange": null, "code": "2301", "fclass": "restaurant", "name": null }, "geometry": { "type": "Point", "coordinates": [ -9.1528974, 38.7630112 ] } },
{ "type": "Feature", "properties": { "osm_id": "1302849644", "lastchange": null, "code": "2804", "fclass": "parking", "name": null }, "geometry": { "type": "Point", "coordinates": [ -9.1594285, 38.7590688 ] } },
{ "type": "Feature", "properties": { "osm_id": "1302851041", "lastchange": null, "code": "2804", "fclass": "parking", "name": null }, "geometry": { "type": "Point", "coordinates": [ -9.1831446, 38.7536159 ] } },
{ "type": "Feature", "properties": { "osm_id": "1302851043", "lastchange": null, "code": "2303", "fclass": "cafe", "name": null }, "geometry": { "type": "Point", "coordinates": [ -9.1831285, 38.7527039 ] } },
{ "type": "Feature", "properties": { "osm_id": "1302851047", "lastchange": null, "code": "2602", "fclass": "atm", "name": null }, "geometry": { "type": "Point", "coordinates": [ -9.1831983, 38.7525156 ] } },
{ "type": "Feature", "properties": { "osm_id": "1302863136", "lastchange": null, "code": "2804", "fclass": "parking", "name": null }, "geometry": { "type": "Point", "coordinates": [ -9.1899145, 38.7482023 ] } },
{ "type": "Feature", "properties": { "osm_id": "1302863139", "lastchange": null, "code": "2503", "fclass": "kiosk", "name": null }, "geometry": { "type": "Point", "coordinates": [ -9.1904778, 38.7486458 ] } },
{ "type": "Feature", "properties": { "osm_id": "1302863147", "lastchange": null, "code": "2303", "fclass": "cafe", "name": "Café Restelo" }, "geometry": { "type": "Point", "coordinates": [ -9.2152668, 38.695246 ] } },
{ "type": "Feature", "properties": { "osm_id": "1302863151", "lastchange": null, "code": "2303", "fclass": "cafe", "name": null }, "geometry": { "type": "Point", "coordinates": [ -9.1907407, 38.7481187 ] } },
{ "type": "Feature", "properties": { "osm_id": "1302863153", "lastchange": null, "code": "2804", "fclass": "parking", "name": null }, "geometry": { "type": "Point", "coordinates": [ -9.1893137, 38.7479555 ] } },
{ "type": "Feature", "properties": { "osm_id": "1302863154", "lastchange": null, "code": "2601", "fclass": "bank", "name": "Millennium" }, "geometry": { "type": "Point", "coordinates": [ -9.2152426, 38.6954972 ] } },
{ "type": "Feature", "properties": { "osm_id": "1302863157", "lastchange": null, "code": "2006", "fclass": "telephone", "name": null }, "geometry": { "type": "Point", "coordinates": [ -9.1906119, 38.7481982 ] } },
{ "type": "Feature", "properties": { "osm_id": "1302863166", "lastchange": null, "code": "2301", "fclass": "restaurant", "name": null }, "geometry": { "type": "Point", "coordinates": [ -9.1905583, 38.7483822 ] } },
{ "type": "Feature", "properties": { "osm_id": "1302863170", "lastchange": null, "code": "2901", "fclass": "toilet", "name": null }, "geometry": { "type": "Point", "coordinates": [ -9.190687, 38.7483028 ] } },
{ "type": "Feature", "properties": { "osm_id": "1302863171", "lastchange": null, "code": "2602", "fclass": "atm", "name": null }, "geometry": { "type": "Point", "coordinates": [ -9.1906548, 38.7484366 ] } },
{ "type": "Feature", "properties": { "osm_id": "1302870968", "lastchange": null, "code": "2082", "fclass": "school", "name": null }, "geometry": { "type": "Point", "coordinates": [ -9.2176566, 38.6963094 ] } },
{ "type": "Feature", "properties": { "osm_id": "1302870972", "lastchange": null, "code": "2503", "fclass": "kiosk", "name": null }, "geometry": { "type": "Point", "coordinates": [ -9.2185766, 38.6980992 ] } },
{ "type": "Feature", "properties": { "osm_id": "1302870975", "lastchange": null, "code": "2005", "fclass": "post_office", "name": null }, "geometry": { "type": "Point", "coordinates": [ -9.2183513, 38.6961064 ] } },
{ "type": "Feature", "properties": { "osm_id": "1302870977", "lastchange": null, "code": "2301", "fclass": "restaurant", "name": null }, "geometry": { "type": "Point", "coordinates": [ -9.2192955, 38.6978376 ] } },
{ "type": "Feature", "properties": { "osm_id": "1302870985", "lastchange": null, "code": "2503", "fclass": "kiosk", "name": null }, "geometry": { "type": "Point", "coordinates": [ -9.2181206, 38.6984781 ] } },
{ "type": "Feature", "properties": { "osm_id": "1302870987", "lastchange": null, "code": "2303", "fclass": "cafe", "name": null }, "geometry": { "type": "Point", "coordinates": [ -9.2186222, 38.6983567 ] } },
{ "type": "Feature", "properties": { "osm_id": "1302870989", "lastchange": null, "code": "2303", "fclass": "cafe", "name": null }, "geometry": { "type": "Point", "coordinates": [ -9.2190192, 38.6980574 ] } },
{ "type": "Feature", "properties": { "osm_id": "1302870990", "lastchange": null, "code": "2303", "fclass": "cafe", "name": null }, "geometry": { "type": "Point", "coordinates": [ -9.218413, 38.6985681 ] } },
{ "type": "Feature", "properties": { "osm_id": "1302870999", "lastchange": null, "code": "2304", "fclass": "pub", "name": null }, "geometry": { "type": "Point", "coordinates": [ -9.219097, 38.6976387 ] } },
{ "type": "Feature", "properties": { "osm_id": "1302881356", "lastchange": null, "code": "2303", "fclass": "cafe", "name": "Vela Latina" }, "geometry": { "type": "Point", "coordinates": [ -9.2135958, 38.6932823 ] } },
{ "type": "Feature", "properties": { "osm_id": "1302881364", "lastchange": null, "code": "2303", "fclass": "cafe", "name": null }, "geometry": { "type": "Point", "coordinates": [ -9.2145077, 38.7113614 ] } },
{ "type": "Feature", "properties": { "osm_id": "1302881367", "lastchange": null, "code": "2001", "fclass": "police", "name": "GNR" }, "geometry": { "type": "Point", "coordinates": [ -9.2131344, 38.6926082 ] } },
{ "type": "Feature", "properties": { "osm_id": "1302881377", "lastchange": null, "code": "2602", "fclass": "atm", "name": null }, "geometry": { "type": "Point", "coordinates": [ -9.2144675, 38.7113383 ] } },
{ "type": "Feature", "properties": { "osm_id": "1302881379", "lastchange": null, "code": "2901", "fclass": "toilet", "name": null }, "geometry": { "type": "Point", "coordinates": [ -9.2144246, 38.7114074 ] } },
{ "type": "Feature", "properties": { "osm_id": "1302888588", "lastchange": null, "code": "2201", "fclass": "theatre", "name": null }, "geometry": { "type": "Point", "coordinates": [ -9.2083574, 38.6955893 ] } },
{ "type": "Feature", "properties": { "osm_id": "1302888592", "lastchange": null, "code": "2303", "fclass": "cafe", "name": null }, "geometry": { "type": "Point", "coordinates": [ -9.2179892, 38.693925 ] } },
{ "type": "Feature", "properties": { "osm_id": "1302888593", "lastchange": null, "code": "2602", "fclass": "atm", "name": null }, "geometry": { "type": "Point", "coordinates": [ -9.2179973, 38.693881 ] } },
{ "type": "Feature", "properties": { "osm_id": "1302891309", "lastchange": null, "code": "2602", "fclass": "atm", "name": null }, "geometry": { "type": "Point", "coordinates": [ -9.139438, 38.7110328 ] } },
{ "type": "Feature", "properties": { "osm_id": "1302891311", "lastchange": null, "code": "2302", "fclass": "fast_food", "name": "McDonalds" }, "geometry": { "type": "Point", "coordinates": [ -9.1528598, 38.7071167 ] } },
{ "type": "Feature", "properties": { "osm_id": "1302891312", "lastchange": null, "code": "2006", "fclass": "telephone", "name": null }, "geometry": { "type": "Point", "coordinates": [ -9.1393978, 38.7110077 ] } },
{ "type": "Feature", "properties": { "osm_id": "1302891313", "lastchange": null, "code": "2303", "fclass": "cafe", "name": null }, "geometry": { "type": "Point", "coordinates": [ -9.1612632, 38.7047997 ] } },
{ "type": "Feature", "properties": { "osm_id": "1302891314", "lastchange": null, "code": "2202", "fclass": "nightclub", "name": "Kapital" }, "geometry": { "type": "Point", "coordinates": [ -9.1574585, 38.7059622 ] } },
{ "type": "Feature", "properties": { "osm_id": "1302891315", "lastchange": null, "code": "2303", "fclass": "cafe", "name": null }, "geometry": { "type": "Point", "coordinates": [ -9.1394729, 38.7110328 ] } },
{ "type": "Feature", "properties": { "osm_id": "1302891316", "lastchange": null, "code": "2301", "fclass": "restaurant", "name": null }, "geometry": { "type": "Point", "coordinates": [ -9.1394461, 38.7109825 ] } },
{ "type": "Feature", "properties": { "osm_id": "1302891318", "lastchange": null, "code": "2703", "fclass": "museum", "name": null }, "geometry": { "type": "Point", "coordinates": [ -9.1622556, 38.7045569 ] } },
{ "type": "Feature", "properties": { "osm_id": "1302891328", "lastchange": null, "code": "2202", "fclass": "nightclub", "name": "Kremlin" }, "geometry": { "type": "Point", "coordinates": [ -9.1573954, 38.7062335 ] } },
{ "type": "Feature", "properties": { "osm_id": "1302891330", "lastchange": null, "code": "2302", "fclass": "fast_food", "name": null }, "geometry": { "type": "Point", "coordinates": [ -9.1393898, 38.7110537 ] } },
{ "type": "Feature", "properties": { "osm_id": "1305631673", "lastchange": null, "code": "2303", "fclass": "cafe", "name": "INATEL" }, "geometry": { "type": "Point", "coordinates": [ -9.241341, 38.6573146 ] } },
{ "type": "Feature", "properties": { "osm_id": "1306920306", "lastchange": null, "code": "2303", "fclass": "cafe", "name": null }, "geometry": { "type": "Point", "coordinates": [ -9.2369822, 38.6500161 ] } },
{ "type": "Feature", "properties": { "osm_id": "1308371650", "lastchange": null, "code": "2804", "fclass": "parking", "name": null }, "geometry": { "type": "Point", "coordinates": [ -9.1376795, 38.7396643 ] } },
{ "type": "Feature", "properties": { "osm_id": "1309960935", "lastchange": null, "code": "2303", "fclass": "cafe", "name": null }, "geometry": { "type": "Point", "coordinates": [ -9.1141488, 38.7435102 ] } },
{ "type": "Feature", "properties": { "osm_id": "1312317217", "lastchange": null, "code": "2301", "fclass": "restaurant", "name": "Calcutta" }, "geometry": { "type": "Point", "coordinates": [ -9.1437928, 38.7111788 ] } },
{ "type": "Feature", "properties": { "osm_id": "1314957755", "lastchange": null, "code": "2804", "fclass": "parking", "name": null }, "geometry": { "type": "Point", "coordinates": [ -9.2984571, 38.6916689 ] } },
{ "type": "Feature", "properties": { "osm_id": "1314957757", "lastchange": null, "code": "2804", "fclass": "parking", "name": null }, "geometry": { "type": "Point", "coordinates": [ -9.298087, 38.6922258 ] } },
{ "type": "Feature", "properties": { "osm_id": "1314962393", "lastchange": null, "code": "2006", "fclass": "telephone", "name": null }, "geometry": { "type": "Point", "coordinates": [ -9.299294, 38.692096 ] } },
{ "type": "Feature", "properties": { "osm_id": "1314962402", "lastchange": null, "code": "2602", "fclass": "atm", "name": null }, "geometry": { "type": "Point", "coordinates": [ -9.2989882, 38.6920311 ] } },
{ "type": "Feature", "properties": { "osm_id": "1327395033", "lastchange": null, "code": "2801", "fclass": "fuel", "name": "GALP" }, "geometry": { "type": "Point", "coordinates": [ -9.288688, 38.7563633 ] } },
{ "type": "Feature", "properties": { "osm_id": "1335870351", "lastchange": null, "code": "2303", "fclass": "cafe", "name": null }, "geometry": { "type": "Point", "coordinates": [ -9.2904556, 38.7195603 ] } },
{ "type": "Feature", "properties": { "osm_id": "1350940210", "lastchange": null, "code": "2082", "fclass": "school", "name": "Faculdade de Direito da Universidade Católica Portuguesa Escola de Lisboa" }, "geometry": { "type": "Point", "coordinates": [ -9.1669269, 38.7496365 ] } },
{ "type": "Feature", "properties": { "osm_id": "1350940212", "lastchange": null, "code": "2082", "fclass": "school", "name": "Universidade Católica Portuguesa Lisboa" }, "geometry": { "type": "Point", "coordinates": [ -9.1658108, 38.7490215 ] } },
{ "type": "Feature", "properties": { "osm_id": "1350944825", "lastchange": null, "code": "2602", "fclass": "atm", "name": null }, "geometry": { "type": "Point", "coordinates": [ -9.173906, 38.7615934 ] } },
{ "type": "Feature", "properties": { "osm_id": "1353608689", "lastchange": null, "code": "2301", "fclass": "restaurant", "name": null }, "geometry": { "type": "Point", "coordinates": [ -9.1649916, 38.7755119 ] } },
{ "type": "Feature", "properties": { "osm_id": "1353608696", "lastchange": null, "code": "2901", "fclass": "toilet", "name": null }, "geometry": { "type": "Point", "coordinates": [ -9.165514, 38.7757033 ] } },
{ "type": "Feature", "properties": { "osm_id": "1353608697", "lastchange": null, "code": "2901", "fclass": "toilet", "name": null }, "geometry": { "type": "Point", "coordinates": [ -9.1623215, 38.7741158 ] } },
{ "type": "Feature", "properties": { "osm_id": "1353611423", "lastchange": null, "code": "2301", "fclass": "restaurant", "name": "Chão do Loureiro" }, "geometry": { "type": "Point", "coordinates": [ -9.134989, 38.7121697 ] } },
{ "type": "Feature", "properties": { "osm_id": "1353621628", "lastchange": null, "code": "2301", "fclass": "restaurant", "name": "Wok mundo" }, "geometry": { "type": "Point", "coordinates": [ -9.1629199, 38.7386615 ] } },
{ "type": "Feature", "properties": { "osm_id": "1366263797", "lastchange": null, "code": "2301", "fclass": "restaurant", "name": "O Fagulha" }, "geometry": { "type": "Point", "coordinates": [ -9.2579072, 38.7776364 ] } },
{ "type": "Feature", "properties": { "osm_id": "1366263814", "lastchange": null, "code": "2502", "fclass": "bakery", "name": "Casa Mãe" }, "geometry": { "type": "Point", "coordinates": [ -9.2656266, 38.7762689 ] } },
{ "type": "Feature", "properties": { "osm_id": "1366263830", "lastchange": null, "code": "2303", "fclass": "cafe", "name": "25 de Abril" }, "geometry": { "type": "Point", "coordinates": [ -9.264932, 38.7763839 ] } },
{ "type": "Feature", "properties": { "osm_id": "1366263833", "lastchange": null, "code": "2303", "fclass": "cafe", "name": null }, "geometry": { "type": "Point", "coordinates": [ -9.2641756, 38.7763546 ] } },
{ "type": "Feature", "properties": { "osm_id": "1366263853", "lastchange": null, "code": "2601", "fclass": "bank", "name": "Banco Espírito Santo" }, "geometry": { "type": "Point", "coordinates": [ -9.2657071, 38.7760991 ] } },
{ "type": "Feature", "properties": { "osm_id": "1366263857", "lastchange": null, "code": "2083", "fclass": "kindergarten", "name": null }, "geometry": { "type": "Point", "coordinates": [ -9.2666432, 38.7766766 ] } },
{ "type": "Feature", "properties": { "osm_id": "1366263862", "lastchange": null, "code": "2101", "fclass": "pharmacy", "name": null }, "geometry": { "type": "Point", "coordinates": [ -9.2638763, 38.7760915 ] } },
{ "type": "Feature", "properties": { "osm_id": "1366898609", "lastchange": null, "code": "2101", "fclass": "pharmacy", "name": "Ramalhinho" }, "geometry": { "type": "Point", "coordinates": [ -9.164884, 38.6683517 ] } },
{ "type": "Feature", "properties": { "osm_id": "1367732449", "lastchange": null, "code": "2602", "fclass": "atm", "name": null }, "geometry": { "type": "Point", "coordinates": [ -9.166184, 38.6684671 ] } },
{ "type": "Feature", "properties": { "osm_id": "1367741958", "lastchange": null, "code": "2004", "fclass": "post_box", "name": null }, "geometry": { "type": "Point", "coordinates": [ -9.1648711, 38.6683258 ] } },
{ "type": "Feature", "properties": { "osm_id": "1375998876", "lastchange": null, "code": "2006", "fclass": "telephone", "name": null }, "geometry": { "type": "Point", "coordinates": [ -9.0957103, 38.7706923 ] } },
{ "type": "Feature", "properties": { "osm_id": "1375998893", "lastchange": null, "code": "2101", "fclass": "pharmacy", "name": "Vasco da Gama" }, "geometry": { "type": "Point", "coordinates": [ -9.0956825, 38.7718317 ] } },
{ "type": "Feature", "properties": { "osm_id": "1377059608", "lastchange": null, "code": "2301", "fclass": "restaurant", "name": "A Curva" }, "geometry": { "type": "Point", "coordinates": [ -9.0218644, 38.6282138 ] } },
{ "type": "Feature", "properties": { "osm_id": "1377075480", "lastchange": null, "code": "2303", "fclass": "cafe", "name": "Nortejo" }, "geometry": { "type": "Point", "coordinates": [ -9.0366729, 38.6287607 ] } },
{ "type": "Feature", "properties": { "osm_id": "1377206324", "lastchange": null, "code": "2501", "fclass": "supermarket", "name": null }, "geometry": { "type": "Point", "coordinates": [ -9.0385536, 38.6300093 ] } },
{ "type": "Feature", "properties": { "osm_id": "1377211675", "lastchange": null, "code": "2303", "fclass": "cafe", "name": null }, "geometry": { "type": "Point", "coordinates": [ -9.0104269, 38.621146 ] } },
{ "type": "Feature", "properties": { "osm_id": "1377211687", "lastchange": null, "code": "2804", "fclass": "parking", "name": null }, "geometry": { "type": "Point", "coordinates": [ -9.0382226, 38.630257 ] } },
{ "type": "Feature", "properties": { "osm_id": "1377211697", "lastchange": null, "code": "2804", "fclass": "parking", "name": null }, "geometry": { "type": "Point", "coordinates": [ -9.0368064, 38.6292952 ] } },
{ "type": "Feature", "properties": { "osm_id": "1377211701", "lastchange": null, "code": "2804", "fclass": "parking", "name": null }, "geometry": { "type": "Point", "coordinates": [ -9.0376004, 38.6299951 ] } },
{ "type": "Feature", "properties": { "osm_id": "1377224970", "lastchange": null, "code": "2303", "fclass": "cafe", "name": null }, "geometry": { "type": "Point", "coordinates": [ -9.0220091, 38.627841 ] } },
{ "type": "Feature", "properties": { "osm_id": "1377224972", "lastchange": null, "code": "2303", "fclass": "cafe", "name": null }, "geometry": { "type": "Point", "coordinates": [ -9.0220653, 38.6272626 ] } },
{ "type": "Feature", "properties": { "osm_id": "1377235114", "lastchange": null, "code": "2303", "fclass": "cafe", "name": null }, "geometry": { "type": "Point", "coordinates": [ -9.0118936, 38.6271647 ] } },
{ "type": "Feature", "properties": { "osm_id": "1381858310", "lastchange": null, "code": "2701", "fclass": "information", "name": "Carris Information" }, "geometry": { "type": "Point", "coordinates": [ -9.1467644, 38.7431738 ] } },
{ "type": "Feature", "properties": { "osm_id": "1387399971", "lastchange": null, "code": "2602", "fclass": "atm", "name": null }, "geometry": { "type": "Point", "coordinates": [ -9.2439163, 38.7090094 ] } },
{ "type": "Feature", "properties": { "osm_id": "1387400523", "lastchange": null, "code": "2602", "fclass": "atm", "name": null }, "geometry": { "type": "Point", "coordinates": [ -9.2439163, 38.7090094 ] } },
{ "type": "Feature", "properties": { "osm_id": "1404503541", "lastchange": null, "code": "2303", "fclass": "cafe", "name": null }, "geometry": { "type": "Point", "coordinates": [ -9.1490346, 38.716688 ] } },
{ "type": "Feature", "properties": { "osm_id": "1404967903", "lastchange": null, "code": "2501", "fclass": "supermarket", "name": "PingoDoce" }, "geometry": { "type": "Point", "coordinates": [ -9.1637976, 38.7158881 ] } },
{ "type": "Feature", "properties": { "osm_id": "1406257931", "lastchange": null, "code": "2501", "fclass": "supermarket", "name": "PingoDoce" }, "geometry": { "type": "Point", "coordinates": [ -9.138762, 38.7217244 ] } },
{ "type": "Feature", "properties": { "osm_id": "1411570163", "lastchange": null, "code": "2501", "fclass": "supermarket", "name": "Continente" }, "geometry": { "type": "Point", "coordinates": [ -9.1568936, 38.7176716 ] } },
{ "type": "Feature", "properties": { "osm_id": "1411581863", "lastchange": null, "code": "2501", "fclass": "supermarket", "name": "Pão de Açucar" }, "geometry": { "type": "Point", "coordinates": [ -9.1615203, 38.7230392 ] } },
{ "type": "Feature", "properties": { "osm_id": "1411855135", "lastchange": null, "code": "2301", "fclass": "restaurant", "name": "Taberna do Chiado" }, "geometry": { "type": "Point", "coordinates": [ -9.139869, 38.710612 ] } },
{ "type": "Feature", "properties": { "osm_id": "1417030463", "lastchange": null, "code": "2301", "fclass": "restaurant", "name": "Cacilheiro do Tejo" }, "geometry": { "type": "Point", "coordinates": [ -9.1062893, 38.639698 ] } },
{ "type": "Feature", "properties": { "osm_id": "1417508608", "lastchange": null, "code": "2301", "fclass": "restaurant", "name": "A sedução" }, "geometry": { "type": "Point", "coordinates": [ -9.1318575, 38.7103819 ] } },
{ "type": "Feature", "properties": { "osm_id": "1423154465", "lastchange": null, "code": "2501", "fclass": "supermarket", "name": "Pingo Doce" }, "geometry": { "type": "Point", "coordinates": [ -9.1564929, 38.7101441 ] } },
{ "type": "Feature", "properties": { "osm_id": "1427043401", "lastchange": null, "code": "2501", "fclass": "supermarket", "name": "LIDL" }, "geometry": { "type": "Point", "coordinates": [ -9.1788665, 38.7054684 ] } },
{ "type": "Feature", "properties": { "osm_id": "1427356747", "lastchange": null, "code": "2001", "fclass": "police", "name": "PSP" }, "geometry": { "type": "Point", "coordinates": [ -9.1564343, 38.7112325 ] } },
{ "type": "Feature", "properties": { "osm_id": "1428281570", "lastchange": null, "code": "2501", "fclass": "supermarket", "name": "LIDL" }, "geometry": { "type": "Point", "coordinates": [ -9.1041212, 38.7572382 ] } },
{ "type": "Feature", "properties": { "osm_id": "1428282502", "lastchange": null, "code": "2501", "fclass": "supermarket", "name": "Shopping Center dos Olivais" }, "geometry": { "type": "Point", "coordinates": [ -9.1139478, 38.7622077 ] } },
{ "type": "Feature", "properties": { "osm_id": "1428283724", "lastchange": null, "code": "2004", "fclass": "post_box", "name": null }, "geometry": { "type": "Point", "coordinates": [ -9.1060793, 38.7562008 ] } },
{ "type": "Feature", "properties": { "osm_id": "1430497216", "lastchange": null, "code": "2801", "fclass": "fuel", "name": "Repsol" }, "geometry": { "type": "Point", "coordinates": [ -9.1493127, 38.6332301 ] } },
{ "type": "Feature", "properties": { "osm_id": "1431495863", "lastchange": null, "code": "2301", "fclass": "restaurant", "name": "O Caldo Verde" }, "geometry": { "type": "Point", "coordinates": [ -9.1555989, 38.707915 ] } },
{ "type": "Feature", "properties": { "osm_id": "1438247583", "lastchange": null, "code": "2301", "fclass": "restaurant", "name": "Marisqueira Roma" }, "geometry": { "type": "Point", "coordinates": [ -9.1393888, 38.7449662 ] } },
{ "type": "Feature", "properties": { "osm_id": "1445046770", "lastchange": null, "code": "2301", "fclass": "restaurant", "name": "Churrasqueira Alexandra" }, "geometry": { "type": "Point", "coordinates": [ -9.1467208, 38.6529218 ] } },
{ "type": "Feature", "properties": { "osm_id": "1449254417", "lastchange": null, "code": "2082", "fclass": "school", "name": "Universidade Lusíada de Lisboa" }, "geometry": { "type": "Point", "coordinates": [ -9.1914515, 38.6980102 ] } },
{ "type": "Feature", "properties": { "osm_id": "1457258414", "lastchange": null, "code": "2301", "fclass": "restaurant", "name": "A Cabrinha" }, "geometry": { "type": "Point", "coordinates": [ -9.1482246, 38.687221 ] } },
{ "type": "Feature", "properties": { "osm_id": "1457258434", "lastchange": null, "code": "2303", "fclass": "cafe", "name": "Lojinha da Avó" }, "geometry": { "type": "Point", "coordinates": [ -9.1515821, 38.6840182 ] } },
{ "type": "Feature", "properties": { "osm_id": "1457258454", "lastchange": null, "code": "2003", "fclass": "recycling", "name": null }, "geometry": { "type": "Point", "coordinates": [ -9.1542527, 38.6822171 ] } },
{ "type": "Feature", "properties": { "osm_id": "1461248127", "lastchange": null, "code": "2101", "fclass": "pharmacy", "name": "Farmácia Guerreiro" }, "geometry": { "type": "Point", "coordinates": [ -9.1878543, 38.6676765 ] } },
{ "type": "Feature", "properties": { "osm_id": "1461773410", "lastchange": null, "code": "2002", "fclass": "fire_station", "name": "Bombeiros Voluntários da Trafaria" }, "geometry": { "type": "Point", "coordinates": [ -9.231376, 38.6700046 ] } },
{ "type": "Feature", "properties": { "osm_id": "1467720229", "lastchange": null, "code": "2801", "fclass": "fuel", "name": null }, "geometry": { "type": "Point", "coordinates": [ -9.2040812, 38.7105503 ] } },
{ "type": "Feature", "properties": { "osm_id": "1468348684", "lastchange": null, "code": "2602", "fclass": "atm", "name": null }, "geometry": { "type": "Point", "coordinates": [ -9.2144158, 38.7148548 ] } },
{ "type": "Feature", "properties": { "osm_id": "1468348685", "lastchange": null, "code": "2301", "fclass": "restaurant", "name": null }, "geometry": { "type": "Point", "coordinates": [ -9.2145016, 38.7154073 ] } },
{ "type": "Feature", "properties": { "osm_id": "1468348686", "lastchange": null, "code": "2301", "fclass": "restaurant", "name": null }, "geometry": { "type": "Point", "coordinates": [ -9.2148235, 38.7160938 ] } },
{ "type": "Feature", "properties": { "osm_id": "1468348688", "lastchange": null, "code": "2303", "fclass": "cafe", "name": null }, "geometry": { "type": "Point", "coordinates": [ -9.2149737, 38.7152566 ] } },
{ "type": "Feature", "properties": { "osm_id": "1468348690", "lastchange": null, "code": "2082", "fclass": "school", "name": null }, "geometry": { "type": "Point", "coordinates": [ -9.2140081, 38.7143023 ] } },
{ "type": "Feature", "properties": { "osm_id": "1468348691", "lastchange": null, "code": "2101", "fclass": "pharmacy", "name": "Farmácia Fénix" }, "geometry": { "type": "Point", "coordinates": [ -9.2136237, 38.7118396 ] } },
{ "type": "Feature", "properties": { "osm_id": "1468348692", "lastchange": null, "code": "2503", "fclass": "kiosk", "name": null }, "geometry": { "type": "Point", "coordinates": [ -9.2141798, 38.7151897 ] } },
{ "type": "Feature", "properties": { "osm_id": "1468380139", "lastchange": null, "code": "2301", "fclass": "restaurant", "name": "Alfassador" }, "geometry": { "type": "Point", "coordinates": [ -9.1659467, 38.7387739 ] } },
{ "type": "Feature", "properties": { "osm_id": "1468383839", "lastchange": null, "code": "2301", "fclass": "restaurant", "name": "Casa Mia" }, "geometry": { "type": "Point", "coordinates": [ -9.1657219, 38.7387471 ] } },
{ "type": "Feature", "properties": { "osm_id": "1468389625", "lastchange": null, "code": "2303", "fclass": "cafe", "name": "Cafetaria Cappuccino" }, "geometry": { "type": "Point", "coordinates": [ -9.1655234, 38.7387073 ] } },
{ "type": "Feature", "properties": { "osm_id": "1468392632", "lastchange": null, "code": "2301", "fclass": "restaurant", "name": "Baloiço" }, "geometry": { "type": "Point", "coordinates": [ -9.1648504, 38.7385732 ] } },
{ "type": "Feature", "properties": { "osm_id": "1468395481", "lastchange": null, "code": "2301", "fclass": "restaurant", "name": "Tokyoto" }, "geometry": { "type": "Point", "coordinates": [ -9.164523, 38.738513 ] } },
{ "type": "Feature", "properties": { "osm_id": "1468397936", "lastchange": null, "code": "2601", "fclass": "bank", "name": "Santander Totta" }, "geometry": { "type": "Point", "coordinates": [ -9.1636725, 38.7384087 ] } },
{ "type": "Feature", "properties": { "osm_id": "1468398754", "lastchange": null, "code": "2601", "fclass": "bank", "name": "Deutsche Bank" }, "geometry": { "type": "Point", "coordinates": [ -9.1631656, 38.7383285 ] } },
{ "type": "Feature", "properties": { "osm_id": "1468399435", "lastchange": null, "code": "2601", "fclass": "bank", "name": "Caixa General de Depositos" }, "geometry": { "type": "Point", "coordinates": [ -9.1626275, 38.7382391 ] } },
{ "type": "Feature", "properties": { "osm_id": "1468401594", "lastchange": null, "code": "2303", "fclass": "cafe", "name": "XPTO" }, "geometry": { "type": "Point", "coordinates": [ -9.1622409, 38.7381827 ] } },
{ "type": "Feature", "properties": { "osm_id": "1468403016", "lastchange": null, "code": "2601", "fclass": "bank", "name": "Banco Espirito Santo" }, "geometry": { "type": "Point", "coordinates": [ -9.1613661, 38.738013 ] } },
{ "type": "Feature", "properties": { "osm_id": "1468404694", "lastchange": null, "code": "2006", "fclass": "telephone", "name": null }, "geometry": { "type": "Point", "coordinates": [ -9.161457, 38.7380879 ] } },
{ "type": "Feature", "properties": { "osm_id": "1490045646", "lastchange": null, "code": "2005", "fclass": "post_office", "name": "Estação Correios Quinta da Lomba" }, "geometry": { "type": "Point", "coordinates": [ -9.0617039, 38.6461979 ] } },
{ "type": "Feature", "properties": { "osm_id": "1494759372", "lastchange": null, "code": "2110", "fclass": "hospital", "name": "Ressonância Magnétoca" }, "geometry": { "type": "Point", "coordinates": [ -9.2109245, 38.7184539 ] } },
{ "type": "Feature", "properties": { "osm_id": "1498515454", "lastchange": null, "code": "2081", "fclass": "university", "name": "Faculdade de Farmácia da Universidade de Lisboa" }, "geometry": { "type": "Point", "coordinates": [ -9.1566594, 38.7497846 ] } },
{ "type": "Feature", "properties": { "osm_id": "1502865262", "lastchange": null, "code": "2003", "fclass": "recycling", "name": null }, "geometry": { "type": "Point", "coordinates": [ -9.2772581, 38.7311802 ] } },
{ "type": "Feature", "properties": { "osm_id": "1504408243", "lastchange": null, "code": "2001", "fclass": "police", "name": "PSP Esquadra das Olaias" }, "geometry": { "type": "Point", "coordinates": [ -9.1259506, 38.7393433 ] } },
{ "type": "Feature", "properties": { "osm_id": "1504569318", "lastchange": null, "code": "2005", "fclass": "post_office", "name": null }, "geometry": { "type": "Point", "coordinates": [ -9.1291156, 38.7420895 ] } },
{ "type": "Feature", "properties": { "osm_id": "1505299289", "lastchange": null, "code": "2005", "fclass": "post_office", "name": null }, "geometry": { "type": "Point", "coordinates": [ -9.1319095, 38.7377765 ] } },
{ "type": "Feature", "properties": { "osm_id": "1505464675", "lastchange": null, "code": "2303", "fclass": "cafe", "name": "Chique de Belém" }, "geometry": { "type": "Point", "coordinates": [ -9.1991458, 38.6975643 ] } },
{ "type": "Feature", "properties": { "osm_id": "1506552920", "lastchange": null, "code": "2001", "fclass": "police", "name": null }, "geometry": { "type": "Point", "coordinates": [ -9.1313, 38.7300749 ] } },
{ "type": "Feature", "properties": { "osm_id": "1506552927", "lastchange": null, "code": "2007", "fclass": "library", "name": "Biblioteca Municipal Penha de França" }, "geometry": { "type": "Point", "coordinates": [ -9.1306926, 38.7300881 ] } },
{ "type": "Feature", "properties": { "osm_id": "1508014061", "lastchange": null, "code": "2002", "fclass": "fire_station", "name": "Regimento de Bombeiros Sapadores 4 Companhia" }, "geometry": { "type": "Point", "coordinates": [ -9.1294835, 38.7169068 ] } },
{ "type": "Feature", "properties": { "osm_id": "1511469269", "lastchange": null, "code": "2303", "fclass": "cafe", "name": "Mexicana" }, "geometry": { "type": "Point", "coordinates": [ -9.1365179, 38.739921 ] } },
{ "type": "Feature", "properties": { "osm_id": "1511487957", "lastchange": null, "code": "2303", "fclass": "cafe", "name": "Café Império" }, "geometry": { "type": "Point", "coordinates": [ -9.1341318, 38.7363583 ] } },
{ "type": "Feature", "properties": { "osm_id": "1513403812", "lastchange": null, "code": "2301", "fclass": "restaurant", "name": null }, "geometry": { "type": "Point", "coordinates": [ -9.199268, 38.6978772 ] } },
{ "type": "Feature", "properties": { "osm_id": "1513439554", "lastchange": null, "code": "2003", "fclass": "recycling", "name": null }, "geometry": { "type": "Point", "coordinates": [ -9.1991393, 38.6977726 ] } },
{ "type": "Feature", "properties": { "osm_id": "1513471696", "lastchange": null, "code": "2301", "fclass": "restaurant", "name": null }, "geometry": { "type": "Point", "coordinates": [ -9.1983219, 38.6975221 ] } },
{ "type": "Feature", "properties": { "osm_id": "1513471725", "lastchange": null, "code": "2301", "fclass": "restaurant", "name": "Solar do Embaixador" }, "geometry": { "type": "Point", "coordinates": [ -9.1991346, 38.6978821 ] } },
{ "type": "Feature", "properties": { "osm_id": "1513483126", "lastchange": null, "code": "2301", "fclass": "restaurant", "name": "Restaurante Floresta" }, "geometry": { "type": "Point", "coordinates": [ -9.2018481, 38.6969517 ] } },
{ "type": "Feature", "properties": { "osm_id": "1513483133", "lastchange": null, "code": "2005", "fclass": "post_office", "name": null }, "geometry": { "type": "Point", "coordinates": [ -9.2015772, 38.6973683 ] } },
{ "type": "Feature", "properties": { "osm_id": "1513483139", "lastchange": null, "code": "2303", "fclass": "cafe", "name": null }, "geometry": { "type": "Point", "coordinates": [ -9.2021888, 38.6971422 ] } },
{ "type": "Feature", "properties": { "osm_id": "1513483149", "lastchange": null, "code": "2007", "fclass": "library", "name": "biblioteca de Belem" }, "geometry": { "type": "Point", "coordinates": [ -9.1959446, 38.6972741 ] } },
{ "type": "Feature", "properties": { "osm_id": "1513483152", "lastchange": null, "code": "2303", "fclass": "cafe", "name": "Queijadas de Belem" }, "geometry": { "type": "Point", "coordinates": [ -9.201824, 38.6970982 ] } },
{ "type": "Feature", "properties": { "osm_id": "1513483154", "lastchange": null, "code": "2001", "fclass": "police", "name": null }, "geometry": { "type": "Point", "coordinates": [ -9.2017328, 38.6973787 ] } },
{ "type": "Feature", "properties": { "osm_id": "1513486157", "lastchange": null, "code": "2301", "fclass": "restaurant", "name": null }, "geometry": { "type": "Point", "coordinates": [ -9.2030577, 38.6969812 ] } },
{ "type": "Feature", "properties": { "osm_id": "1513486161", "lastchange": null, "code": "2302", "fclass": "fast_food", "name": null }, "geometry": { "type": "Point", "coordinates": [ -9.2032831, 38.6969937 ] } },
{ "type": "Feature", "properties": { "osm_id": "1513486164", "lastchange": null, "code": "2301", "fclass": "restaurant", "name": null }, "geometry": { "type": "Point", "coordinates": [ -9.2029505, 38.6969791 ] } },
{ "type": "Feature", "properties": { "osm_id": "1513486166", "lastchange": null, "code": "2301", "fclass": "restaurant", "name": null }, "geometry": { "type": "Point", "coordinates": [ -9.2031302, 38.6969853 ] } },
{ "type": "Feature", "properties": { "osm_id": "1513486169", "lastchange": null, "code": "2601", "fclass": "bank", "name": null }, "geometry": { "type": "Point", "coordinates": [ -9.2031651, 38.697224 ] } },
{ "type": "Feature", "properties": { "osm_id": "1513491510", "lastchange": null, "code": "2301", "fclass": "restaurant", "name": null }, "geometry": { "type": "Point", "coordinates": [ -9.2024487, 38.6969594 ] } },
{ "type": "Feature", "properties": { "osm_id": "1513491513", "lastchange": null, "code": "2301", "fclass": "restaurant", "name": null }, "geometry": { "type": "Point", "coordinates": [ -9.2030817, 38.6974199 ] } },
{ "type": "Feature", "properties": { "osm_id": "1513491514", "lastchange": null, "code": "2601", "fclass": "bank", "name": null }, "geometry": { "type": "Point", "coordinates": [ -9.2028028, 38.6974011 ] } },
{ "type": "Feature", "properties": { "osm_id": "1513491516", "lastchange": null, "code": "2301", "fclass": "restaurant", "name": null }, "geometry": { "type": "Point", "coordinates": [ -9.2026123, 38.6973801 ] } },
{ "type": "Feature", "properties": { "osm_id": "1513491518", "lastchange": null, "code": "2301", "fclass": "restaurant", "name": null }, "geometry": { "type": "Point", "coordinates": [ -9.2030764, 38.6972252 ] } },
{ "type": "Feature", "properties": { "osm_id": "1513491520", "lastchange": null, "code": "2601", "fclass": "bank", "name": null }, "geometry": { "type": "Point", "coordinates": [ -9.2023683, 38.6973634 ] } },
{ "type": "Feature", "properties": { "osm_id": "1513491522", "lastchange": null, "code": "2601", "fclass": "bank", "name": null }, "geometry": { "type": "Point", "coordinates": [ -9.2028537, 38.6972043 ] } },
{ "type": "Feature", "properties": { "osm_id": "1513493898", "lastchange": null, "code": "2601", "fclass": "bank", "name": null }, "geometry": { "type": "Point", "coordinates": [ -9.2037855, 38.6975275 ] } },
{ "type": "Feature", "properties": { "osm_id": "1514403451", "lastchange": null, "code": "2703", "fclass": "museum", "name": null }, "geometry": { "type": "Point", "coordinates": [ -9.1902902, 38.6977467 ] } },
{ "type": "Feature", "properties": { "osm_id": "1514445074", "lastchange": null, "code": "2101", "fclass": "pharmacy", "name": null }, "geometry": { "type": "Point", "coordinates": [ -9.2027652, 38.6972005 ] } },
{ "type": "Feature", "properties": { "osm_id": "1514445079", "lastchange": null, "code": "2301", "fclass": "restaurant", "name": "Pao Pao Queijo Queijo" }, "geometry": { "type": "Point", "coordinates": [ -9.2038971, 38.6975229 ] } },
{ "type": "Feature", "properties": { "osm_id": "1514445093", "lastchange": null, "code": "2101", "fclass": "pharmacy", "name": null }, "geometry": { "type": "Point", "coordinates": [ -9.1959712, 38.6975648 ] } },
{ "type": "Feature", "properties": { "osm_id": "1514452510", "lastchange": null, "code": "2082", "fclass": "school", "name": null }, "geometry": { "type": "Point", "coordinates": [ -9.2113832, 38.6953205 ] } },
{ "type": "Feature", "properties": { "osm_id": "1514746862", "lastchange": null, "code": "2303", "fclass": "cafe", "name": "Chique de Belem II" }, "geometry": { "type": "Point", "coordinates": [ -9.1947481, 38.6975878 ] } },
{ "type": "Feature", "properties": { "osm_id": "1515304215", "lastchange": null, "code": "2101", "fclass": "pharmacy", "name": null }, "geometry": { "type": "Point", "coordinates": [ -9.2068902, 38.7839836 ] } },
{ "type": "Feature", "properties": { "osm_id": "1515746383", "lastchange": null, "code": "2703", "fclass": "museum", "name": "Museu da Água" }, "geometry": { "type": "Point", "coordinates": [ -9.1198827, 38.7198373 ] } },
{ "type": "Feature", "properties": { "osm_id": "1517659151", "lastchange": null, "code": "2303", "fclass": "cafe", "name": "Café Oasis" }, "geometry": { "type": "Point", "coordinates": [ -9.2597494, 38.7770312 ] } },
{ "type": "Feature", "properties": { "osm_id": "1517659225", "lastchange": null, "code": "2303", "fclass": "cafe", "name": "Café Stylus" }, "geometry": { "type": "Point", "coordinates": [ -9.2579121, 38.7777338 ] } },
{ "type": "Feature", "properties": { "osm_id": "1519547336", "lastchange": null, "code": "2501", "fclass": "supermarket", "name": "Media Market" }, "geometry": { "type": "Point", "coordinates": [ -9.1829614, 38.7526611 ] } },
{ "type": "Feature", "properties": { "osm_id": "1519631884", "lastchange": null, "code": "2301", "fclass": "restaurant", "name": "Nikko" }, "geometry": { "type": "Point", "coordinates": [ -9.1574088, 38.6782815 ] } },
{ "type": "Feature", "properties": { "osm_id": "1520265097", "lastchange": null, "code": "2082", "fclass": "school", "name": "Escola Secundária Dom Pedro V" }, "geometry": { "type": "Point", "coordinates": [ -9.1630099, 38.7417583 ] } },
{ "type": "Feature", "properties": { "osm_id": "1525479561", "lastchange": null, "code": "2203", "fclass": "cinema", "name": "King" }, "geometry": { "type": "Point", "coordinates": [ -9.138495, 38.7460159 ] } },
{ "type": "Feature", "properties": { "osm_id": "1534074490", "lastchange": null, "code": "2602", "fclass": "atm", "name": null }, "geometry": { "type": "Point", "coordinates": [ -9.2493844, 38.7009138 ] } },
{ "type": "Feature", "properties": { "osm_id": "1534074504", "lastchange": null, "code": "2101", "fclass": "pharmacy", "name": "Farmácia Santa Sofia" }, "geometry": { "type": "Point", "coordinates": [ -9.2499021, 38.7013973 ] } },
{ "type": "Feature", "properties": { "osm_id": "1534074543", "lastchange": null, "code": "2303", "fclass": "cafe", "name": "café molas partidas" }, "geometry": { "type": "Point", "coordinates": [ -9.2499611, 38.7013324 ] } },
{ "type": "Feature", "properties": { "osm_id": "1534074790", "lastchange": null, "code": "2301", "fclass": "restaurant", "name": "restaurante \"a casinha\"" }, "geometry": { "type": "Point", "coordinates": [ -9.250173, 38.7010415 ] } },
{ "type": "Feature", "properties": { "osm_id": "1534135309", "lastchange": null, "code": "2301", "fclass": "restaurant", "name": null }, "geometry": { "type": "Point", "coordinates": [ -9.2552774, 38.7048173 ] } },
{ "type": "Feature", "properties": { "osm_id": "1534385209", "lastchange": null, "code": "2301", "fclass": "restaurant", "name": "Restaurante Novo Altair" }, "geometry": { "type": "Point", "coordinates": [ -9.2495629, 38.7010685 ] } },
{ "type": "Feature", "properties": { "osm_id": "1538047965", "lastchange": null, "code": "2801", "fclass": "fuel", "name": null }, "geometry": { "type": "Point", "coordinates": [ -9.2422353, 38.7147401 ] } },
{ "type": "Feature", "properties": { "osm_id": "1538053732", "lastchange": null, "code": "2303", "fclass": "cafe", "name": null }, "geometry": { "type": "Point", "coordinates": [ -9.2430561, 38.7149179 ] } },
{ "type": "Feature", "properties": { "osm_id": "1538055765", "lastchange": null, "code": "2301", "fclass": "restaurant", "name": "O Boleeiro" }, "geometry": { "type": "Point", "coordinates": [ -9.2429086, 38.7151733 ] } },
{ "type": "Feature", "properties": { "osm_id": "1538055916", "lastchange": null, "code": "2301", "fclass": "restaurant", "name": "Nagoya" }, "geometry": { "type": "Point", "coordinates": [ -9.2416238, 38.7152591 ] } },
{ "type": "Feature", "properties": { "osm_id": "1538899359", "lastchange": null, "code": "2303", "fclass": "cafe", "name": null }, "geometry": { "type": "Point", "coordinates": [ -9.1239971, 38.7909097 ] } },
{ "type": "Feature", "properties": { "osm_id": "1538899361", "lastchange": null, "code": "2101", "fclass": "pharmacy", "name": null }, "geometry": { "type": "Point", "coordinates": [ -9.1219532, 38.7897828 ] } },
{ "type": "Feature", "properties": { "osm_id": "1538899377", "lastchange": null, "code": "2601", "fclass": "bank", "name": "Caixa Geral de Depositos" }, "geometry": { "type": "Point", "coordinates": [ -9.123061, 38.7897619 ] } },
{ "type": "Feature", "properties": { "osm_id": "1538899378", "lastchange": null, "code": "2303", "fclass": "cafe", "name": null }, "geometry": { "type": "Point", "coordinates": [ -9.1226614, 38.7910832 ] } },
{ "type": "Feature", "properties": { "osm_id": "1538899379", "lastchange": null, "code": "2303", "fclass": "cafe", "name": null }, "geometry": { "type": "Point", "coordinates": [ -9.1237771, 38.7909996 ] } },
{ "type": "Feature", "properties": { "osm_id": "1538899383", "lastchange": null, "code": "2502", "fclass": "bakery", "name": "Dom Trigo" }, "geometry": { "type": "Point", "coordinates": [ -9.1221678, 38.7899982 ] } },
{ "type": "Feature", "properties": { "osm_id": "1538899387", "lastchange": null, "code": "2301", "fclass": "restaurant", "name": null }, "geometry": { "type": "Point", "coordinates": [ -9.1218621, 38.7913445 ] } },
{ "type": "Feature", "properties": { "osm_id": "1538899390", "lastchange": null, "code": "2601", "fclass": "bank", "name": "Milénio" }, "geometry": { "type": "Point", "coordinates": [ -9.1231093, 38.7908888 ] } },
{ "type": "Feature", "properties": { "osm_id": "1538899392", "lastchange": null, "code": "2003", "fclass": "recycling", "name": null }, "geometry": { "type": "Point", "coordinates": [ -9.1216663, 38.7899292 ] } },
{ "type": "Feature", "properties": { "osm_id": "1538899395", "lastchange": null, "code": "2502", "fclass": "bakery", "name": "Aeroporto" }, "geometry": { "type": "Point", "coordinates": [ -9.1230369, 38.7901654 ] } },
{ "type": "Feature", "properties": { "osm_id": "1538899402", "lastchange": null, "code": "2303", "fclass": "cafe", "name": null }, "geometry": { "type": "Point", "coordinates": [ -9.123407, 38.7901466 ] } },
{ "type": "Feature", "properties": { "osm_id": "1538899404", "lastchange": null, "code": "2301", "fclass": "restaurant", "name": null }, "geometry": { "type": "Point", "coordinates": [ -9.1224521, 38.7899815 ] } },
{ "type": "Feature", "properties": { "osm_id": "1538899405", "lastchange": null, "code": "2303", "fclass": "cafe", "name": null }, "geometry": { "type": "Point", "coordinates": [ -9.1227525, 38.7898477 ] } },
{ "type": "Feature", "properties": { "osm_id": "1538899419", "lastchange": null, "code": "2601", "fclass": "bank", "name": null }, "geometry": { "type": "Point", "coordinates": [ -9.1212961, 38.7912526 ] } },
{ "type": "Feature", "properties": { "osm_id": "1538899420", "lastchange": null, "code": "2302", "fclass": "fast_food", "name": null }, "geometry": { "type": "Point", "coordinates": [ -9.1221276, 38.7897828 ] } },
{ "type": "Feature", "properties": { "osm_id": "1538899421", "lastchange": null, "code": "2303", "fclass": "cafe", "name": null }, "geometry": { "type": "Point", "coordinates": [ -9.1230369, 38.7904895 ] } },
{ "type": "Feature", "properties": { "osm_id": "1538899425", "lastchange": null, "code": "2601", "fclass": "bank", "name": "Bes" }, "geometry": { "type": "Point", "coordinates": [ -9.121913, 38.7900212 ] } },
{ "type": "Feature", "properties": { "osm_id": "1538899430", "lastchange": null, "code": "2110", "fclass": "hospital", "name": "Posto de Saude" }, "geometry": { "type": "Point", "coordinates": [ -9.120883, 38.7900274 ] } },
{ "type": "Feature", "properties": { "osm_id": "1538899435", "lastchange": null, "code": "2303", "fclass": "cafe", "name": null }, "geometry": { "type": "Point", "coordinates": [ -9.1240829, 38.7902721 ] } },
{ "type": "Feature", "properties": { "osm_id": "1538899437", "lastchange": null, "code": "2303", "fclass": "cafe", "name": null }, "geometry": { "type": "Point", "coordinates": [ -9.1227043, 38.7908407 ] } },
{ "type": "Feature", "properties": { "osm_id": "1538899443", "lastchange": null, "code": "2303", "fclass": "cafe", "name": null }, "geometry": { "type": "Point", "coordinates": [ -9.1227981, 38.7906902 ] } },
{ "type": "Feature", "properties": { "osm_id": "1538899444", "lastchange": null, "code": "2301", "fclass": "restaurant", "name": null }, "geometry": { "type": "Point", "coordinates": [ -9.1222081, 38.7897891 ] } },
{ "type": "Feature", "properties": { "osm_id": "1539358143", "lastchange": null, "code": "2201", "fclass": "theatre", "name": "Auditório Ruy de Carvalho" }, "geometry": { "type": "Point", "coordinates": [ -9.2420229, 38.7270825 ] } },
{ "type": "Feature", "properties": { "osm_id": "1539358150", "lastchange": null, "code": "2082", "fclass": "school", "name": "Escola Secundária Camilo Castelo Branco" }, "geometry": { "type": "Point", "coordinates": [ -9.2457244, 38.7220855 ] } },
{ "type": "Feature", "properties": { "osm_id": "1539377197", "lastchange": null, "code": "2801", "fclass": "fuel", "name": "Bomba de Gasolina BP" }, "geometry": { "type": "Point", "coordinates": [ -9.2352611, 38.7236403 ] } },
{ "type": "Feature", "properties": { "osm_id": "1539411057", "lastchange": null, "code": "2502", "fclass": "bakery", "name": "Padeira" }, "geometry": { "type": "Point", "coordinates": [ -9.2433318, 38.7293193 ] } },
{ "type": "Feature", "properties": { "osm_id": "1539414460", "lastchange": null, "code": "2083", "fclass": "kindergarten", "name": null }, "geometry": { "type": "Point", "coordinates": [ -9.2465666, 38.7295809 ] } },
{ "type": "Feature", "properties": { "osm_id": "1539414461", "lastchange": null, "code": "2301", "fclass": "restaurant", "name": "Churrasqueira de Carnaxide - Take Away" }, "geometry": { "type": "Point", "coordinates": [ -9.2446193, 38.7252223 ] } },
{ "type": "Feature", "properties": { "osm_id": "1539416850", "lastchange": null, "code": "2001", "fclass": "police", "name": "Policia" }, "geometry": { "type": "Point", "coordinates": [ -9.2429569, 38.7248628 ] } },
{ "type": "Feature", "properties": { "osm_id": "1539417347", "lastchange": null, "code": "2005", "fclass": "post_office", "name": "Correios" }, "geometry": { "type": "Point", "coordinates": [ -9.2426318, 38.7247263 ] } },
{ "type": "Feature", "properties": { "osm_id": "1539424053", "lastchange": null, "code": "2110", "fclass": "hospital", "name": "Centro de Saúde" }, "geometry": { "type": "Point", "coordinates": [ -9.2431446, 38.7268674 ] } },
{ "type": "Feature", "properties": { "osm_id": "1539426435", "lastchange": null, "code": "2007", "fclass": "library", "name": "Biblioteca Municipal" }, "geometry": { "type": "Point", "coordinates": [ -9.2420846, 38.7269067 ] } },
{ "type": "Feature", "properties": { "osm_id": "1539426926", "lastchange": null, "code": "2701", "fclass": "information", "name": "Junta de Freguesia" }, "geometry": { "type": "Point", "coordinates": [ -9.2422375, 38.7266347 ] } },
{ "type": "Feature", "properties": { "osm_id": "1539429737", "lastchange": null, "code": "2303", "fclass": "cafe", "name": "Forno de Carnaxide" }, "geometry": { "type": "Point", "coordinates": [ -9.2379033, 38.7267668 ] } },
{ "type": "Feature", "properties": { "osm_id": "1539434032", "lastchange": null, "code": "2601", "fclass": "bank", "name": "Santander Totta" }, "geometry": { "type": "Point", "coordinates": [ -9.2392736, 38.7262099 ] } },
{ "type": "Feature", "properties": { "osm_id": "1539434614", "lastchange": null, "code": "2601", "fclass": "bank", "name": null }, "geometry": { "type": "Point", "coordinates": [ -9.2412665, 38.7262915 ] } },
{ "type": "Feature", "properties": { "osm_id": "1539549544", "lastchange": null, "code": "2503", "fclass": "kiosk", "name": "Quiosque VIMECA" }, "geometry": { "type": "Point", "coordinates": [ -9.2431977, 38.7261555 ] } },
{ "type": "Feature", "properties": { "osm_id": "1539555247", "lastchange": null, "code": "2110", "fclass": "hospital", "name": "Centro Hospitalar - Reabilitação" }, "geometry": { "type": "Point", "coordinates": [ -9.230181, 38.7286351 ] } },
{ "type": "Feature", "properties": { "osm_id": "1539561228", "lastchange": null, "code": "2501", "fclass": "supermarket", "name": "China MegaStore" }, "geometry": { "type": "Point", "coordinates": [ -9.2167216, 38.7224475 ] } },
{ "type": "Feature", "properties": { "osm_id": "1539569584", "lastchange": null, "code": "2101", "fclass": "pharmacy", "name": "ParaFarmácia" }, "geometry": { "type": "Point", "coordinates": [ -9.2321309, 38.7136684 ] } },
{ "type": "Feature", "properties": { "osm_id": "1539569585", "lastchange": null, "code": "2804", "fclass": "parking", "name": null }, "geometry": { "type": "Point", "coordinates": [ -9.2359128, 38.7123143 ] } },
{ "type": "Feature", "properties": { "osm_id": "1539745645", "lastchange": null, "code": "2303", "fclass": "cafe", "name": "Pastelaria Neusa" }, "geometry": { "type": "Point", "coordinates": [ -9.244236, 38.7141855 ] } },
{ "type": "Feature", "properties": { "osm_id": "1539745667", "lastchange": null, "code": "2301", "fclass": "restaurant", "name": "Restaurante Lindo o Velho" }, "geometry": { "type": "Point", "coordinates": [ -9.2441826, 38.7135651 ] } },
{ "type": "Feature", "properties": { "osm_id": "1539745703", "lastchange": null, "code": "2301", "fclass": "restaurant", "name": null }, "geometry": { "type": "Point", "coordinates": [ -9.2443754, 38.7154998 ] } },
{ "type": "Feature", "properties": { "osm_id": "1539762049", "lastchange": null, "code": "2303", "fclass": "cafe", "name": null }, "geometry": { "type": "Point", "coordinates": [ -9.2428198, 38.7145517 ] } },
{ "type": "Feature", "properties": { "osm_id": "1539762062", "lastchange": null, "code": "2301", "fclass": "restaurant", "name": null }, "geometry": { "type": "Point", "coordinates": [ -9.2442011, 38.7140704 ] } },
{ "type": "Feature", "properties": { "osm_id": "1540818114", "lastchange": null, "code": "2006", "fclass": "telephone", "name": null }, "geometry": { "type": "Point", "coordinates": [ -9.27956, 38.7542031 ] } },
{ "type": "Feature", "properties": { "osm_id": "1540818124", "lastchange": null, "code": "2101", "fclass": "pharmacy", "name": "Farmácia Dómus" }, "geometry": { "type": "Point", "coordinates": [ -9.2799991, 38.7540238 ] } },
{ "type": "Feature", "properties": { "osm_id": "1540818149", "lastchange": null, "code": "2082", "fclass": "school", "name": "As Quatro Estações" }, "geometry": { "type": "Point", "coordinates": [ -9.2782384, 38.7547693 ] } },
{ "type": "Feature", "properties": { "osm_id": "1541579584", "lastchange": null, "code": "2801", "fclass": "fuel", "name": null }, "geometry": { "type": "Point", "coordinates": [ -9.0666532, 38.6534878 ] } },
{ "type": "Feature", "properties": { "osm_id": "1541965780", "lastchange": null, "code": "2801", "fclass": "fuel", "name": null }, "geometry": { "type": "Point", "coordinates": [ -9.0568979, 38.6666128 ] } },
{ "type": "Feature", "properties": { "osm_id": "1544996001", "lastchange": null, "code": "2602", "fclass": "atm", "name": null }, "geometry": { "type": "Point", "coordinates": [ -9.1461563, 38.7274724 ] } },
{ "type": "Feature", "properties": { "osm_id": "1544998131", "lastchange": null, "code": "2301", "fclass": "restaurant", "name": null }, "geometry": { "type": "Point", "coordinates": [ -9.1446757, 38.7282048 ] } },
{ "type": "Feature", "properties": { "osm_id": "1544999288", "lastchange": null, "code": "2601", "fclass": "bank", "name": null }, "geometry": { "type": "Point", "coordinates": [ -9.1462019, 38.7275561 ] } },
{ "type": "Feature", "properties": { "osm_id": "1545661252", "lastchange": null, "code": "2503", "fclass": "kiosk", "name": null }, "geometry": { "type": "Point", "coordinates": [ -9.2377415, 38.7262598 ] } },
{ "type": "Feature", "properties": { "osm_id": "1545661263", "lastchange": null, "code": "2602", "fclass": "atm", "name": null }, "geometry": { "type": "Point", "coordinates": [ -9.2368752, 38.7257178 ] } },
{ "type": "Feature", "properties": { "osm_id": "1545661279", "lastchange": null, "code": "2601", "fclass": "bank", "name": "Montepio" }, "geometry": { "type": "Point", "coordinates": [ -9.238058, 38.7264879 ] } },
{ "type": "Feature", "properties": { "osm_id": "1545661282", "lastchange": null, "code": "2601", "fclass": "bank", "name": "Millenium BCP" }, "geometry": { "type": "Point", "coordinates": [ -9.2378925, 38.7266941 ] } },
{ "type": "Feature", "properties": { "osm_id": "1545661302", "lastchange": null, "code": "2001", "fclass": "police", "name": "Policia Municipal" }, "geometry": { "type": "Point", "coordinates": [ -9.2328358, 38.7198564 ] } },
{ "type": "Feature", "properties": { "osm_id": "1545703204", "lastchange": null, "code": "2804", "fclass": "parking", "name": null }, "geometry": { "type": "Point", "coordinates": [ -9.0716974, 38.6600556 ] } },
{ "type": "Feature", "properties": { "osm_id": "1545703297", "lastchange": null, "code": "2804", "fclass": "parking", "name": null }, "geometry": { "type": "Point", "coordinates": [ -9.0721078, 38.6596241 ] } },
{ "type": "Feature", "properties": { "osm_id": "1546271905", "lastchange": null, "code": "2303", "fclass": "cafe", "name": "Glaciar" }, "geometry": { "type": "Point", "coordinates": [ -9.2375867, 38.7266664 ] } },
{ "type": "Feature", "properties": { "osm_id": "1546271907", "lastchange": null, "code": "2303", "fclass": "cafe", "name": "O Todo Bom" }, "geometry": { "type": "Point", "coordinates": [ -9.237686, 38.7268818 ] } },
{ "type": "Feature", "properties": { "osm_id": "1546271934", "lastchange": null, "code": "2502", "fclass": "bakery", "name": "Apapol" }, "geometry": { "type": "Point", "coordinates": [ -9.2376832, 38.7266359 ] } },
{ "type": "Feature", "properties": { "osm_id": "1547398112", "lastchange": null, "code": "2303", "fclass": "cafe", "name": null }, "geometry": { "type": "Point", "coordinates": [ -9.1164098, 38.6193393 ] } },
{ "type": "Feature", "properties": { "osm_id": "1547724110", "lastchange": null, "code": "2303", "fclass": "cafe", "name": null }, "geometry": { "type": "Point", "coordinates": [ -9.1206297, 38.6207631 ] } },
{ "type": "Feature", "properties": { "osm_id": "1547838019", "lastchange": null, "code": "2601", "fclass": "bank", "name": "Millenium BCP" }, "geometry": { "type": "Point", "coordinates": [ -9.2394655, 38.7261525 ] } },
{ "type": "Feature", "properties": { "osm_id": "1548055943", "lastchange": null, "code": "2302", "fclass": "fast_food", "name": "Pizzamóvel" }, "geometry": { "type": "Point", "coordinates": [ -9.2953724, 38.7746623 ] } },
{ "type": "Feature", "properties": { "osm_id": "1548062836", "lastchange": null, "code": "2501", "fclass": "supermarket", "name": "Selecção" }, "geometry": { "type": "Point", "coordinates": [ -9.2919874, 38.7716492 ] } },
{ "type": "Feature", "properties": { "osm_id": "1548064953", "lastchange": null, "code": "2082", "fclass": "school", "name": "Escola EB nº 2 da Agualva" }, "geometry": { "type": "Point", "coordinates": [ -9.2962094, 38.772961 ] } },
{ "type": "Feature", "properties": { "osm_id": "1548070309", "lastchange": null, "code": "2003", "fclass": "recycling", "name": null }, "geometry": { "type": "Point", "coordinates": [ -9.2803816, 38.7582495 ] } },
{ "type": "Feature", "properties": { "osm_id": "1548072265", "lastchange": null, "code": "2804", "fclass": "parking", "name": null }, "geometry": { "type": "Point", "coordinates": [ -9.2797969, 38.7572016 ] } },
{ "type": "Feature", "properties": { "osm_id": "1548073877", "lastchange": null, "code": "2501", "fclass": "supermarket", "name": "Intermarché" }, "geometry": { "type": "Point", "coordinates": [ -9.2785067, 38.7684515 ] } },
{ "type": "Feature", "properties": { "osm_id": "1548074340", "lastchange": null, "code": "2501", "fclass": "supermarket", "name": "Lidl" }, "geometry": { "type": "Point", "coordinates": [ -9.2812318, 38.7616085 ] } },
{ "type": "Feature", "properties": { "osm_id": "1548130550", "lastchange": null, "code": "2501", "fclass": "supermarket", "name": "Pindo Doce" }, "geometry": { "type": "Point", "coordinates": [ -9.1133264, 38.6191092 ] } },
{ "type": "Feature", "properties": { "osm_id": "1548130561", "lastchange": null, "code": "2101", "fclass": "pharmacy", "name": null }, "geometry": { "type": "Point", "coordinates": [ -9.1156411, 38.6180697 ] } },
{ "type": "Feature", "properties": { "osm_id": "1548130771", "lastchange": null, "code": "2303", "fclass": "cafe", "name": null }, "geometry": { "type": "Point", "coordinates": [ -9.1159067, 38.6207836 ] } },
{ "type": "Feature", "properties": { "osm_id": "1548536783", "lastchange": null, "code": "2804", "fclass": "parking", "name": null }, "geometry": { "type": "Point", "coordinates": [ -9.2422632, 38.726795 ] } },
{ "type": "Feature", "properties": { "osm_id": "1549690766", "lastchange": null, "code": "2804", "fclass": "parking", "name": null }, "geometry": { "type": "Point", "coordinates": [ -9.1112203, 38.6256415 ] } },
{ "type": "Feature", "properties": { "osm_id": "1549691886", "lastchange": null, "code": "2804", "fclass": "parking", "name": null }, "geometry": { "type": "Point", "coordinates": [ -9.1113249, 38.6261151 ] } },
{ "type": "Feature", "properties": { "osm_id": "1549703635", "lastchange": null, "code": "2501", "fclass": "supermarket", "name": "Continente" }, "geometry": { "type": "Point", "coordinates": [ -9.1034376, 38.6131998 ] } },
{ "type": "Feature", "properties": { "osm_id": "1550815875", "lastchange": null, "code": "2101", "fclass": "pharmacy", "name": "Farmacia Brasil" }, "geometry": { "type": "Point", "coordinates": [ -9.1623532, 38.6606442 ] } },
{ "type": "Feature", "properties": { "osm_id": "1550954898", "lastchange": null, "code": "2804", "fclass": "parking", "name": null }, "geometry": { "type": "Point", "coordinates": [ -9.1538019, 38.7462842 ] } },
{ "type": "Feature", "properties": { "osm_id": "1551028144", "lastchange": null, "code": "2804", "fclass": "parking", "name": null }, "geometry": { "type": "Point", "coordinates": [ -9.1141778, 38.6190307 ] } },
{ "type": "Feature", "properties": { "osm_id": "1552113447", "lastchange": null, "code": "2804", "fclass": "parking", "name": null }, "geometry": { "type": "Point", "coordinates": [ -9.1013194, 38.6108773 ] } },
{ "type": "Feature", "properties": { "osm_id": "1552114077", "lastchange": null, "code": "2804", "fclass": "parking", "name": null }, "geometry": { "type": "Point", "coordinates": [ -9.1042645, 38.6121097 ] } },
{ "type": "Feature", "properties": { "osm_id": "1553890381", "lastchange": null, "code": "2602", "fclass": "atm", "name": null }, "geometry": { "type": "Point", "coordinates": [ -9.2797872, 38.7536996 ] } },
{ "type": "Feature", "properties": { "osm_id": "1558080346", "lastchange": null, "code": "2101", "fclass": "pharmacy", "name": "Farmácia Lidia Almeida" }, "geometry": { "type": "Point", "coordinates": [ -9.1993263, 38.7037306 ] } },
{ "type": "Feature", "properties": { "osm_id": "1563814539", "lastchange": null, "code": "2303", "fclass": "cafe", "name": "Café Tó-Zé" }, "geometry": { "type": "Point", "coordinates": [ -9.293578, 38.767392 ] } },
{ "type": "Feature", "properties": { "osm_id": "1563935958", "lastchange": null, "code": "2303", "fclass": "cafe", "name": "Jardim do Monte" }, "geometry": { "type": "Point", "coordinates": [ -9.2933593, 38.7677653 ] } },
{ "type": "Feature", "properties": { "osm_id": "1564019085", "lastchange": null, "code": "2303", "fclass": "cafe", "name": null }, "geometry": { "type": "Point", "coordinates": [ -9.2190591, 38.7694211 ] } },
{ "type": "Feature", "properties": { "osm_id": "1564019131", "lastchange": null, "code": "2303", "fclass": "cafe", "name": null }, "geometry": { "type": "Point", "coordinates": [ -9.2199496, 38.7688251 ] } },
{ "type": "Feature", "properties": { "osm_id": "1564019140", "lastchange": null, "code": "2303", "fclass": "cafe", "name": null }, "geometry": { "type": "Point", "coordinates": [ -9.2182303, 38.7688857 ] } },
{ "type": "Feature", "properties": { "osm_id": "1564019144", "lastchange": null, "code": "2303", "fclass": "cafe", "name": null }, "geometry": { "type": "Point", "coordinates": [ -9.2193112, 38.7688795 ] } },
{ "type": "Feature", "properties": { "osm_id": "1564019148", "lastchange": null, "code": "2501", "fclass": "supermarket", "name": "Mini Preço" }, "geometry": { "type": "Point", "coordinates": [ -9.2150572, 38.7680785 ] } },
{ "type": "Feature", "properties": { "osm_id": "1564019184", "lastchange": null, "code": "2303", "fclass": "cafe", "name": null }, "geometry": { "type": "Point", "coordinates": [ -9.2143196, 38.7680534 ] } },
{ "type": "Feature", "properties": { "osm_id": "1564019186", "lastchange": null, "code": "2303", "fclass": "cafe", "name": null }, "geometry": { "type": "Point", "coordinates": [ -9.2141667, 38.7680492 ] } },
{ "type": "Feature", "properties": { "osm_id": "1564019203", "lastchange": null, "code": "2301", "fclass": "restaurant", "name": null }, "geometry": { "type": "Point", "coordinates": [ -9.214215, 38.7670684 ] } },
{ "type": "Feature", "properties": { "osm_id": "1564019231", "lastchange": null, "code": "2303", "fclass": "cafe", "name": null }, "geometry": { "type": "Point", "coordinates": [ -9.219558, 38.7685093 ] } },
{ "type": "Feature", "properties": { "osm_id": "1564019249", "lastchange": null, "code": "2303", "fclass": "cafe", "name": "Café" }, "geometry": { "type": "Point", "coordinates": [ -9.2130563, 38.7681873 ] } },
{ "type": "Feature", "properties": { "osm_id": "1564019269", "lastchange": null, "code": "2303", "fclass": "cafe", "name": null }, "geometry": { "type": "Point", "coordinates": [ -9.2133057, 38.767907 ] } },
{ "type": "Feature", "properties": { "osm_id": "1564019274", "lastchange": null, "code": "2301", "fclass": "restaurant", "name": "Restaurante Mineirão" }, "geometry": { "type": "Point", "coordinates": [ -9.2122865, 38.7650105 ] } },
{ "type": "Feature", "properties": { "osm_id": "1564019316", "lastchange": null, "code": "2303", "fclass": "cafe", "name": null }, "geometry": { "type": "Point", "coordinates": [ -9.2179781, 38.7687833 ] } },
{ "type": "Feature", "properties": { "osm_id": "1564019344", "lastchange": null, "code": "2501", "fclass": "supermarket", "name": "Mini Preço" }, "geometry": { "type": "Point", "coordinates": [ -9.2137858, 38.7668739 ] } },
{ "type": "Feature", "properties": { "osm_id": "1564033980", "lastchange": null, "code": "2503", "fclass": "kiosk", "name": null }, "geometry": { "type": "Point", "coordinates": [ -9.2217305, 38.7677188 ] } },
{ "type": "Feature", "properties": { "osm_id": "1564033987", "lastchange": null, "code": "2303", "fclass": "cafe", "name": "Saritana" }, "geometry": { "type": "Point", "coordinates": [ -9.2187211, 38.768319 ] } },
{ "type": "Feature", "properties": { "osm_id": "1564034019", "lastchange": null, "code": "2303", "fclass": "cafe", "name": "Seara" }, "geometry": { "type": "Point", "coordinates": [ -9.2221382, 38.7671583 ] } },
{ "type": "Feature", "properties": { "osm_id": "1564034026", "lastchange": null, "code": "2303", "fclass": "cafe", "name": null }, "geometry": { "type": "Point", "coordinates": [ -9.2177546, 38.7681423 ] } },
{ "type": "Feature", "properties": { "osm_id": "1564034027", "lastchange": null, "code": "2503", "fclass": "kiosk", "name": null }, "geometry": { "type": "Point", "coordinates": [ -9.2173022, 38.7681015 ] } },
{ "type": "Feature", "properties": { "osm_id": "1564034059", "lastchange": null, "code": "2303", "fclass": "cafe", "name": null }, "geometry": { "type": "Point", "coordinates": [ -9.2209715, 38.7679614 ] } },
{ "type": "Feature", "properties": { "osm_id": "1564056020", "lastchange": null, "code": "2003", "fclass": "recycling", "name": null }, "geometry": { "type": "Point", "coordinates": [ -9.2938959, 38.7673827 ] } },
{ "type": "Feature", "properties": { "osm_id": "1564056168", "lastchange": null, "code": "2007", "fclass": "library", "name": "Papelaria Bonifácio" }, "geometry": { "type": "Point", "coordinates": [ -9.2131022, 38.7682622 ] } },
{ "type": "Feature", "properties": { "osm_id": "1564056174", "lastchange": null, "code": "2007", "fclass": "library", "name": null }, "geometry": { "type": "Point", "coordinates": [ -9.2201644, 38.76867 ] } },
{ "type": "Feature", "properties": { "osm_id": "1564056183", "lastchange": null, "code": "2801", "fclass": "fuel", "name": "Galp" }, "geometry": { "type": "Point", "coordinates": [ -9.2115465, 38.7644601 ] } },
{ "type": "Feature", "properties": { "osm_id": "1564056235", "lastchange": null, "code": "2303", "fclass": "cafe", "name": null }, "geometry": { "type": "Point", "coordinates": [ -9.2162806, 38.7682433 ] } },
{ "type": "Feature", "properties": { "osm_id": "1564056238", "lastchange": null, "code": "2301", "fclass": "restaurant", "name": null }, "geometry": { "type": "Point", "coordinates": [ -9.2236701, 38.7686637 ] } },
{ "type": "Feature", "properties": { "osm_id": "1564056241", "lastchange": null, "code": "2110", "fclass": "hospital", "name": "Centro de Saúde" }, "geometry": { "type": "Point", "coordinates": [ -9.2093068, 38.7639624 ] } },
{ "type": "Feature", "properties": { "osm_id": "1564056243", "lastchange": null, "code": "2303", "fclass": "cafe", "name": null }, "geometry": { "type": "Point", "coordinates": [ -9.2167124, 38.7682956 ] } },
{ "type": "Feature", "properties": { "osm_id": "1564056247", "lastchange": null, "code": "2001", "fclass": "police", "name": "Polícia" }, "geometry": { "type": "Point", "coordinates": [ -9.2130378, 38.764617 ] } },
{ "type": "Feature", "properties": { "osm_id": "1564072249", "lastchange": null, "code": "2303", "fclass": "cafe", "name": null }, "geometry": { "type": "Point", "coordinates": [ -9.2232011, 38.7669287 ] } },
{ "type": "Feature", "properties": { "osm_id": "1564079693", "lastchange": null, "code": "2303", "fclass": "cafe", "name": null }, "geometry": { "type": "Point", "coordinates": [ -9.2187498, 38.7693372 ] } },
{ "type": "Feature", "properties": { "osm_id": "1564115369", "lastchange": null, "code": "2301", "fclass": "restaurant", "name": "Happy Grill" }, "geometry": { "type": "Point", "coordinates": [ -9.2197835, 38.7684951 ] } },
{ "type": "Feature", "properties": { "osm_id": "1564383902", "lastchange": null, "code": "2005", "fclass": "post_office", "name": "CTT" }, "geometry": { "type": "Point", "coordinates": [ -9.2798359, 38.7541638 ] } },
{ "type": "Feature", "properties": { "osm_id": "1564486273", "lastchange": null, "code": "2303", "fclass": "cafe", "name": null }, "geometry": { "type": "Point", "coordinates": [ -9.2174858, 38.7683948 ] } },
{ "type": "Feature", "properties": { "osm_id": "1564486574", "lastchange": null, "code": "2303", "fclass": "cafe", "name": null }, "geometry": { "type": "Point", "coordinates": [ -9.2236605, 38.7674663 ] } },
{ "type": "Feature", "properties": { "osm_id": "1564493450", "lastchange": null, "code": "2101", "fclass": "pharmacy", "name": "Farmácia O'neill Pedrosa" }, "geometry": { "type": "Point", "coordinates": [ -9.2755025, 38.7548277 ] } },
{ "type": "Feature", "properties": { "osm_id": "1564520786", "lastchange": null, "code": "2301", "fclass": "restaurant", "name": "O Cavalo Bravo" }, "geometry": { "type": "Point", "coordinates": [ -9.2750508, 38.7568349 ] } },
{ "type": "Feature", "properties": { "osm_id": "1565167969", "lastchange": null, "code": "2804", "fclass": "parking", "name": null }, "geometry": { "type": "Point", "coordinates": [ -9.1556079, 38.7568807 ] } },
{ "type": "Feature", "properties": { "osm_id": "1565168054", "lastchange": null, "code": "2804", "fclass": "parking", "name": null }, "geometry": { "type": "Point", "coordinates": [ -9.1572494, 38.7529944 ] } },
{ "type": "Feature", "properties": { "osm_id": "1565168130", "lastchange": null, "code": "2804", "fclass": "parking", "name": null }, "geometry": { "type": "Point", "coordinates": [ -9.1552002, 38.7561235 ] } },
{ "type": "Feature", "properties": { "osm_id": "1565394044", "lastchange": null, "code": "2804", "fclass": "parking", "name": null }, "geometry": { "type": "Point", "coordinates": [ -9.1546772, 38.760087 ] } },
{ "type": "Feature", "properties": { "osm_id": "1566205729", "lastchange": null, "code": "2301", "fclass": "restaurant", "name": "Churrasqueira Cant'o Galo" }, "geometry": { "type": "Point", "coordinates": [ -9.1629347, 38.6047499 ] } },
{ "type": "Feature", "properties": { "osm_id": "1567728819", "lastchange": null, "code": "2804", "fclass": "parking", "name": null }, "geometry": { "type": "Point", "coordinates": [ -9.2526642, 38.7048925 ] } },
{ "type": "Feature", "properties": { "osm_id": "1567728879", "lastchange": null, "code": "2804", "fclass": "parking", "name": null }, "geometry": { "type": "Point", "coordinates": [ -9.2520393, 38.7047459 ] } },
{ "type": "Feature", "properties": { "osm_id": "1567729561", "lastchange": null, "code": "2804", "fclass": "parking", "name": null }, "geometry": { "type": "Point", "coordinates": [ -9.250792, 38.7048004 ] } },
{ "type": "Feature", "properties": { "osm_id": "1567730254", "lastchange": null, "code": "2804", "fclass": "parking", "name": null }, "geometry": { "type": "Point", "coordinates": [ -9.2520634, 38.7060102 ] } },
{ "type": "Feature", "properties": { "osm_id": "1567730442", "lastchange": null, "code": "2804", "fclass": "parking", "name": null }, "geometry": { "type": "Point", "coordinates": [ -9.2513042, 38.7055936 ] } },
{ "type": "Feature", "properties": { "osm_id": "1567730518", "lastchange": null, "code": "2804", "fclass": "parking", "name": null }, "geometry": { "type": "Point", "coordinates": [ -9.2504809, 38.70668 ] } },
{ "type": "Feature", "properties": { "osm_id": "1567818271", "lastchange": null, "code": "2804", "fclass": "parking", "name": null }, "geometry": { "type": "Point", "coordinates": [ -9.2567895, 38.7042247 ] } },
{ "type": "Feature", "properties": { "osm_id": "1568519836", "lastchange": null, "code": "2082", "fclass": "school", "name": "Escola EB2/3 João Gonçalves Zarco" }, "geometry": { "type": "Point", "coordinates": [ -9.2366737, 38.7007474 ] } },
{ "type": "Feature", "properties": { "osm_id": "1568519845", "lastchange": null, "code": "2804", "fclass": "parking", "name": null }, "geometry": { "type": "Point", "coordinates": [ -9.2274094, 38.7010761 ] } },
{ "type": "Feature", "properties": { "osm_id": "1568519885", "lastchange": null, "code": "2302", "fclass": "fast_food", "name": "MacDonalds" }, "geometry": { "type": "Point", "coordinates": [ -9.2280853, 38.6997678 ] } },
{ "type": "Feature", "properties": { "osm_id": "1568545731", "lastchange": null, "code": "2701", "fclass": "information", "name": "Agência de Viagens Abreu" }, "geometry": { "type": "Point", "coordinates": [ -9.2292158, 38.6993709 ] } },
{ "type": "Feature", "properties": { "osm_id": "1568545777", "lastchange": null, "code": "2801", "fclass": "fuel", "name": null }, "geometry": { "type": "Point", "coordinates": [ -9.2297885, 38.6989388 ] } },
{ "type": "Feature", "properties": { "osm_id": "1568545780", "lastchange": null, "code": "2804", "fclass": "parking", "name": null }, "geometry": { "type": "Point", "coordinates": [ -9.2269534, 38.7060243 ] } },
{ "type": "Feature", "properties": { "osm_id": "1568545789", "lastchange": null, "code": "2501", "fclass": "supermarket", "name": "Pingo Doce" }, "geometry": { "type": "Point", "coordinates": [ -9.2290965, 38.6999332 ] } },
{ "type": "Feature", "properties": { "osm_id": "1568545857", "lastchange": null, "code": "2082", "fclass": "school", "name": "Escola de Condução" }, "geometry": { "type": "Point", "coordinates": [ -9.2278466, 38.6998369 ] } },
{ "type": "Feature", "properties": { "osm_id": "1568545859", "lastchange": null, "code": "2082", "fclass": "school", "name": "Britânico" }, "geometry": { "type": "Point", "coordinates": [ -9.2270795, 38.7080546 ] } },
{ "type": "Feature", "properties": { "osm_id": "1568545892", "lastchange": null, "code": "2501", "fclass": "supermarket", "name": "Mini-Preço" }, "geometry": { "type": "Point", "coordinates": [ -9.2281041, 38.6989305 ] } },
{ "type": "Feature", "properties": { "osm_id": "1568545935", "lastchange": null, "code": "2101", "fclass": "pharmacy", "name": null }, "geometry": { "type": "Point", "coordinates": [ -9.2280638, 38.6986562 ] } },
{ "type": "Feature", "properties": { "osm_id": "1568545948", "lastchange": null, "code": "2001", "fclass": "police", "name": null }, "geometry": { "type": "Point", "coordinates": [ -9.2257384, 38.7119036 ] } },
{ "type": "Feature", "properties": { "osm_id": "1568571178", "lastchange": null, "code": "2101", "fclass": "pharmacy", "name": null }, "geometry": { "type": "Point", "coordinates": [ -9.2281363, 38.7113155 ] } },
{ "type": "Feature", "properties": { "osm_id": "1568571189", "lastchange": null, "code": "2110", "fclass": "hospital", "name": "Clinica Joaquim Chaves" }, "geometry": { "type": "Point", "coordinates": [ -9.2254111, 38.7131719 ] } },
{ "type": "Feature", "properties": { "osm_id": "1574814512", "lastchange": null, "code": "2301", "fclass": "restaurant", "name": "Afonso Restaurante" }, "geometry": { "type": "Point", "coordinates": [ -9.2255967, 38.7127095 ] } },
{ "type": "Feature", "properties": { "osm_id": "1575538662", "lastchange": null, "code": "2501", "fclass": "supermarket", "name": "LIDL" }, "geometry": { "type": "Point", "coordinates": [ -9.116967, 38.7854548 ] } },
{ "type": "Feature", "properties": { "osm_id": "1575621882", "lastchange": null, "code": "2501", "fclass": "supermarket", "name": "LIDL" }, "geometry": { "type": "Point", "coordinates": [ -9.1039422, 38.7808801 ] } },
{ "type": "Feature", "properties": { "osm_id": "1575691436", "lastchange": null, "code": "2301", "fclass": "restaurant", "name": "Ponto Final" }, "geometry": { "type": "Point", "coordinates": [ -9.1577216, 38.685034 ] } },
{ "type": "Feature", "properties": { "osm_id": "1575938293", "lastchange": null, "code": "2601", "fclass": "bank", "name": "Caixa Geral de Depósitos" }, "geometry": { "type": "Point", "coordinates": [ -9.2346024, 38.7272932 ] } },
{ "type": "Feature", "properties": { "osm_id": "1575938441", "lastchange": null, "code": "2110", "fclass": "hospital", "name": "Clinica do Coração" }, "geometry": { "type": "Point", "coordinates": [ -9.2346346, 38.7269647 ] } },
{ "type": "Feature", "properties": { "osm_id": "1575970135", "lastchange": null, "code": "2301", "fclass": "restaurant", "name": "Caravela d'Ouro Marisqueira" }, "geometry": { "type": "Point", "coordinates": [ -9.231813, 38.6989786 ] } },
{ "type": "Feature", "properties": { "osm_id": "1575970527", "lastchange": null, "code": "2082", "fclass": "school", "name": "Kids Paradise - Centro de Explicações" }, "geometry": { "type": "Point", "coordinates": [ -9.2267992, 38.7085516 ] } },
{ "type": "Feature", "properties": { "osm_id": "1575970687", "lastchange": null, "code": "2303", "fclass": "cafe", "name": null }, "geometry": { "type": "Point", "coordinates": [ -9.2308528, 38.6998095 ] } },
{ "type": "Feature", "properties": { "osm_id": "1578849055", "lastchange": null, "code": "2303", "fclass": "cafe", "name": null }, "geometry": { "type": "Point", "coordinates": [ -9.192421, 38.6173755 ] } },
{ "type": "Feature", "properties": { "osm_id": "1578849081", "lastchange": null, "code": "2503", "fclass": "kiosk", "name": null }, "geometry": { "type": "Point", "coordinates": [ -9.1884755, 38.6098159 ] } },
{ "type": "Feature", "properties": { "osm_id": "1578849090", "lastchange": null, "code": "2005", "fclass": "post_office", "name": null }, "geometry": { "type": "Point", "coordinates": [ -9.1909995, 38.6174698 ] } },
{ "type": "Feature", "properties": { "osm_id": "1578849092", "lastchange": null, "code": "2082", "fclass": "school", "name": null }, "geometry": { "type": "Point", "coordinates": [ -9.1804637, 38.6000399 ] } },
{ "type": "Feature", "properties": { "osm_id": "1578849094", "lastchange": null, "code": "2303", "fclass": "cafe", "name": null }, "geometry": { "type": "Point", "coordinates": [ -9.1928207, 38.6174195 ] } },
{ "type": "Feature", "properties": { "osm_id": "1578849112", "lastchange": null, "code": "2601", "fclass": "bank", "name": "Banco Espirito Santo" }, "geometry": { "type": "Point", "coordinates": [ -9.1980537, 38.6289574 ] } },
{ "type": "Feature", "properties": { "osm_id": "1578849142", "lastchange": null, "code": "2303", "fclass": "cafe", "name": null }, "geometry": { "type": "Point", "coordinates": [ -9.1810914, 38.6089608 ] } },
{ "type": "Feature", "properties": { "osm_id": "1578849147", "lastchange": null, "code": "2601", "fclass": "bank", "name": "Banco Português de Negócios" }, "geometry": { "type": "Point", "coordinates": [ -9.1888081, 38.6118175 ] } },
{ "type": "Feature", "properties": { "osm_id": "1578849194", "lastchange": null, "code": "2303", "fclass": "cafe", "name": null }, "geometry": { "type": "Point", "coordinates": [ -9.1989495, 38.6238656 ] } },
{ "type": "Feature", "properties": { "osm_id": "1578849234", "lastchange": null, "code": "2601", "fclass": "bank", "name": "Milénium" }, "geometry": { "type": "Point", "coordinates": [ -9.1865524, 38.6033916 ] } },
{ "type": "Feature", "properties": { "osm_id": "1578849246", "lastchange": null, "code": "2601", "fclass": "bank", "name": "Banco Espirito Santo" }, "geometry": { "type": "Point", "coordinates": [ -9.1919141, 38.6171408 ] } },
{ "type": "Feature", "properties": { "osm_id": "1578849269", "lastchange": null, "code": "2601", "fclass": "bank", "name": "Montepio" }, "geometry": { "type": "Point", "coordinates": [ -9.1987993, 38.6291837 ] } },
{ "type": "Feature", "properties": { "osm_id": "1578849308", "lastchange": null, "code": "2303", "fclass": "cafe", "name": null }, "geometry": { "type": "Point", "coordinates": [ -9.1936951, 38.6181006 ] } },
{ "type": "Feature", "properties": { "osm_id": "1578849334", "lastchange": null, "code": "2303", "fclass": "cafe", "name": "Pascoa" }, "geometry": { "type": "Point", "coordinates": [ -9.1971739, 38.6286599 ] } },
{ "type": "Feature", "properties": { "osm_id": "1578849360", "lastchange": null, "code": "2301", "fclass": "restaurant", "name": null }, "geometry": { "type": "Point", "coordinates": [ -9.1866892, 38.6077766 ] } },
{ "type": "Feature", "properties": { "osm_id": "1578849420", "lastchange": null, "code": "2082", "fclass": "school", "name": null }, "geometry": { "type": "Point", "coordinates": [ -9.1819982, 38.6013314 ] } },
{ "type": "Feature", "properties": { "osm_id": "1578849481", "lastchange": null, "code": "2303", "fclass": "cafe", "name": "Arte Café" }, "geometry": { "type": "Point", "coordinates": [ -9.1978123, 38.6286599 ] } },
{ "type": "Feature", "properties": { "osm_id": "1578849498", "lastchange": null, "code": "2301", "fclass": "restaurant", "name": "Londrinos" }, "geometry": { "type": "Point", "coordinates": [ -9.1888269, 38.6099501 ] } },
{ "type": "Feature", "properties": { "osm_id": "1578849502", "lastchange": null, "code": "2301", "fclass": "restaurant", "name": null }, "geometry": { "type": "Point", "coordinates": [ -9.1852408, 38.6033099 ] } },
{ "type": "Feature", "properties": { "osm_id": "1578849516", "lastchange": null, "code": "2301", "fclass": "restaurant", "name": "Oh Carlos!" }, "geometry": { "type": "Point", "coordinates": [ -9.1863887, 38.6067495 ] } },
{ "type": "Feature", "properties": { "osm_id": "1578849548", "lastchange": null, "code": "2303", "fclass": "cafe", "name": null }, "geometry": { "type": "Point", "coordinates": [ -9.1836019, 38.6083278 ] } },
{ "type": "Feature", "properties": { "osm_id": "1578849563", "lastchange": null, "code": "2303", "fclass": "cafe", "name": null }, "geometry": { "type": "Point", "coordinates": [ -9.192295, 38.6173902 ] } },
{ "type": "Feature", "properties": { "osm_id": "1578849581", "lastchange": null, "code": "2601", "fclass": "bank", "name": "Crédito Agricula" }, "geometry": { "type": "Point", "coordinates": [ -9.1879793, 38.6097971 ] } },
{ "type": "Feature", "properties": { "osm_id": "1578849582", "lastchange": null, "code": "2303", "fclass": "cafe", "name": null }, "geometry": { "type": "Point", "coordinates": [ -9.1931318, 38.617935 ] } },
{ "type": "Feature", "properties": { "osm_id": "1578849583", "lastchange": null, "code": "2303", "fclass": "cafe", "name": "Rei dos Caracois" }, "geometry": { "type": "Point", "coordinates": [ -9.1822233, 38.6038297 ] } },
{ "type": "Feature", "properties": { "osm_id": "1578849589", "lastchange": null, "code": "2301", "fclass": "restaurant", "name": "O Poço" }, "geometry": { "type": "Point", "coordinates": [ -9.1990246, 38.6235973 ] } },
{ "type": "Feature", "properties": { "osm_id": "1578849612", "lastchange": null, "code": "2601", "fclass": "bank", "name": "Caixa Geral de Depósitos" }, "geometry": { "type": "Point", "coordinates": [ -9.1875877, 38.6092542 ] } },
{ "type": "Feature", "properties": { "osm_id": "1578849644", "lastchange": null, "code": "2501", "fclass": "supermarket", "name": null }, "geometry": { "type": "Point", "coordinates": [ -9.186885, 38.6040855 ] } },
{ "type": "Feature", "properties": { "osm_id": "1578849661", "lastchange": null, "code": "2303", "fclass": "cafe", "name": "4 Estações" }, "geometry": { "type": "Point", "coordinates": [ -9.1888216, 38.6100088 ] } },
{ "type": "Feature", "properties": { "osm_id": "1578849672", "lastchange": null, "code": "2601", "fclass": "bank", "name": "Banco Popular" }, "geometry": { "type": "Point", "coordinates": [ -9.1881885, 38.6092856 ] } },
{ "type": "Feature", "properties": { "osm_id": "1578849719", "lastchange": null, "code": "2302", "fclass": "fast_food", "name": "TelePizza" }, "geometry": { "type": "Point", "coordinates": [ -9.1880544, 38.6092207 ] } },
{ "type": "Feature", "properties": { "osm_id": "1578849744", "lastchange": null, "code": "2101", "fclass": "pharmacy", "name": null }, "geometry": { "type": "Point", "coordinates": [ -9.1980993, 38.6290035 ] } },
{ "type": "Feature", "properties": { "osm_id": "1578849769", "lastchange": null, "code": "2801", "fclass": "fuel", "name": null }, "geometry": { "type": "Point", "coordinates": [ -9.1984399, 38.6293116 ] } },
{ "type": "Feature", "properties": { "osm_id": "1578891264", "lastchange": null, "code": "2003", "fclass": "recycling", "name": null }, "geometry": { "type": "Point", "coordinates": [ -9.297028, 38.767901 ] } },
{ "type": "Feature", "properties": { "osm_id": "1580898183", "lastchange": null, "code": "2501", "fclass": "supermarket", "name": "Pingo Doce Agualva" }, "geometry": { "type": "Point", "coordinates": [ -9.2848196, 38.7754354 ] } },
{ "type": "Feature", "properties": { "osm_id": "1580911381", "lastchange": null, "code": "2602", "fclass": "atm", "name": null }, "geometry": { "type": "Point", "coordinates": [ -9.162388, 38.6610517 ] } },
{ "type": "Feature", "properties": { "osm_id": "1580935775", "lastchange": null, "code": "2101", "fclass": "pharmacy", "name": "Farmácia Ascensão Nunes" }, "geometry": { "type": "Point", "coordinates": [ -9.2845864, 38.7750674 ] } },
{ "type": "Feature", "properties": { "osm_id": "1580939767", "lastchange": null, "code": "2301", "fclass": "restaurant", "name": "Churrasaqueira \"O Lord\"" }, "geometry": { "type": "Point", "coordinates": [ -9.1624478, 38.6612934 ] } },
{ "type": "Feature", "properties": { "osm_id": "1581019719", "lastchange": null, "code": "2601", "fclass": "bank", "name": "Caixa Geral de Depósitos da Agualva" }, "geometry": { "type": "Point", "coordinates": [ -9.2846213, 38.7735263 ] } },
{ "type": "Feature", "properties": { "osm_id": "1581019816", "lastchange": null, "code": "2082", "fclass": "school", "name": null }, "geometry": { "type": "Point", "coordinates": [ -9.2739488, 38.776138 ] } },
{ "type": "Feature", "properties": { "osm_id": "1581019853", "lastchange": null, "code": "2601", "fclass": "bank", "name": "Banco Espirito Santo da Agualva" }, "geometry": { "type": "Point", "coordinates": [ -9.2841412, 38.7735974 ] } },
{ "type": "Feature", "properties": { "osm_id": "1581019900", "lastchange": null, "code": "2101", "fclass": "pharmacy", "name": "Farmácia Idanha" }, "geometry": { "type": "Point", "coordinates": [ -9.2729885, 38.7749628 ] } },
{ "type": "Feature", "properties": { "osm_id": "1581020236", "lastchange": null, "code": "2110", "fclass": "hospital", "name": null }, "geometry": { "type": "Point", "coordinates": [ -9.2761801, 38.7738794 ] } },
{ "type": "Feature", "properties": { "osm_id": "1581060712", "lastchange": null, "code": "2501", "fclass": "supermarket", "name": "LIDL" }, "geometry": { "type": "Point", "coordinates": [ -9.2880465, 38.7711653 ] } },
{ "type": "Feature", "properties": { "osm_id": "1581421953", "lastchange": null, "code": "2082", "fclass": "school", "name": null }, "geometry": { "type": "Point", "coordinates": [ -9.2873823, 38.7717283 ] } },
{ "type": "Feature", "properties": { "osm_id": "1581538918", "lastchange": null, "code": "2804", "fclass": "parking", "name": null }, "geometry": { "type": "Point", "coordinates": [ -9.2471466, 38.7088488 ] } },
{ "type": "Feature", "properties": { "osm_id": "1581539004", "lastchange": null, "code": "2303", "fclass": "cafe", "name": null }, "geometry": { "type": "Point", "coordinates": [ -9.2565756, 38.707124 ] } },
{ "type": "Feature", "properties": { "osm_id": "1581539125", "lastchange": null, "code": "2804", "fclass": "parking", "name": null }, "geometry": { "type": "Point", "coordinates": [ -9.2512246, 38.7079988 ] } },
{ "type": "Feature", "properties": { "osm_id": "1581539268", "lastchange": null, "code": "2303", "fclass": "cafe", "name": null }, "geometry": { "type": "Point", "coordinates": [ -9.2554303, 38.7048027 ] } },
{ "type": "Feature", "properties": { "osm_id": "1581599568", "lastchange": null, "code": "2303", "fclass": "cafe", "name": null }, "geometry": { "type": "Point", "coordinates": [ -9.2401692, 38.7002377 ] } },
{ "type": "Feature", "properties": { "osm_id": "1581599767", "lastchange": null, "code": "2804", "fclass": "parking", "name": null }, "geometry": { "type": "Point", "coordinates": [ -9.237074, 38.699057 ] } },
{ "type": "Feature", "properties": { "osm_id": "1581600000", "lastchange": null, "code": "2082", "fclass": "school", "name": "Escola Amélia Rey Colaço" }, "geometry": { "type": "Point", "coordinates": [ -9.2425612, 38.7066637 ] } },
{ "type": "Feature", "properties": { "osm_id": "1581600400", "lastchange": null, "code": "2005", "fclass": "post_office", "name": "Correios" }, "geometry": { "type": "Point", "coordinates": [ -9.2401906, 38.7000638 ] } },
{ "type": "Feature", "properties": { "osm_id": "1581600579", "lastchange": null, "code": "2082", "fclass": "school", "name": null }, "geometry": { "type": "Point", "coordinates": [ -9.2385757, 38.7003254 ] } },
{ "type": "Feature", "properties": { "osm_id": "1583429106", "lastchange": null, "code": "2804", "fclass": "parking", "name": null }, "geometry": { "type": "Point", "coordinates": [ -9.206841, 38.7475085 ] } },
{ "type": "Feature", "properties": { "osm_id": "1583429119", "lastchange": null, "code": "2304", "fclass": "pub", "name": null }, "geometry": { "type": "Point", "coordinates": [ -9.2065299, 38.7495417 ] } },
{ "type": "Feature", "properties": { "osm_id": "1583429140", "lastchange": null, "code": "2501", "fclass": "supermarket", "name": "LIDL" }, "geometry": { "type": "Point", "coordinates": [ -9.2057037, 38.7457157 ] } },
{ "type": "Feature", "properties": { "osm_id": "1583429183", "lastchange": null, "code": "2301", "fclass": "restaurant", "name": null }, "geometry": { "type": "Point", "coordinates": [ -9.2065567, 38.7498053 ] } },
{ "type": "Feature", "properties": { "osm_id": "1583429198", "lastchange": null, "code": "2801", "fclass": "fuel", "name": null }, "geometry": { "type": "Point", "coordinates": [ -9.2073452, 38.748523 ] } },
{ "type": "Feature", "properties": { "osm_id": "1583660824", "lastchange": null, "code": "2101", "fclass": "pharmacy", "name": "Farmácia Alto dos Moinhos" }, "geometry": { "type": "Point", "coordinates": [ -9.1803376, 38.7514845 ] } },
{ "type": "Feature", "properties": { "osm_id": "1583748410", "lastchange": null, "code": "2303", "fclass": "cafe", "name": "Pastelaria Bonfim" }, "geometry": { "type": "Point", "coordinates": [ -9.181875, 38.7462068 ] } },
{ "type": "Feature", "properties": { "osm_id": "1583748415", "lastchange": null, "code": "2303", "fclass": "cafe", "name": "Pastelaria Columbia" }, "geometry": { "type": "Point", "coordinates": [ -9.1807404, 38.7479661 ] } },
{ "type": "Feature", "properties": { "osm_id": "1583748420", "lastchange": null, "code": "2007", "fclass": "library", "name": "Passar Páginas" }, "geometry": { "type": "Point", "coordinates": [ -9.1813464, 38.7481355 ] } },
{ "type": "Feature", "properties": { "osm_id": "1583748421", "lastchange": null, "code": "2303", "fclass": "cafe", "name": "Café 2" }, "geometry": { "type": "Point", "coordinates": [ -9.1799518, 38.7486899 ] } },
{ "type": "Feature", "properties": { "osm_id": "1584202013", "lastchange": null, "code": "2101", "fclass": "pharmacy", "name": null }, "geometry": { "type": "Point", "coordinates": [ -9.2404489, 38.6999611 ] } },
{ "type": "Feature", "properties": { "osm_id": "1584202130", "lastchange": null, "code": "2110", "fclass": "hospital", "name": "Clinica Privada" }, "geometry": { "type": "Point", "coordinates": [ -9.2336951, 38.6992619 ] } },
{ "type": "Feature", "properties": { "osm_id": "1585677447", "lastchange": null, "code": "2503", "fclass": "kiosk", "name": null }, "geometry": { "type": "Point", "coordinates": [ -9.1938724, 38.7056628 ] } },
{ "type": "Feature", "properties": { "osm_id": "1585677479", "lastchange": null, "code": "2303", "fclass": "cafe", "name": null }, "geometry": { "type": "Point", "coordinates": [ -9.1958196, 38.7050893 ] } },
{ "type": "Feature", "properties": { "osm_id": "1585677486", "lastchange": null, "code": "2110", "fclass": "hospital", "name": null }, "geometry": { "type": "Point", "coordinates": [ -9.1943578, 38.7055414 ] } },
{ "type": "Feature", "properties": { "osm_id": "1585686580", "lastchange": null, "code": "2110", "fclass": "hospital", "name": "Clinica Dentária Profilaxia Reabilitação oral da Ajuda Lda." }, "geometry": { "type": "Point", "coordinates": [ -9.1960903, 38.7048046 ] } },
{ "type": "Feature", "properties": { "osm_id": "1585869227", "lastchange": null, "code": "2005", "fclass": "post_office", "name": "Estação de Correios" }, "geometry": { "type": "Point", "coordinates": [ -9.2452036, 38.7109151 ] } },
{ "type": "Feature", "properties": { "osm_id": "1586066504", "lastchange": null, "code": "2601", "fclass": "bank", "name": null }, "geometry": { "type": "Point", "coordinates": [ -9.1456815, 38.7337721 ] } },
{ "type": "Feature", "properties": { "osm_id": "1586066514", "lastchange": null, "code": "2601", "fclass": "bank", "name": null }, "geometry": { "type": "Point", "coordinates": [ -9.1456067, 38.7340365 ] } },
{ "type": "Feature", "properties": { "osm_id": "1586125333", "lastchange": null, "code": "2303", "fclass": "cafe", "name": null }, "geometry": { "type": "Point", "coordinates": [ -9.2472694, 38.7114049 ] } },
{ "type": "Feature", "properties": { "osm_id": "1586152934", "lastchange": null, "code": "2301", "fclass": "restaurant", "name": "Pizza na Brasa" }, "geometry": { "type": "Point", "coordinates": [ -9.2443431, 38.709134 ] } },
{ "type": "Feature", "properties": { "osm_id": "1586202758", "lastchange": null, "code": "2005", "fclass": "post_office", "name": "CTT" }, "geometry": { "type": "Point", "coordinates": [ -9.1541237, 38.720408 ] } },
{ "type": "Feature", "properties": { "osm_id": "1586249277", "lastchange": null, "code": "2503", "fclass": "kiosk", "name": null }, "geometry": { "type": "Point", "coordinates": [ -9.1520008, 38.7214732 ] } },
{ "type": "Feature", "properties": { "osm_id": "1586249303", "lastchange": null, "code": "2303", "fclass": "cafe", "name": "Os cabacinhas" }, "geometry": { "type": "Point", "coordinates": [ -9.1524192, 38.7222244 ] } },
{ "type": "Feature", "properties": { "osm_id": "1586249378", "lastchange": null, "code": "2302", "fclass": "fast_food", "name": "McDonalds" }, "geometry": { "type": "Point", "coordinates": [ -9.1525238, 38.7219398 ] } },
{ "type": "Feature", "properties": { "osm_id": "1586291729", "lastchange": null, "code": "2601", "fclass": "bank", "name": "Caixa Geral Depositos" }, "geometry": { "type": "Point", "coordinates": [ -9.1521858, 38.7220779 ] } },
{ "type": "Feature", "properties": { "osm_id": "1586292662", "lastchange": null, "code": "2004", "fclass": "post_box", "name": null }, "geometry": { "type": "Point", "coordinates": [ -9.150657, 38.7239864 ] } },
{ "type": "Feature", "properties": { "osm_id": "1586292847", "lastchange": null, "code": "2601", "fclass": "bank", "name": "BES" }, "geometry": { "type": "Point", "coordinates": [ -9.1507562, 38.7245054 ] } },
{ "type": "Feature", "properties": { "osm_id": "1586355541", "lastchange": null, "code": "2602", "fclass": "atm", "name": null }, "geometry": { "type": "Point", "coordinates": [ -9.1521427, 38.7221201 ] } },
{ "type": "Feature", "properties": { "osm_id": "1586355566", "lastchange": null, "code": "2602", "fclass": "atm", "name": null }, "geometry": { "type": "Point", "coordinates": [ -9.1503778, 38.724378 ] } },
{ "type": "Feature", "properties": { "osm_id": "1586355567", "lastchange": null, "code": "2303", "fclass": "cafe", "name": null }, "geometry": { "type": "Point", "coordinates": [ -9.1541973, 38.7238632 ] } },
{ "type": "Feature", "properties": { "osm_id": "1586355574", "lastchange": null, "code": "2303", "fclass": "cafe", "name": null }, "geometry": { "type": "Point", "coordinates": [ -9.1540793, 38.7237084 ] } },
{ "type": "Feature", "properties": { "osm_id": "1586355579", "lastchange": null, "code": "2301", "fclass": "restaurant", "name": "Bocca" }, "geometry": { "type": "Point", "coordinates": [ -9.1542697, 38.7239616 ] } },
{ "type": "Feature", "properties": { "osm_id": "1586374691", "lastchange": null, "code": "2303", "fclass": "cafe", "name": "Mira Tejo" }, "geometry": { "type": "Point", "coordinates": [ -9.2418601, 38.7151703 ] } },
{ "type": "Feature", "properties": { "osm_id": "1586374692", "lastchange": null, "code": "2601", "fclass": "bank", "name": "Millenium" }, "geometry": { "type": "Point", "coordinates": [ -9.2412995, 38.7154068 ] } },
{ "type": "Feature", "properties": { "osm_id": "1586374694", "lastchange": null, "code": "2601", "fclass": "bank", "name": "Banco Popular" }, "geometry": { "type": "Point", "coordinates": [ -9.2417206, 38.7152289 ] } },
{ "type": "Feature", "properties": { "osm_id": "1586384033", "lastchange": null, "code": "2601", "fclass": "bank", "name": null }, "geometry": { "type": "Point", "coordinates": [ -9.2410206, 38.7155972 ] } },
{ "type": "Feature", "properties": { "osm_id": "1586384043", "lastchange": null, "code": "2303", "fclass": "cafe", "name": "Aquarius" }, "geometry": { "type": "Point", "coordinates": [ -9.2400979, 38.7153795 ] } },
{ "type": "Feature", "properties": { "osm_id": "1587000927", "lastchange": null, "code": "2110", "fclass": "hospital", "name": null }, "geometry": { "type": "Point", "coordinates": [ -9.1937302, 38.7043567 ] } },
{ "type": "Feature", "properties": { "osm_id": "1587000944", "lastchange": null, "code": "2501", "fclass": "supermarket", "name": "Supermercado C.C. Boa-Hora" }, "geometry": { "type": "Point", "coordinates": [ -9.1954468, 38.7037183 ] } },
{ "type": "Feature", "properties": { "osm_id": "1587055408", "lastchange": null, "code": "2501", "fclass": "supermarket", "name": "Pingo Doce" }, "geometry": { "type": "Point", "coordinates": [ -9.1549688, 38.7210177 ] } },
{ "type": "Feature", "properties": { "osm_id": "1587066221", "lastchange": null, "code": "2303", "fclass": "cafe", "name": null }, "geometry": { "type": "Point", "coordinates": [ -9.1536789, 38.7232521 ] } },
{ "type": "Feature", "properties": { "osm_id": "1587066223", "lastchange": null, "code": "2301", "fclass": "restaurant", "name": "Grill" }, "geometry": { "type": "Point", "coordinates": [ -9.152032, 38.7223041 ] } },
{ "type": "Feature", "properties": { "osm_id": "1587066226", "lastchange": null, "code": "2303", "fclass": "cafe", "name": null }, "geometry": { "type": "Point", "coordinates": [ -9.1510504, 38.7239635 ] } },
{ "type": "Feature", "properties": { "osm_id": "1587070436", "lastchange": null, "code": "2303", "fclass": "cafe", "name": null }, "geometry": { "type": "Point", "coordinates": [ -9.1547858, 38.7319678 ] } },
{ "type": "Feature", "properties": { "osm_id": "1587070600", "lastchange": null, "code": "2301", "fclass": "restaurant", "name": "Espaço Açores" }, "geometry": { "type": "Point", "coordinates": [ -9.1944142, 38.7036723 ] } },
{ "type": "Feature", "properties": { "osm_id": "1587070643", "lastchange": null, "code": "2006", "fclass": "telephone", "name": null }, "geometry": { "type": "Point", "coordinates": [ -9.1955809, 38.704834 ] } },
{ "type": "Feature", "properties": { "osm_id": "1587080575", "lastchange": null, "code": "2110", "fclass": "hospital", "name": "Centro Clinico da Boa-Hora" }, "geometry": { "type": "Point", "coordinates": [ -9.1951169, 38.7036011 ] } },
{ "type": "Feature", "properties": { "osm_id": "1587080594", "lastchange": null, "code": "2601", "fclass": "bank", "name": "Caixa Geral de Depositos" }, "geometry": { "type": "Point", "coordinates": [ -9.195656, 38.7034901 ] } },
{ "type": "Feature", "properties": { "osm_id": "1587098182", "lastchange": null, "code": "2303", "fclass": "cafe", "name": "Café Snack-Bar Bonança" }, "geometry": { "type": "Point", "coordinates": [ -9.1939233, 38.7050977 ] } },
{ "type": "Feature", "properties": { "osm_id": "1587098186", "lastchange": null, "code": "2303", "fclass": "cafe", "name": "Café Flor das Jóias" }, "geometry": { "type": "Point", "coordinates": [ -9.1946556, 38.7049951 ] } },
{ "type": "Feature", "properties": { "osm_id": "1587098200", "lastchange": null, "code": "2303", "fclass": "cafe", "name": "Snak-Bar o Anexo" }, "geometry": { "type": "Point", "coordinates": [ -9.1935693, 38.7049177 ] } },
{ "type": "Feature", "properties": { "osm_id": "1587098201", "lastchange": null, "code": "2303", "fclass": "cafe", "name": "Cafetaria os Doces" }, "geometry": { "type": "Point", "coordinates": [ -9.193749, 38.7053363 ] } },
{ "type": "Feature", "properties": { "osm_id": "1587128367", "lastchange": null, "code": "2301", "fclass": "restaurant", "name": "Páteo Alfacinha" }, "geometry": { "type": "Point", "coordinates": [ -9.19439, 38.7063326 ] } },
{ "type": "Feature", "properties": { "osm_id": "1587160685", "lastchange": null, "code": "2502", "fclass": "bakery", "name": null }, "geometry": { "type": "Point", "coordinates": [ -9.19461, 38.7036241 ] } },
{ "type": "Feature", "properties": { "osm_id": "1587160701", "lastchange": null, "code": "2804", "fclass": "parking", "name": null }, "geometry": { "type": "Point", "coordinates": [ -9.1946849, 38.7063786 ] } },
{ "type": "Feature", "properties": { "osm_id": "1587160704", "lastchange": null, "code": "2303", "fclass": "cafe", "name": null }, "geometry": { "type": "Point", "coordinates": [ -9.1949076, 38.7036282 ] } },
{ "type": "Feature", "properties": { "osm_id": "1587160724", "lastchange": null, "code": "2301", "fclass": "restaurant", "name": "Restaurante A Toca dos Caracóis" }, "geometry": { "type": "Point", "coordinates": [ -9.1954736, 38.7035194 ] } },
{ "type": "Feature", "properties": { "osm_id": "1587190458", "lastchange": null, "code": "2004", "fclass": "post_box", "name": null }, "geometry": { "type": "Point", "coordinates": [ -9.2051662, 38.6611748 ] } },
{ "type": "Feature", "properties": { "osm_id": "1587195058", "lastchange": null, "code": "2602", "fclass": "atm", "name": null }, "geometry": { "type": "Point", "coordinates": [ -9.2057751, 38.6607643 ] } },
{ "type": "Feature", "properties": { "osm_id": "1587195059", "lastchange": null, "code": "2602", "fclass": "atm", "name": null }, "geometry": { "type": "Point", "coordinates": [ -9.2056007, 38.6612083 ] } },
{ "type": "Feature", "properties": { "osm_id": "1587518088", "lastchange": null, "code": "2801", "fclass": "fuel", "name": "Repsol" }, "geometry": { "type": "Point", "coordinates": [ -9.2246329, 38.7086759 ] } },
{ "type": "Feature", "properties": { "osm_id": "1587518269", "lastchange": null, "code": "2804", "fclass": "parking", "name": null }, "geometry": { "type": "Point", "coordinates": [ -9.2301475, 38.6989448 ] } },
{ "type": "Feature", "properties": { "osm_id": "1587566403", "lastchange": null, "code": "2006", "fclass": "telephone", "name": null }, "geometry": { "type": "Point", "coordinates": [ -9.1617393, 38.6591033 ] } },
{ "type": "Feature", "properties": { "osm_id": "1587583125", "lastchange": null, "code": "2804", "fclass": "parking", "name": null }, "geometry": { "type": "Point", "coordinates": [ -9.1562033, 38.6784641 ] } },
{ "type": "Feature", "properties": { "osm_id": "1587597125", "lastchange": null, "code": "2303", "fclass": "cafe", "name": "Café Central de Almada" }, "geometry": { "type": "Point", "coordinates": [ -9.1555827, 38.6806035 ] } },
{ "type": "Feature", "properties": { "osm_id": "1587736303", "lastchange": null, "code": "2003", "fclass": "recycling", "name": null }, "geometry": { "type": "Point", "coordinates": [ -9.1623674, 38.6602673 ] } },
{ "type": "Feature", "properties": { "osm_id": "1587736308", "lastchange": null, "code": "2303", "fclass": "cafe", "name": null }, "geometry": { "type": "Point", "coordinates": [ -9.1624101, 38.6611009 ] } },
{ "type": "Feature", "properties": { "osm_id": "1587736326", "lastchange": null, "code": "2303", "fclass": "cafe", "name": null }, "geometry": { "type": "Point", "coordinates": [ -9.1619919, 38.6611051 ] } },
{ "type": "Feature", "properties": { "osm_id": "1587736329", "lastchange": null, "code": "2303", "fclass": "cafe", "name": null }, "geometry": { "type": "Point", "coordinates": [ -9.1622226, 38.65984 ] } },
{ "type": "Feature", "properties": { "osm_id": "1588263923", "lastchange": null, "code": "2601", "fclass": "bank", "name": "BPI" }, "geometry": { "type": "Point", "coordinates": [ -9.179766, 38.7607127 ] } },
{ "type": "Feature", "properties": { "osm_id": "1588263929", "lastchange": null, "code": "2601", "fclass": "bank", "name": "Montepio" }, "geometry": { "type": "Point", "coordinates": [ -9.1809837, 38.7634274 ] } },
{ "type": "Feature", "properties": { "osm_id": "1588263934", "lastchange": null, "code": "2303", "fclass": "cafe", "name": "Bellísima" }, "geometry": { "type": "Point", "coordinates": [ -9.179825, 38.764059 ] } },
{ "type": "Feature", "properties": { "osm_id": "1588263939", "lastchange": null, "code": "2301", "fclass": "restaurant", "name": "Mapomme" }, "geometry": { "type": "Point", "coordinates": [ -9.1795568, 38.7615493 ] } },
{ "type": "Feature", "properties": { "osm_id": "1588263943", "lastchange": null, "code": "2303", "fclass": "cafe", "name": "Kaffa" }, "geometry": { "type": "Point", "coordinates": [ -9.1774751, 38.7639835 ] } },
{ "type": "Feature", "properties": { "osm_id": "1588263948", "lastchange": null, "code": "2601", "fclass": "bank", "name": "Millennium BCP" }, "geometry": { "type": "Point", "coordinates": [ -9.1795621, 38.7622143 ] } },
{ "type": "Feature", "properties": { "osm_id": "1588263949", "lastchange": null, "code": "2301", "fclass": "restaurant", "name": "Corean Sushi" }, "geometry": { "type": "Point", "coordinates": [ -9.1804419, 38.764059 ] } },
{ "type": "Feature", "properties": { "osm_id": "1588263951", "lastchange": null, "code": "2601", "fclass": "bank", "name": "Banif" }, "geometry": { "type": "Point", "coordinates": [ -9.1806431, 38.7638143 ] } },
{ "type": "Feature", "properties": { "osm_id": "1588263955", "lastchange": null, "code": "2601", "fclass": "bank", "name": "BES" }, "geometry": { "type": "Point", "coordinates": [ -9.1806994, 38.7638687 ] } },
{ "type": "Feature", "properties": { "osm_id": "1588263962", "lastchange": null, "code": "2101", "fclass": "pharmacy", "name": "Farmácia Telheiras Lisboa" }, "geometry": { "type": "Point", "coordinates": [ -9.1773359, 38.7635738 ] } },
{ "type": "Feature", "properties": { "osm_id": "1588263963", "lastchange": null, "code": "2601", "fclass": "bank", "name": "Crédito Agrícola" }, "geometry": { "type": "Point", "coordinates": [ -9.1805625, 38.7637662 ] } },
{ "type": "Feature", "properties": { "osm_id": "1588263964", "lastchange": null, "code": "2601", "fclass": "bank", "name": "BES" }, "geometry": { "type": "Point", "coordinates": [ -9.1819117, 38.7640924 ] } },
{ "type": "Feature", "properties": { "osm_id": "1588263976", "lastchange": null, "code": "2301", "fclass": "restaurant", "name": "As Primas" }, "geometry": { "type": "Point", "coordinates": [ -9.1807584, 38.7632684 ] } },
{ "type": "Feature", "properties": { "osm_id": "1588263977", "lastchange": null, "code": "2601", "fclass": "bank", "name": "CGD" }, "geometry": { "type": "Point", "coordinates": [ -9.1805063, 38.7637118 ] } },
{ "type": "Feature", "properties": { "osm_id": "1588263978", "lastchange": null, "code": "2301", "fclass": "restaurant", "name": "Nagoya - Sushi" }, "geometry": { "type": "Point", "coordinates": [ -9.1797767, 38.7625615 ] } },
{ "type": "Feature", "properties": { "osm_id": "1588263983", "lastchange": null, "code": "2303", "fclass": "cafe", "name": "Flyman" }, "geometry": { "type": "Point", "coordinates": [ -9.1783069, 38.7640046 ] } },
{ "type": "Feature", "properties": { "osm_id": "1588263985", "lastchange": null, "code": "2301", "fclass": "restaurant", "name": "Valadares" }, "geometry": { "type": "Point", "coordinates": [ -9.1805277, 38.7630509 ] } },
{ "type": "Feature", "properties": { "osm_id": "1588263988", "lastchange": null, "code": "2301", "fclass": "restaurant", "name": "Coroa Real" }, "geometry": { "type": "Point", "coordinates": [ -9.1797874, 38.7610431 ] } },
{ "type": "Feature", "properties": { "osm_id": "1588263995", "lastchange": null, "code": "2601", "fclass": "bank", "name": "Santander Totta" }, "geometry": { "type": "Point", "coordinates": [ -9.1817291, 38.7639502 ] } },
{ "type": "Feature", "properties": { "osm_id": "1588263997", "lastchange": null, "code": "2301", "fclass": "restaurant", "name": "Pizza Hut" }, "geometry": { "type": "Point", "coordinates": [ -9.1795675, 38.7620554 ] } },
{ "type": "Feature", "properties": { "osm_id": "1588264000", "lastchange": null, "code": "2502", "fclass": "bakery", "name": "Pastelaria Pompeia" }, "geometry": { "type": "Point", "coordinates": [ -9.1795997, 38.7608967 ] } },
{ "type": "Feature", "properties": { "osm_id": "1588268965", "lastchange": null, "code": "2303", "fclass": "cafe", "name": "Paladares" }, "geometry": { "type": "Point", "coordinates": [ -9.1780491, 38.7634146 ] } },
{ "type": "Feature", "properties": { "osm_id": "1588268970", "lastchange": null, "code": "2301", "fclass": "restaurant", "name": "Lizarran" }, "geometry": { "type": "Point", "coordinates": [ -9.1794227, 38.7632642 ] } },
{ "type": "Feature", "properties": { "osm_id": "1588268972", "lastchange": null, "code": "2303", "fclass": "cafe", "name": "Entre Nós" }, "geometry": { "type": "Point", "coordinates": [ -9.1794388, 38.761223 ] } },
{ "type": "Feature", "properties": { "osm_id": "1588268974", "lastchange": null, "code": "2301", "fclass": "restaurant", "name": "Prato Raso" }, "geometry": { "type": "Point", "coordinates": [ -9.1786555, 38.7640088 ] } },
{ "type": "Feature", "properties": { "osm_id": "1588268975", "lastchange": null, "code": "2303", "fclass": "cafe", "name": "Branata" }, "geometry": { "type": "Point", "coordinates": [ -9.1796211, 38.7634483 ] } },
{ "type": "Feature", "properties": { "osm_id": "1588271932", "lastchange": null, "code": "2601", "fclass": "bank", "name": "BPI" }, "geometry": { "type": "Point", "coordinates": [ -9.173908, 38.7614656 ] } },
{ "type": "Feature", "properties": { "osm_id": "1588271933", "lastchange": null, "code": "2101", "fclass": "pharmacy", "name": "Farmácia Nova Telheiras" }, "geometry": { "type": "Point", "coordinates": [ -9.1744552, 38.7609051 ] } },
{ "type": "Feature", "properties": { "osm_id": "1588272824", "lastchange": null, "code": "2101", "fclass": "pharmacy", "name": "Farmácia Quejas" }, "geometry": { "type": "Point", "coordinates": [ -9.1702495, 38.7607043 ] } },
{ "type": "Feature", "properties": { "osm_id": "1588840862", "lastchange": null, "code": "2301", "fclass": "restaurant", "name": "A Cabrita" }, "geometry": { "type": "Point", "coordinates": [ -9.1491539, 38.6861619 ] } },
{ "type": "Feature", "properties": { "osm_id": "1588840866", "lastchange": null, "code": "2301", "fclass": "restaurant", "name": "A Tricanita" }, "geometry": { "type": "Point", "coordinates": [ -9.1481609, 38.6871334 ] } },
{ "type": "Feature", "properties": { "osm_id": "1588840876", "lastchange": null, "code": "2301", "fclass": "restaurant", "name": "Ancorense" }, "geometry": { "type": "Point", "coordinates": [ -9.1493059, 38.6859027 ] } },
{ "type": "Feature", "properties": { "osm_id": "1588840879", "lastchange": null, "code": "2301", "fclass": "restaurant", "name": "Cova Funda" }, "geometry": { "type": "Point", "coordinates": [ -9.1492758, 38.6859802 ] } },
{ "type": "Feature", "properties": { "osm_id": "1588840889", "lastchange": null, "code": "2301", "fclass": "restaurant", "name": "O Cacilheiro" }, "geometry": { "type": "Point", "coordinates": [ -9.1480108, 38.687017 ] } },
{ "type": "Feature", "properties": { "osm_id": "1588840896", "lastchange": null, "code": "2301", "fclass": "restaurant", "name": "O Martins" }, "geometry": { "type": "Point", "coordinates": [ -9.1504985, 38.684622 ] } },
{ "type": "Feature", "properties": { "osm_id": "1588840899", "lastchange": null, "code": "2303", "fclass": "cafe", "name": "O Sandro" }, "geometry": { "type": "Point", "coordinates": [ -9.1484239, 38.6839366 ] } },
{ "type": "Feature", "properties": { "osm_id": "1588840909", "lastchange": null, "code": "2303", "fclass": "cafe", "name": "Sabores do Tejo" }, "geometry": { "type": "Point", "coordinates": [ -9.1480643, 38.6873472 ] } },
{ "type": "Feature", "properties": { "osm_id": "1588840918", "lastchange": null, "code": "2303", "fclass": "cafe", "name": "Sambinha" }, "geometry": { "type": "Point", "coordinates": [ -9.150246, 38.6842168 ] } },
{ "type": "Feature", "properties": { "osm_id": "1588840920", "lastchange": null, "code": "2301", "fclass": "restaurant", "name": "Vale do Rio" }, "geometry": { "type": "Point", "coordinates": [ -9.148188, 38.6875569 ] } },
{ "type": "Feature", "properties": { "osm_id": "1588881124", "lastchange": null, "code": "2503", "fclass": "kiosk", "name": null }, "geometry": { "type": "Point", "coordinates": [ -9.1232695, 38.7897148 ] } },
{ "type": "Feature", "properties": { "osm_id": "1588881169", "lastchange": null, "code": "2006", "fclass": "telephone", "name": null }, "geometry": { "type": "Point", "coordinates": [ -9.1193964, 38.794241 ] } },
{ "type": "Feature", "properties": { "osm_id": "1588881172", "lastchange": null, "code": "2003", "fclass": "recycling", "name": null }, "geometry": { "type": "Point", "coordinates": [ -9.1232453, 38.7900932 ] } },
{ "type": "Feature", "properties": { "osm_id": "1588881198", "lastchange": null, "code": "2303", "fclass": "cafe", "name": null }, "geometry": { "type": "Point", "coordinates": [ -9.1212015, 38.7928737 ] } },
{ "type": "Feature", "properties": { "osm_id": "1588881229", "lastchange": null, "code": "2303", "fclass": "cafe", "name": null }, "geometry": { "type": "Point", "coordinates": [ -9.1194822, 38.7942744 ] } },
{ "type": "Feature", "properties": { "osm_id": "1588881232", "lastchange": null, "code": "2303", "fclass": "cafe", "name": null }, "geometry": { "type": "Point", "coordinates": [ -9.1207659, 38.7929217 ] } },
{ "type": "Feature", "properties": { "osm_id": "1588881241", "lastchange": null, "code": "2303", "fclass": "cafe", "name": null }, "geometry": { "type": "Point", "coordinates": [ -9.1196485, 38.7925978 ] } },
{ "type": "Feature", "properties": { "osm_id": "1588881271", "lastchange": null, "code": "2301", "fclass": "restaurant", "name": null }, "geometry": { "type": "Point", "coordinates": [ -9.1212524, 38.7916821 ] } },
{ "type": "Feature", "properties": { "osm_id": "1588881306", "lastchange": null, "code": "2601", "fclass": "bank", "name": null }, "geometry": { "type": "Point", "coordinates": [ -9.1210486, 38.7907455 ] } },
{ "type": "Feature", "properties": { "osm_id": "1588881334", "lastchange": null, "code": "2101", "fclass": "pharmacy", "name": null }, "geometry": { "type": "Point", "coordinates": [ -9.1188921, 38.7944416 ] } },
{ "type": "Feature", "properties": { "osm_id": "1588881342", "lastchange": null, "code": "2502", "fclass": "bakery", "name": null }, "geometry": { "type": "Point", "coordinates": [ -9.1207509, 38.7902877 ] } },
{ "type": "Feature", "properties": { "osm_id": "1588881344", "lastchange": null, "code": "2003", "fclass": "recycling", "name": null }, "geometry": { "type": "Point", "coordinates": [ -9.1244657, 38.7902291 ] } },
{ "type": "Feature", "properties": { "osm_id": "1588881347", "lastchange": null, "code": "2303", "fclass": "cafe", "name": null }, "geometry": { "type": "Point", "coordinates": [ -9.1201957, 38.7927149 ] } },
{ "type": "Feature", "properties": { "osm_id": "1588889200", "lastchange": null, "code": "2003", "fclass": "recycling", "name": null }, "geometry": { "type": "Point", "coordinates": [ -9.1225185, 38.7920877 ] } },
{ "type": "Feature", "properties": { "osm_id": "1588889202", "lastchange": null, "code": "2003", "fclass": "recycling", "name": null }, "geometry": { "type": "Point", "coordinates": [ -9.1194768, 38.7931748 ] } },
{ "type": "Feature", "properties": { "osm_id": "1588889209", "lastchange": null, "code": "2301", "fclass": "restaurant", "name": null }, "geometry": { "type": "Point", "coordinates": [ -9.1205846, 38.7907455 ] } },
{ "type": "Feature", "properties": { "osm_id": "1588889224", "lastchange": null, "code": "2003", "fclass": "recycling", "name": null }, "geometry": { "type": "Point", "coordinates": [ -9.1206677, 38.7933671 ] } },
{ "type": "Feature", "properties": { "osm_id": "1588889229", "lastchange": null, "code": "2003", "fclass": "recycling", "name": null }, "geometry": { "type": "Point", "coordinates": [ -9.1216491, 38.7925562 ] } },
{ "type": "Feature", "properties": { "osm_id": "1588889236", "lastchange": null, "code": "2003", "fclass": "recycling", "name": null }, "geometry": { "type": "Point", "coordinates": [ -9.1191228, 38.7942451 ] } },
{ "type": "Feature", "properties": { "osm_id": "1588889238", "lastchange": null, "code": "2003", "fclass": "recycling", "name": null }, "geometry": { "type": "Point", "coordinates": [ -9.119568, 38.7922508 ] } },
{ "type": "Feature", "properties": { "osm_id": "1588889240", "lastchange": null, "code": "2003", "fclass": "recycling", "name": null }, "geometry": { "type": "Point", "coordinates": [ -9.1244834, 38.7910778 ] } },
{ "type": "Feature", "properties": { "osm_id": "1588889255", "lastchange": null, "code": "2003", "fclass": "recycling", "name": null }, "geometry": { "type": "Point", "coordinates": [ -9.12026, 38.7925392 ] } },
{ "type": "Feature", "properties": { "osm_id": "1588899238", "lastchange": null, "code": "2301", "fclass": "restaurant", "name": null }, "geometry": { "type": "Point", "coordinates": [ -9.1205363, 38.7896082 ] } },
{ "type": "Feature", "properties": { "osm_id": "1588899244", "lastchange": null, "code": "2003", "fclass": "recycling", "name": null }, "geometry": { "type": "Point", "coordinates": [ -9.1207697, 38.7919204 ] } },
{ "type": "Feature", "properties": { "osm_id": "1588899247", "lastchange": null, "code": "2301", "fclass": "restaurant", "name": null }, "geometry": { "type": "Point", "coordinates": [ -9.1212203, 38.7894451 ] } },
{ "type": "Feature", "properties": { "osm_id": "1588899251", "lastchange": null, "code": "2301", "fclass": "restaurant", "name": "leitão" }, "geometry": { "type": "Point", "coordinates": [ -9.1203164, 38.7897901 ] } },
{ "type": "Feature", "properties": { "osm_id": "1588899257", "lastchange": null, "code": "2301", "fclass": "restaurant", "name": null }, "geometry": { "type": "Point", "coordinates": [ -9.1203459, 38.789604 ] } },
{ "type": "Feature", "properties": { "osm_id": "1588924905", "lastchange": null, "code": "2303", "fclass": "cafe", "name": null }, "geometry": { "type": "Point", "coordinates": [ -9.1203298, 38.7903358 ] } },
{ "type": "Feature", "properties": { "osm_id": "1588924906", "lastchange": null, "code": "2083", "fclass": "kindergarten", "name": null }, "geometry": { "type": "Point", "coordinates": [ -9.1210003, 38.789811 ] } },
{ "type": "Feature", "properties": { "osm_id": "1588924910", "lastchange": null, "code": "2003", "fclass": "recycling", "name": null }, "geometry": { "type": "Point", "coordinates": [ -9.1220357, 38.7905406 ] } },
{ "type": "Feature", "properties": { "osm_id": "1588924924", "lastchange": null, "code": "2083", "fclass": "kindergarten", "name": null }, "geometry": { "type": "Point", "coordinates": [ -9.1229047, 38.7928905 ] } },
{ "type": "Feature", "properties": { "osm_id": "1588924926", "lastchange": null, "code": "2082", "fclass": "school", "name": null }, "geometry": { "type": "Point", "coordinates": [ -9.1230603, 38.7919873 ] } },
{ "type": "Feature", "properties": { "osm_id": "1588924927", "lastchange": null, "code": "2303", "fclass": "cafe", "name": null }, "geometry": { "type": "Point", "coordinates": [ -9.1202547, 38.7901769 ] } },
{ "type": "Feature", "properties": { "osm_id": "1588924928", "lastchange": null, "code": "2083", "fclass": "kindergarten", "name": null }, "geometry": { "type": "Point", "coordinates": [ -9.1220947, 38.7894786 ] } },
{ "type": "Feature", "properties": { "osm_id": "1588924933", "lastchange": null, "code": "2901", "fclass": "toilet", "name": null }, "geometry": { "type": "Point", "coordinates": [ -9.12313, 38.7897378 ] } },
{ "type": "Feature", "properties": { "osm_id": "1588924939", "lastchange": null, "code": "2003", "fclass": "recycling", "name": null }, "geometry": { "type": "Point", "coordinates": [ -9.1228779, 38.7898863 ] } },
{ "type": "Feature", "properties": { "osm_id": "1589678405", "lastchange": null, "code": "2101", "fclass": "pharmacy", "name": "Farmácia" }, "geometry": { "type": "Point", "coordinates": [ -9.2327109, 38.7077433 ] } },
{ "type": "Feature", "properties": { "osm_id": "1589700634", "lastchange": null, "code": "2303", "fclass": "cafe", "name": null }, "geometry": { "type": "Point", "coordinates": [ -9.2320725, 38.7073833 ] } },
{ "type": "Feature", "properties": { "osm_id": "1589700652", "lastchange": null, "code": "2083", "fclass": "kindergarten", "name": "Infantário" }, "geometry": { "type": "Point", "coordinates": [ -9.2321449, 38.70866 ] } },
{ "type": "Feature", "properties": { "osm_id": "1589700685", "lastchange": null, "code": "2083", "fclass": "kindergarten", "name": "Mundo Mágico" }, "geometry": { "type": "Point", "coordinates": [ -9.2321047, 38.7076093 ] } },
{ "type": "Feature", "properties": { "osm_id": "1589700764", "lastchange": null, "code": "2303", "fclass": "cafe", "name": "Aquarius" }, "geometry": { "type": "Point", "coordinates": [ -9.2312784, 38.7060896 ] } },
{ "type": "Feature", "properties": { "osm_id": "1590554236", "lastchange": null, "code": "2301", "fclass": "restaurant", "name": "A Taberna de Miraflores" }, "geometry": { "type": "Point", "coordinates": [ -9.228827, 38.7112813 ] } },
{ "type": "Feature", "properties": { "osm_id": "1590594034", "lastchange": null, "code": "2083", "fclass": "kindergarten", "name": "Marcolândia" }, "geometry": { "type": "Point", "coordinates": [ -9.2262119, 38.7058918 ] } },
{ "type": "Feature", "properties": { "osm_id": "1590594113", "lastchange": null, "code": "2501", "fclass": "supermarket", "name": "Mini Preço" }, "geometry": { "type": "Point", "coordinates": [ -9.2264613, 38.7058269 ] } },
{ "type": "Feature", "properties": { "osm_id": "1595551623", "lastchange": null, "code": "2002", "fclass": "fire_station", "name": "Regimento de Sapadores de Bombeiros - Quartel da 1ª Companhia" }, "geometry": { "type": "Point", "coordinates": [ -9.1537042, 38.7099078 ] } },
{ "type": "Feature", "properties": { "osm_id": "1595649669", "lastchange": null, "code": "2501", "fclass": "supermarket", "name": null }, "geometry": { "type": "Point", "coordinates": [ -9.2757158, 38.7626861 ] } },
{ "type": "Feature", "properties": { "osm_id": "1595668397", "lastchange": null, "code": "2302", "fclass": "fast_food", "name": "McDonald's" }, "geometry": { "type": "Point", "coordinates": [ -9.2786555, 38.7669693 ] } },
{ "type": "Feature", "properties": { "osm_id": "1595734792", "lastchange": null, "code": "2001", "fclass": "police", "name": null }, "geometry": { "type": "Point", "coordinates": [ -9.1818566, 38.629384 ] } },
{ "type": "Feature", "properties": { "osm_id": "1595734802", "lastchange": null, "code": "2303", "fclass": "cafe", "name": "Morango Mango" }, "geometry": { "type": "Point", "coordinates": [ -9.1927437, 38.6310204 ] } },
{ "type": "Feature", "properties": { "osm_id": "1596259267", "lastchange": null, "code": "2602", "fclass": "atm", "name": null }, "geometry": { "type": "Point", "coordinates": [ -9.2250605, 38.7578395 ] } },
{ "type": "Feature", "properties": { "osm_id": "1596259276", "lastchange": null, "code": "2601", "fclass": "bank", "name": "Totta" }, "geometry": { "type": "Point", "coordinates": [ -9.2249774, 38.7578416 ] } },
{ "type": "Feature", "properties": { "osm_id": "1596259294", "lastchange": null, "code": "2601", "fclass": "bank", "name": "BPI" }, "geometry": { "type": "Point", "coordinates": [ -9.2235719, 38.757737 ] } },
{ "type": "Feature", "properties": { "osm_id": "1596284744", "lastchange": null, "code": "2101", "fclass": "pharmacy", "name": null }, "geometry": { "type": "Point", "coordinates": [ -9.280502, 38.7576569 ] } },
{ "type": "Feature", "properties": { "osm_id": "1596865205", "lastchange": null, "code": "2804", "fclass": "parking", "name": null }, "geometry": { "type": "Point", "coordinates": [ -9.1132191, 38.6186199 ] } },
{ "type": "Feature", "properties": { "osm_id": "1596865236", "lastchange": null, "code": "2601", "fclass": "bank", "name": null }, "geometry": { "type": "Point", "coordinates": [ -9.1165075, 38.6193701 ] } },
{ "type": "Feature", "properties": { "osm_id": "1596865237", "lastchange": null, "code": "2602", "fclass": "atm", "name": null }, "geometry": { "type": "Point", "coordinates": [ -9.1165612, 38.6193995 ] } },
{ "type": "Feature", "properties": { "osm_id": "1596865272", "lastchange": null, "code": "2601", "fclass": "bank", "name": null }, "geometry": { "type": "Point", "coordinates": [ -9.1160784, 38.6197578 ] } },
{ "type": "Feature", "properties": { "osm_id": "1596865287", "lastchange": null, "code": "2083", "fclass": "kindergarten", "name": null }, "geometry": { "type": "Point", "coordinates": [ -9.1297094, 38.6213652 ] } },
{ "type": "Feature", "properties": { "osm_id": "1596865312", "lastchange": null, "code": "2303", "fclass": "cafe", "name": null }, "geometry": { "type": "Point", "coordinates": [ -9.1279954, 38.6207574 ] } },
{ "type": "Feature", "properties": { "osm_id": "1596865334", "lastchange": null, "code": "2602", "fclass": "atm", "name": null }, "geometry": { "type": "Point", "coordinates": [ -9.1160998, 38.6198039 ] } },
{ "type": "Feature", "properties": { "osm_id": "1596865349", "lastchange": null, "code": "2804", "fclass": "parking", "name": null }, "geometry": { "type": "Point", "coordinates": [ -9.1208554, 38.6212499 ] } },
{ "type": "Feature", "properties": { "osm_id": "1596865372", "lastchange": null, "code": "2601", "fclass": "bank", "name": null }, "geometry": { "type": "Point", "coordinates": [ -9.1167328, 38.6194581 ] } },
{ "type": "Feature", "properties": { "osm_id": "1596865374", "lastchange": null, "code": "2804", "fclass": "parking", "name": null }, "geometry": { "type": "Point", "coordinates": [ -9.1183985, 38.6294913 ] } },
{ "type": "Feature", "properties": { "osm_id": "1596865386", "lastchange": null, "code": "2804", "fclass": "parking", "name": null }, "geometry": { "type": "Point", "coordinates": [ -9.1138253, 38.6208224 ] } },
{ "type": "Feature", "properties": { "osm_id": "1596865413", "lastchange": null, "code": "2804", "fclass": "parking", "name": null }, "geometry": { "type": "Point", "coordinates": [ -9.1124037, 38.6185968 ] } },
{ "type": "Feature", "properties": { "osm_id": "1596865456", "lastchange": null, "code": "2804", "fclass": "parking", "name": null }, "geometry": { "type": "Point", "coordinates": [ -9.1125218, 38.6200114 ] } },
{ "type": "Feature", "properties": { "osm_id": "1596865473", "lastchange": null, "code": "2602", "fclass": "atm", "name": null }, "geometry": { "type": "Point", "coordinates": [ -9.1167543, 38.6194917 ] } },
{ "type": "Feature", "properties": { "osm_id": "1596865497", "lastchange": null, "code": "2083", "fclass": "kindergarten", "name": null }, "geometry": { "type": "Point", "coordinates": [ -9.1293124, 38.6211053 ] } },
{ "type": "Feature", "properties": { "osm_id": "1596877353", "lastchange": null, "code": "2003", "fclass": "recycling", "name": null }, "geometry": { "type": "Point", "coordinates": [ -9.2945604, 38.7678868 ] } },
{ "type": "Feature", "properties": { "osm_id": "1596877359", "lastchange": null, "code": "2003", "fclass": "recycling", "name": null }, "geometry": { "type": "Point", "coordinates": [ -9.2910003, 38.76713 ] } },
{ "type": "Feature", "properties": { "osm_id": "1596877481", "lastchange": null, "code": "2003", "fclass": "recycling", "name": null }, "geometry": { "type": "Point", "coordinates": [ -9.2914222, 38.7681984 ] } },
{ "type": "Feature", "properties": { "osm_id": "1596877540", "lastchange": null, "code": "2003", "fclass": "recycling", "name": null }, "geometry": { "type": "Point", "coordinates": [ -9.2925942, 38.7678513 ] } },
{ "type": "Feature", "properties": { "osm_id": "1596877558", "lastchange": null, "code": "2003", "fclass": "recycling", "name": null }, "geometry": { "type": "Point", "coordinates": [ -9.2929376, 38.7672595 ] } },
{ "type": "Feature", "properties": { "osm_id": "1596877642", "lastchange": null, "code": "2003", "fclass": "recycling", "name": null }, "geometry": { "type": "Point", "coordinates": [ -9.2900489, 38.7682905 ] } },
{ "type": "Feature", "properties": { "osm_id": "1596877821", "lastchange": null, "code": "2003", "fclass": "recycling", "name": null }, "geometry": { "type": "Point", "coordinates": [ -9.2904532, 38.7675295 ] } },
{ "type": "Feature", "properties": { "osm_id": "1596935201", "lastchange": null, "code": "2003", "fclass": "recycling", "name": null }, "geometry": { "type": "Point", "coordinates": [ -9.2897914, 38.7689053 ] } },
{ "type": "Feature", "properties": { "osm_id": "1596935380", "lastchange": null, "code": "2003", "fclass": "recycling", "name": null }, "geometry": { "type": "Point", "coordinates": [ -9.2965016, 38.7674437 ] } },
{ "type": "Feature", "properties": { "osm_id": "1596935958", "lastchange": null, "code": "2003", "fclass": "recycling", "name": null }, "geometry": { "type": "Point", "coordinates": [ -9.2959766, 38.7679684 ] } },
{ "type": "Feature", "properties": { "osm_id": "1596984204", "lastchange": null, "code": "2804", "fclass": "parking", "name": null }, "geometry": { "type": "Point", "coordinates": [ -9.2067056, 38.7477755 ] } },
{ "type": "Feature", "properties": { "osm_id": "1596984300", "lastchange": null, "code": "2804", "fclass": "parking", "name": null }, "geometry": { "type": "Point", "coordinates": [ -9.2064561, 38.7476751 ] } },
{ "type": "Feature", "properties": { "osm_id": "1596984310", "lastchange": null, "code": "2804", "fclass": "parking", "name": null }, "geometry": { "type": "Point", "coordinates": [ -9.2063032, 38.7467317 ] } },
{ "type": "Feature", "properties": { "osm_id": "1596984347", "lastchange": null, "code": "2804", "fclass": "parking", "name": null }, "geometry": { "type": "Point", "coordinates": [ -9.2066546, 38.7466856 ] } },
{ "type": "Feature", "properties": { "osm_id": "1596984354", "lastchange": null, "code": "2804", "fclass": "parking", "name": null }, "geometry": { "type": "Point", "coordinates": [ -9.2067699, 38.7481416 ] } },
{ "type": "Feature", "properties": { "osm_id": "1596984364", "lastchange": null, "code": "2804", "fclass": "parking", "name": null }, "geometry": { "type": "Point", "coordinates": [ -9.2058499, 38.74806 ] } },
{ "type": "Feature", "properties": { "osm_id": "1596984396", "lastchange": null, "code": "2804", "fclass": "parking", "name": null }, "geometry": { "type": "Point", "coordinates": [ -9.2058687, 38.7475077 ] } },
{ "type": "Feature", "properties": { "osm_id": "1596984496", "lastchange": null, "code": "2804", "fclass": "parking", "name": null }, "geometry": { "type": "Point", "coordinates": [ -9.2057668, 38.74815 ] } },
{ "type": "Feature", "properties": { "osm_id": "1596984598", "lastchange": null, "code": "2804", "fclass": "parking", "name": null }, "geometry": { "type": "Point", "coordinates": [ -9.2055629, 38.7455978 ] } },
{ "type": "Feature", "properties": { "osm_id": "1596984690", "lastchange": null, "code": "2804", "fclass": "parking", "name": null }, "geometry": { "type": "Point", "coordinates": [ -9.206778, 38.7482525 ] } },
{ "type": "Feature", "properties": { "osm_id": "1596984741", "lastchange": null, "code": "2804", "fclass": "parking", "name": null }, "geometry": { "type": "Point", "coordinates": [ -9.2078105, 38.7491769 ] } },
{ "type": "Feature", "properties": { "osm_id": "1596984806", "lastchange": null, "code": "2804", "fclass": "parking", "name": null }, "geometry": { "type": "Point", "coordinates": [ -9.2075639, 38.7486164 ] } },
{ "type": "Feature", "properties": { "osm_id": "1596984975", "lastchange": null, "code": "2804", "fclass": "parking", "name": null }, "geometry": { "type": "Point", "coordinates": [ -9.2061262, 38.7468279 ] } },
{ "type": "Feature", "properties": { "osm_id": "1597498429", "lastchange": null, "code": "2303", "fclass": "cafe", "name": null }, "geometry": { "type": "Point", "coordinates": [ -9.2423294, 38.7147936 ] } },
{ "type": "Feature", "properties": { "osm_id": "1597503756", "lastchange": null, "code": "2301", "fclass": "restaurant", "name": "A Tasca do Nuno" }, "geometry": { "type": "Point", "coordinates": [ -9.2435551, 38.7163381 ] } },
{ "type": "Feature", "properties": { "osm_id": "1597536631", "lastchange": null, "code": "2801", "fclass": "fuel", "name": "Bombas de Gasolina" }, "geometry": { "type": "Point", "coordinates": [ -9.2920519, 38.7707618 ] } },
{ "type": "Feature", "properties": { "osm_id": "1597536968", "lastchange": null, "code": "2003", "fclass": "recycling", "name": null }, "geometry": { "type": "Point", "coordinates": [ -9.2922209, 38.7716325 ] } },
{ "type": "Feature", "properties": { "osm_id": "1597563305", "lastchange": null, "code": "2801", "fclass": "fuel", "name": null }, "geometry": { "type": "Point", "coordinates": [ -9.2393124, 38.705856 ] } },
{ "type": "Feature", "properties": { "osm_id": "1597569727", "lastchange": null, "code": "2003", "fclass": "recycling", "name": null }, "geometry": { "type": "Point", "coordinates": [ -9.2923522, 38.7704858 ] } },
{ "type": "Feature", "properties": { "osm_id": "1597608767", "lastchange": null, "code": "2003", "fclass": "recycling", "name": null }, "geometry": { "type": "Point", "coordinates": [ -9.2973466, 38.7685242 ] } },
{ "type": "Feature", "properties": { "osm_id": "1597609119", "lastchange": null, "code": "2302", "fclass": "fast_food", "name": "TELEPIZZA" }, "geometry": { "type": "Point", "coordinates": [ -9.2968772, 38.7677232 ] } },
{ "type": "Feature", "properties": { "osm_id": "1598143107", "lastchange": null, "code": "2804", "fclass": "parking", "name": null }, "geometry": { "type": "Point", "coordinates": [ -9.209008, 38.7505983 ] } },
{ "type": "Feature", "properties": { "osm_id": "1598143182", "lastchange": null, "code": "2804", "fclass": "parking", "name": null }, "geometry": { "type": "Point", "coordinates": [ -9.2077796, 38.7504644 ] } },
{ "type": "Feature", "properties": { "osm_id": "1598143514", "lastchange": null, "code": "2804", "fclass": "parking", "name": null }, "geometry": { "type": "Point", "coordinates": [ -9.2061981, 38.751116 ] } },
{ "type": "Feature", "properties": { "osm_id": "1598386915", "lastchange": null, "code": "2007", "fclass": "library", "name": null }, "geometry": { "type": "Point", "coordinates": [ -9.2937636, 38.7703765 ] } },
{ "type": "Feature", "properties": { "osm_id": "1598393391", "lastchange": null, "code": "2601", "fclass": "bank", "name": "BPN" }, "geometry": { "type": "Point", "coordinates": [ -9.2225478, 38.7568249 ] } },
{ "type": "Feature", "properties": { "osm_id": "1598393394", "lastchange": null, "code": "2101", "fclass": "pharmacy", "name": null }, "geometry": { "type": "Point", "coordinates": [ -9.2230038, 38.7572892 ] } },
{ "type": "Feature", "properties": { "osm_id": "1598393396", "lastchange": null, "code": "2502", "fclass": "bakery", "name": null }, "geometry": { "type": "Point", "coordinates": [ -9.2262654, 38.7578707 ] } },
{ "type": "Feature", "properties": { "osm_id": "1598393399", "lastchange": null, "code": "2502", "fclass": "bakery", "name": null }, "geometry": { "type": "Point", "coordinates": [ -9.2250047, 38.7581635 ] } },
{ "type": "Feature", "properties": { "osm_id": "1598396247", "lastchange": null, "code": "2003", "fclass": "recycling", "name": null }, "geometry": { "type": "Point", "coordinates": [ -9.2875087, 38.7702218 ] } },
{ "type": "Feature", "properties": { "osm_id": "1598396269", "lastchange": null, "code": "2003", "fclass": "recycling", "name": null }, "geometry": { "type": "Point", "coordinates": [ -9.2932406, 38.7706547 ] } },
{ "type": "Feature", "properties": { "osm_id": "1598396276", "lastchange": null, "code": "2502", "fclass": "bakery", "name": null }, "geometry": { "type": "Point", "coordinates": [ -9.2909171, 38.7708306 ] } },
{ "type": "Feature", "properties": { "osm_id": "1598396281", "lastchange": null, "code": "2003", "fclass": "recycling", "name": null }, "geometry": { "type": "Point", "coordinates": [ -9.289566, 38.7714451 ] } },
{ "type": "Feature", "properties": { "osm_id": "1598396282", "lastchange": null, "code": "2003", "fclass": "recycling", "name": null }, "geometry": { "type": "Point", "coordinates": [ -9.2866558, 38.7702741 ] } },
{ "type": "Feature", "properties": { "osm_id": "1598396291", "lastchange": null, "code": "2003", "fclass": "recycling", "name": null }, "geometry": { "type": "Point", "coordinates": [ -9.2887264, 38.7702155 ] } },
{ "type": "Feature", "properties": { "osm_id": "1598396369", "lastchange": null, "code": "2303", "fclass": "cafe", "name": null }, "geometry": { "type": "Point", "coordinates": [ -9.2909151, 38.7707723 ] } },
{ "type": "Feature", "properties": { "osm_id": "1598396592", "lastchange": null, "code": "2501", "fclass": "supermarket", "name": null }, "geometry": { "type": "Point", "coordinates": [ -9.2984575, 38.7676516 ] } },
{ "type": "Feature", "properties": { "osm_id": "1598396593", "lastchange": null, "code": "2303", "fclass": "cafe", "name": null }, "geometry": { "type": "Point", "coordinates": [ -9.2981678, 38.7674279 ] } },
{ "type": "Feature", "properties": { "osm_id": "1598397398", "lastchange": null, "code": "2303", "fclass": "cafe", "name": null }, "geometry": { "type": "Point", "coordinates": [ -9.2915722, 38.7685132 ] } },
{ "type": "Feature", "properties": { "osm_id": "1598397413", "lastchange": null, "code": "2303", "fclass": "cafe", "name": null }, "geometry": { "type": "Point", "coordinates": [ -9.2976366, 38.7683501 ] } },
{ "type": "Feature", "properties": { "osm_id": "1598397414", "lastchange": null, "code": "2601", "fclass": "bank", "name": "MILENIO BCP" }, "geometry": { "type": "Point", "coordinates": [ -9.2975133, 38.7683898 ] } },
{ "type": "Feature", "properties": { "osm_id": "1598397416", "lastchange": null, "code": "2303", "fclass": "cafe", "name": null }, "geometry": { "type": "Point", "coordinates": [ -9.2925003, 38.7706191 ] } },
{ "type": "Feature", "properties": { "osm_id": "1598540395", "lastchange": null, "code": "2801", "fclass": "fuel", "name": null }, "geometry": { "type": "Point", "coordinates": [ -9.1267771, 38.7886903 ] } },
{ "type": "Feature", "properties": { "osm_id": "1598565246", "lastchange": null, "code": "2301", "fclass": "restaurant", "name": null }, "geometry": { "type": "Point", "coordinates": [ -9.1290838, 38.787415 ] } },
{ "type": "Feature", "properties": { "osm_id": "1598565284", "lastchange": null, "code": "2303", "fclass": "cafe", "name": null }, "geometry": { "type": "Point", "coordinates": [ -9.1220081, 38.7866707 ] } },
{ "type": "Feature", "properties": { "osm_id": "1598565365", "lastchange": null, "code": "2303", "fclass": "cafe", "name": null }, "geometry": { "type": "Point", "coordinates": [ -9.1181404, 38.7901119 ] } },
{ "type": "Feature", "properties": { "osm_id": "1598565459", "lastchange": null, "code": "2303", "fclass": "cafe", "name": null }, "geometry": { "type": "Point", "coordinates": [ -9.1270078, 38.7868797 ] } },
{ "type": "Feature", "properties": { "osm_id": "1598565477", "lastchange": null, "code": "2303", "fclass": "cafe", "name": null }, "geometry": { "type": "Point", "coordinates": [ -9.1196532, 38.7905593 ] } },
{ "type": "Feature", "properties": { "osm_id": "1598565557", "lastchange": null, "code": "2303", "fclass": "cafe", "name": null }, "geometry": { "type": "Point", "coordinates": [ -9.1198517, 38.7910694 ] } },
{ "type": "Feature", "properties": { "osm_id": "1598767685", "lastchange": null, "code": "2101", "fclass": "pharmacy", "name": null }, "geometry": { "type": "Point", "coordinates": [ -9.2947984, 38.7698777 ] } },
{ "type": "Feature", "properties": { "osm_id": "1598834379", "lastchange": null, "code": "2804", "fclass": "parking", "name": null }, "geometry": { "type": "Point", "coordinates": [ -9.2999592, 38.7682354 ] } },
{ "type": "Feature", "properties": { "osm_id": "1598834393", "lastchange": null, "code": "2301", "fclass": "restaurant", "name": null }, "geometry": { "type": "Point", "coordinates": [ -9.2990298, 38.7692179 ] } },
{ "type": "Feature", "properties": { "osm_id": "1598834404", "lastchange": null, "code": "2301", "fclass": "restaurant", "name": null }, "geometry": { "type": "Point", "coordinates": [ -9.2960753, 38.770151 ] } },
{ "type": "Feature", "properties": { "osm_id": "1598834416", "lastchange": null, "code": "2804", "fclass": "parking", "name": null }, "geometry": { "type": "Point", "coordinates": [ -9.2996212, 38.7683441 ] } },
{ "type": "Feature", "properties": { "osm_id": "1598834426", "lastchange": null, "code": "2303", "fclass": "cafe", "name": null }, "geometry": { "type": "Point", "coordinates": [ -9.2976847, 38.7696825 ] } },
{ "type": "Feature", "properties": { "osm_id": "1598834434", "lastchange": null, "code": "2303", "fclass": "cafe", "name": null }, "geometry": { "type": "Point", "coordinates": [ -9.2961209, 38.7701133 ] } },
{ "type": "Feature", "properties": { "osm_id": "1598834439", "lastchange": null, "code": "2301", "fclass": "restaurant", "name": null }, "geometry": { "type": "Point", "coordinates": [ -9.2981648, 38.7695069 ] } },
{ "type": "Feature", "properties": { "osm_id": "1598947191", "lastchange": null, "code": "2804", "fclass": "parking", "name": null }, "geometry": { "type": "Point", "coordinates": [ -9.1705172, 38.6703831 ] } },
{ "type": "Feature", "properties": { "osm_id": "1598958450", "lastchange": null, "code": "2303", "fclass": "cafe", "name": null }, "geometry": { "type": "Point", "coordinates": [ -9.2993355, 38.7691177 ] } },
{ "type": "Feature", "properties": { "osm_id": "1598958602", "lastchange": null, "code": "2804", "fclass": "parking", "name": null }, "geometry": { "type": "Point", "coordinates": [ -9.2894704, 38.7709601 ] } },
{ "type": "Feature", "properties": { "osm_id": "1598958609", "lastchange": null, "code": "2303", "fclass": "cafe", "name": null }, "geometry": { "type": "Point", "coordinates": [ -9.2911092, 38.770774 ] } },
{ "type": "Feature", "properties": { "osm_id": "1598964083", "lastchange": null, "code": "2601", "fclass": "bank", "name": null }, "geometry": { "type": "Point", "coordinates": [ -9.2980561, 38.7672084 ] } },
{ "type": "Feature", "properties": { "osm_id": "1598967424", "lastchange": null, "code": "2804", "fclass": "parking", "name": null }, "geometry": { "type": "Point", "coordinates": [ -9.1575802, 38.6785884 ] } },
{ "type": "Feature", "properties": { "osm_id": "1598987459", "lastchange": null, "code": "2005", "fclass": "post_office", "name": "Correios M. Caparica" }, "geometry": { "type": "Point", "coordinates": [ -9.199293, 38.6633348 ] } },
{ "type": "Feature", "properties": { "osm_id": "1599340087", "lastchange": null, "code": "2301", "fclass": "restaurant", "name": "Clube de Fado" }, "geometry": { "type": "Point", "coordinates": [ -9.1311478, 38.7096412 ] } },
{ "type": "Feature", "properties": { "osm_id": "1599340089", "lastchange": null, "code": "2301", "fclass": "restaurant", "name": "Faz Frio" }, "geometry": { "type": "Point", "coordinates": [ -9.1469254, 38.7160083 ] } },
{ "type": "Feature", "properties": { "osm_id": "1599340093", "lastchange": null, "code": "2801", "fclass": "fuel", "name": "Galp" }, "geometry": { "type": "Point", "coordinates": [ -9.1303272, 38.7164303 ] } },
{ "type": "Feature", "properties": { "osm_id": "1599340097", "lastchange": null, "code": "2301", "fclass": "restaurant", "name": "La Paparrucha" }, "geometry": { "type": "Point", "coordinates": [ -9.1455113, 38.7157112 ] } },
{ "type": "Feature", "properties": { "osm_id": "1599340110", "lastchange": null, "code": "2301", "fclass": "restaurant", "name": "Pátio de Galé" }, "geometry": { "type": "Point", "coordinates": [ -9.1377669, 38.7077958 ] } },
{ "type": "Feature", "properties": { "osm_id": "1599440170", "lastchange": null, "code": "2003", "fclass": "recycling", "name": null }, "geometry": { "type": "Point", "coordinates": [ -9.2906224, 38.7706744 ] } },
{ "type": "Feature", "properties": { "osm_id": "1599440188", "lastchange": null, "code": "2003", "fclass": "recycling", "name": null }, "geometry": { "type": "Point", "coordinates": [ -9.2939886, 38.7693319 ] } },
{ "type": "Feature", "properties": { "osm_id": "1599440212", "lastchange": null, "code": "2003", "fclass": "recycling", "name": null }, "geometry": { "type": "Point", "coordinates": [ -9.2958876, 38.7693632 ] } },
{ "type": "Feature", "properties": { "osm_id": "1599464596", "lastchange": null, "code": "2601", "fclass": "bank", "name": null }, "geometry": { "type": "Point", "coordinates": [ -9.2973923, 38.7687484 ] } },
{ "type": "Feature", "properties": { "osm_id": "1599464597", "lastchange": null, "code": "2083", "fclass": "kindergarten", "name": null }, "geometry": { "type": "Point", "coordinates": [ -9.2921459, 38.7682089 ] } },
{ "type": "Feature", "properties": { "osm_id": "1599464607", "lastchange": null, "code": "2082", "fclass": "school", "name": null }, "geometry": { "type": "Point", "coordinates": [ -9.2919206, 38.7682423 ] } },
{ "type": "Feature", "properties": { "osm_id": "1599464624", "lastchange": null, "code": "2804", "fclass": "parking", "name": null }, "geometry": { "type": "Point", "coordinates": [ -9.2928607, 38.7717493 ] } },
{ "type": "Feature", "properties": { "osm_id": "1599464632", "lastchange": null, "code": "2303", "fclass": "cafe", "name": null }, "geometry": { "type": "Point", "coordinates": [ -9.2948764, 38.7695682 ] } },
{ "type": "Feature", "properties": { "osm_id": "1599464634", "lastchange": null, "code": "2601", "fclass": "bank", "name": null }, "geometry": { "type": "Point", "coordinates": [ -9.2930793, 38.7706514 ] } },
{ "type": "Feature", "properties": { "osm_id": "1599464657", "lastchange": null, "code": "2503", "fclass": "kiosk", "name": null }, "geometry": { "type": "Point", "coordinates": [ -9.2993074, 38.769334 ] } },
{ "type": "Feature", "properties": { "osm_id": "1599464668", "lastchange": null, "code": "2082", "fclass": "school", "name": null }, "geometry": { "type": "Point", "coordinates": [ -9.2924678, 38.7711784 ] } },
{ "type": "Feature", "properties": { "osm_id": "1600306526", "lastchange": null, "code": "2003", "fclass": "recycling", "name": null }, "geometry": { "type": "Point", "coordinates": [ -9.2888603, 38.7698536 ] } },
{ "type": "Feature", "properties": { "osm_id": "1600312632", "lastchange": null, "code": "2003", "fclass": "recycling", "name": null }, "geometry": { "type": "Point", "coordinates": [ -9.2955309, 38.7666623 ] } },
{ "type": "Feature", "properties": { "osm_id": "1600312663", "lastchange": null, "code": "2003", "fclass": "recycling", "name": null }, "geometry": { "type": "Point", "coordinates": [ -9.2944928, 38.7658362 ] } },
{ "type": "Feature", "properties": { "osm_id": "1600328139", "lastchange": null, "code": "2003", "fclass": "recycling", "name": null }, "geometry": { "type": "Point", "coordinates": [ -9.2911348, 38.7713802 ] } },
{ "type": "Feature", "properties": { "osm_id": "1600356322", "lastchange": null, "code": "2003", "fclass": "recycling", "name": null }, "geometry": { "type": "Point", "coordinates": [ -9.2886242, 38.7722376 ] } },
{ "type": "Feature", "properties": { "osm_id": "1600356447", "lastchange": null, "code": "2003", "fclass": "recycling", "name": null }, "geometry": { "type": "Point", "coordinates": [ -9.2913386, 38.7724174 ] } },
{ "type": "Feature", "properties": { "osm_id": "1600399977", "lastchange": null, "code": "2303", "fclass": "cafe", "name": "Mensagem" }, "geometry": { "type": "Point", "coordinates": [ -9.2107106, 38.6931832 ] } },
{ "type": "Feature", "properties": { "osm_id": "1600577844", "lastchange": null, "code": "2003", "fclass": "recycling", "name": null }, "geometry": { "type": "Point", "coordinates": [ -9.294415, 38.7709861 ] } },
{ "type": "Feature", "properties": { "osm_id": "1600577858", "lastchange": null, "code": "2003", "fclass": "recycling", "name": null }, "geometry": { "type": "Point", "coordinates": [ -9.2979984, 38.7707226 ] } },
{ "type": "Feature", "properties": { "osm_id": "1600577861", "lastchange": null, "code": "2003", "fclass": "recycling", "name": null }, "geometry": { "type": "Point", "coordinates": [ -9.2960752, 38.7703044 ] } },
{ "type": "Feature", "properties": { "osm_id": "1600577898", "lastchange": null, "code": "2003", "fclass": "recycling", "name": null }, "geometry": { "type": "Point", "coordinates": [ -9.2969926, 38.7707498 ] } },
{ "type": "Feature", "properties": { "osm_id": "1600577977", "lastchange": null, "code": "2003", "fclass": "recycling", "name": null }, "geometry": { "type": "Point", "coordinates": [ -9.2953457, 38.7706515 ] } },
{ "type": "Feature", "properties": { "osm_id": "1600593952", "lastchange": null, "code": "2503", "fclass": "kiosk", "name": null }, "geometry": { "type": "Point", "coordinates": [ -9.2935485, 38.7720319 ] } },
{ "type": "Feature", "properties": { "osm_id": "1600624347", "lastchange": null, "code": "2301", "fclass": "restaurant", "name": null }, "geometry": { "type": "Point", "coordinates": [ -9.2929022, 38.7720275 ] } },
{ "type": "Feature", "properties": { "osm_id": "1600624359", "lastchange": null, "code": "2003", "fclass": "recycling", "name": null }, "geometry": { "type": "Point", "coordinates": [ -9.2895306, 38.7704654 ] } },
{ "type": "Feature", "properties": { "osm_id": "1601395890", "lastchange": null, "code": "2801", "fclass": "fuel", "name": null }, "geometry": { "type": "Point", "coordinates": [ -9.0963271, 38.7554375 ] } },
{ "type": "Feature", "properties": { "osm_id": "1601705088", "lastchange": null, "code": "2501", "fclass": "supermarket", "name": "LIDL" }, "geometry": { "type": "Point", "coordinates": [ -9.1127141, 38.7244999 ] } },
{ "type": "Feature", "properties": { "osm_id": "1603799012", "lastchange": null, "code": "2501", "fclass": "supermarket", "name": "Pingo Doce" }, "geometry": { "type": "Point", "coordinates": [ -9.1097851, 38.7774815 ] } },
{ "type": "Feature", "properties": { "osm_id": "1603799866", "lastchange": null, "code": "2303", "fclass": "cafe", "name": null }, "geometry": { "type": "Point", "coordinates": [ -9.1075266, 38.7769629 ] } },
{ "type": "Feature", "properties": { "osm_id": "1603801482", "lastchange": null, "code": "2083", "fclass": "kindergarten", "name": "Gato Amarelo" }, "geometry": { "type": "Point", "coordinates": [ -9.1063089, 38.7766074 ] } },
{ "type": "Feature", "properties": { "osm_id": "1606370716", "lastchange": null, "code": "2303", "fclass": "cafe", "name": null }, "geometry": { "type": "Point", "coordinates": [ -9.1328274, 38.7264505 ] } },
{ "type": "Feature", "properties": { "osm_id": "1606908608", "lastchange": null, "code": "2301", "fclass": "restaurant", "name": "Cervejaria Caravela" }, "geometry": { "type": "Point", "coordinates": [ -9.1920117, 38.7589554 ] } },
{ "type": "Feature", "properties": { "osm_id": "1606908881", "lastchange": null, "code": "2301", "fclass": "restaurant", "name": "Adega das Gravatas" }, "geometry": { "type": "Point", "coordinates": [ -9.1875968, 38.7603358 ] } },
{ "type": "Feature", "properties": { "osm_id": "1606909014", "lastchange": null, "code": "2301", "fclass": "restaurant", "name": "O Pregoeiro de Carnide" }, "geometry": { "type": "Point", "coordinates": [ -9.1873929, 38.7605868 ] } },
{ "type": "Feature", "properties": { "osm_id": "1606921043", "lastchange": null, "code": "2101", "fclass": "pharmacy", "name": "Farmácia Geny" }, "geometry": { "type": "Point", "coordinates": [ -9.1809733, 38.7597539 ] } },
{ "type": "Feature", "properties": { "osm_id": "1606921052", "lastchange": null, "code": "2301", "fclass": "restaurant", "name": "O Galito" }, "geometry": { "type": "Point", "coordinates": [ -9.1861392, 38.7600467 ] } },
{ "type": "Feature", "properties": { "osm_id": "1606921053", "lastchange": null, "code": "2201", "fclass": "theatre", "name": "Teatro Meridional" }, "geometry": { "type": "Point", "coordinates": [ -9.1817377, 38.7597179 ] } },
{ "type": "Feature", "properties": { "osm_id": "1606921094", "lastchange": null, "code": "2201", "fclass": "theatre", "name": "Teatro da Luz" }, "geometry": { "type": "Point", "coordinates": [ -9.1842402, 38.7607327 ] } },
{ "type": "Feature", "properties": { "osm_id": "1614042168", "lastchange": null, "code": "2801", "fclass": "fuel", "name": "Santa Marta" }, "geometry": { "type": "Point", "coordinates": [ -9.1392297, 38.6318627 ] } },
{ "type": "Feature", "properties": { "osm_id": "1615676023", "lastchange": null, "code": "2502", "fclass": "bakery", "name": "Padaria Patrão" }, "geometry": { "type": "Point", "coordinates": [ -9.2600497, 38.7595958 ] } },
{ "type": "Feature", "properties": { "osm_id": "1615676601", "lastchange": null, "code": "2501", "fclass": "supermarket", "name": "Pingo Doce" }, "geometry": { "type": "Point", "coordinates": [ -9.2603582, 38.7610431 ] } },
{ "type": "Feature", "properties": { "osm_id": "1615678385", "lastchange": null, "code": "2101", "fclass": "pharmacy", "name": "Parafarmacia Santos Pinto" }, "geometry": { "type": "Point", "coordinates": [ -9.2628124, 38.7654832 ] } },
{ "type": "Feature", "properties": { "osm_id": "1615678386", "lastchange": null, "code": "2101", "fclass": "pharmacy", "name": "Farmacia Portela" }, "geometry": { "type": "Point", "coordinates": [ -9.264462, 38.7574875 ] } },
{ "type": "Feature", "properties": { "osm_id": "1615678387", "lastchange": null, "code": "2101", "fclass": "pharmacy", "name": "Farmacia Baião Santos" }, "geometry": { "type": "Point", "coordinates": [ -9.261415, 38.7608402 ] } },
{ "type": "Feature", "properties": { "osm_id": "1615679557", "lastchange": null, "code": "2005", "fclass": "post_office", "name": "Correios Monte Abraão" }, "geometry": { "type": "Point", "coordinates": [ -9.2664817, 38.7585228 ] } },
{ "type": "Feature", "properties": { "osm_id": "1616546543", "lastchange": null, "code": "2601", "fclass": "bank", "name": "Banif" }, "geometry": { "type": "Point", "coordinates": [ -9.1657879, 38.6765478 ] } },
{ "type": "Feature", "properties": { "osm_id": "1616546544", "lastchange": null, "code": "2601", "fclass": "bank", "name": "Millennium-BCP" }, "geometry": { "type": "Point", "coordinates": [ -9.1644924, 38.6760913 ] } },
{ "type": "Feature", "properties": { "osm_id": "1616546545", "lastchange": null, "code": "2601", "fclass": "bank", "name": "BES" }, "geometry": { "type": "Point", "coordinates": [ -9.1647338, 38.6758735 ] } },
{ "type": "Feature", "properties": { "osm_id": "1616546546", "lastchange": null, "code": "2601", "fclass": "bank", "name": "BPI" }, "geometry": { "type": "Point", "coordinates": [ -9.1641062, 38.6769582 ] } },
{ "type": "Feature", "properties": { "osm_id": "1616546549", "lastchange": null, "code": "2601", "fclass": "bank", "name": "Banco Popular" }, "geometry": { "type": "Point", "coordinates": [ -9.1644252, 38.6763508 ] } },
{ "type": "Feature", "properties": { "osm_id": "1616546553", "lastchange": null, "code": "2601", "fclass": "bank", "name": "Santander Totta" }, "geometry": { "type": "Point", "coordinates": [ -9.165171, 38.6764808 ] } },
{ "type": "Feature", "properties": { "osm_id": "1616546554", "lastchange": null, "code": "2601", "fclass": "bank", "name": "Barclays" }, "geometry": { "type": "Point", "coordinates": [ -9.1645085, 38.6762714 ] } },
{ "type": "Feature", "properties": { "osm_id": "1616546555", "lastchange": null, "code": "2601", "fclass": "bank", "name": "BBVA" }, "geometry": { "type": "Point", "coordinates": [ -9.1650021, 38.6758316 ] } },
{ "type": "Feature", "properties": { "osm_id": "1616546812", "lastchange": null, "code": "2501", "fclass": "supermarket", "name": "Lidl" }, "geometry": { "type": "Point", "coordinates": [ -9.1324747, 38.7219465 ] } },
{ "type": "Feature", "properties": { "osm_id": "1616920527", "lastchange": null, "code": "2303", "fclass": "cafe", "name": null }, "geometry": { "type": "Point", "coordinates": [ -9.152855, 38.7300263 ] } },
{ "type": "Feature", "properties": { "osm_id": "1618839583", "lastchange": null, "code": "2301", "fclass": "restaurant", "name": "Tasquinha dos Ramos" }, "geometry": { "type": "Point", "coordinates": [ -9.1616231, 38.6560245 ] } },
{ "type": "Feature", "properties": { "osm_id": "1620053515", "lastchange": null, "code": "2601", "fclass": "bank", "name": "Montepio" }, "geometry": { "type": "Point", "coordinates": [ -9.1586401, 38.6781748 ] } },
{ "type": "Feature", "properties": { "osm_id": "1640611209", "lastchange": null, "code": "2804", "fclass": "parking", "name": "Parque Pago" }, "geometry": { "type": "Point", "coordinates": [ -9.143152, 38.7361844 ] } },
{ "type": "Feature", "properties": { "osm_id": "1645267650", "lastchange": null, "code": "2301", "fclass": "restaurant", "name": null }, "geometry": { "type": "Point", "coordinates": [ -9.0937714, 38.7571916 ] } },
{ "type": "Feature", "properties": { "osm_id": "1650290538", "lastchange": null, "code": "2804", "fclass": "parking", "name": "Emparque Saldanha" }, "geometry": { "type": "Point", "coordinates": [ -9.1467469, 38.7320038 ] } },
{ "type": "Feature", "properties": { "osm_id": "1650291981", "lastchange": null, "code": "2501", "fclass": "supermarket", "name": "Pingo Doce" }, "geometry": { "type": "Point", "coordinates": [ -9.1363603, 38.7412932 ] } },
{ "type": "Feature", "properties": { "osm_id": "1651593920", "lastchange": null, "code": "2303", "fclass": "cafe", "name": null }, "geometry": { "type": "Point", "coordinates": [ -9.1569703, 38.7608142 ] } },
{ "type": "Feature", "properties": { "osm_id": "1651593926", "lastchange": null, "code": "2301", "fclass": "restaurant", "name": "Churrasqueira do Campo Grande" }, "geometry": { "type": "Point", "coordinates": [ -9.1562248, 38.7596574 ] } },
{ "type": "Feature", "properties": { "osm_id": "1651593929", "lastchange": null, "code": "2804", "fclass": "parking", "name": null }, "geometry": { "type": "Point", "coordinates": [ -9.1558867, 38.7606511 ] } },
{ "type": "Feature", "properties": { "osm_id": "1651595879", "lastchange": null, "code": "2082", "fclass": "school", "name": null }, "geometry": { "type": "Point", "coordinates": [ -9.156509, 38.7609501 ] } },
{ "type": "Feature", "properties": { "osm_id": "1651599202", "lastchange": null, "code": "2804", "fclass": "parking", "name": null }, "geometry": { "type": "Point", "coordinates": [ -9.1557902, 38.7592372 ] } },
{ "type": "Feature", "properties": { "osm_id": "1651599206", "lastchange": null, "code": "2804", "fclass": "parking", "name": null }, "geometry": { "type": "Point", "coordinates": [ -9.1555112, 38.7590991 ] } },
{ "type": "Feature", "properties": { "osm_id": "1651799929", "lastchange": null, "code": "2804", "fclass": "parking", "name": "Parque Estação de Comboios do Pragal" }, "geometry": { "type": "Point", "coordinates": [ -9.1812485, 38.6645075 ] } },
{ "type": "Feature", "properties": { "osm_id": "1652185986", "lastchange": null, "code": "2083", "fclass": "kindergarten", "name": "Creche" }, "geometry": { "type": "Point", "coordinates": [ -9.1809326, 38.788014 ] } },
{ "type": "Feature", "properties": { "osm_id": "1652189902", "lastchange": null, "code": "2082", "fclass": "school", "name": "Escola Primária" }, "geometry": { "type": "Point", "coordinates": [ -9.1813082, 38.7880558 ] } },
{ "type": "Feature", "properties": { "osm_id": "1652200189", "lastchange": null, "code": "2005", "fclass": "post_office", "name": "Correios" }, "geometry": { "type": "Point", "coordinates": [ -9.1817319, 38.7894524 ] } },
{ "type": "Feature", "properties": { "osm_id": "1652202184", "lastchange": null, "code": "2303", "fclass": "cafe", "name": "Espiga Dourada" }, "geometry": { "type": "Point", "coordinates": [ -9.1817051, 38.7893771 ] } },
{ "type": "Feature", "properties": { "osm_id": "1652207335", "lastchange": null, "code": "2601", "fclass": "bank", "name": "Banco Santader" }, "geometry": { "type": "Point", "coordinates": [ -9.1821128, 38.7879053 ] } },
{ "type": "Feature", "properties": { "osm_id": "1653489195", "lastchange": null, "code": "2501", "fclass": "supermarket", "name": "Centro Comercial Oceano" }, "geometry": { "type": "Point", "coordinates": [ -9.1807021, 38.7869876 ] } },
{ "type": "Feature", "properties": { "osm_id": "1654282475", "lastchange": null, "code": "2804", "fclass": "parking", "name": "Parque Praça do Chile" }, "geometry": { "type": "Point", "coordinates": [ -9.1345321, 38.7341484 ] } },
{ "type": "Feature", "properties": { "osm_id": "1655115238", "lastchange": null, "code": "2601", "fclass": "bank", "name": "Banco Espirito Santo - Restelo" }, "geometry": { "type": "Point", "coordinates": [ -9.2106327, 38.7104458 ] } },
{ "type": "Feature", "properties": { "osm_id": "1655820310", "lastchange": null, "code": "2301", "fclass": "restaurant", "name": "A Charrua" }, "geometry": { "type": "Point", "coordinates": [ -9.2217512, 38.7383958 ] } },
{ "type": "Feature", "properties": { "osm_id": "1656047400", "lastchange": null, "code": "2303", "fclass": "cafe", "name": "Café" }, "geometry": { "type": "Point", "coordinates": [ -9.1609605, 38.6316219 ] } },
{ "type": "Feature", "properties": { "osm_id": "1656047445", "lastchange": null, "code": "2303", "fclass": "cafe", "name": "Pastelarioa O ROLO" }, "geometry": { "type": "Point", "coordinates": [ -9.1606735, 38.6315275 ] } },
{ "type": "Feature", "properties": { "osm_id": "1656047465", "lastchange": null, "code": "2804", "fclass": "parking", "name": null }, "geometry": { "type": "Point", "coordinates": [ -9.1681542, 38.6262075 ] } },
{ "type": "Feature", "properties": { "osm_id": "1656047643", "lastchange": null, "code": "2006", "fclass": "telephone", "name": null }, "geometry": { "type": "Point", "coordinates": [ -9.1657653, 38.6268433 ] } },
{ "type": "Feature", "properties": { "osm_id": "1656048294", "lastchange": null, "code": "2501", "fclass": "supermarket", "name": "Minipreço Vale de Milhaços" }, "geometry": { "type": "Point", "coordinates": [ -9.1607245, 38.631844 ] } },
{ "type": "Feature", "properties": { "osm_id": "1656072011", "lastchange": null, "code": "2005", "fclass": "post_office", "name": "CTT Vale de Milhaços" }, "geometry": { "type": "Point", "coordinates": [ -9.1601879, 38.6323552 ] } },
{ "type": "Feature", "properties": { "osm_id": "1662256776", "lastchange": null, "code": "2804", "fclass": "parking", "name": null }, "geometry": { "type": "Point", "coordinates": [ -9.148538, 38.6243639 ] } },
{ "type": "Feature", "properties": { "osm_id": "1662431261", "lastchange": null, "code": "2804", "fclass": "parking", "name": null }, "geometry": { "type": "Point", "coordinates": [ -9.1659381, 38.675423 ] } },
{ "type": "Feature", "properties": { "osm_id": "1662570350", "lastchange": null, "code": "2804", "fclass": "parking", "name": null }, "geometry": { "type": "Point", "coordinates": [ -9.136515, 38.7550869 ] } },
{ "type": "Feature", "properties": { "osm_id": "1662570365", "lastchange": null, "code": "2804", "fclass": "parking", "name": null }, "geometry": { "type": "Point", "coordinates": [ -9.135013, 38.7585903 ] } },
{ "type": "Feature", "properties": { "osm_id": "1662570400", "lastchange": null, "code": "2804", "fclass": "parking", "name": null }, "geometry": { "type": "Point", "coordinates": [ -9.1381673, 38.7550283 ] } },
{ "type": "Feature", "properties": { "osm_id": "1662570428", "lastchange": null, "code": "2804", "fclass": "parking", "name": null }, "geometry": { "type": "Point", "coordinates": [ -9.1323308, 38.7552939 ] } },
{ "type": "Feature", "properties": { "osm_id": "1662570468", "lastchange": null, "code": "2301", "fclass": "restaurant", "name": "Everest Montanha" }, "geometry": { "type": "Point", "coordinates": [ -9.138178, 38.7553023 ] } },
{ "type": "Feature", "properties": { "osm_id": "1662570552", "lastchange": null, "code": "2804", "fclass": "parking", "name": null }, "geometry": { "type": "Point", "coordinates": [ -9.1363112, 38.7566849 ] } },
{ "type": "Feature", "properties": { "osm_id": "1662570554", "lastchange": null, "code": "2303", "fclass": "cafe", "name": "Biarritz" }, "geometry": { "type": "Point", "coordinates": [ -9.1388673, 38.7551392 ] } },
{ "type": "Feature", "properties": { "osm_id": "1662589715", "lastchange": null, "code": "2801", "fclass": "fuel", "name": null }, "geometry": { "type": "Point", "coordinates": [ -9.1288546, 38.7626144 ] } },
{ "type": "Feature", "properties": { "osm_id": "1662679045", "lastchange": null, "code": "2804", "fclass": "parking", "name": null }, "geometry": { "type": "Point", "coordinates": [ -9.1179005, 38.773305 ] } },
{ "type": "Feature", "properties": { "osm_id": "1665368911", "lastchange": null, "code": "2101", "fclass": "pharmacy", "name": null }, "geometry": { "type": "Point", "coordinates": [ -9.2390679, 38.6559109 ] } },
{ "type": "Feature", "properties": { "osm_id": "1665368957", "lastchange": null, "code": "2303", "fclass": "cafe", "name": "Tiago" }, "geometry": { "type": "Point", "coordinates": [ -9.2364447, 38.655892 ] } },
{ "type": "Feature", "properties": { "osm_id": "1665368976", "lastchange": null, "code": "2501", "fclass": "supermarket", "name": "Supermercardo Portugal" }, "geometry": { "type": "Point", "coordinates": [ -9.2389284, 38.6559465 ] } },
{ "type": "Feature", "properties": { "osm_id": "1665369139", "lastchange": null, "code": "2303", "fclass": "cafe", "name": "Nova Famelga" }, "geometry": { "type": "Point", "coordinates": [ -9.2376892, 38.6552846 ] } },
{ "type": "Feature", "properties": { "osm_id": "1665369160", "lastchange": null, "code": "2301", "fclass": "restaurant", "name": "Bandeira Azul" }, "geometry": { "type": "Point", "coordinates": [ -9.2365466, 38.6560533 ] } },
{ "type": "Feature", "properties": { "osm_id": "1665379972", "lastchange": null, "code": "2303", "fclass": "cafe", "name": "Paródias" }, "geometry": { "type": "Point", "coordinates": [ -9.2350277, 38.655317 ] } },
{ "type": "Feature", "properties": { "osm_id": "1666210982", "lastchange": null, "code": "2804", "fclass": "parking", "name": null }, "geometry": { "type": "Point", "coordinates": [ -9.2921769, 38.6945084 ] } },
{ "type": "Feature", "properties": { "osm_id": "1667036688", "lastchange": null, "code": "2601", "fclass": "bank", "name": "Millenium" }, "geometry": { "type": "Point", "coordinates": [ -9.201299, 38.7504358 ] } },
{ "type": "Feature", "properties": { "osm_id": "1667036697", "lastchange": null, "code": "2601", "fclass": "bank", "name": "Montepio Geral" }, "geometry": { "type": "Point", "coordinates": [ -9.2028359, 38.7508395 ] } },
{ "type": "Feature", "properties": { "osm_id": "1667091915", "lastchange": null, "code": "2101", "fclass": "pharmacy", "name": "Farmacia Maia Palma" }, "geometry": { "type": "Point", "coordinates": [ -9.1811472, 38.7653346 ] } },
{ "type": "Feature", "properties": { "osm_id": "1667340850", "lastchange": null, "code": "2005", "fclass": "post_office", "name": "Correios" }, "geometry": { "type": "Point", "coordinates": [ -9.2041457, 38.7522641 ] } },
{ "type": "Feature", "properties": { "osm_id": "1668224946", "lastchange": null, "code": "2901", "fclass": "toilet", "name": null }, "geometry": { "type": "Point", "coordinates": [ -9.1608501, 38.7727075 ] } },
{ "type": "Feature", "properties": { "osm_id": "1668227530", "lastchange": null, "code": "2804", "fclass": "parking", "name": null }, "geometry": { "type": "Point", "coordinates": [ -9.1627686, 38.7737176 ] } },
{ "type": "Feature", "properties": { "osm_id": "1668353709", "lastchange": null, "code": "2301", "fclass": "restaurant", "name": null }, "geometry": { "type": "Point", "coordinates": [ -9.1942312, 38.7268265 ] } },
{ "type": "Feature", "properties": { "osm_id": "1668353760", "lastchange": null, "code": "2301", "fclass": "restaurant", "name": null }, "geometry": { "type": "Point", "coordinates": [ -9.2014544, 38.7175352 ] } },
{ "type": "Feature", "properties": { "osm_id": "1668353819", "lastchange": null, "code": "2804", "fclass": "parking", "name": null }, "geometry": { "type": "Point", "coordinates": [ -9.1999765, 38.7366877 ] } },
{ "type": "Feature", "properties": { "osm_id": "1668354268", "lastchange": null, "code": "2804", "fclass": "parking", "name": null }, "geometry": { "type": "Point", "coordinates": [ -9.1773092, 38.7391795 ] } },
{ "type": "Feature", "properties": { "osm_id": "1668354577", "lastchange": null, "code": "2804", "fclass": "parking", "name": null }, "geometry": { "type": "Point", "coordinates": [ -9.1854014, 38.7192771 ] } },
{ "type": "Feature", "properties": { "osm_id": "1668354699", "lastchange": null, "code": "2804", "fclass": "parking", "name": null }, "geometry": { "type": "Point", "coordinates": [ -9.1726099, 38.736263 ] } },
{ "type": "Feature", "properties": { "osm_id": "1669134191", "lastchange": null, "code": "2804", "fclass": "parking", "name": null }, "geometry": { "type": "Point", "coordinates": [ -9.1353376, 38.7464055 ] } },
{ "type": "Feature", "properties": { "osm_id": "1669134193", "lastchange": null, "code": "2501", "fclass": "supermarket", "name": "Pingo Doce" }, "geometry": { "type": "Point", "coordinates": [ -9.1402192, 38.7483844 ] } },
{ "type": "Feature", "properties": { "osm_id": "1669134206", "lastchange": null, "code": "2804", "fclass": "parking", "name": null }, "geometry": { "type": "Point", "coordinates": [ -9.1340823, 38.7472046 ] } },
{ "type": "Feature", "properties": { "osm_id": "1669446122", "lastchange": null, "code": "2201", "fclass": "theatre", "name": "Turim" }, "geometry": { "type": "Point", "coordinates": [ -9.2023962, 38.7506403 ] } },
{ "type": "Feature", "properties": { "osm_id": "1669467158", "lastchange": null, "code": "2201", "fclass": "theatre", "name": "Auditório Carlos Paredes" }, "geometry": { "type": "Point", "coordinates": [ -9.1974422, 38.7487054 ] } },
{ "type": "Feature", "properties": { "osm_id": "1670584074", "lastchange": null, "code": "2901", "fclass": "toilet", "name": null }, "geometry": { "type": "Point", "coordinates": [ -9.1908437, 38.7211816 ] } },
{ "type": "Feature", "properties": { "osm_id": "1670584095", "lastchange": null, "code": "2303", "fclass": "cafe", "name": null }, "geometry": { "type": "Point", "coordinates": [ -9.1866916, 38.7195284 ] } },
{ "type": "Feature", "properties": { "osm_id": "1670584115", "lastchange": null, "code": "2804", "fclass": "parking", "name": null }, "geometry": { "type": "Point", "coordinates": [ -9.1876814, 38.7231821 ] } },
{ "type": "Feature", "properties": { "osm_id": "1670584153", "lastchange": null, "code": "2804", "fclass": "parking", "name": null }, "geometry": { "type": "Point", "coordinates": [ -9.2009315, 38.7185029 ] } },
{ "type": "Feature", "properties": { "osm_id": "1670584256", "lastchange": null, "code": "2804", "fclass": "parking", "name": null }, "geometry": { "type": "Point", "coordinates": [ -9.1987642, 38.7180969 ] } },
{ "type": "Feature", "properties": { "osm_id": "1671145187", "lastchange": null, "code": "2001", "fclass": "police", "name": null }, "geometry": { "type": "Point", "coordinates": [ -9.1516366, 38.6504241 ] } },
{ "type": "Feature", "properties": { "osm_id": "1671348365", "lastchange": null, "code": "2601", "fclass": "bank", "name": "Millenium" }, "geometry": { "type": "Point", "coordinates": [ -9.1508939, 38.6409694 ] } },
{ "type": "Feature", "properties": { "osm_id": "1671348368", "lastchange": null, "code": "2601", "fclass": "bank", "name": "Millenium" }, "geometry": { "type": "Point", "coordinates": [ -9.1525649, 38.6346485 ] } },
{ "type": "Feature", "properties": { "osm_id": "1674587562", "lastchange": null, "code": "2101", "fclass": "pharmacy", "name": null }, "geometry": { "type": "Point", "coordinates": [ -9.1972217, 38.7514747 ] } },
{ "type": "Feature", "properties": { "osm_id": "1674617361", "lastchange": null, "code": "2804", "fclass": "parking", "name": null }, "geometry": { "type": "Point", "coordinates": [ -9.2162094, 38.6171572 ] } },
{ "type": "Feature", "properties": { "osm_id": "1674629752", "lastchange": null, "code": "2501", "fclass": "supermarket", "name": "Pingo Doce" }, "geometry": { "type": "Point", "coordinates": [ -9.2037476, 38.7495524 ] } },
{ "type": "Feature", "properties": { "osm_id": "1674629756", "lastchange": null, "code": "2501", "fclass": "supermarket", "name": "Modelo" }, "geometry": { "type": "Point", "coordinates": [ -9.2044021, 38.7497616 ] } },
{ "type": "Feature", "properties": { "osm_id": "1675863644", "lastchange": null, "code": "2303", "fclass": "cafe", "name": "Nilo" }, "geometry": { "type": "Point", "coordinates": [ -9.2019242, 38.7505734 ] } },
{ "type": "Feature", "properties": { "osm_id": "1675863645", "lastchange": null, "code": "2502", "fclass": "bakery", "name": null }, "geometry": { "type": "Point", "coordinates": [ -9.2020073, 38.7507575 ] } },
{ "type": "Feature", "properties": { "osm_id": "1675863646", "lastchange": null, "code": "2004", "fclass": "post_box", "name": null }, "geometry": { "type": "Point", "coordinates": [ -9.2013154, 38.7505567 ] } },
{ "type": "Feature", "properties": { "osm_id": "1675863647", "lastchange": null, "code": "2503", "fclass": "kiosk", "name": null }, "geometry": { "type": "Point", "coordinates": [ -9.2014146, 38.750588 ] } },
{ "type": "Feature", "properties": { "osm_id": "1675863651", "lastchange": null, "code": "2503", "fclass": "kiosk", "name": null }, "geometry": { "type": "Point", "coordinates": [ -9.2022032, 38.7508809 ] } },
{ "type": "Feature", "properties": { "osm_id": "1675957663", "lastchange": null, "code": "2101", "fclass": "pharmacy", "name": null }, "geometry": { "type": "Point", "coordinates": [ -9.1513492, 38.6416879 ] } },
{ "type": "Feature", "properties": { "osm_id": "1675957677", "lastchange": null, "code": "2101", "fclass": "pharmacy", "name": null }, "geometry": { "type": "Point", "coordinates": [ -9.1558982, 38.6414114 ] } },
{ "type": "Feature", "properties": { "osm_id": "1675957707", "lastchange": null, "code": "2101", "fclass": "pharmacy", "name": "Farmácia Santa Marta do Pinhal" }, "geometry": { "type": "Point", "coordinates": [ -9.152701, 38.6307597 ] } },
{ "type": "Feature", "properties": { "osm_id": "1675957728", "lastchange": null, "code": "2101", "fclass": "pharmacy", "name": "Farmácia Nova de Corroios" }, "geometry": { "type": "Point", "coordinates": [ -9.1489674, 38.6286141 ] } },
{ "type": "Feature", "properties": { "osm_id": "1675957753", "lastchange": null, "code": "2101", "fclass": "pharmacy", "name": "Farmácia Bento Lino" }, "geometry": { "type": "Point", "coordinates": [ -9.1537095, 38.6387298 ] } },
{ "type": "Feature", "properties": { "osm_id": "1676047705", "lastchange": null, "code": "2303", "fclass": "cafe", "name": null }, "geometry": { "type": "Point", "coordinates": [ -9.2644341, 38.7760142 ] } },
{ "type": "Feature", "properties": { "osm_id": "1676047734", "lastchange": null, "code": "2303", "fclass": "cafe", "name": null }, "geometry": { "type": "Point", "coordinates": [ -9.2639835, 38.7760832 ] } },
{ "type": "Feature", "properties": { "osm_id": "1676866272", "lastchange": null, "code": "2101", "fclass": "pharmacy", "name": null }, "geometry": { "type": "Point", "coordinates": [ -9.1982465, 38.663834 ] } },
{ "type": "Feature", "properties": { "osm_id": "1676883698", "lastchange": null, "code": "2601", "fclass": "bank", "name": "Banco Popular" }, "geometry": { "type": "Point", "coordinates": [ -9.1993791, 38.6636123 ] } },
{ "type": "Feature", "properties": { "osm_id": "1676883700", "lastchange": null, "code": "2602", "fclass": "atm", "name": null }, "geometry": { "type": "Point", "coordinates": [ -9.1999826, 38.6618195 ] } },
{ "type": "Feature", "properties": { "osm_id": "1676883701", "lastchange": null, "code": "2601", "fclass": "bank", "name": "Caixa Geral de Depósitos" }, "geometry": { "type": "Point", "coordinates": [ -9.1989553, 38.6625023 ] } },
{ "type": "Feature", "properties": { "osm_id": "1677093343", "lastchange": null, "code": "2301", "fclass": "restaurant", "name": "Kaprixu" }, "geometry": { "type": "Point", "coordinates": [ -9.1721545, 38.7691481 ] } },
{ "type": "Feature", "properties": { "osm_id": "1677098583", "lastchange": null, "code": "2301", "fclass": "restaurant", "name": "Forno do Paço" }, "geometry": { "type": "Point", "coordinates": [ -9.1706313, 38.7693789 ] } },
{ "type": "Feature", "properties": { "osm_id": "1677103027", "lastchange": null, "code": "2301", "fclass": "restaurant", "name": "Tertúlia do Paço" }, "geometry": { "type": "Point", "coordinates": [ -9.1702129, 38.7695128 ] } },
{ "type": "Feature", "properties": { "osm_id": "1677111078", "lastchange": null, "code": "2303", "fclass": "cafe", "name": "Quiosque Sintra" }, "geometry": { "type": "Point", "coordinates": [ -9.1760386, 38.7692618 ] } },
{ "type": "Feature", "properties": { "osm_id": "1677122311", "lastchange": null, "code": "2301", "fclass": "restaurant", "name": "Taska Tecnologica" }, "geometry": { "type": "Point", "coordinates": [ -9.1802443, 38.7693705 ] } },
{ "type": "Feature", "properties": { "osm_id": "1677122321", "lastchange": null, "code": "2301", "fclass": "restaurant", "name": null }, "geometry": { "type": "Point", "coordinates": [ -9.1672732, 38.7747072 ] } },
{ "type": "Feature", "properties": { "osm_id": "1677221888", "lastchange": null, "code": "2301", "fclass": "restaurant", "name": "O Mocho" }, "geometry": { "type": "Point", "coordinates": [ -9.1546132, 38.7559268 ] } },
{ "type": "Feature", "properties": { "osm_id": "1677362273", "lastchange": null, "code": "2804", "fclass": "parking", "name": null }, "geometry": { "type": "Point", "coordinates": [ -9.2210163, 38.6935168 ] } },
{ "type": "Feature", "properties": { "osm_id": "1677402746", "lastchange": null, "code": "2804", "fclass": "parking", "name": null }, "geometry": { "type": "Point", "coordinates": [ -9.201485, 38.6621671 ] } },
{ "type": "Feature", "properties": { "osm_id": "1677458601", "lastchange": null, "code": "2501", "fclass": "supermarket", "name": "LIDL" }, "geometry": { "type": "Point", "coordinates": [ -9.1774969, 38.798427 ] } },
{ "type": "Feature", "properties": { "osm_id": "1677580550", "lastchange": null, "code": "2301", "fclass": "restaurant", "name": "O Panças" }, "geometry": { "type": "Point", "coordinates": [ -9.2029081, 38.7419307 ] } },
{ "type": "Feature", "properties": { "osm_id": "1677607915", "lastchange": null, "code": "2303", "fclass": "cafe", "name": "O Golo" }, "geometry": { "type": "Point", "coordinates": [ -9.1978388, 38.7484932 ] } },
{ "type": "Feature", "properties": { "osm_id": "1677607966", "lastchange": null, "code": "2301", "fclass": "restaurant", "name": "Solar da Quinta" }, "geometry": { "type": "Point", "coordinates": [ -9.2015992, 38.7433324 ] } },
{ "type": "Feature", "properties": { "osm_id": "1677607995", "lastchange": null, "code": "2301", "fclass": "restaurant", "name": "Jugo do Lavrador" }, "geometry": { "type": "Point", "coordinates": [ -9.2002715, 38.7448344 ] } },
{ "type": "Feature", "properties": { "osm_id": "1677617769", "lastchange": null, "code": "2301", "fclass": "restaurant", "name": "Os Piodenses" }, "geometry": { "type": "Point", "coordinates": [ -9.2009487, 38.7565751 ] } },
{ "type": "Feature", "properties": { "osm_id": "1677695478", "lastchange": null, "code": "2201", "fclass": "theatre", "name": "Teatro Municipal de Almada" }, "geometry": { "type": "Point", "coordinates": [ -9.1596949, 38.6761188 ] } },
{ "type": "Feature", "properties": { "osm_id": "1677695479", "lastchange": null, "code": "2003", "fclass": "recycling", "name": null }, "geometry": { "type": "Point", "coordinates": [ -9.2009714, 38.6610301 ] } },
{ "type": "Feature", "properties": { "osm_id": "1677721159", "lastchange": null, "code": "2301", "fclass": "restaurant", "name": "Central do Monte" }, "geometry": { "type": "Point", "coordinates": [ -9.1982874, 38.6638197 ] } },
{ "type": "Feature", "properties": { "osm_id": "1677721167", "lastchange": null, "code": "2502", "fclass": "bakery", "name": "Monte" }, "geometry": { "type": "Point", "coordinates": [ -9.1983438, 38.6638092 ] } },
{ "type": "Feature", "properties": { "osm_id": "1678495984", "lastchange": null, "code": "2501", "fclass": "supermarket", "name": "Centro Comercial Chapim" }, "geometry": { "type": "Point", "coordinates": [ -9.181373, 38.7991997 ] } },
{ "type": "Feature", "properties": { "osm_id": "1678697780", "lastchange": null, "code": "2804", "fclass": "parking", "name": null }, "geometry": { "type": "Point", "coordinates": [ -9.1753249, 38.7850086 ] } },
{ "type": "Feature", "properties": { "osm_id": "1679121732", "lastchange": null, "code": "2303", "fclass": "cafe", "name": "Isabelinha" }, "geometry": { "type": "Point", "coordinates": [ -9.2272703, 38.7597041 ] } },
{ "type": "Feature", "properties": { "osm_id": "1679124810", "lastchange": null, "code": "2110", "fclass": "hospital", "name": "Argus - Clinica Veterinaria" }, "geometry": { "type": "Point", "coordinates": [ -9.2113246, 38.7543412 ] } },
{ "type": "Feature", "properties": { "osm_id": "1679763894", "lastchange": null, "code": "2601", "fclass": "bank", "name": "Banco Espirito Santo" }, "geometry": { "type": "Point", "coordinates": [ -9.2045012, 38.7518619 ] } },
{ "type": "Feature", "properties": { "osm_id": "1679763905", "lastchange": null, "code": "2602", "fclass": "atm", "name": null }, "geometry": { "type": "Point", "coordinates": [ -9.2013201, 38.7507867 ] } },
{ "type": "Feature", "properties": { "osm_id": "1679831451", "lastchange": null, "code": "2501", "fclass": "supermarket", "name": "Pingo Doce" }, "geometry": { "type": "Point", "coordinates": [ -9.1422656, 38.7350741 ] } },
{ "type": "Feature", "properties": { "osm_id": "1683095127", "lastchange": null, "code": "2301", "fclass": "restaurant", "name": "O Sacramento" }, "geometry": { "type": "Point", "coordinates": [ -9.1404418, 38.7116048 ] } },
{ "type": "Feature", "properties": { "osm_id": "1683253926", "lastchange": null, "code": "2501", "fclass": "supermarket", "name": "Dia" }, "geometry": { "type": "Point", "coordinates": [ -9.2768724, 38.7625554 ] } },
{ "type": "Feature", "properties": { "osm_id": "1683255439", "lastchange": null, "code": "2101", "fclass": "pharmacy", "name": "Farmacia" }, "geometry": { "type": "Point", "coordinates": [ -9.277146, 38.7631954 ] } },
{ "type": "Feature", "properties": { "osm_id": "1683260220", "lastchange": null, "code": "2005", "fclass": "post_office", "name": "Uniku's" }, "geometry": { "type": "Point", "coordinates": [ -9.2782859, 38.7641386 ] } },
{ "type": "Feature", "properties": { "osm_id": "1683261722", "lastchange": null, "code": "2005", "fclass": "post_office", "name": "CTT" }, "geometry": { "type": "Point", "coordinates": [ -9.2781035, 38.7650525 ] } },
{ "type": "Feature", "properties": { "osm_id": "1683271744", "lastchange": null, "code": "2801", "fclass": "fuel", "name": "Bomba Low Cost" }, "geometry": { "type": "Point", "coordinates": [ -9.2752778, 38.7506524 ] } },
{ "type": "Feature", "properties": { "osm_id": "1684767933", "lastchange": null, "code": "2804", "fclass": "parking", "name": null }, "geometry": { "type": "Point", "coordinates": [ -9.1291392, 38.621451 ] } },
{ "type": "Feature", "properties": { "osm_id": "1684844954", "lastchange": null, "code": "2703", "fclass": "museum", "name": "Museu de Arqueologia" }, "geometry": { "type": "Point", "coordinates": [ -9.2071603, 38.6974122 ] } },
{ "type": "Feature", "properties": { "osm_id": "1688540131", "lastchange": null, "code": "2110", "fclass": "hospital", "name": "Unidade de Saúde Familiar de Pinhal de Frades" }, "geometry": { "type": "Point", "coordinates": [ -9.0969104, 38.6007415 ] } },
{ "type": "Feature", "properties": { "osm_id": "1688614731", "lastchange": null, "code": "2502", "fclass": "bakery", "name": "Padaria Central do Pinhal de Frades" }, "geometry": { "type": "Point", "coordinates": [ -9.0948424, 38.6060174 ] } },
{ "type": "Feature", "properties": { "osm_id": "1688765910", "lastchange": null, "code": "2001", "fclass": "police", "name": "PSP Torre da Marinha" }, "geometry": { "type": "Point", "coordinates": [ -9.1031733, 38.6143046 ] } },
{ "type": "Feature", "properties": { "osm_id": "1688774473", "lastchange": null, "code": "2005", "fclass": "post_office", "name": "Estação de Correios da Torre da Marinha" }, "geometry": { "type": "Point", "coordinates": [ -9.1034791, 38.6171255 ] } },
{ "type": "Feature", "properties": { "osm_id": "1694645691", "lastchange": null, "code": "2804", "fclass": "parking", "name": null }, "geometry": { "type": "Point", "coordinates": [ -9.1039437, 38.7503123 ] } },
{ "type": "Feature", "properties": { "osm_id": "1700364275", "lastchange": null, "code": "2082", "fclass": "school", "name": "Oeiras International School" }, "geometry": { "type": "Point", "coordinates": [ -9.2770466, 38.7262616 ] } },
{ "type": "Feature", "properties": { "osm_id": "1701193384", "lastchange": null, "code": "2801", "fclass": "fuel", "name": "Galp station" }, "geometry": { "type": "Point", "coordinates": [ -9.1677046, 38.723228 ] } },
{ "type": "Feature", "properties": { "osm_id": "1701193396", "lastchange": null, "code": "2801", "fclass": "fuel", "name": null }, "geometry": { "type": "Point", "coordinates": [ -9.1679122, 38.7227084 ] } },
{ "type": "Feature", "properties": { "osm_id": "1701336850", "lastchange": null, "code": "2003", "fclass": "recycling", "name": null }, "geometry": { "type": "Point", "coordinates": [ -9.2937457, 38.7720028 ] } },
{ "type": "Feature", "properties": { "osm_id": "1704809552", "lastchange": null, "code": "2501", "fclass": "supermarket", "name": "Pingo Doce" }, "geometry": { "type": "Point", "coordinates": [ -9.1750422, 38.7039658 ] } },
{ "type": "Feature", "properties": { "osm_id": "1704810993", "lastchange": null, "code": "2001", "fclass": "police", "name": null }, "geometry": { "type": "Point", "coordinates": [ -9.1778424, 38.7044598 ] } },
{ "type": "Feature", "properties": { "osm_id": "1705177739", "lastchange": null, "code": "2003", "fclass": "recycling", "name": null }, "geometry": { "type": "Point", "coordinates": [ -9.1936544, 38.7447834 ] } },
{ "type": "Feature", "properties": { "osm_id": "1708304062", "lastchange": null, "code": "2501", "fclass": "supermarket", "name": "Continente Bom Dia" }, "geometry": { "type": "Point", "coordinates": [ -9.1487486, 38.7479231 ] } },
{ "type": "Feature", "properties": { "osm_id": "1708550298", "lastchange": null, "code": "2303", "fclass": "cafe", "name": "Café Grão D'ouro" }, "geometry": { "type": "Point", "coordinates": [ -9.1275585, 38.6232105 ] } },
{ "type": "Feature", "properties": { "osm_id": "1708605368", "lastchange": null, "code": "2804", "fclass": "parking", "name": null }, "geometry": { "type": "Point", "coordinates": [ -9.1378536, 38.6279134 ] } },
{ "type": "Feature", "properties": { "osm_id": "1709300264", "lastchange": null, "code": "2005", "fclass": "post_office", "name": null }, "geometry": { "type": "Point", "coordinates": [ -9.1426318, 38.7564896 ] } },
{ "type": "Feature", "properties": { "osm_id": "1710121157", "lastchange": null, "code": "2001", "fclass": "police", "name": "PSP Amora" }, "geometry": { "type": "Point", "coordinates": [ -9.1243157, 38.6250662 ] } },
{ "type": "Feature", "properties": { "osm_id": "1710121167", "lastchange": null, "code": "2501", "fclass": "supermarket", "name": "Minipreço" }, "geometry": { "type": "Point", "coordinates": [ -9.1247207, 38.624645 ] } },
{ "type": "Feature", "properties": { "osm_id": "1710878846", "lastchange": null, "code": "2602", "fclass": "atm", "name": null }, "geometry": { "type": "Point", "coordinates": [ -9.1554139, 38.7671039 ] } },
{ "type": "Feature", "properties": { "osm_id": "1716729538", "lastchange": null, "code": "2804", "fclass": "parking", "name": null }, "geometry": { "type": "Point", "coordinates": [ -9.1859649, 38.7439578 ] } },
{ "type": "Feature", "properties": { "osm_id": "1717047759", "lastchange": null, "code": "2007", "fclass": "library", "name": "Biblioteca D. Dinis - Biblioteca Municipal de Odivelas" }, "geometry": { "type": "Point", "coordinates": [ -9.1818157, 38.7922057 ] } },
{ "type": "Feature", "properties": { "osm_id": "1717052020", "lastchange": null, "code": "2804", "fclass": "parking", "name": null }, "geometry": { "type": "Point", "coordinates": [ -9.1734848, 38.786055 ] } },
{ "type": "Feature", "properties": { "osm_id": "1717059095", "lastchange": null, "code": "2501", "fclass": "supermarket", "name": null }, "geometry": { "type": "Point", "coordinates": [ -9.1671413, 38.7948628 ] } },
{ "type": "Feature", "properties": { "osm_id": "1717060431", "lastchange": null, "code": "2302", "fclass": "fast_food", "name": "PizzaHut" }, "geometry": { "type": "Point", "coordinates": [ -9.1748044, 38.7892329 ] } },
{ "type": "Feature", "properties": { "osm_id": "1717062952", "lastchange": null, "code": "2002", "fclass": "fire_station", "name": "Bombeiros Voluntários de Odivelas" }, "geometry": { "type": "Point", "coordinates": [ -9.1772318, 38.7867596 ] } },
{ "type": "Feature", "properties": { "osm_id": "1717063823", "lastchange": null, "code": "2301", "fclass": "restaurant", "name": "Tacho da Memória" }, "geometry": { "type": "Point", "coordinates": [ -9.1768778, 38.7871547 ] } },
{ "type": "Feature", "properties": { "osm_id": "1719291892", "lastchange": null, "code": "2303", "fclass": "cafe", "name": "Casual Lounge Caffe" }, "geometry": { "type": "Point", "coordinates": [ -9.2137276, 38.6951616 ] } },
{ "type": "Feature", "properties": { "osm_id": "1720612783", "lastchange": null, "code": "2301", "fclass": "restaurant", "name": "Floresta Do Calhariz" }, "geometry": { "type": "Point", "coordinates": [ -9.146056, 38.7110225 ] } },
{ "type": "Feature", "properties": { "osm_id": "1720704146", "lastchange": null, "code": "2901", "fclass": "toilet", "name": null }, "geometry": { "type": "Point", "coordinates": [ -9.133485, 38.7132322 ] } },
{ "type": "Feature", "properties": { "osm_id": "1720704162", "lastchange": null, "code": "2004", "fclass": "post_box", "name": null }, "geometry": { "type": "Point", "coordinates": [ -9.1604563, 38.7138015 ] } },
{ "type": "Feature", "properties": { "osm_id": "1720704247", "lastchange": null, "code": "2503", "fclass": "kiosk", "name": null }, "geometry": { "type": "Point", "coordinates": [ -9.1581554, 38.715218 ] } },
{ "type": "Feature", "properties": { "osm_id": "1720704283", "lastchange": null, "code": "2702", "fclass": "attraction", "name": "ancient tiles" }, "geometry": { "type": "Point", "coordinates": [ -9.130377, 38.711774 ] } },
{ "type": "Feature", "properties": { "osm_id": "1720704289", "lastchange": null, "code": "2702", "fclass": "attraction", "name": "ancient tiles" }, "geometry": { "type": "Point", "coordinates": [ -9.1302184, 38.7118597 ] } },
{ "type": "Feature", "properties": { "osm_id": "1720708074", "lastchange": null, "code": "2503", "fclass": "kiosk", "name": null }, "geometry": { "type": "Point", "coordinates": [ -9.1513027, 38.715106 ] } },
{ "type": "Feature", "properties": { "osm_id": "1723025623", "lastchange": null, "code": "2502", "fclass": "bakery", "name": "Pastelaria Alfama Doce" }, "geometry": { "type": "Point", "coordinates": [ -9.1287813, 38.7120632 ] } },
{ "type": "Feature", "properties": { "osm_id": "1723819583", "lastchange": null, "code": "2303", "fclass": "cafe", "name": "Snack-Bar Maria Delícia" }, "geometry": { "type": "Point", "coordinates": [ -9.1290612, 38.7418711 ] } },
{ "type": "Feature", "properties": { "osm_id": "1723875570", "lastchange": null, "code": "2703", "fclass": "museum", "name": "Museu do Oriente" }, "geometry": { "type": "Point", "coordinates": [ -9.1710253, 38.7027803 ] } },
{ "type": "Feature", "properties": { "osm_id": "1723876294", "lastchange": null, "code": "2001", "fclass": "police", "name": null }, "geometry": { "type": "Point", "coordinates": [ -9.1691048, 38.7030901 ] } },
{ "type": "Feature", "properties": { "osm_id": "1723877001", "lastchange": null, "code": "2602", "fclass": "atm", "name": null }, "geometry": { "type": "Point", "coordinates": [ -9.1740508, 38.701943 ] } },
{ "type": "Feature", "properties": { "osm_id": "1723883910", "lastchange": null, "code": "2601", "fclass": "bank", "name": "CGD" }, "geometry": { "type": "Point", "coordinates": [ -9.2098905, 38.7080089 ] } },
{ "type": "Feature", "properties": { "osm_id": "1724339161", "lastchange": null, "code": "2007", "fclass": "library", "name": "Mediateca" }, "geometry": { "type": "Point", "coordinates": [ -9.192048, 38.698478 ] } },
{ "type": "Feature", "properties": { "osm_id": "1724347149", "lastchange": null, "code": "2007", "fclass": "library", "name": "Biblioteca" }, "geometry": { "type": "Point", "coordinates": [ -9.1921338, 38.6979546 ] } },
{ "type": "Feature", "properties": { "osm_id": "1727517789", "lastchange": null, "code": "2804", "fclass": "parking", "name": null }, "geometry": { "type": "Point", "coordinates": [ -9.2654647, 38.7087371 ] } },
{ "type": "Feature", "properties": { "osm_id": "1728481862", "lastchange": null, "code": "2501", "fclass": "supermarket", "name": "Minipreço" }, "geometry": { "type": "Point", "coordinates": [ -9.1248533, 38.7379994 ] } },
{ "type": "Feature", "properties": { "osm_id": "1728481891", "lastchange": null, "code": "2501", "fclass": "supermarket", "name": "Pingo Doce" }, "geometry": { "type": "Point", "coordinates": [ -9.1248989, 38.7391521 ] } },
{ "type": "Feature", "properties": { "osm_id": "1728502184", "lastchange": null, "code": "2303", "fclass": "cafe", "name": "Chuva de Tentações" }, "geometry": { "type": "Point", "coordinates": [ -9.2622208, 38.7620211 ] } },
{ "type": "Feature", "properties": { "osm_id": "1737257386", "lastchange": null, "code": "2602", "fclass": "atm", "name": null }, "geometry": { "type": "Point", "coordinates": [ -9.1537789, 38.7668853 ] } },
{ "type": "Feature", "properties": { "osm_id": "1737257387", "lastchange": null, "code": "2602", "fclass": "atm", "name": null }, "geometry": { "type": "Point", "coordinates": [ -9.154133, 38.76539 ] } },
{ "type": "Feature", "properties": { "osm_id": "1737257389", "lastchange": null, "code": "2602", "fclass": "atm", "name": null }, "geometry": { "type": "Point", "coordinates": [ -9.1535912, 38.7645241 ] } },
{ "type": "Feature", "properties": { "osm_id": "1739411856", "lastchange": null, "code": "2301", "fclass": "restaurant", "name": "Pizzeria Da Beppi" }, "geometry": { "type": "Point", "coordinates": [ -9.1533934, 38.7634455 ] } },
{ "type": "Feature", "properties": { "osm_id": "1740541681", "lastchange": null, "code": "2301", "fclass": "restaurant", "name": "Tabuense" }, "geometry": { "type": "Point", "coordinates": [ -9.1124936, 38.7750708 ] } },
{ "type": "Feature", "properties": { "osm_id": "1740541829", "lastchange": null, "code": "2082", "fclass": "school", "name": null }, "geometry": { "type": "Point", "coordinates": [ -9.1161413, 38.7762707 ] } },
{ "type": "Feature", "properties": { "osm_id": "1741695760", "lastchange": null, "code": "2301", "fclass": "restaurant", "name": "Nicogrilo" }, "geometry": { "type": "Point", "coordinates": [ -9.1137591, 38.7748465 ] } },
{ "type": "Feature", "properties": { "osm_id": "1742056867", "lastchange": null, "code": "2303", "fclass": "cafe", "name": "Trigueira" }, "geometry": { "type": "Point", "coordinates": [ -9.1536656, 38.7653911 ] } },
{ "type": "Feature", "properties": { "osm_id": "1742786269", "lastchange": null, "code": "2301", "fclass": "restaurant", "name": "Recanto do Pantanal" }, "geometry": { "type": "Point", "coordinates": [ -9.1529763, 38.7633189 ] } },
{ "type": "Feature", "properties": { "osm_id": "1743615301", "lastchange": null, "code": "2082", "fclass": "school", "name": "Escola Preparatoria do Almirante Gago Coutinho" }, "geometry": { "type": "Point", "coordinates": [ -9.134863, 38.7527538 ] } },
{ "type": "Feature", "properties": { "osm_id": "1743698824", "lastchange": null, "code": "2303", "fclass": "cafe", "name": "Florida" }, "geometry": { "type": "Point", "coordinates": [ -9.1339102, 38.7432323 ] } },
{ "type": "Feature", "properties": { "osm_id": "1743698832", "lastchange": null, "code": "2501", "fclass": "supermarket", "name": "Centro Comercial Acqua Roma" }, "geometry": { "type": "Point", "coordinates": [ -9.1389878, 38.743316 ] } },
{ "type": "Feature", "properties": { "osm_id": "1743702474", "lastchange": null, "code": "2501", "fclass": "supermarket", "name": "Minipreço" }, "geometry": { "type": "Point", "coordinates": [ -9.1338727, 38.7431527 ] } },
{ "type": "Feature", "properties": { "osm_id": "1743713034", "lastchange": null, "code": "2601", "fclass": "bank", "name": "Millenium" }, "geometry": { "type": "Point", "coordinates": [ -9.1338192, 38.7427019 ] } },
{ "type": "Feature", "properties": { "osm_id": "1743713037", "lastchange": null, "code": "2303", "fclass": "cafe", "name": "Cinderela" }, "geometry": { "type": "Point", "coordinates": [ -9.1337146, 38.7428222 ] } },
{ "type": "Feature", "properties": { "osm_id": "1743730792", "lastchange": null, "code": "2301", "fclass": "restaurant", "name": "Moinho Vermelho" }, "geometry": { "type": "Point", "coordinates": [ -9.1355652, 38.7425377 ] } },
{ "type": "Feature", "properties": { "osm_id": "1743730795", "lastchange": null, "code": "2503", "fclass": "kiosk", "name": null }, "geometry": { "type": "Point", "coordinates": [ -9.1356511, 38.7424624 ] } },
{ "type": "Feature", "properties": { "osm_id": "1743730797", "lastchange": null, "code": "2303", "fclass": "cafe", "name": "A Portuguesa" }, "geometry": { "type": "Point", "coordinates": [ -9.1356484, 38.7421925 ] } },
{ "type": "Feature", "properties": { "osm_id": "1743730800", "lastchange": null, "code": "2301", "fclass": "restaurant", "name": "O Pote" }, "geometry": { "type": "Point", "coordinates": [ -9.1352889, 38.742159 ] } },
{ "type": "Feature", "properties": { "osm_id": "1743733985", "lastchange": null, "code": "2601", "fclass": "bank", "name": "Santander Totta" }, "geometry": { "type": "Point", "coordinates": [ -9.1357905, 38.7425398 ] } },
{ "type": "Feature", "properties": { "osm_id": "1743733991", "lastchange": null, "code": "2801", "fclass": "fuel", "name": null }, "geometry": { "type": "Point", "coordinates": [ -9.1351414, 38.7424394 ] } },
{ "type": "Feature", "properties": { "osm_id": "1743745761", "lastchange": null, "code": "2301", "fclass": "restaurant", "name": "Lisboa Grill" }, "geometry": { "type": "Point", "coordinates": [ -9.1370001, 38.7426171 ] } },
{ "type": "Feature", "properties": { "osm_id": "1743748330", "lastchange": null, "code": "2601", "fclass": "bank", "name": "Barclays" }, "geometry": { "type": "Point", "coordinates": [ -9.1378479, 38.7423683 ] } },
{ "type": "Feature", "properties": { "osm_id": "1743748846", "lastchange": null, "code": "2302", "fclass": "fast_food", "name": "Macdonalds" }, "geometry": { "type": "Point", "coordinates": [ -9.1381964, 38.7419436 ] } },
{ "type": "Feature", "properties": { "osm_id": "1743749737", "lastchange": null, "code": "2601", "fclass": "bank", "name": "Millenium" }, "geometry": { "type": "Point", "coordinates": [ -9.1381428, 38.7418369 ] } },
{ "type": "Feature", "properties": { "osm_id": "1743750048", "lastchange": null, "code": "2601", "fclass": "bank", "name": "BPI" }, "geometry": { "type": "Point", "coordinates": [ -9.1382958, 38.7421486 ] } },
{ "type": "Feature", "properties": { "osm_id": "1743752047", "lastchange": null, "code": "2203", "fclass": "cinema", "name": "Londres" }, "geometry": { "type": "Point", "coordinates": [ -9.1383467, 38.7422469 ] } },
{ "type": "Feature", "properties": { "osm_id": "1743752048", "lastchange": null, "code": "2005", "fclass": "post_office", "name": null }, "geometry": { "type": "Point", "coordinates": [ -9.1386738, 38.7428348 ] } },
{ "type": "Feature", "properties": { "osm_id": "1743805336", "lastchange": null, "code": "2082", "fclass": "school", "name": "Escola Secundária Padre António Vieira" }, "geometry": { "type": "Point", "coordinates": [ -9.1357347, 38.7578561 ] } },
{ "type": "Feature", "properties": { "osm_id": "1743805337", "lastchange": null, "code": "2082", "fclass": "school", "name": null }, "geometry": { "type": "Point", "coordinates": [ -9.1376123, 38.7561661 ] } },
{ "type": "Feature", "properties": { "osm_id": "1743805338", "lastchange": null, "code": "2801", "fclass": "fuel", "name": null }, "geometry": { "type": "Point", "coordinates": [ -9.1303167, 38.7491002 ] } },
{ "type": "Feature", "properties": { "osm_id": "1744774180", "lastchange": null, "code": "2007", "fclass": "library", "name": "Biblioteca Municipal de Alvalade" }, "geometry": { "type": "Point", "coordinates": [ -9.1364676, 38.746392 ] } },
{ "type": "Feature", "properties": { "osm_id": "1744785120", "lastchange": null, "code": "2503", "fclass": "kiosk", "name": null }, "geometry": { "type": "Point", "coordinates": [ -9.133568, 38.7427705 ] } },
{ "type": "Feature", "properties": { "osm_id": "1744785122", "lastchange": null, "code": "2503", "fclass": "kiosk", "name": null }, "geometry": { "type": "Point", "coordinates": [ -9.1329162, 38.7426682 ] } },
{ "type": "Feature", "properties": { "osm_id": "1745443954", "lastchange": null, "code": "2303", "fclass": "cafe", "name": "Pastelaria Princesa" }, "geometry": { "type": "Point", "coordinates": [ -9.047209, 38.6239954 ] } },
{ "type": "Feature", "properties": { "osm_id": "1745444400", "lastchange": null, "code": "2602", "fclass": "atm", "name": null }, "geometry": { "type": "Point", "coordinates": [ -9.0473163, 38.6241718 ] } },
{ "type": "Feature", "properties": { "osm_id": "1745444748", "lastchange": null, "code": "2602", "fclass": "atm", "name": null }, "geometry": { "type": "Point", "coordinates": [ -9.0500039, 38.6265686 ] } },
{ "type": "Feature", "properties": { "osm_id": "1745763076", "lastchange": null, "code": "2083", "fclass": "kindergarten", "name": null }, "geometry": { "type": "Point", "coordinates": [ -9.0476594, 38.6233588 ] } },
{ "type": "Feature", "properties": { "osm_id": "1745763077", "lastchange": null, "code": "2082", "fclass": "school", "name": "Escola Primária de Palhais" }, "geometry": { "type": "Point", "coordinates": [ -9.048935, 38.6249937 ] } },
{ "type": "Feature", "properties": { "osm_id": "1745763078", "lastchange": null, "code": "2083", "fclass": "kindergarten", "name": null }, "geometry": { "type": "Point", "coordinates": [ -9.0499435, 38.6280488 ] } },
{ "type": "Feature", "properties": { "osm_id": "1745763079", "lastchange": null, "code": "2083", "fclass": "kindergarten", "name": null }, "geometry": { "type": "Point", "coordinates": [ -9.0485609, 38.6263004 ] } },
{ "type": "Feature", "properties": { "osm_id": "1746329916", "lastchange": null, "code": "2804", "fclass": "parking", "name": null }, "geometry": { "type": "Point", "coordinates": [ -9.1574158, 38.763085 ] } },
{ "type": "Feature", "properties": { "osm_id": "1746675317", "lastchange": null, "code": "2804", "fclass": "parking", "name": null }, "geometry": { "type": "Point", "coordinates": [ -9.0464524, 38.6167046 ] } },
{ "type": "Feature", "properties": { "osm_id": "1746675511", "lastchange": null, "code": "2003", "fclass": "recycling", "name": null }, "geometry": { "type": "Point", "coordinates": [ -9.041254, 38.6159458 ] } },
{ "type": "Feature", "properties": { "osm_id": "1746788393", "lastchange": null, "code": "2101", "fclass": "pharmacy", "name": null }, "geometry": { "type": "Point", "coordinates": [ -9.047133, 38.6238715 ] } },
{ "type": "Feature", "properties": { "osm_id": "1746907389", "lastchange": null, "code": "2901", "fclass": "toilet", "name": null }, "geometry": { "type": "Point", "coordinates": [ -9.1053188, 38.7737348 ] } },
{ "type": "Feature", "properties": { "osm_id": "1747699421", "lastchange": null, "code": "2303", "fclass": "cafe", "name": null }, "geometry": { "type": "Point", "coordinates": [ -9.0887026, 38.661985 ] } },
{ "type": "Feature", "properties": { "osm_id": "1747699479", "lastchange": null, "code": "2804", "fclass": "parking", "name": null }, "geometry": { "type": "Point", "coordinates": [ -9.087126, 38.6570756 ] } },
{ "type": "Feature", "properties": { "osm_id": "1748920894", "lastchange": null, "code": "2804", "fclass": "parking", "name": null }, "geometry": { "type": "Point", "coordinates": [ -9.0643696, 38.6416082 ] } },
{ "type": "Feature", "properties": { "osm_id": "1752475549", "lastchange": null, "code": "2502", "fclass": "bakery", "name": "Doce Creme" }, "geometry": { "type": "Point", "coordinates": [ -9.1547119, 38.6417548 ] } },
{ "type": "Feature", "properties": { "osm_id": "1752558489", "lastchange": null, "code": "2804", "fclass": "parking", "name": null }, "geometry": { "type": "Point", "coordinates": [ -9.2600404, 38.7566504 ] } },
{ "type": "Feature", "properties": { "osm_id": "1752558551", "lastchange": null, "code": "2804", "fclass": "parking", "name": null }, "geometry": { "type": "Point", "coordinates": [ -9.2679582, 38.7543412 ] } },
{ "type": "Feature", "properties": { "osm_id": "1752566603", "lastchange": null, "code": "2804", "fclass": "parking", "name": null }, "geometry": { "type": "Point", "coordinates": [ -9.2563462, 38.7582979 ] } },
{ "type": "Feature", "properties": { "osm_id": "1752869410", "lastchange": null, "code": "2301", "fclass": "restaurant", "name": "Capricciosa" }, "geometry": { "type": "Point", "coordinates": [ -9.0921407, 38.7691056 ] } },
{ "type": "Feature", "properties": { "osm_id": "1752869413", "lastchange": null, "code": "2804", "fclass": "parking", "name": "Parque das Tágides" }, "geometry": { "type": "Point", "coordinates": [ -9.0925712, 38.7698343 ] } },
{ "type": "Feature", "properties": { "osm_id": "1752869415", "lastchange": null, "code": "2301", "fclass": "restaurant", "name": "República da Cerveja" }, "geometry": { "type": "Point", "coordinates": [ -9.0921245, 38.7689158 ] } },
{ "type": "Feature", "properties": { "osm_id": "1753410570", "lastchange": null, "code": "2303", "fclass": "cafe", "name": "Cafe Mini Bar" }, "geometry": { "type": "Point", "coordinates": [ -9.1363786, 38.7316652 ] } },
{ "type": "Feature", "properties": { "osm_id": "1753410572", "lastchange": null, "code": "2001", "fclass": "police", "name": "Esquadra da PSP de Arroios" }, "geometry": { "type": "Point", "coordinates": [ -9.1364004, 38.7318403 ] } },
{ "type": "Feature", "properties": { "osm_id": "1753920713", "lastchange": null, "code": "2303", "fclass": "cafe", "name": null }, "geometry": { "type": "Point", "coordinates": [ -9.1826082, 38.7023842 ] } },
{ "type": "Feature", "properties": { "osm_id": "1756738491", "lastchange": null, "code": "2804", "fclass": "parking", "name": null }, "geometry": { "type": "Point", "coordinates": [ -9.1430822, 38.7440903 ] } },
{ "type": "Feature", "properties": { "osm_id": "1758343286", "lastchange": null, "code": "2003", "fclass": "recycling", "name": null }, "geometry": { "type": "Point", "coordinates": [ -9.2546941, 38.7197628 ] } },
{ "type": "Feature", "properties": { "osm_id": "1758343417", "lastchange": null, "code": "2003", "fclass": "recycling", "name": null }, "geometry": { "type": "Point", "coordinates": [ -9.2542917, 38.721169 ] } },
{ "type": "Feature", "properties": { "osm_id": "1758624779", "lastchange": null, "code": "2301", "fclass": "restaurant", "name": "Falua" }, "geometry": { "type": "Point", "coordinates": [ -9.0950383, 38.7827911 ] } },
{ "type": "Feature", "properties": { "osm_id": "1759710677", "lastchange": null, "code": "2501", "fclass": "supermarket", "name": "Pingo Doce" }, "geometry": { "type": "Point", "coordinates": [ -9.0996803, 38.7875701 ] } },
{ "type": "Feature", "properties": { "osm_id": "1759710685", "lastchange": null, "code": "2804", "fclass": "parking", "name": null }, "geometry": { "type": "Point", "coordinates": [ -9.099372, 38.7875287 ] } },
{ "type": "Feature", "properties": { "osm_id": "1762063316", "lastchange": null, "code": "2301", "fclass": "restaurant", "name": "Bota Feijão" }, "geometry": { "type": "Point", "coordinates": [ -9.0993222, 38.7707932 ] } },
{ "type": "Feature", "properties": { "osm_id": "1762072932", "lastchange": null, "code": "2301", "fclass": "restaurant", "name": "Richards" }, "geometry": { "type": "Point", "coordinates": [ -9.1018862, 38.7737295 ] } },
{ "type": "Feature", "properties": { "osm_id": "1765347807", "lastchange": null, "code": "2082", "fclass": "school", "name": "Escola Naval" }, "geometry": { "type": "Point", "coordinates": [ -9.1472855, 38.6627527 ] } },
{ "type": "Feature", "properties": { "osm_id": "1766015842", "lastchange": null, "code": "2083", "fclass": "kindergarten", "name": "Creche Gente Pequena" }, "geometry": { "type": "Point", "coordinates": [ -9.1536777, 38.7654358 ] } },
{ "type": "Feature", "properties": { "osm_id": "1766018810", "lastchange": null, "code": "2001", "fclass": "police", "name": "PSP - 40ª ESQUADRA" }, "geometry": { "type": "Point", "coordinates": [ -9.0950873, 38.7821703 ] } },
{ "type": "Feature", "properties": { "osm_id": "1769068687", "lastchange": null, "code": "2303", "fclass": "cafe", "name": "O Melhor Bolo de Chocolate do Mundo" }, "geometry": { "type": "Point", "coordinates": [ -9.143608, 38.7183935 ] } },
{ "type": "Feature", "properties": { "osm_id": "1769809294", "lastchange": null, "code": "2501", "fclass": "supermarket", "name": "Pingo Doce Santa Marta de Corroios" }, "geometry": { "type": "Point", "coordinates": [ -9.151975, 38.6270332 ] } },
{ "type": "Feature", "properties": { "osm_id": "1770023373", "lastchange": null, "code": "2082", "fclass": "school", "name": "Escola Básica EB2.3 Comandante Conceição e Silva" }, "geometry": { "type": "Point", "coordinates": [ -9.1565397, 38.6688087 ] } },
{ "type": "Feature", "properties": { "osm_id": "1770459009", "lastchange": null, "code": "2804", "fclass": "parking", "name": null }, "geometry": { "type": "Point", "coordinates": [ -9.1816403, 38.742653 ] } },
{ "type": "Feature", "properties": { "osm_id": "1776553887", "lastchange": null, "code": "2083", "fclass": "kindergarten", "name": null }, "geometry": { "type": "Point", "coordinates": [ -9.1868797, 38.7988775 ] } },
{ "type": "Feature", "properties": { "osm_id": "1777049820", "lastchange": null, "code": "2301", "fclass": "restaurant", "name": "Restaurante Claro!" }, "geometry": { "type": "Point", "coordinates": [ -9.2837499, 38.697697 ] } },
{ "type": "Feature", "properties": { "osm_id": "1777054611", "lastchange": null, "code": "2101", "fclass": "pharmacy", "name": null }, "geometry": { "type": "Point", "coordinates": [ -9.2364063, 38.6517145 ] } },
{ "type": "Feature", "properties": { "osm_id": "1778321794", "lastchange": null, "code": "2303", "fclass": "cafe", "name": null }, "geometry": { "type": "Point", "coordinates": [ -9.2012765, 38.7093584 ] } },
{ "type": "Feature", "properties": { "osm_id": "1778323547", "lastchange": null, "code": "2303", "fclass": "cafe", "name": null }, "geometry": { "type": "Point", "coordinates": [ -9.201416, 38.710497 ] } },
{ "type": "Feature", "properties": { "osm_id": "1781485834", "lastchange": null, "code": "2001", "fclass": "police", "name": "PSP Ponte 25 de Abril" }, "geometry": { "type": "Point", "coordinates": [ -9.1739727, 38.6781453 ] } },
{ "type": "Feature", "properties": { "osm_id": "1781558455", "lastchange": null, "code": "2082", "fclass": "school", "name": "Escola 2,3 D. João I" }, "geometry": { "type": "Point", "coordinates": [ -9.037487, 38.6548733 ] } },
{ "type": "Feature", "properties": { "osm_id": "1781563664", "lastchange": null, "code": "2082", "fclass": "school", "name": "Mouzinho da Silveira" }, "geometry": { "type": "Point", "coordinates": [ -9.0438545, 38.6500473 ] } },
{ "type": "Feature", "properties": { "osm_id": "1782537263", "lastchange": null, "code": "2302", "fclass": "fast_food", "name": "McDonald's" }, "geometry": { "type": "Point", "coordinates": [ -9.1739536, 38.6598106 ] } },
{ "type": "Feature", "properties": { "osm_id": "1783163595", "lastchange": null, "code": "2303", "fclass": "cafe", "name": "Casa dos Aromas & Sabores" }, "geometry": { "type": "Point", "coordinates": [ -9.266867, 38.743113 ] } },
{ "type": "Feature", "properties": { "osm_id": "1783163596", "lastchange": null, "code": "2101", "fclass": "pharmacy", "name": "Farmácia Albergaria" }, "geometry": { "type": "Point", "coordinates": [ -9.2673029, 38.743284 ] } },
{ "type": "Feature", "properties": { "osm_id": "1783163598", "lastchange": null, "code": "2303", "fclass": "cafe", "name": "Valente" }, "geometry": { "type": "Point", "coordinates": [ -9.2669284, 38.743024 ] } },
{ "type": "Feature", "properties": { "osm_id": "1783465662", "lastchange": null, "code": "2301", "fclass": "restaurant", "name": "Nana Petiscos" }, "geometry": { "type": "Point", "coordinates": [ -9.1990884, 38.6253093 ] } },
{ "type": "Feature", "properties": { "osm_id": "1784053988", "lastchange": null, "code": "2003", "fclass": "recycling", "name": null }, "geometry": { "type": "Point", "coordinates": [ -9.2657134, 38.743041 ] } },
{ "type": "Feature", "properties": { "osm_id": "1784054363", "lastchange": null, "code": "2003", "fclass": "recycling", "name": null }, "geometry": { "type": "Point", "coordinates": [ -9.266168, 38.7437101 ] } },
{ "type": "Feature", "properties": { "osm_id": "1786222352", "lastchange": null, "code": "2601", "fclass": "bank", "name": "BBVA" }, "geometry": { "type": "Point", "coordinates": [ -9.2671148, 38.7436722 ] } },
{ "type": "Feature", "properties": { "osm_id": "1786222363", "lastchange": null, "code": "2303", "fclass": "cafe", "name": "Cá te Quero" }, "geometry": { "type": "Point", "coordinates": [ -9.2659071, 38.7436263 ] } },
{ "type": "Feature", "properties": { "osm_id": "1786222456", "lastchange": null, "code": "2501", "fclass": "supermarket", "name": "Jamor" }, "geometry": { "type": "Point", "coordinates": [ -9.266586, 38.743453 ] } },
{ "type": "Feature", "properties": { "osm_id": "1786222458", "lastchange": null, "code": "2303", "fclass": "cafe", "name": "Jamor" }, "geometry": { "type": "Point", "coordinates": [ -9.2665801, 38.7434602 ] } },
{ "type": "Feature", "properties": { "osm_id": "1786222460", "lastchange": null, "code": "2601", "fclass": "bank", "name": "Millennium BCP" }, "geometry": { "type": "Point", "coordinates": [ -9.2666916, 38.7439837 ] } },
{ "type": "Feature", "properties": { "osm_id": "1786222464", "lastchange": null, "code": "2301", "fclass": "restaurant", "name": "Papy Doce" }, "geometry": { "type": "Point", "coordinates": [ -9.2666205, 38.7439527 ] } },
{ "type": "Feature", "properties": { "osm_id": "1786222467", "lastchange": null, "code": "2303", "fclass": "cafe", "name": "Pastelaria Rino" }, "geometry": { "type": "Point", "coordinates": [ -9.2665344, 38.7436255 ] } },
{ "type": "Feature", "properties": { "osm_id": "1786510054", "lastchange": null, "code": "2007", "fclass": "library", "name": "Forúm Cultural do Seixal" }, "geometry": { "type": "Point", "coordinates": [ -9.1026342, 38.63858 ] } },
{ "type": "Feature", "properties": { "osm_id": "1786510092", "lastchange": null, "code": "2082", "fclass": "school", "name": null }, "geometry": { "type": "Point", "coordinates": [ -9.0993217, 38.6393698 ] } },
{ "type": "Feature", "properties": { "osm_id": "1788824102", "lastchange": null, "code": "2301", "fclass": "restaurant", "name": "Rodízio Brasil Giramar" }, "geometry": { "type": "Point", "coordinates": [ -9.1984532, 38.6077575 ] } },
{ "type": "Feature", "properties": { "osm_id": "1792331783", "lastchange": null, "code": "2801", "fclass": "fuel", "name": null }, "geometry": { "type": "Point", "coordinates": [ -9.1687341, 38.7929175 ] } },
{ "type": "Feature", "properties": { "osm_id": "1792525339", "lastchange": null, "code": "2003", "fclass": "recycling", "name": null }, "geometry": { "type": "Point", "coordinates": [ -9.2738804, 38.7519381 ] } },
{ "type": "Feature", "properties": { "osm_id": "1792525343", "lastchange": null, "code": "2003", "fclass": "recycling", "name": null }, "geometry": { "type": "Point", "coordinates": [ -9.2738677, 38.7529361 ] } },
{ "type": "Feature", "properties": { "osm_id": "1792525347", "lastchange": null, "code": "2003", "fclass": "recycling", "name": null }, "geometry": { "type": "Point", "coordinates": [ -9.2739829, 38.7537322 ] } },
{ "type": "Feature", "properties": { "osm_id": "1793033538", "lastchange": null, "code": "2007", "fclass": "library", "name": "Biblioteca Municipal do Barreiro" }, "geometry": { "type": "Point", "coordinates": [ -9.0782633, 38.6592365 ] } },
{ "type": "Feature", "properties": { "osm_id": "1793110379", "lastchange": null, "code": "2301", "fclass": "restaurant", "name": "Restaurante O Fondue" }, "geometry": { "type": "Point", "coordinates": [ -9.0498328, 38.6314699 ] } },
{ "type": "Feature", "properties": { "osm_id": "1797668930", "lastchange": null, "code": "2201", "fclass": "theatre", "name": "Teatro Municipal do Barreiro" }, "geometry": { "type": "Point", "coordinates": [ -9.0771986, 38.6608333 ] } },
{ "type": "Feature", "properties": { "osm_id": "1797697927", "lastchange": null, "code": "2502", "fclass": "bakery", "name": "Tico-Tico" }, "geometry": { "type": "Point", "coordinates": [ -9.0773649, 38.6614763 ] } },
{ "type": "Feature", "properties": { "osm_id": "1797697928", "lastchange": null, "code": "2101", "fclass": "pharmacy", "name": "Farmácia Normal" }, "geometry": { "type": "Point", "coordinates": [ -9.0764501, 38.6616982 ] } },
{ "type": "Feature", "properties": { "osm_id": "1797697929", "lastchange": null, "code": "2001", "fclass": "police", "name": null }, "geometry": { "type": "Point", "coordinates": [ -9.0678269, 38.6644021 ] } },
{ "type": "Feature", "properties": { "osm_id": "1798609070", "lastchange": null, "code": "2082", "fclass": "school", "name": null }, "geometry": { "type": "Point", "coordinates": [ -9.2751141, 38.7099412 ] } },
{ "type": "Feature", "properties": { "osm_id": "1800083267", "lastchange": null, "code": "2501", "fclass": "supermarket", "name": "miosótis" }, "geometry": { "type": "Point", "coordinates": [ -9.1519351, 38.7341059 ] } },
{ "type": "Feature", "properties": { "osm_id": "1800088892", "lastchange": null, "code": "2301", "fclass": "restaurant", "name": "Cantina da Mesquita" }, "geometry": { "type": "Point", "coordinates": [ -9.1581175, 38.7355597 ] } },
{ "type": "Feature", "properties": { "osm_id": "1800628486", "lastchange": null, "code": "2303", "fclass": "cafe", "name": null }, "geometry": { "type": "Point", "coordinates": [ -9.1494196, 38.7273225 ] } },
{ "type": "Feature", "properties": { "osm_id": "1800655727", "lastchange": null, "code": "2003", "fclass": "recycling", "name": null }, "geometry": { "type": "Point", "coordinates": [ -9.1506724, 38.7291911 ] } },
{ "type": "Feature", "properties": { "osm_id": "1801637595", "lastchange": null, "code": "2701", "fclass": "information", "name": null }, "geometry": { "type": "Point", "coordinates": [ -9.1338738, 38.7130058 ] } },
{ "type": "Feature", "properties": { "osm_id": "1801637596", "lastchange": null, "code": "2303", "fclass": "cafe", "name": null }, "geometry": { "type": "Point", "coordinates": [ -9.133884, 38.7132239 ] } },
{ "type": "Feature", "properties": { "osm_id": "1801643089", "lastchange": null, "code": "2303", "fclass": "cafe", "name": "Spoon" }, "geometry": { "type": "Point", "coordinates": [ -9.1289747, 38.7694762 ] } },
{ "type": "Feature", "properties": { "osm_id": "1801653100", "lastchange": null, "code": "2301", "fclass": "restaurant", "name": null }, "geometry": { "type": "Point", "coordinates": [ -9.1340053, 38.7135976 ] } },
{ "type": "Feature", "properties": { "osm_id": "1801653740", "lastchange": null, "code": "2901", "fclass": "toilet", "name": null }, "geometry": { "type": "Point", "coordinates": [ -9.1333173, 38.7127897 ] } },
{ "type": "Feature", "properties": { "osm_id": "1801799049", "lastchange": null, "code": "2701", "fclass": "information", "name": null }, "geometry": { "type": "Point", "coordinates": [ -9.1329134, 38.7123188 ] } },
{ "type": "Feature", "properties": { "osm_id": "1801821470", "lastchange": null, "code": "2303", "fclass": "cafe", "name": null }, "geometry": { "type": "Point", "coordinates": [ -9.1304476, 38.7115291 ] } },
{ "type": "Feature", "properties": { "osm_id": "1801847561", "lastchange": null, "code": "2303", "fclass": "cafe", "name": null }, "geometry": { "type": "Point", "coordinates": [ -9.1302068, 38.7121784 ] } },
{ "type": "Feature", "properties": { "osm_id": "1801847618", "lastchange": null, "code": "2301", "fclass": "restaurant", "name": null }, "geometry": { "type": "Point", "coordinates": [ -9.130158, 38.7126034 ] } },
{ "type": "Feature", "properties": { "osm_id": "1801848898", "lastchange": null, "code": "2901", "fclass": "toilet", "name": null }, "geometry": { "type": "Point", "coordinates": [ -9.1304824, 38.7116021 ] } },
{ "type": "Feature", "properties": { "osm_id": "1801869568", "lastchange": null, "code": "2303", "fclass": "cafe", "name": null }, "geometry": { "type": "Point", "coordinates": [ -9.1446181, 38.7155485 ] } },
{ "type": "Feature", "properties": { "osm_id": "1801869574", "lastchange": null, "code": "2303", "fclass": "cafe", "name": null }, "geometry": { "type": "Point", "coordinates": [ -9.1443252, 38.7157319 ] } },
{ "type": "Feature", "properties": { "osm_id": "1801876321", "lastchange": null, "code": "2301", "fclass": "restaurant", "name": null }, "geometry": { "type": "Point", "coordinates": [ -9.140936, 38.7140059 ] } },
{ "type": "Feature", "properties": { "osm_id": "1801899366", "lastchange": null, "code": "2301", "fclass": "restaurant", "name": null }, "geometry": { "type": "Point", "coordinates": [ -9.1413934, 38.7171152 ] } },
{ "type": "Feature", "properties": { "osm_id": "1802019363", "lastchange": null, "code": "2703", "fclass": "museum", "name": "Museu de Artes Decorativas" }, "geometry": { "type": "Point", "coordinates": [ -9.1304668, 38.7120885 ] } },
{ "type": "Feature", "properties": { "osm_id": "1802158706", "lastchange": null, "code": "2002", "fclass": "fire_station", "name": "Bombeiros Sapadores de Lisboa" }, "geometry": { "type": "Point", "coordinates": [ -9.123292, 38.769999 ] } },
{ "type": "Feature", "properties": { "osm_id": "1802158709", "lastchange": null, "code": "2301", "fclass": "restaurant", "name": "Calcutta" }, "geometry": { "type": "Point", "coordinates": [ -9.1448195, 38.7112352 ] } },
{ "type": "Feature", "properties": { "osm_id": "1802158711", "lastchange": null, "code": "2301", "fclass": "restaurant", "name": "Cervejaria Marisqueira Alto Mar" }, "geometry": { "type": "Point", "coordinates": [ -9.1347647, 38.7330055 ] } },
{ "type": "Feature", "properties": { "osm_id": "1802158713", "lastchange": null, "code": "2301", "fclass": "restaurant", "name": "Clementina" }, "geometry": { "type": "Point", "coordinates": [ -9.1453132, 38.7101922 ] } },
{ "type": "Feature", "properties": { "osm_id": "1802158801", "lastchange": null, "code": "2304", "fclass": "pub", "name": "Tasca do Chico" }, "geometry": { "type": "Point", "coordinates": [ -9.1441274, 38.7115465 ] } },
{ "type": "Feature", "properties": { "osm_id": "1802158802", "lastchange": null, "code": "2301", "fclass": "restaurant", "name": "Tendinha de Atalaia" }, "geometry": { "type": "Point", "coordinates": [ -9.1449525, 38.7107892 ] } },
{ "type": "Feature", "properties": { "osm_id": "1802158803", "lastchange": null, "code": "2301", "fclass": "restaurant", "name": "Vitaminas Garret" }, "geometry": { "type": "Point", "coordinates": [ -9.1409953, 38.7108673 ] } },
{ "type": "Feature", "properties": { "osm_id": "1802199766", "lastchange": null, "code": "2303", "fclass": "cafe", "name": "Merceraria Castello" }, "geometry": { "type": "Point", "coordinates": [ -9.1331054, 38.7132775 ] } },
{ "type": "Feature", "properties": { "osm_id": "1802199778", "lastchange": null, "code": "2901", "fclass": "toilet", "name": null }, "geometry": { "type": "Point", "coordinates": [ -9.1318531, 38.7123999 ] } },
{ "type": "Feature", "properties": { "osm_id": "1802199783", "lastchange": null, "code": "2901", "fclass": "toilet", "name": null }, "geometry": { "type": "Point", "coordinates": [ -9.1517279, 38.7260775 ] } },
{ "type": "Feature", "properties": { "osm_id": "1802894916", "lastchange": null, "code": "2303", "fclass": "cafe", "name": "Astúrias" }, "geometry": { "type": "Point", "coordinates": [ -9.2288324, 38.7031993 ] } },
{ "type": "Feature", "properties": { "osm_id": "1805470973", "lastchange": null, "code": "2301", "fclass": "restaurant", "name": null }, "geometry": { "type": "Point", "coordinates": [ -9.1519567, 38.7149701 ] } },
{ "type": "Feature", "properties": { "osm_id": "1805470981", "lastchange": null, "code": "2301", "fclass": "restaurant", "name": null }, "geometry": { "type": "Point", "coordinates": [ -9.1518467, 38.7152263 ] } },
{ "type": "Feature", "properties": { "osm_id": "1805484639", "lastchange": null, "code": "2002", "fclass": "fire_station", "name": null }, "geometry": { "type": "Point", "coordinates": [ -9.1455203, 38.7176308 ] } },
{ "type": "Feature", "properties": { "osm_id": "1808611037", "lastchange": null, "code": "2703", "fclass": "museum", "name": "Museu da Música" }, "geometry": { "type": "Point", "coordinates": [ -9.1802357, 38.7495821 ] } },
{ "type": "Feature", "properties": { "osm_id": "1811488178", "lastchange": null, "code": "2005", "fclass": "post_office", "name": null }, "geometry": { "type": "Point", "coordinates": [ -9.1502628, 38.7540456 ] } },
{ "type": "Feature", "properties": { "osm_id": "1811493077", "lastchange": null, "code": "2005", "fclass": "post_office", "name": null }, "geometry": { "type": "Point", "coordinates": [ -9.1483182, 38.7403646 ] } },
{ "type": "Feature", "properties": { "osm_id": "1819113879", "lastchange": null, "code": "2501", "fclass": "supermarket", "name": "LIDL" }, "geometry": { "type": "Point", "coordinates": [ -9.1707034, 38.6706136 ] } },
{ "type": "Feature", "properties": { "osm_id": "1828407619", "lastchange": null, "code": "2503", "fclass": "kiosk", "name": null }, "geometry": { "type": "Point", "coordinates": [ -9.1240998, 38.7403333 ] } },
{ "type": "Feature", "properties": { "osm_id": "1828408339", "lastchange": null, "code": "2601", "fclass": "bank", "name": "Banco Espírito Santo" }, "geometry": { "type": "Point", "coordinates": [ -9.1241895, 38.7401354 ] } },
{ "type": "Feature", "properties": { "osm_id": "1828430629", "lastchange": null, "code": "2004", "fclass": "post_box", "name": null }, "geometry": { "type": "Point", "coordinates": [ -9.1293512, 38.7237618 ] } },
{ "type": "Feature", "properties": { "osm_id": "1828482148", "lastchange": null, "code": "2501", "fclass": "supermarket", "name": "Minipreço" }, "geometry": { "type": "Point", "coordinates": [ -9.1295563, 38.7217773 ] } },
{ "type": "Feature", "properties": { "osm_id": "1828521236", "lastchange": null, "code": "2801", "fclass": "fuel", "name": null }, "geometry": { "type": "Point", "coordinates": [ -9.1300927, 38.7211642 ] } },
{ "type": "Feature", "properties": { "osm_id": "1829589303", "lastchange": null, "code": "2004", "fclass": "post_box", "name": null }, "geometry": { "type": "Point", "coordinates": [ -9.1300426, 38.7174047 ] } },
{ "type": "Feature", "properties": { "osm_id": "1830680487", "lastchange": null, "code": "2801", "fclass": "fuel", "name": null }, "geometry": { "type": "Point", "coordinates": [ -9.1299253, 38.7088837 ] } },
{ "type": "Feature", "properties": { "osm_id": "1830878886", "lastchange": null, "code": "2804", "fclass": "parking", "name": null }, "geometry": { "type": "Point", "coordinates": [ -9.1654993, 38.6657586 ] } },
{ "type": "Feature", "properties": { "osm_id": "1831448893", "lastchange": null, "code": "2801", "fclass": "fuel", "name": null }, "geometry": { "type": "Point", "coordinates": [ -9.131731, 38.7439612 ] } },
{ "type": "Feature", "properties": { "osm_id": "1831533229", "lastchange": null, "code": "2006", "fclass": "telephone", "name": null }, "geometry": { "type": "Point", "coordinates": [ -9.1287127, 38.7239187 ] } },
{ "type": "Feature", "properties": { "osm_id": "1831533231", "lastchange": null, "code": "2301", "fclass": "restaurant", "name": "O Cardoso do Estrela de Ouro" }, "geometry": { "type": "Point", "coordinates": [ -9.1302121, 38.7206542 ] } },
{ "type": "Feature", "properties": { "osm_id": "1831591051", "lastchange": null, "code": "2703", "fclass": "museum", "name": "Imprensa Nacional - Casa da Moeda" }, "geometry": { "type": "Point", "coordinates": [ -9.1428785, 38.7370583 ] } },
{ "type": "Feature", "properties": { "osm_id": "1831959124", "lastchange": null, "code": "2301", "fclass": "restaurant", "name": "Olha Que Dois" }, "geometry": { "type": "Point", "coordinates": [ -9.1292889, 38.7235717 ] } },
{ "type": "Feature", "properties": { "osm_id": "1831989599", "lastchange": null, "code": "2005", "fclass": "post_office", "name": null }, "geometry": { "type": "Point", "coordinates": [ -9.1287581, 38.7239156 ] } },
{ "type": "Feature", "properties": { "osm_id": "1832022787", "lastchange": null, "code": "2101", "fclass": "pharmacy", "name": "Farmácia Central da Penha" }, "geometry": { "type": "Point", "coordinates": [ -9.1290848, 38.7227831 ] } },
{ "type": "Feature", "properties": { "osm_id": "1832033428", "lastchange": null, "code": "2601", "fclass": "bank", "name": "Penha de França" }, "geometry": { "type": "Point", "coordinates": [ -9.128806, 38.7231979 ] } },
{ "type": "Feature", "properties": { "osm_id": "1832831487", "lastchange": null, "code": "2003", "fclass": "recycling", "name": null }, "geometry": { "type": "Point", "coordinates": [ -9.1298971, 38.7236739 ] } },
{ "type": "Feature", "properties": { "osm_id": "1833383325", "lastchange": null, "code": "2003", "fclass": "recycling", "name": null }, "geometry": { "type": "Point", "coordinates": [ -9.1290888, 38.722542 ] } },
{ "type": "Feature", "properties": { "osm_id": "1838748312", "lastchange": null, "code": "2301", "fclass": "restaurant", "name": "O Mirrita" }, "geometry": { "type": "Point", "coordinates": [ -9.1493322, 38.6858401 ] } },
{ "type": "Feature", "properties": { "osm_id": "1846900654", "lastchange": null, "code": "2303", "fclass": "cafe", "name": "Starbucks" }, "geometry": { "type": "Point", "coordinates": [ -9.1407416, 38.7144254 ] } },
{ "type": "Feature", "properties": { "osm_id": "1846906942", "lastchange": null, "code": "2701", "fclass": "information", "name": null }, "geometry": { "type": "Point", "coordinates": [ -9.1378522, 38.7078929 ] } },
{ "type": "Feature", "properties": { "osm_id": "1846906943", "lastchange": null, "code": "2701", "fclass": "information", "name": null }, "geometry": { "type": "Point", "coordinates": [ -9.1422564, 38.7156158 ] } },
{ "type": "Feature", "properties": { "osm_id": "1846908706", "lastchange": null, "code": "2901", "fclass": "toilet", "name": null }, "geometry": { "type": "Point", "coordinates": [ -9.1379809, 38.7073654 ] } },
{ "type": "Feature", "properties": { "osm_id": "1846910707", "lastchange": null, "code": "2501", "fclass": "supermarket", "name": null }, "geometry": { "type": "Point", "coordinates": [ -9.1377548, 38.7307607 ] } },
{ "type": "Feature", "properties": { "osm_id": "1846911906", "lastchange": null, "code": "2301", "fclass": "restaurant", "name": null }, "geometry": { "type": "Point", "coordinates": [ -9.1777031, 38.7000419 ] } },
{ "type": "Feature", "properties": { "osm_id": "1846912467", "lastchange": null, "code": "2301", "fclass": "restaurant", "name": null }, "geometry": { "type": "Point", "coordinates": [ -9.1758578, 38.7000378 ] } },
{ "type": "Feature", "properties": { "osm_id": "1846915409", "lastchange": null, "code": "2303", "fclass": "cafe", "name": null }, "geometry": { "type": "Point", "coordinates": [ -9.2126281, 38.695694 ] } },
{ "type": "Feature", "properties": { "osm_id": "1852999599", "lastchange": null, "code": "2301", "fclass": "restaurant", "name": null }, "geometry": { "type": "Point", "coordinates": [ -9.0934677, 38.7622573 ] } },
{ "type": "Feature", "properties": { "osm_id": "1852999602", "lastchange": null, "code": "2101", "fclass": "pharmacy", "name": null }, "geometry": { "type": "Point", "coordinates": [ -9.0985608, 38.7676875 ] } },
{ "type": "Feature", "properties": { "osm_id": "1852999603", "lastchange": null, "code": "2701", "fclass": "information", "name": null }, "geometry": { "type": "Point", "coordinates": [ -9.0954943, 38.7678119 ] } },
{ "type": "Feature", "properties": { "osm_id": "1852999604", "lastchange": null, "code": "2005", "fclass": "post_office", "name": null }, "geometry": { "type": "Point", "coordinates": [ -9.0985542, 38.7678761 ] } },
{ "type": "Feature", "properties": { "osm_id": "1854711624", "lastchange": null, "code": "2303", "fclass": "cafe", "name": "Café Oasis" }, "geometry": { "type": "Point", "coordinates": [ -9.1543699, 38.6566415 ] } },
{ "type": "Feature", "properties": { "osm_id": "1856367845", "lastchange": null, "code": "2901", "fclass": "toilet", "name": null }, "geometry": { "type": "Point", "coordinates": [ -9.0924441, 38.7873901 ] } },
{ "type": "Feature", "properties": { "osm_id": "1860361233", "lastchange": null, "code": "2804", "fclass": "parking", "name": "Parque Chiado" }, "geometry": { "type": "Point", "coordinates": [ -9.1407842, 38.7113642 ] } },
{ "type": "Feature", "properties": { "osm_id": "1860361234", "lastchange": null, "code": "2301", "fclass": "restaurant", "name": "Kaffeehaus" }, "geometry": { "type": "Point", "coordinates": [ -9.141081, 38.7098554 ] } },
{ "type": "Feature", "properties": { "osm_id": "1860775905", "lastchange": null, "code": "2804", "fclass": "parking", "name": "Parque do Município" }, "geometry": { "type": "Point", "coordinates": [ -9.1392388, 38.7078856 ] } },
{ "type": "Feature", "properties": { "osm_id": "1863628171", "lastchange": null, "code": "2804", "fclass": "parking", "name": "Parque Roma" }, "geometry": { "type": "Point", "coordinates": [ -9.1374774, 38.7429911 ] } },
{ "type": "Feature", "properties": { "osm_id": "1864139518", "lastchange": null, "code": "2003", "fclass": "recycling", "name": null }, "geometry": { "type": "Point", "coordinates": [ -9.0996631, 38.7773132 ] } },
{ "type": "Feature", "properties": { "osm_id": "1866346020", "lastchange": null, "code": "2901", "fclass": "toilet", "name": null }, "geometry": { "type": "Point", "coordinates": [ -9.1538463, 38.7280705 ] } },
{ "type": "Feature", "properties": { "osm_id": "1866346033", "lastchange": null, "code": "2303", "fclass": "cafe", "name": null }, "geometry": { "type": "Point", "coordinates": [ -9.153849, 38.7280056 ] } },
{ "type": "Feature", "properties": { "osm_id": "1866346035", "lastchange": null, "code": "2901", "fclass": "toilet", "name": null }, "geometry": { "type": "Point", "coordinates": [ -9.1577758, 38.714734 ] } },
{ "type": "Feature", "properties": { "osm_id": "1866415760", "lastchange": null, "code": "2804", "fclass": "parking", "name": null }, "geometry": { "type": "Point", "coordinates": [ -9.153355, 38.7596803 ] } },
{ "type": "Feature", "properties": { "osm_id": "1866415764", "lastchange": null, "code": "2804", "fclass": "parking", "name": null }, "geometry": { "type": "Point", "coordinates": [ -9.1536956, 38.759856 ] } },
{ "type": "Feature", "properties": { "osm_id": "1886841892", "lastchange": null, "code": "2501", "fclass": "supermarket", "name": null }, "geometry": { "type": "Point", "coordinates": [ -9.2749388, 38.7687622 ] } },
{ "type": "Feature", "properties": { "osm_id": "1898428255", "lastchange": null, "code": "2501", "fclass": "supermarket", "name": "Continente Amadora" }, "geometry": { "type": "Point", "coordinates": [ -9.2330721, 38.7416585 ] } },
{ "type": "Feature", "properties": { "osm_id": "1899934112", "lastchange": null, "code": "2301", "fclass": "restaurant", "name": null }, "geometry": { "type": "Point", "coordinates": [ -9.2900337, 38.7107899 ] } },
{ "type": "Feature", "properties": { "osm_id": "1899934116", "lastchange": null, "code": "2801", "fclass": "fuel", "name": null }, "geometry": { "type": "Point", "coordinates": [ -9.2891432, 38.7106768 ] } },
{ "type": "Feature", "properties": { "osm_id": "1899934125", "lastchange": null, "code": "2502", "fclass": "bakery", "name": null }, "geometry": { "type": "Point", "coordinates": [ -9.2878506, 38.7084651 ] } },
{ "type": "Feature", "properties": { "osm_id": "1899934166", "lastchange": null, "code": "2303", "fclass": "cafe", "name": null }, "geometry": { "type": "Point", "coordinates": [ -9.287771, 38.7085388 ] } },
{ "type": "Feature", "properties": { "osm_id": "1907098379", "lastchange": null, "code": "2901", "fclass": "toilet", "name": null }, "geometry": { "type": "Point", "coordinates": [ -9.2171252, 38.6920809 ] } },
{ "type": "Feature", "properties": { "osm_id": "1907393801", "lastchange": null, "code": "2101", "fclass": "pharmacy", "name": "Farmácia Central Vale de Milhaços" }, "geometry": { "type": "Point", "coordinates": [ -9.1610715, 38.6317673 ] } },
{ "type": "Feature", "properties": { "osm_id": "1908510641", "lastchange": null, "code": "2801", "fclass": "fuel", "name": "Posto de combustível" }, "geometry": { "type": "Point", "coordinates": [ -9.1852878, 38.7451028 ] } },
{ "type": "Feature", "properties": { "osm_id": "1908514125", "lastchange": null, "code": "2801", "fclass": "fuel", "name": null }, "geometry": { "type": "Point", "coordinates": [ -9.1828523, 38.7444501 ] } },
{ "type": "Feature", "properties": { "osm_id": "1908517469", "lastchange": null, "code": "2301", "fclass": "restaurant", "name": "409" }, "geometry": { "type": "Point", "coordinates": [ -9.1828399, 38.7460974 ] } },
{ "type": "Feature", "properties": { "osm_id": "1908519497", "lastchange": null, "code": "2301", "fclass": "restaurant", "name": "Hoquista" }, "geometry": { "type": "Point", "coordinates": [ -9.182561, 38.7459301 ] } },
{ "type": "Feature", "properties": { "osm_id": "1908530536", "lastchange": null, "code": "2303", "fclass": "cafe", "name": "Conchita" }, "geometry": { "type": "Point", "coordinates": [ -9.1820691, 38.744107 ] } },
{ "type": "Feature", "properties": { "osm_id": "1908532024", "lastchange": null, "code": "2301", "fclass": "restaurant", "name": "7 Lagoas" }, "geometry": { "type": "Point", "coordinates": [ -9.1834656, 38.7455212 ] } },
{ "type": "Feature", "properties": { "osm_id": "1911470027", "lastchange": null, "code": "2501", "fclass": "supermarket", "name": null }, "geometry": { "type": "Point", "coordinates": [ -9.1226408, 38.6244081 ] } },
{ "type": "Feature", "properties": { "osm_id": "1911470903", "lastchange": null, "code": "2101", "fclass": "pharmacy", "name": "Farmácia Matos Lopes" }, "geometry": { "type": "Point", "coordinates": [ -9.1221366, 38.6242823 ] } },
{ "type": "Feature", "properties": { "osm_id": "1911470977", "lastchange": null, "code": "2303", "fclass": "cafe", "name": "Bolero" }, "geometry": { "type": "Point", "coordinates": [ -9.1236493, 38.6234316 ] } },
{ "type": "Feature", "properties": { "osm_id": "1911472417", "lastchange": null, "code": "2301", "fclass": "restaurant", "name": "Pérola da Cruz de Pau" }, "geometry": { "type": "Point", "coordinates": [ -9.1253445, 38.6233687 ] } },
{ "type": "Feature", "properties": { "osm_id": "1911584389", "lastchange": null, "code": "2301", "fclass": "restaurant", "name": "Restaurante Outurela" }, "geometry": { "type": "Point", "coordinates": [ -9.2276718, 38.7223356 ] } },
{ "type": "Feature", "properties": { "osm_id": "1912122507", "lastchange": null, "code": "2301", "fclass": "restaurant", "name": "O Tacho" }, "geometry": { "type": "Point", "coordinates": [ -9.2125179, 38.7389493 ] } },
{ "type": "Feature", "properties": { "osm_id": "1912128833", "lastchange": null, "code": "2003", "fclass": "recycling", "name": "Ecoponto" }, "geometry": { "type": "Point", "coordinates": [ -9.2127727, 38.7387213 ] } },
{ "type": "Feature", "properties": { "osm_id": "1912148976", "lastchange": null, "code": "2005", "fclass": "post_office", "name": "Estação de Correios" }, "geometry": { "type": "Point", "coordinates": [ -9.2170616, 38.7350495 ] } },
{ "type": "Feature", "properties": { "osm_id": "1912188934", "lastchange": null, "code": "2006", "fclass": "telephone", "name": null }, "geometry": { "type": "Point", "coordinates": [ -9.2121524, 38.7385635 ] } },
{ "type": "Feature", "properties": { "osm_id": "1912198113", "lastchange": null, "code": "2303", "fclass": "cafe", "name": null }, "geometry": { "type": "Point", "coordinates": [ -9.2129015, 38.7383468 ] } },
{ "type": "Feature", "properties": { "osm_id": "1912293911", "lastchange": null, "code": "2801", "fclass": "fuel", "name": null }, "geometry": { "type": "Point", "coordinates": [ -9.2026669, 38.7389645 ] } },
{ "type": "Feature", "properties": { "osm_id": "1912299370", "lastchange": null, "code": "2501", "fclass": "supermarket", "name": "Pingo Doce" }, "geometry": { "type": "Point", "coordinates": [ -9.2253155, 38.7377845 ] } },
{ "type": "Feature", "properties": { "osm_id": "1912629950", "lastchange": null, "code": "2801", "fclass": "fuel", "name": null }, "geometry": { "type": "Point", "coordinates": [ -9.2108136, 38.7433862 ] } },
{ "type": "Feature", "properties": { "osm_id": "1912645848", "lastchange": null, "code": "2301", "fclass": "restaurant", "name": "Atira-te ao Rio" }, "geometry": { "type": "Point", "coordinates": [ -9.1573493, 38.6850637 ] } },
{ "type": "Feature", "properties": { "osm_id": "1913049276", "lastchange": null, "code": "2501", "fclass": "supermarket", "name": "Supercor Parque das Nações (El Corte Inglês)" }, "geometry": { "type": "Point", "coordinates": [ -9.0957321, 38.7743159 ] } },
{ "type": "Feature", "properties": { "osm_id": "1913060815", "lastchange": null, "code": "2082", "fclass": "school", "name": "Liceu Pedro Nunes" }, "geometry": { "type": "Point", "coordinates": [ -9.1585709, 38.7164107 ] } },
{ "type": "Feature", "properties": { "osm_id": "1913060816", "lastchange": null, "code": "2083", "fclass": "kindergarten", "name": "Jardim João de Deus" }, "geometry": { "type": "Point", "coordinates": [ -9.1580666, 38.7161387 ] } },
{ "type": "Feature", "properties": { "osm_id": "1913064143", "lastchange": null, "code": "2082", "fclass": "school", "name": "Conservatório Nacional" }, "geometry": { "type": "Point", "coordinates": [ -9.146399, 38.7123673 ] } },
{ "type": "Feature", "properties": { "osm_id": "1913068997", "lastchange": null, "code": "2501", "fclass": "supermarket", "name": "Pingo Doce" }, "geometry": { "type": "Point", "coordinates": [ -9.1033702, 38.7931359 ] } },
{ "type": "Feature", "properties": { "osm_id": "1913069292", "lastchange": null, "code": "2703", "fclass": "museum", "name": "Museu da Cerâmica" }, "geometry": { "type": "Point", "coordinates": [ -9.1022089, 38.7940746 ] } },
{ "type": "Feature", "properties": { "osm_id": "1913070322", "lastchange": null, "code": "2002", "fclass": "fire_station", "name": "Bombeiros Voluntários de Sacavém" }, "geometry": { "type": "Point", "coordinates": [ -9.1039791, 38.7889066 ] } },
{ "type": "Feature", "properties": { "osm_id": "1913163705", "lastchange": null, "code": "2801", "fclass": "fuel", "name": "BP" }, "geometry": { "type": "Point", "coordinates": [ -9.1053354, 38.7735348 ] } },
{ "type": "Feature", "properties": { "osm_id": "1913196761", "lastchange": null, "code": "2005", "fclass": "post_office", "name": null }, "geometry": { "type": "Point", "coordinates": [ -9.1096216, 38.781466 ] } },
{ "type": "Feature", "properties": { "osm_id": "1913363394", "lastchange": null, "code": "2801", "fclass": "fuel", "name": null }, "geometry": { "type": "Point", "coordinates": [ -9.1224208, 38.7792504 ] } },
{ "type": "Feature", "properties": { "osm_id": "1913363432", "lastchange": null, "code": "2801", "fclass": "fuel", "name": null }, "geometry": { "type": "Point", "coordinates": [ -9.1239255, 38.7798102 ] } },
{ "type": "Feature", "properties": { "osm_id": "1914760909", "lastchange": null, "code": "2003", "fclass": "recycling", "name": null }, "geometry": { "type": "Point", "coordinates": [ -9.2973628, 38.7694839 ] } },
{ "type": "Feature", "properties": { "osm_id": "1915804450", "lastchange": null, "code": "2003", "fclass": "recycling", "name": "Recycling" }, "geometry": { "type": "Point", "coordinates": [ -9.2249103, 38.720298 ] } },
{ "type": "Feature", "properties": { "osm_id": "1916847215", "lastchange": null, "code": "2303", "fclass": "cafe", "name": "Café Bom Paladar" }, "geometry": { "type": "Point", "coordinates": [ -9.2064955, 38.7522341 ] } },
{ "type": "Feature", "properties": { "osm_id": "1916909276", "lastchange": null, "code": "2501", "fclass": "supermarket", "name": "MiniPreço" }, "geometry": { "type": "Point", "coordinates": [ -9.1526588, 38.7104158 ] } },
{ "type": "Feature", "properties": { "osm_id": "1916911478", "lastchange": null, "code": "2001", "fclass": "police", "name": "3ª Esquadra PSP" }, "geometry": { "type": "Point", "coordinates": [ -9.1449072, 38.713415 ] } },
{ "type": "Feature", "properties": { "osm_id": "1916919644", "lastchange": null, "code": "2303", "fclass": "cafe", "name": "Alva" }, "geometry": { "type": "Point", "coordinates": [ -9.1513285, 38.7108323 ] } },
{ "type": "Feature", "properties": { "osm_id": "1916924231", "lastchange": null, "code": "2304", "fclass": "pub", "name": null }, "geometry": { "type": "Point", "coordinates": [ -9.1624355, 38.7041618 ] } },
{ "type": "Feature", "properties": { "osm_id": "1917170288", "lastchange": null, "code": "2003", "fclass": "recycling", "name": null }, "geometry": { "type": "Point", "coordinates": [ -9.1365792, 38.7454659 ] } },
{ "type": "Feature", "properties": { "osm_id": "1918051004", "lastchange": null, "code": "2083", "fclass": "kindergarten", "name": null }, "geometry": { "type": "Point", "coordinates": [ -9.1269276, 38.7435584 ] } },
{ "type": "Feature", "properties": { "osm_id": "1918599757", "lastchange": null, "code": "2003", "fclass": "recycling", "name": null }, "geometry": { "type": "Point", "coordinates": [ -9.277163, 38.7536211 ] } },
{ "type": "Feature", "properties": { "osm_id": "1918951159", "lastchange": null, "code": "2301", "fclass": "restaurant", "name": "Gambrinus" }, "geometry": { "type": "Point", "coordinates": [ -9.1397756, 38.7153015 ] } },
{ "type": "Feature", "properties": { "osm_id": "1918975682", "lastchange": null, "code": "2201", "fclass": "theatre", "name": "Coliseu dos Recreios" }, "geometry": { "type": "Point", "coordinates": [ -9.1405212, 38.7165404 ] } },
{ "type": "Feature", "properties": { "osm_id": "1918975684", "lastchange": null, "code": "2301", "fclass": "restaurant", "name": "Solar dos Presuntos" }, "geometry": { "type": "Point", "coordinates": [ -9.1417309, 38.717748 ] } },
{ "type": "Feature", "properties": { "osm_id": "1918975686", "lastchange": null, "code": "2201", "fclass": "theatre", "name": "Teatro Politeama" }, "geometry": { "type": "Point", "coordinates": [ -9.1409155, 38.7165425 ] } },
{ "type": "Feature", "properties": { "osm_id": "1919312785", "lastchange": null, "code": "2303", "fclass": "cafe", "name": "Café" }, "geometry": { "type": "Point", "coordinates": [ -9.1604589, 38.6321667 ] } },
{ "type": "Feature", "properties": { "osm_id": "1919312813", "lastchange": null, "code": "2301", "fclass": "restaurant", "name": "Restaurante Stemik" }, "geometry": { "type": "Point", "coordinates": [ -9.1698762, 38.6257214 ] } },
{ "type": "Feature", "properties": { "osm_id": "1919312832", "lastchange": null, "code": "2601", "fclass": "bank", "name": "BPI Vale de Milhaços" }, "geometry": { "type": "Point", "coordinates": [ -9.1599815, 38.6323867 ] } },
{ "type": "Feature", "properties": { "osm_id": "1919312880", "lastchange": null, "code": "2303", "fclass": "cafe", "name": "Café O Arco" }, "geometry": { "type": "Point", "coordinates": [ -9.168409, 38.6250236 ] } },
{ "type": "Feature", "properties": { "osm_id": "1919323080", "lastchange": null, "code": "2301", "fclass": "restaurant", "name": "Pequena Maravilha" }, "geometry": { "type": "Point", "coordinates": [ -9.1651099, 38.6264632 ] } },
{ "type": "Feature", "properties": { "osm_id": "1919323086", "lastchange": null, "code": "2303", "fclass": "cafe", "name": "Pequena Maravilha" }, "geometry": { "type": "Point", "coordinates": [ -9.1652225, 38.6264108 ] } },
{ "type": "Feature", "properties": { "osm_id": "1919347413", "lastchange": null, "code": "2303", "fclass": "cafe", "name": "Café" }, "geometry": { "type": "Point", "coordinates": [ -9.1692701, 38.6219034 ] } },
{ "type": "Feature", "properties": { "osm_id": "1919347424", "lastchange": null, "code": "2303", "fclass": "cafe", "name": "Café Raposa" }, "geometry": { "type": "Point", "coordinates": [ -9.1653727, 38.6276555 ] } },
{ "type": "Feature", "properties": { "osm_id": "1919347425", "lastchange": null, "code": "2303", "fclass": "cafe", "name": null }, "geometry": { "type": "Point", "coordinates": [ -9.1699378, 38.6210945 ] } },
{ "type": "Feature", "properties": { "osm_id": "1919347427", "lastchange": null, "code": "2101", "fclass": "pharmacy", "name": "Farmácia Romana" }, "geometry": { "type": "Point", "coordinates": [ -9.1633128, 38.6268802 ] } },
{ "type": "Feature", "properties": { "osm_id": "1919347433", "lastchange": null, "code": "2301", "fclass": "restaurant", "name": "Restaurante" }, "geometry": { "type": "Point", "coordinates": [ -9.1647451, 38.6284748 ] } },
{ "type": "Feature", "properties": { "osm_id": "1919347455", "lastchange": null, "code": "2303", "fclass": "cafe", "name": "Café" }, "geometry": { "type": "Point", "coordinates": [ -9.1619261, 38.6262054 ] } },
{ "type": "Feature", "properties": { "osm_id": "1920274975", "lastchange": null, "code": "2801", "fclass": "fuel", "name": "Repsol" }, "geometry": { "type": "Point", "coordinates": [ -9.1163781, 38.6175166 ] } },
{ "type": "Feature", "properties": { "osm_id": "1923507065", "lastchange": null, "code": "2101", "fclass": "pharmacy", "name": "Ortopedia Marques" }, "geometry": { "type": "Point", "coordinates": [ -9.2023857, 38.7495799 ] } },
{ "type": "Feature", "properties": { "osm_id": "1923514541", "lastchange": null, "code": "2301", "fclass": "restaurant", "name": "David da Buraca 2" }, "geometry": { "type": "Point", "coordinates": [ -9.2016562, 38.749354 ] } },
{ "type": "Feature", "properties": { "osm_id": "1923516694", "lastchange": null, "code": "2301", "fclass": "restaurant", "name": "Restaurante Chen Wu" }, "geometry": { "type": "Point", "coordinates": [ -9.2014201, 38.7493121 ] } },
{ "type": "Feature", "properties": { "osm_id": "1923516909", "lastchange": null, "code": "2301", "fclass": "restaurant", "name": "Restaurante Ciao Itália" }, "geometry": { "type": "Point", "coordinates": [ -9.2013987, 38.74899 ] } },
{ "type": "Feature", "properties": { "osm_id": "1924387066", "lastchange": null, "code": "2302", "fclass": "fast_food", "name": "Telepizza" }, "geometry": { "type": "Point", "coordinates": [ -9.2757498, 38.7566772 ] } },
{ "type": "Feature", "properties": { "osm_id": "1924387073", "lastchange": null, "code": "2302", "fclass": "fast_food", "name": "Pizza Hut" }, "geometry": { "type": "Point", "coordinates": [ -9.279566, 38.752156 ] } },
{ "type": "Feature", "properties": { "osm_id": "1924387077", "lastchange": null, "code": "2301", "fclass": "restaurant", "name": "A Espiga" }, "geometry": { "type": "Point", "coordinates": [ -9.2774335, 38.7522678 ] } },
{ "type": "Feature", "properties": { "osm_id": "1924387082", "lastchange": null, "code": "2501", "fclass": "supermarket", "name": "Pingo Doce" }, "geometry": { "type": "Point", "coordinates": [ -9.2750363, 38.7579148 ] } },
{ "type": "Feature", "properties": { "osm_id": "1924387092", "lastchange": null, "code": "2501", "fclass": "supermarket", "name": "Minipreço" }, "geometry": { "type": "Point", "coordinates": [ -9.2777768, 38.7520273 ] } },
{ "type": "Feature", "properties": { "osm_id": "1925961562", "lastchange": null, "code": "2602", "fclass": "atm", "name": null }, "geometry": { "type": "Point", "coordinates": [ -9.1235874, 38.6239285 ] } },
{ "type": "Feature", "properties": { "osm_id": "1925976710", "lastchange": null, "code": "2901", "fclass": "toilet", "name": null }, "geometry": { "type": "Point", "coordinates": [ -9.1208505, 38.6303784 ] } },
{ "type": "Feature", "properties": { "osm_id": "1928868028", "lastchange": null, "code": "2804", "fclass": "parking", "name": null }, "geometry": { "type": "Point", "coordinates": [ -9.1515572, 38.6427477 ] } },
{ "type": "Feature", "properties": { "osm_id": "1929175968", "lastchange": null, "code": "2501", "fclass": "supermarket", "name": null }, "geometry": { "type": "Point", "coordinates": [ -9.1350426, 38.7121474 ] } },
{ "type": "Feature", "properties": { "osm_id": "1929175988", "lastchange": null, "code": "2901", "fclass": "toilet", "name": null }, "geometry": { "type": "Point", "coordinates": [ -9.133747, 38.7096966 ] } },
{ "type": "Feature", "properties": { "osm_id": "1929583960", "lastchange": null, "code": "2501", "fclass": "supermarket", "name": "ten to ten" }, "geometry": { "type": "Point", "coordinates": [ -9.1670073, 38.7686733 ] } },
{ "type": "Feature", "properties": { "osm_id": "1929583962", "lastchange": null, "code": "2082", "fclass": "school", "name": "JI e Basico Alto da Faia" }, "geometry": { "type": "Point", "coordinates": [ -9.16793, 38.7675398 ] } },
{ "type": "Feature", "properties": { "osm_id": "1929583963", "lastchange": null, "code": "2082", "fclass": "school", "name": "Colegio Planalto" }, "geometry": { "type": "Point", "coordinates": [ -9.166943, 38.7681296 ] } },
{ "type": "Feature", "properties": { "osm_id": "1929583966", "lastchange": null, "code": "2804", "fclass": "parking", "name": "Natura Towers" }, "geometry": { "type": "Point", "coordinates": [ -9.1650064, 38.7700786 ] } },
{ "type": "Feature", "properties": { "osm_id": "1929583969", "lastchange": null, "code": "2101", "fclass": "pharmacy", "name": "Farmacia Planalto" }, "geometry": { "type": "Point", "coordinates": [ -9.167179, 38.7692798 ] } },
{ "type": "Feature", "properties": { "osm_id": "1931821456", "lastchange": null, "code": "2501", "fclass": "supermarket", "name": null }, "geometry": { "type": "Point", "coordinates": [ -9.1378743, 38.7931287 ] } },
{ "type": "Feature", "properties": { "osm_id": "1931821489", "lastchange": null, "code": "2801", "fclass": "fuel", "name": null }, "geometry": { "type": "Point", "coordinates": [ -9.1376705, 38.7936472 ] } },
{ "type": "Feature", "properties": { "osm_id": "1933407913", "lastchange": null, "code": "2703", "fclass": "museum", "name": "Roman Theatre Museum" }, "geometry": { "type": "Point", "coordinates": [ -9.1323869, 38.7102693 ] } },
{ "type": "Feature", "properties": { "osm_id": "1935436771", "lastchange": null, "code": "2601", "fclass": "bank", "name": "Millennium BCP" }, "geometry": { "type": "Point", "coordinates": [ -9.1500548, 38.6309562 ] } },
{ "type": "Feature", "properties": { "osm_id": "1935436772", "lastchange": null, "code": "2601", "fclass": "bank", "name": "Santander Totta" }, "geometry": { "type": "Point", "coordinates": [ -9.1501056, 38.630623 ] } },
{ "type": "Feature", "properties": { "osm_id": "1935497403", "lastchange": null, "code": "2001", "fclass": "police", "name": null }, "geometry": { "type": "Point", "coordinates": [ -9.1491063, 38.6288864 ] } },
{ "type": "Feature", "properties": { "osm_id": "1936921772", "lastchange": null, "code": "2503", "fclass": "kiosk", "name": null }, "geometry": { "type": "Point", "coordinates": [ -9.132269, 38.748141 ] } },
{ "type": "Feature", "properties": { "osm_id": "1936938713", "lastchange": null, "code": "2602", "fclass": "atm", "name": null }, "geometry": { "type": "Point", "coordinates": [ -9.139873, 38.7459131 ] } },
{ "type": "Feature", "properties": { "osm_id": "1936940029", "lastchange": null, "code": "2005", "fclass": "post_office", "name": null }, "geometry": { "type": "Point", "coordinates": [ -9.1422092, 38.7487016 ] } },
{ "type": "Feature", "properties": { "osm_id": "1936945469", "lastchange": null, "code": "2303", "fclass": "cafe", "name": "Frutalmeidas" }, "geometry": { "type": "Point", "coordinates": [ -9.1407635, 38.7468105 ] } },
{ "type": "Feature", "properties": { "osm_id": "1936950158", "lastchange": null, "code": "2602", "fclass": "atm", "name": null }, "geometry": { "type": "Point", "coordinates": [ -9.1406428, 38.7465783 ] } },
{ "type": "Feature", "properties": { "osm_id": "1937840140", "lastchange": null, "code": "2005", "fclass": "post_office", "name": null }, "geometry": { "type": "Point", "coordinates": [ -9.1638705, 38.7378045 ] } },
{ "type": "Feature", "properties": { "osm_id": "1937840195", "lastchange": null, "code": "2801", "fclass": "fuel", "name": null }, "geometry": { "type": "Point", "coordinates": [ -9.163165, 38.7385618 ] } },
{ "type": "Feature", "properties": { "osm_id": "1937840198", "lastchange": null, "code": "2083", "fclass": "kindergarten", "name": null }, "geometry": { "type": "Point", "coordinates": [ -9.1645413, 38.7393417 ] } },
{ "type": "Feature", "properties": { "osm_id": "1937840249", "lastchange": null, "code": "2301", "fclass": "restaurant", "name": "Baloiço 2" }, "geometry": { "type": "Point", "coordinates": [ -9.1621756, 38.7388018 ] } },
{ "type": "Feature", "properties": { "osm_id": "1937869410", "lastchange": null, "code": "2804", "fclass": "parking", "name": null }, "geometry": { "type": "Point", "coordinates": [ -9.1617136, 38.7395666 ] } },
{ "type": "Feature", "properties": { "osm_id": "1937869533", "lastchange": null, "code": "2804", "fclass": "parking", "name": null }, "geometry": { "type": "Point", "coordinates": [ -9.1620194, 38.7396879 ] } },
{ "type": "Feature", "properties": { "osm_id": "1939747211", "lastchange": null, "code": "2082", "fclass": "school", "name": null }, "geometry": { "type": "Point", "coordinates": [ -9.29526, 38.7773725 ] } },
{ "type": "Feature", "properties": { "osm_id": "1939809500", "lastchange": null, "code": "2804", "fclass": "parking", "name": null }, "geometry": { "type": "Point", "coordinates": [ -9.2992941, 38.7824243 ] } },
{ "type": "Feature", "properties": { "osm_id": "1939811070", "lastchange": null, "code": "2082", "fclass": "school", "name": null }, "geometry": { "type": "Point", "coordinates": [ -9.2979262, 38.77869 ] } },
{ "type": "Feature", "properties": { "osm_id": "1940727878", "lastchange": null, "code": "2303", "fclass": "cafe", "name": null }, "geometry": { "type": "Point", "coordinates": [ -9.296957, 38.7727248 ] } },
{ "type": "Feature", "properties": { "osm_id": "1940727897", "lastchange": null, "code": "2303", "fclass": "cafe", "name": null }, "geometry": { "type": "Point", "coordinates": [ -9.2972788, 38.7729402 ] } },
{ "type": "Feature", "properties": { "osm_id": "1940782779", "lastchange": null, "code": "2602", "fclass": "atm", "name": null }, "geometry": { "type": "Point", "coordinates": [ -9.1679452, 38.738346 ] } },
{ "type": "Feature", "properties": { "osm_id": "1940782856", "lastchange": null, "code": "2301", "fclass": "restaurant", "name": null }, "geometry": { "type": "Point", "coordinates": [ -9.1683556, 38.7408126 ] } },
{ "type": "Feature", "properties": { "osm_id": "1940782889", "lastchange": null, "code": "2602", "fclass": "atm", "name": null }, "geometry": { "type": "Point", "coordinates": [ -9.1611024, 38.7379169 ] } },
{ "type": "Feature", "properties": { "osm_id": "1940782966", "lastchange": null, "code": "2601", "fclass": "bank", "name": "Millenium BCP" }, "geometry": { "type": "Point", "coordinates": [ -9.1673846, 38.7379547 ] } },
{ "type": "Feature", "properties": { "osm_id": "1940783003", "lastchange": null, "code": "2503", "fclass": "kiosk", "name": null }, "geometry": { "type": "Point", "coordinates": [ -9.1686533, 38.7422603 ] } },
{ "type": "Feature", "properties": { "osm_id": "1940783020", "lastchange": null, "code": "2804", "fclass": "parking", "name": null }, "geometry": { "type": "Point", "coordinates": [ -9.1663922, 38.73812 ] } },
{ "type": "Feature", "properties": { "osm_id": "1941632384", "lastchange": null, "code": "2301", "fclass": "restaurant", "name": "Yes" }, "geometry": { "type": "Point", "coordinates": [ -9.1630125, 38.7386681 ] } },
{ "type": "Feature", "properties": { "osm_id": "1941632407", "lastchange": null, "code": "2601", "fclass": "bank", "name": "Banco BPI" }, "geometry": { "type": "Point", "coordinates": [ -9.1633612, 38.7386785 ] } },
{ "type": "Feature", "properties": { "osm_id": "1942701051", "lastchange": null, "code": "2601", "fclass": "bank", "name": null }, "geometry": { "type": "Point", "coordinates": [ -9.1447307, 38.753382 ] } },
{ "type": "Feature", "properties": { "osm_id": "1944443453", "lastchange": null, "code": "2303", "fclass": "cafe", "name": "Talismã" }, "geometry": { "type": "Point", "coordinates": [ -9.1914059, 38.7493742 ] } },
{ "type": "Feature", "properties": { "osm_id": "1944444263", "lastchange": null, "code": "2601", "fclass": "bank", "name": "Montepio Geral" }, "geometry": { "type": "Point", "coordinates": [ -9.1917922, 38.749439 ] } },
{ "type": "Feature", "properties": { "osm_id": "1944444791", "lastchange": null, "code": "2501", "fclass": "supermarket", "name": "LIDL" }, "geometry": { "type": "Point", "coordinates": [ -9.1925486, 38.7490123 ] } },
{ "type": "Feature", "properties": { "osm_id": "1944710037", "lastchange": null, "code": "2301", "fclass": "restaurant", "name": "Gemelli" }, "geometry": { "type": "Point", "coordinates": [ -9.1532292, 38.7139977 ] } },
{ "type": "Feature", "properties": { "osm_id": "1948762109", "lastchange": null, "code": "2301", "fclass": "restaurant", "name": "SIMOES E SERRANO" }, "geometry": { "type": "Point", "coordinates": [ -9.1477194, 38.7159853 ] } },
{ "type": "Feature", "properties": { "osm_id": "1952693681", "lastchange": null, "code": "2301", "fclass": "restaurant", "name": "ESPERANÇAS & SANTOS" }, "geometry": { "type": "Point", "coordinates": [ -9.1474704, 38.715965 ] } },
{ "type": "Feature", "properties": { "osm_id": "1952693693", "lastchange": null, "code": "2083", "fclass": "kindergarten", "name": "JARDIM DE INFANCIA DAS MERCÊS" }, "geometry": { "type": "Point", "coordinates": [ -9.1486345, 38.7154125 ] } },
{ "type": "Feature", "properties": { "osm_id": "1952693713", "lastchange": null, "code": "2301", "fclass": "restaurant", "name": "RESTAURANTE SNOB" }, "geometry": { "type": "Point", "coordinates": [ -9.1475724, 38.7151655 ] } },
{ "type": "Feature", "properties": { "osm_id": "1952693734", "lastchange": null, "code": "2301", "fclass": "restaurant", "name": "RESTAURANTE ALTO DO SECULO" }, "geometry": { "type": "Point", "coordinates": [ -9.1477601, 38.715492 ] } },
{ "type": "Feature", "properties": { "osm_id": "1955009362", "lastchange": null, "code": "2303", "fclass": "cafe", "name": null }, "geometry": { "type": "Point", "coordinates": [ -9.1677932, 38.7541933 ] } },
{ "type": "Feature", "properties": { "osm_id": "1955009599", "lastchange": null, "code": "2501", "fclass": "supermarket", "name": "Pingo Doce" }, "geometry": { "type": "Point", "coordinates": [ -9.1658283, 38.7533613 ] } },
{ "type": "Feature", "properties": { "osm_id": "1955014085", "lastchange": null, "code": "2003", "fclass": "recycling", "name": null }, "geometry": { "type": "Point", "coordinates": [ -9.1449023, 38.7528648 ] } },
{ "type": "Feature", "properties": { "osm_id": "1955014164", "lastchange": null, "code": "2302", "fclass": "fast_food", "name": "McDonalds" }, "geometry": { "type": "Point", "coordinates": [ -9.1433305, 38.7530007 ] } },
{ "type": "Feature", "properties": { "osm_id": "1962025505", "lastchange": null, "code": "2301", "fclass": "restaurant", "name": "Descobre" }, "geometry": { "type": "Point", "coordinates": [ -9.2127147, 38.6950509 ] } },
{ "type": "Feature", "properties": { "osm_id": "1962025506", "lastchange": null, "code": "2101", "fclass": "pharmacy", "name": null }, "geometry": { "type": "Point", "coordinates": [ -9.2125806, 38.695076 ] } },
{ "type": "Feature", "properties": { "osm_id": "1962402057", "lastchange": null, "code": "2804", "fclass": "parking", "name": null }, "geometry": { "type": "Point", "coordinates": [ -9.2546421, 38.664542 ] } },
{ "type": "Feature", "properties": { "osm_id": "1963418900", "lastchange": null, "code": "2303", "fclass": "cafe", "name": null }, "geometry": { "type": "Point", "coordinates": [ -9.1417725, 38.718999 ] } },
{ "type": "Feature", "properties": { "osm_id": "1964973853", "lastchange": null, "code": "2804", "fclass": "parking", "name": null }, "geometry": { "type": "Point", "coordinates": [ -9.1232938, 38.62191 ] } },
{ "type": "Feature", "properties": { "osm_id": "1968076755", "lastchange": null, "code": "2002", "fclass": "fire_station", "name": null }, "geometry": { "type": "Point", "coordinates": [ -9.2322069, 38.6383218 ] } },
{ "type": "Feature", "properties": { "osm_id": "1968076757", "lastchange": null, "code": "2301", "fclass": "restaurant", "name": "Os Parafusos" }, "geometry": { "type": "Point", "coordinates": [ -9.2316395, 38.6385848 ] } },
{ "type": "Feature", "properties": { "osm_id": "1968076774", "lastchange": null, "code": "2801", "fclass": "fuel", "name": null }, "geometry": { "type": "Point", "coordinates": [ -9.2321399, 38.6384789 ] } },
{ "type": "Feature", "properties": { "osm_id": "1968076779", "lastchange": null, "code": "2301", "fclass": "restaurant", "name": null }, "geometry": { "type": "Point", "coordinates": [ -9.235836, 38.6406514 ] } },
{ "type": "Feature", "properties": { "osm_id": "1968505385", "lastchange": null, "code": "2601", "fclass": "bank", "name": null }, "geometry": { "type": "Point", "coordinates": [ -9.2336424, 38.6447119 ] } },
{ "type": "Feature", "properties": { "osm_id": "1968505387", "lastchange": null, "code": "2601", "fclass": "bank", "name": null }, "geometry": { "type": "Point", "coordinates": [ -9.2332454, 38.6437524 ] } },
{ "type": "Feature", "properties": { "osm_id": "1968505390", "lastchange": null, "code": "2082", "fclass": "school", "name": null }, "geometry": { "type": "Point", "coordinates": [ -9.2340849, 38.6407189 ] } },
{ "type": "Feature", "properties": { "osm_id": "1968505399", "lastchange": null, "code": "2601", "fclass": "bank", "name": null }, "geometry": { "type": "Point", "coordinates": [ -9.2333473, 38.6424829 ] } },
{ "type": "Feature", "properties": { "osm_id": "1968505404", "lastchange": null, "code": "2601", "fclass": "bank", "name": null }, "geometry": { "type": "Point", "coordinates": [ -9.2323388, 38.6431407 ] } },
{ "type": "Feature", "properties": { "osm_id": "1968505415", "lastchange": null, "code": "2601", "fclass": "bank", "name": null }, "geometry": { "type": "Point", "coordinates": [ -9.2329182, 38.6423991 ] } },
{ "type": "Feature", "properties": { "osm_id": "1968505419", "lastchange": null, "code": "2082", "fclass": "school", "name": null }, "geometry": { "type": "Point", "coordinates": [ -9.2367618, 38.6448439 ] } },
{ "type": "Feature", "properties": { "osm_id": "1970656532", "lastchange": null, "code": "2801", "fclass": "fuel", "name": null }, "geometry": { "type": "Point", "coordinates": [ -9.163128, 38.6485927 ] } },
{ "type": "Feature", "properties": { "osm_id": "1970656540", "lastchange": null, "code": "2602", "fclass": "atm", "name": null }, "geometry": { "type": "Point", "coordinates": [ -9.1632564, 38.6487309 ] } },
{ "type": "Feature", "properties": { "osm_id": "1970842031", "lastchange": null, "code": "2502", "fclass": "bakery", "name": "Estrela da Graca" }, "geometry": { "type": "Point", "coordinates": [ -9.1302122, 38.7174647 ] } },
{ "type": "Feature", "properties": { "osm_id": "1970854460", "lastchange": null, "code": "2303", "fclass": "cafe", "name": null }, "geometry": { "type": "Point", "coordinates": [ -9.1592793, 38.7132627 ] } },
{ "type": "Feature", "properties": { "osm_id": "1972374444", "lastchange": null, "code": "2005", "fclass": "post_office", "name": null }, "geometry": { "type": "Point", "coordinates": [ -9.1516153, 38.6298356 ] } },
{ "type": "Feature", "properties": { "osm_id": "1972431491", "lastchange": null, "code": "2901", "fclass": "toilet", "name": null }, "geometry": { "type": "Point", "coordinates": [ -9.0935791, 38.7615962 ] } },
{ "type": "Feature", "properties": { "osm_id": "1972432443", "lastchange": null, "code": "2901", "fclass": "toilet", "name": null }, "geometry": { "type": "Point", "coordinates": [ -9.0935683, 38.7613453 ] } },
{ "type": "Feature", "properties": { "osm_id": "1974077126", "lastchange": null, "code": "2901", "fclass": "toilet", "name": null }, "geometry": { "type": "Point", "coordinates": [ -9.1495728, 38.716448 ] } },
{ "type": "Feature", "properties": { "osm_id": "1974079240", "lastchange": null, "code": "2303", "fclass": "cafe", "name": "Quiosque Príncipe Real" }, "geometry": { "type": "Point", "coordinates": [ -9.1478133, 38.7162387 ] } },
{ "type": "Feature", "properties": { "osm_id": "1974089469", "lastchange": null, "code": "2303", "fclass": "cafe", "name": "pois,cafe" }, "geometry": { "type": "Point", "coordinates": [ -9.1318931, 38.709495 ] } },
{ "type": "Feature", "properties": { "osm_id": "1974339096", "lastchange": null, "code": "2804", "fclass": "parking", "name": null }, "geometry": { "type": "Point", "coordinates": [ -9.1774938, 38.6600502 ] } },
{ "type": "Feature", "properties": { "osm_id": "1975515501", "lastchange": null, "code": "2004", "fclass": "post_box", "name": null }, "geometry": { "type": "Point", "coordinates": [ -9.1280401, 38.7108893 ] } },
{ "type": "Feature", "properties": { "osm_id": "1975517749", "lastchange": null, "code": "2006", "fclass": "telephone", "name": null }, "geometry": { "type": "Point", "coordinates": [ -9.1280615, 38.7110232 ] } },
{ "type": "Feature", "properties": { "osm_id": "1975518999", "lastchange": null, "code": "2003", "fclass": "recycling", "name": null }, "geometry": { "type": "Point", "coordinates": [ -9.1280293, 38.71104 ] } },
{ "type": "Feature", "properties": { "osm_id": "1975522250", "lastchange": null, "code": "2701", "fclass": "information", "name": null }, "geometry": { "type": "Point", "coordinates": [ -9.1350567, 38.7066195 ] } },
{ "type": "Feature", "properties": { "osm_id": "1975538630", "lastchange": null, "code": "2801", "fclass": "fuel", "name": null }, "geometry": { "type": "Point", "coordinates": [ -9.2042041, 38.6948889 ] } },
{ "type": "Feature", "properties": { "osm_id": "1975540284", "lastchange": null, "code": "2003", "fclass": "recycling", "name": null }, "geometry": { "type": "Point", "coordinates": [ -9.20017, 38.7008843 ] } },
{ "type": "Feature", "properties": { "osm_id": "1975540797", "lastchange": null, "code": "2003", "fclass": "recycling", "name": null }, "geometry": { "type": "Point", "coordinates": [ -9.2025636, 38.7020274 ] } },
{ "type": "Feature", "properties": { "osm_id": "1975835376", "lastchange": null, "code": "2003", "fclass": "recycling", "name": null }, "geometry": { "type": "Point", "coordinates": [ -9.1738951, 38.7015876 ] } },
{ "type": "Feature", "properties": { "osm_id": "1976924969", "lastchange": null, "code": "2804", "fclass": "parking", "name": null }, "geometry": { "type": "Point", "coordinates": [ -9.1028486, 38.6442897 ] } },
{ "type": "Feature", "properties": { "osm_id": "1976972291", "lastchange": null, "code": "2006", "fclass": "telephone", "name": null }, "geometry": { "type": "Point", "coordinates": [ -9.1336083, 38.7097089 ] } },
{ "type": "Feature", "properties": { "osm_id": "1977650330", "lastchange": null, "code": "2003", "fclass": "recycling", "name": null }, "geometry": { "type": "Point", "coordinates": [ -9.2132592, 38.6934989 ] } },
{ "type": "Feature", "properties": { "osm_id": "1977650467", "lastchange": null, "code": "2006", "fclass": "telephone", "name": null }, "geometry": { "type": "Point", "coordinates": [ -9.2133987, 38.693524 ] } },
{ "type": "Feature", "properties": { "osm_id": "1978062437", "lastchange": null, "code": "2006", "fclass": "telephone", "name": null }, "geometry": { "type": "Point", "coordinates": [ -9.1474056, 38.7097256 ] } },
{ "type": "Feature", "properties": { "osm_id": "1978097500", "lastchange": null, "code": "2804", "fclass": "parking", "name": null }, "geometry": { "type": "Point", "coordinates": [ -9.1511245, 38.6313307 ] } },
{ "type": "Feature", "properties": { "osm_id": "1978097504", "lastchange": null, "code": "2804", "fclass": "parking", "name": null }, "geometry": { "type": "Point", "coordinates": [ -9.1519453, 38.6311547 ] } },
{ "type": "Feature", "properties": { "osm_id": "1979323106", "lastchange": null, "code": "2804", "fclass": "parking", "name": null }, "geometry": { "type": "Point", "coordinates": [ -9.1530009, 38.6374762 ] } },
{ "type": "Feature", "properties": { "osm_id": "1979978286", "lastchange": null, "code": "2006", "fclass": "telephone", "name": null }, "geometry": { "type": "Point", "coordinates": [ -9.1335332, 38.7088968 ] } },
{ "type": "Feature", "properties": { "osm_id": "1979981278", "lastchange": null, "code": "2006", "fclass": "telephone", "name": null }, "geometry": { "type": "Point", "coordinates": [ -9.1335547, 38.7088968 ] } },
{ "type": "Feature", "properties": { "osm_id": "1979984064", "lastchange": null, "code": "2901", "fclass": "toilet", "name": null }, "geometry": { "type": "Point", "coordinates": [ -9.1335804, 38.7089587 ] } },
{ "type": "Feature", "properties": { "osm_id": "1981372082", "lastchange": null, "code": "2804", "fclass": "parking", "name": "Parque Municipal de Recolhas de Viaturas do Seixal" }, "geometry": { "type": "Point", "coordinates": [ -9.1540902, 38.6242891 ] } },
{ "type": "Feature", "properties": { "osm_id": "1982000947", "lastchange": null, "code": "2601", "fclass": "bank", "name": "Millennium BCP" }, "geometry": { "type": "Point", "coordinates": [ -9.110118, 38.615496 ] } },
{ "type": "Feature", "properties": { "osm_id": "1982002152", "lastchange": null, "code": "2601", "fclass": "bank", "name": "Banif" }, "geometry": { "type": "Point", "coordinates": [ -9.1088121, 38.6145941 ] } },
{ "type": "Feature", "properties": { "osm_id": "1982002780", "lastchange": null, "code": "2801", "fclass": "fuel", "name": "Galp" }, "geometry": { "type": "Point", "coordinates": [ -9.1080472, 38.613635 ] } },
{ "type": "Feature", "properties": { "osm_id": "1982011129", "lastchange": null, "code": "2101", "fclass": "pharmacy", "name": "Farmácia Fonseca" }, "geometry": { "type": "Point", "coordinates": [ -9.1259947, 38.621168 ] } },
{ "type": "Feature", "properties": { "osm_id": "1982013646", "lastchange": null, "code": "2101", "fclass": "pharmacy", "name": "Famácia Duarte Ramos" }, "geometry": { "type": "Point", "coordinates": [ -9.1244174, 38.6286925 ] } },
{ "type": "Feature", "properties": { "osm_id": "1983649743", "lastchange": null, "code": "2004", "fclass": "post_box", "name": null }, "geometry": { "type": "Point", "coordinates": [ -9.1301858, 38.7210604 ] } },
{ "type": "Feature", "properties": { "osm_id": "1983649964", "lastchange": null, "code": "2003", "fclass": "recycling", "name": null }, "geometry": { "type": "Point", "coordinates": [ -9.130733, 38.7276896 ] } },
{ "type": "Feature", "properties": { "osm_id": "1983650221", "lastchange": null, "code": "2003", "fclass": "recycling", "name": null }, "geometry": { "type": "Point", "coordinates": [ -9.1290164, 38.7299243 ] } },
{ "type": "Feature", "properties": { "osm_id": "1983650658", "lastchange": null, "code": "2003", "fclass": "recycling", "name": null }, "geometry": { "type": "Point", "coordinates": [ -9.1279972, 38.7296816 ] } },
{ "type": "Feature", "properties": { "osm_id": "1983650661", "lastchange": null, "code": "2003", "fclass": "recycling", "name": null }, "geometry": { "type": "Point", "coordinates": [ -9.12848, 38.7301921 ] } },
{ "type": "Feature", "properties": { "osm_id": "1983651067", "lastchange": null, "code": "2901", "fclass": "toilet", "name": null }, "geometry": { "type": "Point", "coordinates": [ -9.1227722, 38.7293552 ] } },
{ "type": "Feature", "properties": { "osm_id": "1983651153", "lastchange": null, "code": "2003", "fclass": "recycling", "name": null }, "geometry": { "type": "Point", "coordinates": [ -9.1297352, 38.7203237 ] } },
{ "type": "Feature", "properties": { "osm_id": "1983653597", "lastchange": null, "code": "2502", "fclass": "bakery", "name": "A padaria portuguesa" }, "geometry": { "type": "Point", "coordinates": [ -9.1297996, 38.7181724 ] } },
{ "type": "Feature", "properties": { "osm_id": "1983654555", "lastchange": null, "code": "2901", "fclass": "toilet", "name": null }, "geometry": { "type": "Point", "coordinates": [ -9.1312265, 38.7160294 ] } },
{ "type": "Feature", "properties": { "osm_id": "1987573594", "lastchange": null, "code": "2502", "fclass": "bakery", "name": null }, "geometry": { "type": "Point", "coordinates": [ -9.1280657, 38.7110858 ] } },
{ "type": "Feature", "properties": { "osm_id": "1987586264", "lastchange": null, "code": "2007", "fclass": "library", "name": "Biblioteca municipal" }, "geometry": { "type": "Point", "coordinates": [ -9.143518, 38.7132252 ] } },
{ "type": "Feature", "properties": { "osm_id": "1987677509", "lastchange": null, "code": "2301", "fclass": "restaurant", "name": "Restaurante O Paco" }, "geometry": { "type": "Point", "coordinates": [ -9.1551412, 38.7382621 ] } },
{ "type": "Feature", "properties": { "osm_id": "1987677520", "lastchange": null, "code": "2301", "fclass": "restaurant", "name": "O Polícia" }, "geometry": { "type": "Point", "coordinates": [ -9.1523517, 38.7375968 ] } },
{ "type": "Feature", "properties": { "osm_id": "1987677564", "lastchange": null, "code": "2301", "fclass": "restaurant", "name": "A Laurentina do Bacalhau" }, "geometry": { "type": "Point", "coordinates": [ -9.1514237, 38.7371826 ] } },
{ "type": "Feature", "properties": { "osm_id": "1987677640", "lastchange": null, "code": "2301", "fclass": "restaurant", "name": "La Gondola" }, "geometry": { "type": "Point", "coordinates": [ -9.155911, 38.737942 ] } },
{ "type": "Feature", "properties": { "osm_id": "1987677664", "lastchange": null, "code": "2804", "fclass": "parking", "name": null }, "geometry": { "type": "Point", "coordinates": [ -9.1528291, 38.7348184 ] } },
{ "type": "Feature", "properties": { "osm_id": "1987677738", "lastchange": null, "code": "2501", "fclass": "supermarket", "name": "Minipreço" }, "geometry": { "type": "Point", "coordinates": [ -9.1503642, 38.7377098 ] } },
{ "type": "Feature", "properties": { "osm_id": "1989035678", "lastchange": null, "code": "2502", "fclass": "bakery", "name": null }, "geometry": { "type": "Point", "coordinates": [ -9.2983091, 38.7748403 ] } },
{ "type": "Feature", "properties": { "osm_id": "1989035682", "lastchange": null, "code": "2303", "fclass": "cafe", "name": null }, "geometry": { "type": "Point", "coordinates": [ -9.296805, 38.7764974 ] } },
{ "type": "Feature", "properties": { "osm_id": "1989035693", "lastchange": null, "code": "2503", "fclass": "kiosk", "name": null }, "geometry": { "type": "Point", "coordinates": [ -9.2947988, 38.7769438 ] } },
{ "type": "Feature", "properties": { "osm_id": "1989035700", "lastchange": null, "code": "2303", "fclass": "cafe", "name": null }, "geometry": { "type": "Point", "coordinates": [ -9.2982662, 38.7748424 ] } },
{ "type": "Feature", "properties": { "osm_id": "1989035704", "lastchange": null, "code": "2303", "fclass": "cafe", "name": null }, "geometry": { "type": "Point", "coordinates": [ -9.2974215, 38.7748528 ] } },
{ "type": "Feature", "properties": { "osm_id": "1989035705", "lastchange": null, "code": "2303", "fclass": "cafe", "name": null }, "geometry": { "type": "Point", "coordinates": [ -9.2971852, 38.7741691 ] } },
{ "type": "Feature", "properties": { "osm_id": "1989035709", "lastchange": null, "code": "2303", "fclass": "cafe", "name": "Esplanada" }, "geometry": { "type": "Point", "coordinates": [ -9.297591, 38.7774321 ] } },
{ "type": "Feature", "properties": { "osm_id": "1989035711", "lastchange": null, "code": "2303", "fclass": "cafe", "name": null }, "geometry": { "type": "Point", "coordinates": [ -9.2947766, 38.7768666 ] } },
{ "type": "Feature", "properties": { "osm_id": "1989035713", "lastchange": null, "code": "2303", "fclass": "cafe", "name": null }, "geometry": { "type": "Point", "coordinates": [ -9.2979231, 38.7759904 ] } },
{ "type": "Feature", "properties": { "osm_id": "1989035715", "lastchange": null, "code": "2303", "fclass": "cafe", "name": null }, "geometry": { "type": "Point", "coordinates": [ -9.2964503, 38.7758273 ] } },
{ "type": "Feature", "properties": { "osm_id": "1989035717", "lastchange": null, "code": "2101", "fclass": "pharmacy", "name": null }, "geometry": { "type": "Point", "coordinates": [ -9.2975391, 38.7743761 ] } },
{ "type": "Feature", "properties": { "osm_id": "1989035718", "lastchange": null, "code": "2301", "fclass": "restaurant", "name": null }, "geometry": { "type": "Point", "coordinates": [ -9.2980006, 38.7759737 ] } },
{ "type": "Feature", "properties": { "osm_id": "1989035720", "lastchange": null, "code": "2303", "fclass": "cafe", "name": null }, "geometry": { "type": "Point", "coordinates": [ -9.2973783, 38.7738763 ] } },
{ "type": "Feature", "properties": { "osm_id": "1989625303", "lastchange": null, "code": "2301", "fclass": "restaurant", "name": "A Cabaninha" }, "geometry": { "type": "Point", "coordinates": [ -9.207823, 38.7650515 ] } },
{ "type": "Feature", "properties": { "osm_id": "1990903448", "lastchange": null, "code": "2101", "fclass": "pharmacy", "name": "Chai" }, "geometry": { "type": "Point", "coordinates": [ -9.2349966, 38.6400107 ] } },
{ "type": "Feature", "properties": { "osm_id": "1992110465", "lastchange": null, "code": "2101", "fclass": "pharmacy", "name": "Torre das Argolas" }, "geometry": { "type": "Point", "coordinates": [ -9.2301958, 38.6393473 ] } },
{ "type": "Feature", "properties": { "osm_id": "1992119359", "lastchange": null, "code": "2101", "fclass": "pharmacy", "name": "Almofariz" }, "geometry": { "type": "Point", "coordinates": [ -9.2340895, 38.6440927 ] } },
{ "type": "Feature", "properties": { "osm_id": "1993137650", "lastchange": null, "code": "2804", "fclass": "parking", "name": null }, "geometry": { "type": "Point", "coordinates": [ -9.2996065, 38.7683512 ] } },
{ "type": "Feature", "properties": { "osm_id": "1995888899", "lastchange": null, "code": "2301", "fclass": "restaurant", "name": "O nosso prego - Loja III" }, "geometry": { "type": "Point", "coordinates": [ -9.2392732, 38.767968 ] } },
{ "type": "Feature", "properties": { "osm_id": "1995912703", "lastchange": null, "code": "2082", "fclass": "school", "name": null }, "geometry": { "type": "Point", "coordinates": [ -9.238688, 38.7688668 ] } },
{ "type": "Feature", "properties": { "osm_id": "1995912713", "lastchange": null, "code": "2303", "fclass": "cafe", "name": "Betana" }, "geometry": { "type": "Point", "coordinates": [ -9.2358287, 38.7678275 ] } },
{ "type": "Feature", "properties": { "osm_id": "1995912727", "lastchange": null, "code": "2082", "fclass": "school", "name": null }, "geometry": { "type": "Point", "coordinates": [ -9.2364993, 38.7689505 ] } },
{ "type": "Feature", "properties": { "osm_id": "1996047143", "lastchange": null, "code": "2602", "fclass": "atm", "name": null }, "geometry": { "type": "Point", "coordinates": [ -9.2347236, 38.7676727 ] } },
{ "type": "Feature", "properties": { "osm_id": "1996047145", "lastchange": null, "code": "2602", "fclass": "atm", "name": null }, "geometry": { "type": "Point", "coordinates": [ -9.2319207, 38.7679174 ] } },
{ "type": "Feature", "properties": { "osm_id": "1996047146", "lastchange": null, "code": "2602", "fclass": "atm", "name": null }, "geometry": { "type": "Point", "coordinates": [ -9.230982, 38.7662946 ] } },
{ "type": "Feature", "properties": { "osm_id": "1996047147", "lastchange": null, "code": "2602", "fclass": "atm", "name": null }, "geometry": { "type": "Point", "coordinates": [ -9.2389884, 38.767495 ] } },
{ "type": "Feature", "properties": { "osm_id": "1996047148", "lastchange": null, "code": "2602", "fclass": "atm", "name": null }, "geometry": { "type": "Point", "coordinates": [ -9.2365422, 38.7674218 ] } },
{ "type": "Feature", "properties": { "osm_id": "1996135611", "lastchange": null, "code": "2083", "fclass": "kindergarten", "name": null }, "geometry": { "type": "Point", "coordinates": [ -9.2324652, 38.7675326 ] } },
{ "type": "Feature", "properties": { "osm_id": "1998696727", "lastchange": null, "code": "2804", "fclass": "parking", "name": null }, "geometry": { "type": "Point", "coordinates": [ -9.0870483, 38.6110078 ] } },
{ "type": "Feature", "properties": { "osm_id": "1998722675", "lastchange": null, "code": "2804", "fclass": "parking", "name": null }, "geometry": { "type": "Point", "coordinates": [ -9.0999301, 38.6190251 ] } },
{ "type": "Feature", "properties": { "osm_id": "1998723610", "lastchange": null, "code": "2804", "fclass": "parking", "name": null }, "geometry": { "type": "Point", "coordinates": [ -9.1071667, 38.612285 ] } },
{ "type": "Feature", "properties": { "osm_id": "2001530415", "lastchange": null, "code": "2804", "fclass": "parking", "name": null }, "geometry": { "type": "Point", "coordinates": [ -9.1553371, 38.6414764 ] } },
{ "type": "Feature", "properties": { "osm_id": "2001530739", "lastchange": null, "code": "2804", "fclass": "parking", "name": null }, "geometry": { "type": "Point", "coordinates": [ -9.1560801, 38.6406948 ] } },
{ "type": "Feature", "properties": { "osm_id": "2001542711", "lastchange": null, "code": "2804", "fclass": "parking", "name": null }, "geometry": { "type": "Point", "coordinates": [ -9.1508417, 38.6387673 ] } },
{ "type": "Feature", "properties": { "osm_id": "2001827349", "lastchange": null, "code": "2804", "fclass": "parking", "name": null }, "geometry": { "type": "Point", "coordinates": [ -9.1934621, 38.6969447 ] } },
{ "type": "Feature", "properties": { "osm_id": "2003507824", "lastchange": null, "code": "2301", "fclass": "restaurant", "name": "Kais" }, "geometry": { "type": "Point", "coordinates": [ -9.1567013, 38.7050802 ] } },
{ "type": "Feature", "properties": { "osm_id": "2003534981", "lastchange": null, "code": "2301", "fclass": "restaurant", "name": "Bica do Sapato" }, "geometry": { "type": "Point", "coordinates": [ -9.1212183, 38.714124 ] } },
{ "type": "Feature", "properties": { "osm_id": "2003534982", "lastchange": null, "code": "2301", "fclass": "restaurant", "name": null }, "geometry": { "type": "Point", "coordinates": [ -9.1281384, 38.7090989 ] } },
{ "type": "Feature", "properties": { "osm_id": "2003601529", "lastchange": null, "code": "2301", "fclass": "restaurant", "name": null }, "geometry": { "type": "Point", "coordinates": [ -9.0923756, 38.77083 ] } },
{ "type": "Feature", "properties": { "osm_id": "2003601531", "lastchange": null, "code": "2301", "fclass": "restaurant", "name": null }, "geometry": { "type": "Point", "coordinates": [ -9.092389, 38.7704431 ] } },
{ "type": "Feature", "properties": { "osm_id": "2003601533", "lastchange": null, "code": "2301", "fclass": "restaurant", "name": null }, "geometry": { "type": "Point", "coordinates": [ -9.0924051, 38.7702508 ] } },
{ "type": "Feature", "properties": { "osm_id": "2003601539", "lastchange": null, "code": "2301", "fclass": "restaurant", "name": null }, "geometry": { "type": "Point", "coordinates": [ -9.0923461, 38.7710099 ] } },
{ "type": "Feature", "properties": { "osm_id": "2003601541", "lastchange": null, "code": "2301", "fclass": "restaurant", "name": null }, "geometry": { "type": "Point", "coordinates": [ -9.0923756, 38.7706146 ] } },
{ "type": "Feature", "properties": { "osm_id": "2003731538", "lastchange": null, "code": "2301", "fclass": "restaurant", "name": null }, "geometry": { "type": "Point", "coordinates": [ -9.1352602, 38.7075127 ] } },
{ "type": "Feature", "properties": { "osm_id": "2003731539", "lastchange": null, "code": "2301", "fclass": "restaurant", "name": null }, "geometry": { "type": "Point", "coordinates": [ -9.1377332, 38.7076467 ] } },
{ "type": "Feature", "properties": { "osm_id": "2003731541", "lastchange": null, "code": "2301", "fclass": "restaurant", "name": null }, "geometry": { "type": "Point", "coordinates": [ -9.1354211, 38.7078518 ] } },
{ "type": "Feature", "properties": { "osm_id": "2003731545", "lastchange": null, "code": "2301", "fclass": "restaurant", "name": null }, "geometry": { "type": "Point", "coordinates": [ -9.1353353, 38.7077262 ] } },
{ "type": "Feature", "properties": { "osm_id": "2005141230", "lastchange": null, "code": "2804", "fclass": "parking", "name": null }, "geometry": { "type": "Point", "coordinates": [ -9.1230448, 38.6260065 ] } },
{ "type": "Feature", "properties": { "osm_id": "2005165130", "lastchange": null, "code": "2804", "fclass": "parking", "name": null }, "geometry": { "type": "Point", "coordinates": [ -9.1238937, 38.6231736 ] } },
{ "type": "Feature", "properties": { "osm_id": "2011481536", "lastchange": null, "code": "2082", "fclass": "school", "name": "ISLA" }, "geometry": { "type": "Point", "coordinates": [ -9.1941987, 38.7600788 ] } },
{ "type": "Feature", "properties": { "osm_id": "2011486046", "lastchange": null, "code": "2901", "fclass": "toilet", "name": null }, "geometry": { "type": "Point", "coordinates": [ -9.1937749, 38.759765 ] } },
{ "type": "Feature", "properties": { "osm_id": "2011486054", "lastchange": null, "code": "2901", "fclass": "toilet", "name": null }, "geometry": { "type": "Point", "coordinates": [ -9.1931204, 38.760062 ] } },
{ "type": "Feature", "properties": { "osm_id": "2011486056", "lastchange": null, "code": "2901", "fclass": "toilet", "name": null }, "geometry": { "type": "Point", "coordinates": [ -9.1938661, 38.7601457 ] } },
{ "type": "Feature", "properties": { "osm_id": "2011486059", "lastchange": null, "code": "2602", "fclass": "atm", "name": null }, "geometry": { "type": "Point", "coordinates": [ -9.1937588, 38.7599073 ] } },
{ "type": "Feature", "properties": { "osm_id": "2011486061", "lastchange": null, "code": "2303", "fclass": "cafe", "name": "ISLA Cafe" }, "geometry": { "type": "Point", "coordinates": [ -9.1942207, 38.760195 ] } },
{ "type": "Feature", "properties": { "osm_id": "2012522135", "lastchange": null, "code": "2001", "fclass": "police", "name": "GNR" }, "geometry": { "type": "Point", "coordinates": [ -9.0738276, 38.618103 ] } },
{ "type": "Feature", "properties": { "osm_id": "2012647539", "lastchange": null, "code": "2083", "fclass": "kindergarten", "name": "lycee français Charles Lepierre" }, "geometry": { "type": "Point", "coordinates": [ -9.163066, 38.7245785 ] } },
{ "type": "Feature", "properties": { "osm_id": "2016661092", "lastchange": null, "code": "2502", "fclass": "bakery", "name": null }, "geometry": { "type": "Point", "coordinates": [ -9.1672081, 38.725665 ] } },
{ "type": "Feature", "properties": { "osm_id": "2016669798", "lastchange": null, "code": "2002", "fclass": "fire_station", "name": null }, "geometry": { "type": "Point", "coordinates": [ -9.1655183, 38.7220323 ] } },
{ "type": "Feature", "properties": { "osm_id": "2020625552", "lastchange": null, "code": "2303", "fclass": "cafe", "name": null }, "geometry": { "type": "Point", "coordinates": [ -9.1910812, 38.7516625 ] } },
{ "type": "Feature", "properties": { "osm_id": "2026263965", "lastchange": null, "code": "2804", "fclass": "parking", "name": null }, "geometry": { "type": "Point", "coordinates": [ -9.1556983, 38.7549753 ] } },
{ "type": "Feature", "properties": { "osm_id": "2027880552", "lastchange": null, "code": "2804", "fclass": "parking", "name": null }, "geometry": { "type": "Point", "coordinates": [ -9.1977444, 38.7145379 ] } },
{ "type": "Feature", "properties": { "osm_id": "2027880567", "lastchange": null, "code": "2804", "fclass": "parking", "name": null }, "geometry": { "type": "Point", "coordinates": [ -9.2014593, 38.7124722 ] } },
{ "type": "Feature", "properties": { "osm_id": "2030224137", "lastchange": null, "code": "2301", "fclass": "restaurant", "name": "Central Pombalense" }, "geometry": { "type": "Point", "coordinates": [ -9.1611254, 38.6733004 ] } },
{ "type": "Feature", "properties": { "osm_id": "2030224139", "lastchange": null, "code": "2006", "fclass": "telephone", "name": null }, "geometry": { "type": "Point", "coordinates": [ -9.1613316, 38.6733129 ] } },
{ "type": "Feature", "properties": { "osm_id": "2031496149", "lastchange": null, "code": "2602", "fclass": "atm", "name": null }, "geometry": { "type": "Point", "coordinates": [ -9.1571367, 38.6832778 ] } },
{ "type": "Feature", "properties": { "osm_id": "2031502285", "lastchange": null, "code": "2003", "fclass": "recycling", "name": null }, "geometry": { "type": "Point", "coordinates": [ -9.1584666, 38.6824067 ] } },
{ "type": "Feature", "properties": { "osm_id": "2031808117", "lastchange": null, "code": "2804", "fclass": "parking", "name": null }, "geometry": { "type": "Point", "coordinates": [ -9.1582634, 38.6712373 ] } },
{ "type": "Feature", "properties": { "osm_id": "2031811337", "lastchange": null, "code": "2804", "fclass": "parking", "name": null }, "geometry": { "type": "Point", "coordinates": [ -9.1591539, 38.6700981 ] } },
{ "type": "Feature", "properties": { "osm_id": "2031819230", "lastchange": null, "code": "2804", "fclass": "parking", "name": null }, "geometry": { "type": "Point", "coordinates": [ -9.1541918, 38.6778397 ] } },
{ "type": "Feature", "properties": { "osm_id": "2036498812", "lastchange": null, "code": "2602", "fclass": "atm", "name": null }, "geometry": { "type": "Point", "coordinates": [ -9.1745086, 38.7433421 ] } },
{ "type": "Feature", "properties": { "osm_id": "2036498813", "lastchange": null, "code": "2601", "fclass": "bank", "name": null }, "geometry": { "type": "Point", "coordinates": [ -9.1745193, 38.7433609 ] } },
{ "type": "Feature", "properties": { "osm_id": "2038247104", "lastchange": null, "code": "2301", "fclass": "restaurant", "name": "Cervejaria Lusitana" }, "geometry": { "type": "Point", "coordinates": [ -9.2352532, 38.7241642 ] } },
{ "type": "Feature", "properties": { "osm_id": "2041863285", "lastchange": null, "code": "2004", "fclass": "post_box", "name": null }, "geometry": { "type": "Point", "coordinates": [ -9.1188845, 38.7888347 ] } },
{ "type": "Feature", "properties": { "osm_id": "2043742006", "lastchange": null, "code": "2804", "fclass": "parking", "name": null }, "geometry": { "type": "Point", "coordinates": [ -9.159159, 38.6758928 ] } },
{ "type": "Feature", "properties": { "osm_id": "2043744239", "lastchange": null, "code": "2804", "fclass": "parking", "name": null }, "geometry": { "type": "Point", "coordinates": [ -9.1607603, 38.6753022 ] } },
{ "type": "Feature", "properties": { "osm_id": "2043747528", "lastchange": null, "code": "2804", "fclass": "parking", "name": null }, "geometry": { "type": "Point", "coordinates": [ -9.1606825, 38.6755915 ] } },
{ "type": "Feature", "properties": { "osm_id": "2045859351", "lastchange": null, "code": "2801", "fclass": "fuel", "name": null }, "geometry": { "type": "Point", "coordinates": [ -9.1097261, 38.7936074 ] } },
{ "type": "Feature", "properties": { "osm_id": "2048559740", "lastchange": null, "code": "2804", "fclass": "parking", "name": null }, "geometry": { "type": "Point", "coordinates": [ -9.1596603, 38.6739079 ] } },
{ "type": "Feature", "properties": { "osm_id": "2048559742", "lastchange": null, "code": "2804", "fclass": "parking", "name": null }, "geometry": { "type": "Point", "coordinates": [ -9.157434, 38.6748293 ] } },
{ "type": "Feature", "properties": { "osm_id": "2049745066", "lastchange": null, "code": "2301", "fclass": "restaurant", "name": "Tasca do Leandro - Cidade Universitaria" }, "geometry": { "type": "Point", "coordinates": [ -9.1659933, 38.7517886 ] } },
{ "type": "Feature", "properties": { "osm_id": "2049745077", "lastchange": null, "code": "2301", "fclass": "restaurant", "name": "Tasca do Leandro" }, "geometry": { "type": "Point", "coordinates": [ -9.1708422, 38.7557389 ] } },
{ "type": "Feature", "properties": { "osm_id": "2050595652", "lastchange": null, "code": "2601", "fclass": "bank", "name": "Caixa Geral de Depósitos" }, "geometry": { "type": "Point", "coordinates": [ -9.1698165, 38.7547295 ] } },
{ "type": "Feature", "properties": { "osm_id": "2050597531", "lastchange": null, "code": "2303", "fclass": "cafe", "name": "Pastelaria Quinta dos Barros" }, "geometry": { "type": "Point", "coordinates": [ -9.1702209, 38.7560447 ] } },
{ "type": "Feature", "properties": { "osm_id": "2055736774", "lastchange": null, "code": "2303", "fclass": "cafe", "name": "1900" }, "geometry": { "type": "Point", "coordinates": [ -9.1925931, 38.7446031 ] } },
{ "type": "Feature", "properties": { "osm_id": "2055737960", "lastchange": null, "code": "2301", "fclass": "restaurant", "name": "Boa Pinga" }, "geometry": { "type": "Point", "coordinates": [ -9.1934027, 38.7449105 ] } },
{ "type": "Feature", "properties": { "osm_id": "2056031657", "lastchange": null, "code": "2301", "fclass": "restaurant", "name": null }, "geometry": { "type": "Point", "coordinates": [ -9.1534114, 38.6775695 ] } },
{ "type": "Feature", "properties": { "osm_id": "2061544508", "lastchange": null, "code": "2804", "fclass": "parking", "name": null }, "geometry": { "type": "Point", "coordinates": [ -9.103157, 38.7955056 ] } },
{ "type": "Feature", "properties": { "osm_id": "2061967343", "lastchange": null, "code": "2804", "fclass": "parking", "name": null }, "geometry": { "type": "Point", "coordinates": [ -9.1608782, 38.6745375 ] } },
{ "type": "Feature", "properties": { "osm_id": "2061983363", "lastchange": null, "code": "2804", "fclass": "parking", "name": null }, "geometry": { "type": "Point", "coordinates": [ -9.1643811, 38.6741166 ] } },
{ "type": "Feature", "properties": { "osm_id": "2063552730", "lastchange": null, "code": "2303", "fclass": "cafe", "name": "Novo Leblon" }, "geometry": { "type": "Point", "coordinates": [ -9.1495837, 38.7228449 ] } },
{ "type": "Feature", "properties": { "osm_id": "2065232934", "lastchange": null, "code": "2601", "fclass": "bank", "name": "BPI" }, "geometry": { "type": "Point", "coordinates": [ -9.1685387, 38.753234 ] } },
{ "type": "Feature", "properties": { "osm_id": "2065259566", "lastchange": null, "code": "2303", "fclass": "cafe", "name": null }, "geometry": { "type": "Point", "coordinates": [ -9.1946448, 38.7123522 ] } },
{ "type": "Feature", "properties": { "osm_id": "2066372626", "lastchange": null, "code": "2804", "fclass": "parking", "name": null }, "geometry": { "type": "Point", "coordinates": [ -9.1945508, 38.7138736 ] } },
{ "type": "Feature", "properties": { "osm_id": "2066910455", "lastchange": null, "code": "2303", "fclass": "cafe", "name": "Pastelaria Africana" }, "geometry": { "type": "Point", "coordinates": [ -9.1550735, 38.7354017 ] } },
{ "type": "Feature", "properties": { "osm_id": "2066948669", "lastchange": null, "code": "2301", "fclass": "restaurant", "name": null }, "geometry": { "type": "Point", "coordinates": [ -9.1535206, 38.7331819 ] } },
{ "type": "Feature", "properties": { "osm_id": "2066948684", "lastchange": null, "code": "2502", "fclass": "bakery", "name": null }, "geometry": { "type": "Point", "coordinates": [ -9.1537778, 38.7336503 ] } },
{ "type": "Feature", "properties": { "osm_id": "2066948687", "lastchange": null, "code": "2302", "fclass": "fast_food", "name": null }, "geometry": { "type": "Point", "coordinates": [ -9.1533811, 38.7332405 ] } },
{ "type": "Feature", "properties": { "osm_id": "2066948692", "lastchange": null, "code": "2004", "fclass": "post_box", "name": null }, "geometry": { "type": "Point", "coordinates": [ -9.1536225, 38.7333116 ] } },
{ "type": "Feature", "properties": { "osm_id": "2066948706", "lastchange": null, "code": "2005", "fclass": "post_office", "name": null }, "geometry": { "type": "Point", "coordinates": [ -9.1534938, 38.7333576 ] } },
{ "type": "Feature", "properties": { "osm_id": "2066948724", "lastchange": null, "code": "2901", "fclass": "toilet", "name": null }, "geometry": { "type": "Point", "coordinates": [ -9.1537137, 38.7333911 ] } },
{ "type": "Feature", "properties": { "osm_id": "2066948729", "lastchange": null, "code": "2501", "fclass": "supermarket", "name": "Supermercado El Corte Inglês" }, "geometry": { "type": "Point", "coordinates": [ -9.1538371, 38.7334957 ] } },
{ "type": "Feature", "properties": { "osm_id": "2066948737", "lastchange": null, "code": "2602", "fclass": "atm", "name": null }, "geometry": { "type": "Point", "coordinates": [ -9.1536064, 38.7334413 ] } },
{ "type": "Feature", "properties": { "osm_id": "2066988751", "lastchange": null, "code": "2303", "fclass": "cafe", "name": "Mousse de Chocolate" }, "geometry": { "type": "Point", "coordinates": [ -9.1551889, 38.7338681 ] } },
{ "type": "Feature", "properties": { "osm_id": "2066988755", "lastchange": null, "code": "2303", "fclass": "cafe", "name": "Ponto Azul" }, "geometry": { "type": "Point", "coordinates": [ -9.1550279, 38.7338283 ] } },
{ "type": "Feature", "properties": { "osm_id": "2066988760", "lastchange": null, "code": "2301", "fclass": "restaurant", "name": "Restaurante Piccolo Napoli" }, "geometry": { "type": "Point", "coordinates": [ -9.1547276, 38.7355775 ] } },
{ "type": "Feature", "properties": { "osm_id": "2067034897", "lastchange": null, "code": "2001", "fclass": "police", "name": "PSP - 21ª Esquadra" }, "geometry": { "type": "Point", "coordinates": [ -9.1591157, 38.7328848 ] } },
{ "type": "Feature", "properties": { "osm_id": "2067056169", "lastchange": null, "code": "2110", "fclass": "hospital", "name": "Centro de Saúde Coração de Jesus" }, "geometry": { "type": "Point", "coordinates": [ -9.1547544, 38.7346967 ] } },
{ "type": "Feature", "properties": { "osm_id": "2067063495", "lastchange": null, "code": "2503", "fclass": "kiosk", "name": null }, "geometry": { "type": "Point", "coordinates": [ -9.1546901, 38.7345586 ] } },
{ "type": "Feature", "properties": { "osm_id": "2067069040", "lastchange": null, "code": "2303", "fclass": "cafe", "name": "Pastelaria Bairro Azul" }, "geometry": { "type": "Point", "coordinates": [ -9.1544755, 38.734364 ] } },
{ "type": "Feature", "properties": { "osm_id": "2067069041", "lastchange": null, "code": "2303", "fclass": "cafe", "name": "Café.Come" }, "geometry": { "type": "Point", "coordinates": [ -9.1543923, 38.7345921 ] } },
{ "type": "Feature", "properties": { "osm_id": "2067078666", "lastchange": null, "code": "2301", "fclass": "restaurant", "name": "Restaurante Greenpepper" }, "geometry": { "type": "Point", "coordinates": [ -9.1635038, 38.7373705 ] } },
{ "type": "Feature", "properties": { "osm_id": "2069558635", "lastchange": null, "code": "2601", "fclass": "bank", "name": "Barclays Bank" }, "geometry": { "type": "Point", "coordinates": [ -9.1574126, 38.7349733 ] } },
{ "type": "Feature", "properties": { "osm_id": "2069566782", "lastchange": null, "code": "2602", "fclass": "atm", "name": null }, "geometry": { "type": "Point", "coordinates": [ -9.1547705, 38.7343954 ] } },
{ "type": "Feature", "properties": { "osm_id": "2069594636", "lastchange": null, "code": "2303", "fclass": "cafe", "name": "Vélocité Café" }, "geometry": { "type": "Point", "coordinates": [ -9.1516516, 38.7351068 ] } },
{ "type": "Feature", "properties": { "osm_id": "2069600067", "lastchange": null, "code": "2301", "fclass": "restaurant", "name": "Self Service do Centro de Arte Moderna" }, "geometry": { "type": "Point", "coordinates": [ -9.1539237, 38.7358198 ] } },
{ "type": "Feature", "properties": { "osm_id": "2069603646", "lastchange": null, "code": "2301", "fclass": "restaurant", "name": "Cafetaria do Museu Calouste Gulbenkian" }, "geometry": { "type": "Point", "coordinates": [ -9.1534515, 38.7373392 ] } },
{ "type": "Feature", "properties": { "osm_id": "2069608127", "lastchange": null, "code": "2804", "fclass": "parking", "name": "Parque do SAMS" }, "geometry": { "type": "Point", "coordinates": [ -9.1585937, 38.7343104 ] } },
{ "type": "Feature", "properties": { "osm_id": "2070445570", "lastchange": null, "code": "2804", "fclass": "parking", "name": null }, "geometry": { "type": "Point", "coordinates": [ -9.0684113, 38.6641943 ] } },
{ "type": "Feature", "properties": { "osm_id": "2070445571", "lastchange": null, "code": "2804", "fclass": "parking", "name": null }, "geometry": { "type": "Point", "coordinates": [ -9.0689638, 38.6640121 ] } },
{ "type": "Feature", "properties": { "osm_id": "2073517377", "lastchange": null, "code": "2003", "fclass": "recycling", "name": null }, "geometry": { "type": "Point", "coordinates": [ -9.1595061, 38.6734101 ] } },
{ "type": "Feature", "properties": { "osm_id": "2073517383", "lastchange": null, "code": "2003", "fclass": "recycling", "name": null }, "geometry": { "type": "Point", "coordinates": [ -9.1575079, 38.6765846 ] } },
{ "type": "Feature", "properties": { "osm_id": "2073517388", "lastchange": null, "code": "2003", "fclass": "recycling", "name": null }, "geometry": { "type": "Point", "coordinates": [ -9.1583742, 38.6755795 ] } },
{ "type": "Feature", "properties": { "osm_id": "2073517398", "lastchange": null, "code": "2003", "fclass": "recycling", "name": null }, "geometry": { "type": "Point", "coordinates": [ -9.1578539, 38.6747356 ] } },
{ "type": "Feature", "properties": { "osm_id": "2073517402", "lastchange": null, "code": "2003", "fclass": "recycling", "name": null }, "geometry": { "type": "Point", "coordinates": [ -9.160182, 38.6720196 ] } },
{ "type": "Feature", "properties": { "osm_id": "2073517406", "lastchange": null, "code": "2003", "fclass": "recycling", "name": null }, "geometry": { "type": "Point", "coordinates": [ -9.1571619, 38.6757219 ] } },
{ "type": "Feature", "properties": { "osm_id": "2073517410", "lastchange": null, "code": "2003", "fclass": "recycling", "name": null }, "geometry": { "type": "Point", "coordinates": [ -9.1576795, 38.6756737 ] } },
{ "type": "Feature", "properties": { "osm_id": "2073520835", "lastchange": null, "code": "2003", "fclass": "recycling", "name": null }, "geometry": { "type": "Point", "coordinates": [ -9.1604261, 38.6737221 ] } },
{ "type": "Feature", "properties": { "osm_id": "2073520836", "lastchange": null, "code": "2003", "fclass": "recycling", "name": null }, "geometry": { "type": "Point", "coordinates": [ -9.1612522, 38.6731274 ] } },
{ "type": "Feature", "properties": { "osm_id": "2073520837", "lastchange": null, "code": "2003", "fclass": "recycling", "name": null }, "geometry": { "type": "Point", "coordinates": [ -9.1615741, 38.6739943 ] } },
{ "type": "Feature", "properties": { "osm_id": "2073526484", "lastchange": null, "code": "2003", "fclass": "recycling", "name": null }, "geometry": { "type": "Point", "coordinates": [ -9.1563653, 38.6788586 ] } },
{ "type": "Feature", "properties": { "osm_id": "2073533201", "lastchange": null, "code": "2003", "fclass": "recycling", "name": null }, "geometry": { "type": "Point", "coordinates": [ -9.1560166, 38.6780357 ] } },
{ "type": "Feature", "properties": { "osm_id": "2075996117", "lastchange": null, "code": "2501", "fclass": "supermarket", "name": "Dolce Vita Miraflores" }, "geometry": { "type": "Point", "coordinates": [ -9.2284696, 38.7100705 ] } },
{ "type": "Feature", "properties": { "osm_id": "2076543809", "lastchange": null, "code": "2301", "fclass": "restaurant", "name": "Comida de Santo" }, "geometry": { "type": "Point", "coordinates": [ -9.1514475, 38.7172512 ] } },
{ "type": "Feature", "properties": { "osm_id": "2077401123", "lastchange": null, "code": "2804", "fclass": "parking", "name": null }, "geometry": { "type": "Point", "coordinates": [ -9.1651809, 38.6711392 ] } },
{ "type": "Feature", "properties": { "osm_id": "2077409888", "lastchange": null, "code": "2804", "fclass": "parking", "name": "Almada Ocidental" }, "geometry": { "type": "Point", "coordinates": [ -9.1638774, 38.6761461 ] } },
{ "type": "Feature", "properties": { "osm_id": "2077430075", "lastchange": null, "code": "2301", "fclass": "restaurant", "name": null }, "geometry": { "type": "Point", "coordinates": [ -9.2997258, 38.7300478 ] } },
{ "type": "Feature", "properties": { "osm_id": "2077430781", "lastchange": null, "code": "2303", "fclass": "cafe", "name": null }, "geometry": { "type": "Point", "coordinates": [ -9.2979287, 38.7310731 ] } },
{ "type": "Feature", "properties": { "osm_id": "2083352847", "lastchange": null, "code": "2301", "fclass": "restaurant", "name": null }, "geometry": { "type": "Point", "coordinates": [ -9.1832618, 38.7457137 ] } },
{ "type": "Feature", "properties": { "osm_id": "2083368937", "lastchange": null, "code": "2302", "fclass": "fast_food", "name": null }, "geometry": { "type": "Point", "coordinates": [ -9.1854769, 38.7466305 ] } },
{ "type": "Feature", "properties": { "osm_id": "2092443084", "lastchange": null, "code": "2804", "fclass": "parking", "name": "Parque Luisa Sigeia" }, "geometry": { "type": "Point", "coordinates": [ -9.1651161, 38.6694011 ] } },
{ "type": "Feature", "properties": { "osm_id": "2097320635", "lastchange": null, "code": "2301", "fclass": "restaurant", "name": "Taberna Ideal" }, "geometry": { "type": "Point", "coordinates": [ -9.1550012, 38.7081205 ] } },
{ "type": "Feature", "properties": { "osm_id": "2100644439", "lastchange": null, "code": "2083", "fclass": "kindergarten", "name": "Jardim de Infância Monte-Abraão" }, "geometry": { "type": "Point", "coordinates": [ -9.2628241, 38.7636497 ] } },
{ "type": "Feature", "properties": { "osm_id": "2110549129", "lastchange": null, "code": "2082", "fclass": "school", "name": null }, "geometry": { "type": "Point", "coordinates": [ -9.1736332, 38.7553458 ] } },
{ "type": "Feature", "properties": { "osm_id": "2111599518", "lastchange": null, "code": "2801", "fclass": "fuel", "name": "Rede Energia" }, "geometry": { "type": "Point", "coordinates": [ -9.152167, 38.7568606 ] } },
{ "type": "Feature", "properties": { "osm_id": "2119160278", "lastchange": null, "code": "2804", "fclass": "parking", "name": null }, "geometry": { "type": "Point", "coordinates": [ -9.1594626, 38.6642763 ] } },
{ "type": "Feature", "properties": { "osm_id": "2136775777", "lastchange": null, "code": "2804", "fclass": "parking", "name": null }, "geometry": { "type": "Point", "coordinates": [ -9.1582659, 38.7322547 ] } },
{ "type": "Feature", "properties": { "osm_id": "2136794687", "lastchange": null, "code": "2804", "fclass": "parking", "name": null }, "geometry": { "type": "Point", "coordinates": [ -9.1566865, 38.7314512 ] } },
{ "type": "Feature", "properties": { "osm_id": "2136794710", "lastchange": null, "code": "2804", "fclass": "parking", "name": null }, "geometry": { "type": "Point", "coordinates": [ -9.1565631, 38.7313242 ] } },
{ "type": "Feature", "properties": { "osm_id": "2136794727", "lastchange": null, "code": "2804", "fclass": "parking", "name": null }, "geometry": { "type": "Point", "coordinates": [ -9.156428, 38.7312086 ] } },
{ "type": "Feature", "properties": { "osm_id": "2136794756", "lastchange": null, "code": "2804", "fclass": "parking", "name": null }, "geometry": { "type": "Point", "coordinates": [ -9.1616219, 38.7333341 ] } },
{ "type": "Feature", "properties": { "osm_id": "2136794784", "lastchange": null, "code": "2804", "fclass": "parking", "name": null }, "geometry": { "type": "Point", "coordinates": [ -9.1615921, 38.7338882 ] } },
{ "type": "Feature", "properties": { "osm_id": "2136794793", "lastchange": null, "code": "2804", "fclass": "parking", "name": null }, "geometry": { "type": "Point", "coordinates": [ -9.1614609, 38.7337753 ] } },
{ "type": "Feature", "properties": { "osm_id": "2137077750", "lastchange": null, "code": "2602", "fclass": "atm", "name": "Caixa Geral De Depositos,SA" }, "geometry": { "type": "Point", "coordinates": [ -9.16175, 38.732929 ] } },
{ "type": "Feature", "properties": { "osm_id": "2137079436", "lastchange": null, "code": "2303", "fclass": "cafe", "name": "Residence Bar" }, "geometry": { "type": "Point", "coordinates": [ -9.162008, 38.733364 ] } },
{ "type": "Feature", "properties": { "osm_id": "2137081786", "lastchange": null, "code": "2301", "fclass": "restaurant", "name": "Canteen" }, "geometry": { "type": "Point", "coordinates": [ -9.1591828, 38.7325523 ] } },
{ "type": "Feature", "properties": { "osm_id": "2137082153", "lastchange": null, "code": "2303", "fclass": "cafe", "name": null }, "geometry": { "type": "Point", "coordinates": [ -9.159819, 38.732326 ] } },
{ "type": "Feature", "properties": { "osm_id": "2137083459", "lastchange": null, "code": "2301", "fclass": "restaurant", "name": "Canteen" }, "geometry": { "type": "Point", "coordinates": [ -9.162029, 38.733213 ] } },
{ "type": "Feature", "properties": { "osm_id": "2137083642", "lastchange": null, "code": "2301", "fclass": "restaurant", "name": "Canteen" }, "geometry": { "type": "Point", "coordinates": [ -9.160709, 38.732456 ] } },
{ "type": "Feature", "properties": { "osm_id": "2141154409", "lastchange": null, "code": "2007", "fclass": "library", "name": "Law_Library" }, "geometry": { "type": "Point", "coordinates": [ -9.161259, 38.7332029 ] } },
{ "type": "Feature", "properties": { "osm_id": "2141162689", "lastchange": null, "code": "2082", "fclass": "school", "name": null }, "geometry": { "type": "Point", "coordinates": [ -9.1623104, 38.7328369 ] } },
{ "type": "Feature", "properties": { "osm_id": "2141162690", "lastchange": null, "code": "2007", "fclass": "library", "name": "ISEGI_Library" }, "geometry": { "type": "Point", "coordinates": [ -9.1598962, 38.7323472 ] } },
{ "type": "Feature", "properties": { "osm_id": "2141162691", "lastchange": null, "code": "2007", "fclass": "library", "name": "Economics" }, "geometry": { "type": "Point", "coordinates": [ -9.1605721, 38.7325857 ] } },
{ "type": "Feature", "properties": { "osm_id": "2141186986", "lastchange": null, "code": "2901", "fclass": "toilet", "name": null }, "geometry": { "type": "Point", "coordinates": [ -9.1597998, 38.7323703 ] } },
{ "type": "Feature", "properties": { "osm_id": "2141186988", "lastchange": null, "code": "2901", "fclass": "toilet", "name": null }, "geometry": { "type": "Point", "coordinates": [ -9.1601673, 38.7328473 ] } },
{ "type": "Feature", "properties": { "osm_id": "2141195610", "lastchange": null, "code": "2003", "fclass": "recycling", "name": null }, "geometry": { "type": "Point", "coordinates": [ -9.1591213, 38.7325858 ] } },
{ "type": "Feature", "properties": { "osm_id": "2141195611", "lastchange": null, "code": "2901", "fclass": "toilet", "name": null }, "geometry": { "type": "Point", "coordinates": [ -9.1613422, 38.7332847 ] } },
{ "type": "Feature", "properties": { "osm_id": "2141206297", "lastchange": null, "code": "2501", "fclass": "supermarket", "name": "Mini" }, "geometry": { "type": "Point", "coordinates": [ -9.1622917, 38.7281418 ] } },
{ "type": "Feature", "properties": { "osm_id": "2141207024", "lastchange": null, "code": "2303", "fclass": "cafe", "name": null }, "geometry": { "type": "Point", "coordinates": [ -9.1622756, 38.7292716 ] } },
{ "type": "Feature", "properties": { "osm_id": "2141207217", "lastchange": null, "code": "2303", "fclass": "cafe", "name": null }, "geometry": { "type": "Point", "coordinates": [ -9.1624526, 38.7295981 ] } },
{ "type": "Feature", "properties": { "osm_id": "2142719511", "lastchange": null, "code": "2201", "fclass": "theatre", "name": "ZDB" }, "geometry": { "type": "Point", "coordinates": [ -9.1446347, 38.7122997 ] } },
{ "type": "Feature", "properties": { "osm_id": "2144014761", "lastchange": null, "code": "2501", "fclass": "supermarket", "name": "MiniPreço" }, "geometry": { "type": "Point", "coordinates": [ -9.2115695, 38.748764 ] } },
{ "type": "Feature", "properties": { "osm_id": "2144021711", "lastchange": null, "code": "2083", "fclass": "kindergarten", "name": null }, "geometry": { "type": "Point", "coordinates": [ -9.2119447, 38.748377 ] } },
{ "type": "Feature", "properties": { "osm_id": "2144025697", "lastchange": null, "code": "2301", "fclass": "restaurant", "name": null }, "geometry": { "type": "Point", "coordinates": [ -9.2065374, 38.7422727 ] } },
{ "type": "Feature", "properties": { "osm_id": "2150880249", "lastchange": null, "code": "2503", "fclass": "kiosk", "name": null }, "geometry": { "type": "Point", "coordinates": [ -9.1475722, 38.6880719 ] } },
{ "type": "Feature", "properties": { "osm_id": "2150880258", "lastchange": null, "code": "2301", "fclass": "restaurant", "name": "O Canecão" }, "geometry": { "type": "Point", "coordinates": [ -9.1472049, 38.6847347 ] } },
{ "type": "Feature", "properties": { "osm_id": "2151896296", "lastchange": null, "code": "2303", "fclass": "cafe", "name": null }, "geometry": { "type": "Point", "coordinates": [ -9.2970758, 38.6906954 ] } },
{ "type": "Feature", "properties": { "osm_id": "2154451410", "lastchange": null, "code": "2602", "fclass": "atm", "name": null }, "geometry": { "type": "Point", "coordinates": [ -9.2759361, 38.7018034 ] } },
{ "type": "Feature", "properties": { "osm_id": "2154550865", "lastchange": null, "code": "2303", "fclass": "cafe", "name": "Pastelaria Vera Cruz" }, "geometry": { "type": "Point", "coordinates": [ -9.2760416, 38.7017614 ] } },
{ "type": "Feature", "properties": { "osm_id": "2154562474", "lastchange": null, "code": "2083", "fclass": "kindergarten", "name": "Parque infantil - Jardim das palmeiras" }, "geometry": { "type": "Point", "coordinates": [ -9.2751164, 38.6993248 ] } },
{ "type": "Feature", "properties": { "osm_id": "2156327904", "lastchange": null, "code": "2301", "fclass": "restaurant", "name": "Ultimo Porto" }, "geometry": { "type": "Point", "coordinates": [ -9.1623481, 38.7015089 ] } },
{ "type": "Feature", "properties": { "osm_id": "2162084638", "lastchange": null, "code": "2302", "fclass": "fast_food", "name": null }, "geometry": { "type": "Point", "coordinates": [ -9.1513545, 38.7405575 ] } },
{ "type": "Feature", "properties": { "osm_id": "2162085039", "lastchange": null, "code": "2601", "fclass": "bank", "name": null }, "geometry": { "type": "Point", "coordinates": [ -9.1508985, 38.7402563 ] } },
{ "type": "Feature", "properties": { "osm_id": "2162116626", "lastchange": null, "code": "2501", "fclass": "supermarket", "name": null }, "geometry": { "type": "Point", "coordinates": [ -9.1532745, 38.7915608 ] } },
{ "type": "Feature", "properties": { "osm_id": "2162709728", "lastchange": null, "code": "2301", "fclass": "restaurant", "name": "Pepe & Oliva" }, "geometry": { "type": "Point", "coordinates": [ -9.1275202, 38.7377161 ] } },
{ "type": "Feature", "properties": { "osm_id": "2163993646", "lastchange": null, "code": "2301", "fclass": "restaurant", "name": "Cantina" }, "geometry": { "type": "Point", "coordinates": [ -9.1505278, 38.7405256 ] } },
{ "type": "Feature", "properties": { "osm_id": "2163995941", "lastchange": null, "code": "2007", "fclass": "library", "name": "Biblioteca" }, "geometry": { "type": "Point", "coordinates": [ -9.1508926, 38.7406594 ] } },
{ "type": "Feature", "properties": { "osm_id": "2163996030", "lastchange": null, "code": "2303", "fclass": "cafe", "name": "Bar" }, "geometry": { "type": "Point", "coordinates": [ -9.1507478, 38.7407724 ] } },
{ "type": "Feature", "properties": { "osm_id": "2163999818", "lastchange": null, "code": "2005", "fclass": "post_office", "name": "Loja do Cidadão" }, "geometry": { "type": "Point", "coordinates": [ -9.1710804, 38.7509129 ] } },
{ "type": "Feature", "properties": { "osm_id": "2163999960", "lastchange": null, "code": "2502", "fclass": "bakery", "name": "Delifrance" }, "geometry": { "type": "Point", "coordinates": [ -9.1728936, 38.7506786 ] } },
{ "type": "Feature", "properties": { "osm_id": "2164034267", "lastchange": null, "code": "2304", "fclass": "pub", "name": "Speak Easy" }, "geometry": { "type": "Point", "coordinates": [ -9.1611894, 38.7026854 ] } },
{ "type": "Feature", "properties": { "osm_id": "2164632920", "lastchange": null, "code": "2501", "fclass": "supermarket", "name": "Pingo Doçe" }, "geometry": { "type": "Point", "coordinates": [ -9.2138813, 38.7909274 ] } },
{ "type": "Feature", "properties": { "osm_id": "2164633133", "lastchange": null, "code": "2601", "fclass": "bank", "name": "BES" }, "geometry": { "type": "Point", "coordinates": [ -9.2110059, 38.7921416 ] } },
{ "type": "Feature", "properties": { "osm_id": "2174934104", "lastchange": null, "code": "2101", "fclass": "pharmacy", "name": "Farmácia Ana Branco" }, "geometry": { "type": "Point", "coordinates": [ -9.0978008, 38.638631 ] } },
{ "type": "Feature", "properties": { "osm_id": "2174949859", "lastchange": null, "code": "2801", "fclass": "fuel", "name": "Bomba Gasolina - E. Leclerc" }, "geometry": { "type": "Point", "coordinates": [ -9.1110648, 38.6253512 ] } },
{ "type": "Feature", "properties": { "osm_id": "2178202847", "lastchange": null, "code": "2082", "fclass": "school", "name": "Centro da Questão" }, "geometry": { "type": "Point", "coordinates": [ -9.1921183, 38.7503057 ] } },
{ "type": "Feature", "properties": { "osm_id": "2178210312", "lastchange": null, "code": "2801", "fclass": "fuel", "name": "Repsol - Fonte Nova" }, "geometry": { "type": "Point", "coordinates": [ -9.1887788, 38.7509054 ] } },
{ "type": "Feature", "properties": { "osm_id": "2178218613", "lastchange": null, "code": "2804", "fclass": "parking", "name": "Parque Colombo" }, "geometry": { "type": "Point", "coordinates": [ -9.1886686, 38.7518807 ] } }
]
}
